transaction_id,revenue_at_risk,risk_score,risk_level,root_cause,action,reason,expected_recovery,recovery_probability,intervention_cost,requires_human_approval,policy_checks,stopping_reason,confidence
txn_8a8dab2f,1739.0,50,MEDIUM,PAYMENT_METHOD_FAILURE,PAYMENT_REMINDER,Base action selected for PAYMENT_METHOD_FAILURE,695.6,0.4,2,False,[],,30.0
txn_dcd95042,45853.0,25,LOW,CHECKOUT_ABANDONMENT,PAYMENT_REMINDER,Base action selected for CHECKOUT_ABANDONMENT,16048.55,0.35,2,False,[],,35.0
txn_f7497309,42569.0,55,MEDIUM,OVERDUE_RECEIVABLE,RECEIVABLES_ESCALATION,Invoice is 10 days overdue (escalation stage),21284.5,0.5,50,False,"[""OVERDUE_ESCALATION""]",,40.0
txn_bb285925,36600.0,30,MEDIUM,OTHER_REVENUE_RISK,PAYMENT_REMINDER,Base action selected for OTHER_REVENUE_RISK,7320.0,0.2,2,False,[],,30.0
txn_98900110,34776.0,55,MEDIUM,OVERDUE_RECEIVABLE,HUMAN_APPROVAL,Invoice is severely overdue (33 days). Requires human approval.,17388.0,0.5,0,True,"[""OVERDUE_SEVERE""]",,40.0
txn_6a8625b7,7410.0,30,MEDIUM,AUTHENTICATION_FAILURE,PAYMENT_REMINDER,Base action selected for AUTHENTICATION_FAILURE,3334.5,0.45,2,False,[],,55.0
txn_79a74ce8,41974.0,30,MEDIUM,PAYMENT_METHOD_FAILURE,PAYMENT_REMINDER,Base action selected for PAYMENT_METHOD_FAILURE,16789.6,0.4,2,False,[],,50.0
txn_bbf7152e,20253.0,45,MEDIUM,OVERDUE_RECEIVABLE,HUMAN_APPROVAL,Invoice is severely overdue (31 days). Requires human approval.,10126.5,0.5,0,True,"[""OVERDUE_SEVERE""]",,60.0
txn_d8af1b58,37862.0,45,MEDIUM,OVERDUE_RECEIVABLE,HUMAN_APPROVAL,Invoice is severely overdue (61 days). Requires human approval.,18931.0,0.5,0,True,"[""OVERDUE_SEVERE""]",,50.0
txn_048cd823,36166.0,45,MEDIUM,OVERDUE_RECEIVABLE,RECEIVABLES_ESCALATION,Invoice is 13 days overdue (escalation stage),18083.0,0.5,50,False,"[""OVERDUE_ESCALATION""]",,60.0
txn_935d2bf0,29919.0,35,MEDIUM,CHECKOUT_ABANDONMENT,PAYMENT_REMINDER,Base action selected for CHECKOUT_ABANDONMENT,10471.65,0.35,2,False,[],,25.0
txn_34dd1b1f,38057.0,45,MEDIUM,OVERDUE_RECEIVABLE,HUMAN_APPROVAL,Invoice is severely overdue (70 days). Requires human approval.,19028.5,0.5,0,True,"[""OVERDUE_SEVERE""]",,60.0
txn_07150712,37434.0,55,MEDIUM,OVERDUE_RECEIVABLE,HUMAN_APPROVAL,Invoice is severely overdue (32 days). Requires human approval.,18717.0,0.5,0,True,"[""OVERDUE_SEVERE""]",,40.0
txn_66e0e064,4608.0,55,MEDIUM,OVERDUE_RECEIVABLE,HUMAN_APPROVAL,Invoice is severely overdue (32 days). Requires human approval.,2304.0,0.5,0,True,"[""OVERDUE_SEVERE""]",,40.0
txn_42faf4d0,26732.0,25,LOW,CHECKOUT_ABANDONMENT,PAYMENT_REMINDER,Base action selected for CHECKOUT_ABANDONMENT,9356.2,0.35,2,False,[],,35.0
txn_aafbdedd,11802.0,45,MEDIUM,OVERDUE_RECEIVABLE,HUMAN_APPROVAL,Invoice is severely overdue (75 days). Requires human approval.,5901.0,0.5,0,True,"[""OVERDUE_SEVERE""]",,60.0
txn_43744cae,7678.0,45,MEDIUM,OVERDUE_RECEIVABLE,HUMAN_APPROVAL,Invoice is severely overdue (50 days). Requires human approval.,3839.0,0.5,0,True,"[""OVERDUE_SEVERE""]",,50.0
txn_64e25f0a,45113.0,35,MEDIUM,CHECKOUT_ABANDONMENT,PAYMENT_REMINDER,Base action selected for CHECKOUT_ABANDONMENT,15789.55,0.35,2,False,[],,35.0
txn_6642f1ed,49315.0,30,MEDIUM,AUTHENTICATION_FAILURE,PAYMENT_REMINDER,Base action selected for AUTHENTICATION_FAILURE,22191.75,0.45,2,False,[],,55.0
txn_7beca169,43850.0,35,MEDIUM,CHECKOUT_ABANDONMENT,PAYMENT_REMINDER,Base action selected for CHECKOUT_ABANDONMENT,15347.5,0.35,2,False,[],,35.0
txn_9af30457,34263.0,35,MEDIUM,CHECKOUT_ABANDONMENT,PAYMENT_REMINDER,Base action selected for CHECKOUT_ABANDONMENT,11992.05,0.35,2,False,[],,35.0
txn_06ca14a3,45681.0,35,MEDIUM,CHECKOUT_ABANDONMENT,PAYMENT_REMINDER,Base action selected for CHECKOUT_ABANDONMENT,15988.35,0.35,2,False,[],,25.0
txn_cb9b8bb0,26597.0,30,MEDIUM,AUTHENTICATION_FAILURE,PAYMENT_REMINDER,Base action selected for AUTHENTICATION_FAILURE,11968.65,0.45,2,False,[],,55.0
txn_62b4c684,8993.0,30,MEDIUM,PAYMENT_METHOD_FAILURE,PAYMENT_REMINDER,Base action selected for PAYMENT_METHOD_FAILURE,3597.2,0.4,2,False,[],,40.0
txn_64d494c9,27727.0,45,MEDIUM,OVERDUE_RECEIVABLE,HUMAN_APPROVAL,Invoice is severely overdue (33 days). Requires human approval.,13863.5,0.5,0,True,"[""OVERDUE_SEVERE""]",,60.0
txn_0c4b7d35,42813.0,30,MEDIUM,TEMPORARY_PAYMENT_FAILURE,SMART_RETRY,Base action selected for TEMPORARY_PAYMENT_FAILURE,32109.75,0.75,5,False,[],,85.0
txn_71218d30,37060.0,30,MEDIUM,AUTHENTICATION_FAILURE,PAYMENT_REMINDER,Base action selected for AUTHENTICATION_FAILURE,16677.0,0.45,2,False,[],,45.0
txn_4ca093a9,37188.0,25,LOW,CHECKOUT_ABANDONMENT,PAYMENT_REMINDER,Base action selected for CHECKOUT_ABANDONMENT,13015.8,0.35,2,False,[],,45.0
txn_d99404ea,5779.0,55,MEDIUM,OVERDUE_RECEIVABLE,HUMAN_APPROVAL,Invoice is severely overdue (36 days). Requires human approval.,2889.5,0.5,0,True,"[""OVERDUE_SEVERE""]",,40.0
txn_3daa28a3,32119.0,40,MEDIUM,OTHER_REVENUE_RISK,PAYMENT_REMINDER,Base action selected for OTHER_REVENUE_RISK,6423.8,0.2,2,False,[],,10
txn_7ec86ce3,17854.0,30,MEDIUM,INSUFFICIENT_FUNDS,PAYMENT_REMINDER,Base action selected for INSUFFICIENT_FUNDS,5356.2,0.3,2,False,[],,30.0
txn_9f260208,41903.0,45,MEDIUM,OVERDUE_RECEIVABLE,HUMAN_APPROVAL,Invoice is severely overdue (63 days). Requires human approval.,20951.5,0.5,0,True,"[""OVERDUE_SEVERE""]",,60.0
txn_9b9c144c,13064.0,30,MEDIUM,TEMPORARY_PAYMENT_FAILURE,SMART_RETRY,Base action selected for TEMPORARY_PAYMENT_FAILURE,9798.0,0.75,5,False,[],,85.0
txn_b0076ee8,37403.0,50,MEDIUM,AUTHENTICATION_FAILURE,PAYMENT_REMINDER,Base action selected for AUTHENTICATION_FAILURE,16831.35,0.45,2,False,[],,35.0
txn_baefac09,44158.0,45,MEDIUM,OVERDUE_RECEIVABLE,HUMAN_APPROVAL,Invoice is severely overdue (35 days). Requires human approval.,22079.0,0.5,0,True,"[""OVERDUE_SEVERE""]",,60.0
txn_9cb5ef21,28666.0,55,MEDIUM,OVERDUE_RECEIVABLE,HUMAN_APPROVAL,Invoice is severely overdue (82 days). Requires human approval.,14333.0,0.5,0,True,"[""OVERDUE_SEVERE""]",,40.0
txn_984f6acd,21714.0,55,MEDIUM,OVERDUE_RECEIVABLE,HUMAN_APPROVAL,Invoice is severely overdue (53 days). Requires human approval.,10857.0,0.5,0,True,"[""OVERDUE_SEVERE""]",,40.0
txn_6dd3fbf5,30341.0,45,MEDIUM,OVERDUE_RECEIVABLE,RECEIVABLES_ESCALATION,Invoice is 16 days overdue (escalation stage),15170.5,0.5,50,False,"[""OVERDUE_ESCALATION""]",,60.0
txn_13972121,32189.0,55,MEDIUM,OVERDUE_RECEIVABLE,RECEIVABLES_ESCALATION,Invoice is 20 days overdue (escalation stage),16094.5,0.5,50,False,"[""OVERDUE_ESCALATION""]",,50.0
txn_160acd62,12463.0,55,MEDIUM,OVERDUE_RECEIVABLE,HUMAN_APPROVAL,Invoice is severely overdue (90 days). Requires human approval.,6231.5,0.5,0,True,"[""OVERDUE_SEVERE""]",,50.0
txn_fc270b73,25402.0,35,MEDIUM,CHECKOUT_ABANDONMENT,PAYMENT_REMINDER,Base action selected for CHECKOUT_ABANDONMENT,8890.7,0.35,2,False,[],,25.0
txn_dd2ed926,41177.0,55,MEDIUM,OVERDUE_RECEIVABLE,HUMAN_APPROVAL,Invoice is severely overdue (63 days). Requires human approval.,20588.5,0.5,0,True,"[""OVERDUE_SEVERE""]",,40.0
txn_8504cb91,28540.0,30,MEDIUM,OTHER_REVENUE_RISK,PAYMENT_REMINDER,Base action selected for OTHER_REVENUE_RISK,5708.0,0.2,2,False,[],,30.0
txn_419a832e,19326.0,25,LOW,CHECKOUT_ABANDONMENT,PAYMENT_REMINDER,Base action selected for CHECKOUT_ABANDONMENT,6764.1,0.35,2,False,[],,35.0
txn_71ce2339,11900.0,50,MEDIUM,PAYMENT_METHOD_FAILURE,PAYMENT_REMINDER,Base action selected for PAYMENT_METHOD_FAILURE,4760.0,0.4,2,False,[],,30.0
txn_fc1f5cf9,38607.0,55,MEDIUM,OVERDUE_RECEIVABLE,HUMAN_APPROVAL,Invoice is severely overdue (39 days). Requires human approval.,19303.5,0.5,0,True,"[""OVERDUE_SEVERE""]",,40.0
txn_e84d2ae0,3314.0,30,MEDIUM,INSUFFICIENT_FUNDS,PAYMENT_REMINDER,Base action selected for INSUFFICIENT_FUNDS,994.2,0.3,2,False,[],,30.0
txn_47dbae94,31678.0,25,LOW,CHECKOUT_ABANDONMENT,PAYMENT_REMINDER,Base action selected for CHECKOUT_ABANDONMENT,11087.3,0.35,2,False,[],,45.0
txn_6be33f06,44423.0,55,MEDIUM,OVERDUE_RECEIVABLE,HUMAN_APPROVAL,Invoice is severely overdue (87 days). Requires human approval.,22211.5,0.5,0,True,"[""OVERDUE_SEVERE""]",,60.0
txn_cffa3179,14607.0,65,HIGH,OVERDUE_RECEIVABLE,HUMAN_APPROVAL,Invoice is severely overdue (83 days). Requires human approval.,7303.5,0.5,0,True,"[""OVERDUE_SEVERE""]",,40.0
txn_f2d30c92,20046.0,45,MEDIUM,OVERDUE_RECEIVABLE,HUMAN_APPROVAL,Invoice is severely overdue (64 days). Requires human approval.,10023.0,0.5,0,True,"[""OVERDUE_SEVERE""]",,60.0
txn_388d6f21,45744.0,55,MEDIUM,OVERDUE_RECEIVABLE,HUMAN_APPROVAL,Invoice is severely overdue (70 days). Requires human approval.,22872.0,0.5,0,True,"[""OVERDUE_SEVERE""]",,40.0
txn_06784a36,23606.0,35,MEDIUM,OVERDUE_RECEIVABLE,RECEIVABLES_ESCALATION,Invoice is 8 days overdue (escalation stage),11803.0,0.5,50,False,"[""OVERDUE_ESCALATION""]",,60.0
txn_3bda5506,26231.0,35,MEDIUM,CHECKOUT_ABANDONMENT,PAYMENT_REMINDER,Base action selected for CHECKOUT_ABANDONMENT,9180.85,0.35,2,False,[],,35.0
txn_c1aa6210,39448.0,45,MEDIUM,OVERDUE_RECEIVABLE,HUMAN_APPROVAL,Invoice is severely overdue (40 days). Requires human approval.,19724.0,0.5,0,True,"[""OVERDUE_SEVERE""]",,60.0
txn_1c710188,24188.0,35,MEDIUM,CHECKOUT_ABANDONMENT,PAYMENT_REMINDER,Base action selected for CHECKOUT_ABANDONMENT,8465.8,0.35,2,False,[],,35.0
txn_4f7cc4d6,36586.0,40,MEDIUM,PAYMENT_INFRASTRUCTURE_FAILURE,SMART_RETRY,Base action selected for PAYMENT_INFRASTRUCTURE_FAILURE,25610.2,0.7,5,False,[],,80.0
txn_4faa80c7,44269.0,50,MEDIUM,INSUFFICIENT_FUNDS,PAYMENT_REMINDER,Base action selected for INSUFFICIENT_FUNDS,13280.7,0.3,2,False,[],,20.0
txn_c5280dd0,3690.0,35,MEDIUM,OVERDUE_RECEIVABLE,PAYMENT_REMINDER,Invoice is 1 days overdue (early stage),1845.0,0.5,2,False,"[""OVERDUE_EARLY""]",,50.0
txn_692ec567,11614.0,50,MEDIUM,AUTHENTICATION_FAILURE,PAYMENT_REMINDER,Base action selected for AUTHENTICATION_FAILURE,5226.3,0.45,2,False,[],,35.0
txn_697777d0,49921.0,50,MEDIUM,PAYMENT_METHOD_FAILURE,PAYMENT_REMINDER,Base action selected for PAYMENT_METHOD_FAILURE,19968.4,0.4,2,False,[],,30.0
txn_0c71e8e1,21281.0,45,MEDIUM,OVERDUE_RECEIVABLE,HUMAN_APPROVAL,Invoice is severely overdue (81 days). Requires human approval.,10640.5,0.5,0,True,"[""OVERDUE_SEVERE""]",,60.0
txn_c27a2d43,42818.0,45,MEDIUM,CHECKOUT_ABANDONMENT,PAYMENT_REMINDER,Base action selected for CHECKOUT_ABANDONMENT,14986.3,0.35,2,False,[],,25.0
txn_a2886b61,23948.0,30,MEDIUM,INSUFFICIENT_FUNDS,PAYMENT_REMINDER,Base action selected for INSUFFICIENT_FUNDS,7184.4,0.3,2,False,[],,40.0
txn_56433a5d,45019.0,65,HIGH,OVERDUE_RECEIVABLE,HUMAN_APPROVAL,Invoice is severely overdue (68 days). Requires human approval.,22509.5,0.5,0,True,"[""OVERDUE_SEVERE""]",,40.0
txn_65d64ce8,10948.0,50,MEDIUM,TEMPORARY_PAYMENT_FAILURE,SMART_RETRY,Base action selected for TEMPORARY_PAYMENT_FAILURE,8211.0,0.75,5,False,[],,65.0
txn_3e0db38a,24670.0,45,MEDIUM,OVERDUE_RECEIVABLE,RECEIVABLES_ESCALATION,Invoice is 29 days overdue (escalation stage),12335.0,0.5,50,False,"[""OVERDUE_ESCALATION""]",,50.0
txn_fb422101,49831.0,25,LOW,CHECKOUT_ABANDONMENT,PAYMENT_REMINDER,Base action selected for CHECKOUT_ABANDONMENT,17440.85,0.35,2,False,[],,45.0
txn_a9955022,36066.0,45,MEDIUM,CHECKOUT_ABANDONMENT,PAYMENT_REMINDER,Base action selected for CHECKOUT_ABANDONMENT,12623.1,0.35,2,False,[],,25.0
txn_fd1af0ee,16723.0,35,MEDIUM,OVERDUE_RECEIVABLE,PAYMENT_REMINDER,Invoice is 3 days overdue (early stage),8361.5,0.5,2,False,"[""OVERDUE_EARLY""]",,60.0
txn_7d18b011,30549.0,25,LOW,CHECKOUT_ABANDONMENT,PAYMENT_REMINDER,Base action selected for CHECKOUT_ABANDONMENT,10692.15,0.35,2,False,[],,35.0
txn_e2c4b1ca,32619.0,45,MEDIUM,OVERDUE_RECEIVABLE,HUMAN_APPROVAL,Invoice is severely overdue (89 days). Requires human approval.,16309.5,0.5,0,True,"[""OVERDUE_SEVERE""]",,50.0
txn_4cc9c244,11926.0,45,MEDIUM,OVERDUE_RECEIVABLE,HUMAN_APPROVAL,Invoice is severely overdue (70 days). Requires human approval.,5963.0,0.5,0,True,"[""OVERDUE_SEVERE""]",,60.0
txn_d595244f,11021.0,50,MEDIUM,INSUFFICIENT_FUNDS,PAYMENT_REMINDER,Base action selected for INSUFFICIENT_FUNDS,3306.3,0.3,2,False,[],,20.0
txn_bb081a33,23909.0,40,MEDIUM,TEMPORARY_PAYMENT_FAILURE,SMART_RETRY,Base action selected for TEMPORARY_PAYMENT_FAILURE,17931.75,0.75,5,False,[],,85.0
txn_9aea9687,7817.0,45,MEDIUM,OVERDUE_RECEIVABLE,HUMAN_APPROVAL,Invoice is severely overdue (34 days). Requires human approval.,3908.5,0.5,0,True,"[""OVERDUE_SEVERE""]",,50.0
txn_1b935245,1822.0,35,MEDIUM,CHECKOUT_ABANDONMENT,PAYMENT_REMINDER,Base action selected for CHECKOUT_ABANDONMENT,637.7,0.35,2,False,[],,35.0
txn_3007e04a,4408.0,65,HIGH,OVERDUE_RECEIVABLE,HUMAN_APPROVAL,Invoice is severely overdue (40 days). Requires human approval.,2204.0,0.5,0,True,"[""OVERDUE_SEVERE""]",,40.0
txn_5ab3448e,42196.0,35,MEDIUM,OVERDUE_RECEIVABLE,RECEIVABLES_ESCALATION,Invoice is 10 days overdue (escalation stage),21098.0,0.5,50,False,"[""OVERDUE_ESCALATION""]",,50.0
txn_d535ae79,14876.0,55,MEDIUM,OVERDUE_RECEIVABLE,HUMAN_APPROVAL,Invoice is severely overdue (45 days). Requires human approval.,7438.0,0.5,0,True,"[""OVERDUE_SEVERE""]",,60.0
txn_3115de50,40367.0,30,MEDIUM,PAYMENT_INFRASTRUCTURE_FAILURE,SMART_RETRY,Base action selected for PAYMENT_INFRASTRUCTURE_FAILURE,28256.9,0.7,5,False,[],,80.0
txn_13e00459,2799.0,35,MEDIUM,OVERDUE_RECEIVABLE,PAYMENT_REMINDER,Invoice is 4 days overdue (early stage),1399.5,0.5,2,False,"[""OVERDUE_EARLY""]",,60.0
txn_0a3252fb,42977.0,45,MEDIUM,OVERDUE_RECEIVABLE,HUMAN_APPROVAL,Invoice is severely overdue (87 days). Requires human approval.,21488.5,0.5,0,True,"[""OVERDUE_SEVERE""]",,60.0
txn_691e51a4,24082.0,25,LOW,CHECKOUT_ABANDONMENT,PAYMENT_REMINDER,Base action selected for CHECKOUT_ABANDONMENT,8428.7,0.35,2,False,[],,35.0
txn_af37a9ef,36658.0,45,MEDIUM,OVERDUE_RECEIVABLE,HUMAN_APPROVAL,Invoice is severely overdue (47 days). Requires human approval.,18329.0,0.5,0,True,"[""OVERDUE_SEVERE""]",,60.0
txn_f0c75acd,48552.0,55,MEDIUM,OVERDUE_RECEIVABLE,HUMAN_APPROVAL,Invoice is severely overdue (39 days). Requires human approval.,24276.0,0.5,0,True,"[""OVERDUE_SEVERE""]",,40.0
txn_7f85910b,27398.0,30,MEDIUM,SUBSCRIPTION_PAYMENT_FAILURE,MANDATE_RETRY,Base action selected for SUBSCRIPTION_PAYMENT_FAILURE,15068.9,0.55,5,False,[],,55.00000000000001
txn_ffc6a46c,25016.0,30,MEDIUM,OTHER_REVENUE_RISK,PAYMENT_REMINDER,Base action selected for OTHER_REVENUE_RISK,5003.2,0.2,2,False,[],,30.0
txn_534a400d,47346.0,30,MEDIUM,PAYMENT_INFRASTRUCTURE_FAILURE,SMART_RETRY,Base action selected for PAYMENT_INFRASTRUCTURE_FAILURE,33142.2,0.7,5,False,[],,80.0
txn_8f29273b,25956.0,45,MEDIUM,OVERDUE_RECEIVABLE,HUMAN_APPROVAL,Invoice is severely overdue (45 days). Requires human approval.,12978.0,0.5,0,True,"[""OVERDUE_SEVERE""]",,60.0
txn_f280de2f,439.0,45,MEDIUM,CHECKOUT_ABANDONMENT,PAYMENT_REMINDER,Base action selected for CHECKOUT_ABANDONMENT,153.65,0.35,2,False,[],,25.0
txn_4d2afa4d,18924.0,25,LOW,CHECKOUT_ABANDONMENT,PAYMENT_REMINDER,Base action selected for CHECKOUT_ABANDONMENT,6623.4,0.35,2,False,[],,45.0
txn_0c0787d1,2544.0,45,MEDIUM,OVERDUE_RECEIVABLE,RECEIVABLES_ESCALATION,Invoice is 23 days overdue (escalation stage),1272.0,0.5,50,False,"[""OVERDUE_ESCALATION""]",,60.0
txn_05afec16,2555.0,45,MEDIUM,OVERDUE_RECEIVABLE,PAYMENT_REMINDER,Invoice is 2 days overdue (early stage),1277.5,0.5,2,False,"[""OVERDUE_EARLY""]",,60.0
txn_521b9712,1023.0,50,MEDIUM,INSUFFICIENT_FUNDS,PAYMENT_REMINDER,Base action selected for INSUFFICIENT_FUNDS,306.9,0.3,2,False,[],,20.0
txn_1004d7ec,5465.0,25,LOW,CHECKOUT_ABANDONMENT,PAYMENT_REMINDER,Base action selected for CHECKOUT_ABANDONMENT,1912.75,0.35,2,False,[],,35.0
txn_fe7aa9a2,33227.0,35,MEDIUM,CHECKOUT_ABANDONMENT,PAYMENT_REMINDER,Base action selected for CHECKOUT_ABANDONMENT,11629.45,0.35,2,False,[],,35.0
txn_dd362afa,22891.0,30,MEDIUM,PAYMENT_METHOD_FAILURE,PAYMENT_REMINDER,Base action selected for PAYMENT_METHOD_FAILURE,9156.4,0.4,2,False,[],,40.0
txn_c1c150ee,35780.0,30,MEDIUM,PAYMENT_INFRASTRUCTURE_FAILURE,SMART_RETRY,Base action selected for PAYMENT_INFRASTRUCTURE_FAILURE,25046.0,0.7,5,False,[],,80.0
txn_ea90d431,7495.0,45,MEDIUM,OVERDUE_RECEIVABLE,PAYMENT_REMINDER,Invoice is 5 days overdue (early stage),3747.5,0.5,2,False,"[""OVERDUE_EARLY""]",,40.0
txn_8d3c60c0,31132.0,25,LOW,CHECKOUT_ABANDONMENT,PAYMENT_REMINDER,Base action selected for CHECKOUT_ABANDONMENT,10896.2,0.35,2,False,[],,45.0
txn_8a42d6fa,6349.0,45,MEDIUM,OVERDUE_RECEIVABLE,HUMAN_APPROVAL,Invoice is severely overdue (68 days). Requires human approval.,3174.5,0.5,0,True,"[""OVERDUE_SEVERE""]",,60.0
txn_385e6861,21840.0,55,MEDIUM,OVERDUE_RECEIVABLE,HUMAN_APPROVAL,Invoice is severely overdue (50 days). Requires human approval.,10920.0,0.5,0,True,"[""OVERDUE_SEVERE""]",,40.0
txn_d6a51586,29246.0,45,MEDIUM,OVERDUE_RECEIVABLE,HUMAN_APPROVAL,Invoice is severely overdue (47 days). Requires human approval.,14623.0,0.5,0,True,"[""OVERDUE_SEVERE""]",,50.0
txn_04c9ce72,32592.0,30,MEDIUM,AUTHENTICATION_FAILURE,PAYMENT_REMINDER,Base action selected for AUTHENTICATION_FAILURE,14666.4,0.45,2,False,[],,55.0
txn_850613af,21696.0,25,LOW,CHECKOUT_ABANDONMENT,PAYMENT_REMINDER,Base action selected for CHECKOUT_ABANDONMENT,7593.6,0.35,2,False,[],,35.0
txn_979d9e6b,46973.0,50,MEDIUM,AUTHENTICATION_FAILURE,PAYMENT_REMINDER,Base action selected for AUTHENTICATION_FAILURE,21137.85,0.45,2,False,[],,35.0
txn_16384a9b,26289.0,30,MEDIUM,AUTHENTICATION_FAILURE,PAYMENT_REMINDER,Base action selected for AUTHENTICATION_FAILURE,11830.05,0.45,2,False,[],,55.0
txn_197ad14e,14585.0,50,MEDIUM,INSUFFICIENT_FUNDS,PAYMENT_REMINDER,Base action selected for INSUFFICIENT_FUNDS,4375.5,0.3,2,False,[],,20.0
txn_ba14579f,15294.0,45,MEDIUM,OVERDUE_RECEIVABLE,HUMAN_APPROVAL,Invoice is severely overdue (52 days). Requires human approval.,7647.0,0.5,0,True,"[""OVERDUE_SEVERE""]",,60.0
txn_55ed56a2,35285.0,25,LOW,CHECKOUT_ABANDONMENT,PAYMENT_REMINDER,Base action selected for CHECKOUT_ABANDONMENT,12349.75,0.35,2,False,[],,35.0
txn_c3090150,34684.0,65,HIGH,OVERDUE_RECEIVABLE,HUMAN_APPROVAL,Invoice is severely overdue (82 days). Requires human approval.,17342.0,0.5,0,True,"[""OVERDUE_SEVERE""]",,40.0
txn_8bde2d0f,42387.0,30,MEDIUM,PAYMENT_INFRASTRUCTURE_FAILURE,SMART_RETRY,Base action selected for PAYMENT_INFRASTRUCTURE_FAILURE,29670.9,0.7,5,False,[],,70.0
txn_f30039a4,728.0,45,MEDIUM,OVERDUE_RECEIVABLE,HUMAN_APPROVAL,Invoice is severely overdue (63 days). Requires human approval.,364.0,0.5,0,True,"[""OVERDUE_SEVERE""]",,60.0
txn_489cef36,2826.0,45,MEDIUM,CHECKOUT_ABANDONMENT,PAYMENT_REMINDER,Base action selected for CHECKOUT_ABANDONMENT,989.1,0.35,2,False,[],,25.0
txn_ab7b0640,49340.0,35,MEDIUM,CHECKOUT_ABANDONMENT,PAYMENT_REMINDER,Base action selected for CHECKOUT_ABANDONMENT,17269.0,0.35,2,False,[],,25.0
txn_4c3375e7,7793.0,65,HIGH,OVERDUE_RECEIVABLE,HUMAN_APPROVAL,Invoice is severely overdue (31 days). Requires human approval.,3896.5,0.5,0,True,"[""OVERDUE_SEVERE""]",,40.0
txn_ad579f82,8415.0,45,MEDIUM,OVERDUE_RECEIVABLE,HUMAN_APPROVAL,Invoice is severely overdue (90 days). Requires human approval.,4207.5,0.5,0,True,"[""OVERDUE_SEVERE""]",,60.0
txn_aa21c455,45628.0,40,MEDIUM,AUTHENTICATION_FAILURE,PAYMENT_REMINDER,Base action selected for AUTHENTICATION_FAILURE,20532.6,0.45,2,False,[],,35.0
txn_890d9924,4250.0,30,MEDIUM,PAYMENT_METHOD_FAILURE,PAYMENT_REMINDER,Base action selected for PAYMENT_METHOD_FAILURE,1700.0,0.4,2,False,[],,50.0
txn_bf469f77,10453.0,45,MEDIUM,OVERDUE_RECEIVABLE,HUMAN_APPROVAL,Invoice is severely overdue (57 days). Requires human approval.,5226.5,0.5,0,True,"[""OVERDUE_SEVERE""]",,60.0
txn_631aea35,49458.0,25,LOW,CHECKOUT_ABANDONMENT,PAYMENT_REMINDER,Base action selected for CHECKOUT_ABANDONMENT,17310.3,0.35,2,False,[],,45.0
txn_f3e4f69a,10855.0,50,MEDIUM,INSUFFICIENT_FUNDS,PAYMENT_REMINDER,Base action selected for INSUFFICIENT_FUNDS,3256.5,0.3,2,False,[],,20.0
txn_ffb1d0ab,38738.0,35,MEDIUM,CHECKOUT_ABANDONMENT,PAYMENT_REMINDER,Base action selected for CHECKOUT_ABANDONMENT,13558.3,0.35,2,False,[],,25.0
txn_9e1332d7,16363.0,40,MEDIUM,SUBSCRIPTION_PAYMENT_FAILURE,MANDATE_RETRY,Base action selected for SUBSCRIPTION_PAYMENT_FAILURE,8999.65,0.55,5,False,[],,55.00000000000001
txn_674e4727,23764.0,55,MEDIUM,OVERDUE_RECEIVABLE,HUMAN_APPROVAL,Invoice is severely overdue (41 days). Requires human approval.,11882.0,0.5,0,True,"[""OVERDUE_SEVERE""]",,40.0
txn_7c0e27c2,32936.0,50,MEDIUM,AUTHENTICATION_FAILURE,PAYMENT_REMINDER,Base action selected for AUTHENTICATION_FAILURE,14821.2,0.45,2,False,[],,35.0
txn_5c2cc24f,10282.0,45,MEDIUM,OVERDUE_RECEIVABLE,HUMAN_APPROVAL,Invoice is severely overdue (69 days). Requires human approval.,5141.0,0.5,0,True,"[""OVERDUE_SEVERE""]",,60.0
txn_89e3c56b,17090.0,25,LOW,CHECKOUT_ABANDONMENT,PAYMENT_REMINDER,Base action selected for CHECKOUT_ABANDONMENT,5981.5,0.35,2,False,[],,35.0
txn_552832fb,2417.0,55,MEDIUM,OVERDUE_RECEIVABLE,HUMAN_APPROVAL,Invoice is severely overdue (71 days). Requires human approval.,1208.5,0.5,0,True,"[""OVERDUE_SEVERE""]",,50.0
txn_96e53d46,18601.0,45,MEDIUM,OVERDUE_RECEIVABLE,HUMAN_APPROVAL,Invoice is severely overdue (40 days). Requires human approval.,9300.5,0.5,0,True,"[""OVERDUE_SEVERE""]",,60.0
txn_c7657d79,47758.0,25,LOW,CHECKOUT_ABANDONMENT,PAYMENT_REMINDER,Base action selected for CHECKOUT_ABANDONMENT,16715.3,0.35,2,False,[],,45.0
txn_e383c406,9430.0,45,MEDIUM,OVERDUE_RECEIVABLE,HUMAN_APPROVAL,Invoice is severely overdue (36 days). Requires human approval.,4715.0,0.5,0,True,"[""OVERDUE_SEVERE""]",,60.0
txn_4c98f3a4,38419.0,25,LOW,CHECKOUT_ABANDONMENT,PAYMENT_REMINDER,Base action selected for CHECKOUT_ABANDONMENT,13446.65,0.35,2,False,[],,45.0
txn_f42a73c6,20037.0,35,MEDIUM,CHECKOUT_ABANDONMENT,PAYMENT_REMINDER,Base action selected for CHECKOUT_ABANDONMENT,7012.95,0.35,2,False,[],,45.0
txn_0e035abe,23413.0,30,MEDIUM,PAYMENT_INFRASTRUCTURE_FAILURE,SMART_RETRY,Base action selected for PAYMENT_INFRASTRUCTURE_FAILURE,16389.1,0.7,5,False,[],,70.0
txn_e35f4f33,24495.0,45,MEDIUM,CHECKOUT_ABANDONMENT,PAYMENT_REMINDER,Base action selected for CHECKOUT_ABANDONMENT,8573.25,0.35,2,False,[],,25.0
txn_a614fb64,28487.0,45,MEDIUM,OVERDUE_RECEIVABLE,HUMAN_APPROVAL,Invoice is severely overdue (51 days). Requires human approval.,14243.5,0.5,0,True,"[""OVERDUE_SEVERE""]",,60.0
txn_33d26768,32358.0,45,MEDIUM,OVERDUE_RECEIVABLE,HUMAN_APPROVAL,Invoice is severely overdue (70 days). Requires human approval.,16179.0,0.5,0,True,"[""OVERDUE_SEVERE""]",,60.0
txn_bf5e0064,40320.0,30,MEDIUM,PAYMENT_METHOD_FAILURE,PAYMENT_REMINDER,Base action selected for PAYMENT_METHOD_FAILURE,16128.0,0.4,2,False,[],,40.0
txn_5c0b265c,37290.0,55,MEDIUM,OVERDUE_RECEIVABLE,PAYMENT_REMINDER,Invoice is 5 days overdue (early stage),18645.0,0.5,2,False,"[""OVERDUE_EARLY""]",,40.0
txn_fcd0299d,23069.0,40,MEDIUM,TEMPORARY_PAYMENT_FAILURE,SMART_RETRY,Base action selected for TEMPORARY_PAYMENT_FAILURE,17301.75,0.75,5,False,[],,65.0
txn_56c98af5,13185.0,30,MEDIUM,TEMPORARY_PAYMENT_FAILURE,SMART_RETRY,Base action selected for TEMPORARY_PAYMENT_FAILURE,9888.75,0.75,5,False,[],,85.0
txn_2ef80602,31218.0,30,MEDIUM,AUTHENTICATION_FAILURE,PAYMENT_REMINDER,Base action selected for AUTHENTICATION_FAILURE,14048.1,0.45,2,False,[],,55.0
txn_e8a8b5a8,9763.0,45,MEDIUM,OVERDUE_RECEIVABLE,RECEIVABLES_ESCALATION,Invoice is 16 days overdue (escalation stage),4881.5,0.5,50,False,"[""OVERDUE_ESCALATION""]",,50.0
txn_2233e9c3,7474.0,25,LOW,CHECKOUT_ABANDONMENT,PAYMENT_REMINDER,Base action selected for CHECKOUT_ABANDONMENT,2615.9,0.35,2,False,[],,45.0
txn_d2064424,39747.0,30,MEDIUM,PAYMENT_METHOD_FAILURE,PAYMENT_REMINDER,Base action selected for PAYMENT_METHOD_FAILURE,15898.8,0.4,2,False,[],,50.0
txn_bf2ab4aa,4400.0,45,MEDIUM,CHECKOUT_ABANDONMENT,PAYMENT_REMINDER,Base action selected for CHECKOUT_ABANDONMENT,1540.0,0.35,2,False,[],,25.0
txn_73fac94f,31202.0,45,MEDIUM,OVERDUE_RECEIVABLE,HUMAN_APPROVAL,Invoice is severely overdue (76 days). Requires human approval.,15601.0,0.5,0,True,"[""OVERDUE_SEVERE""]",,50.0
txn_2fd8a584,42222.0,55,MEDIUM,OVERDUE_RECEIVABLE,HUMAN_APPROVAL,Invoice is severely overdue (36 days). Requires human approval.,21111.0,0.5,0,True,"[""OVERDUE_SEVERE""]",,40.0
txn_5043801e,26127.0,25,LOW,CHECKOUT_ABANDONMENT,PAYMENT_REMINDER,Base action selected for CHECKOUT_ABANDONMENT,9144.45,0.35,2,False,[],,45.0
txn_05ec0f20,40014.0,30,MEDIUM,INSUFFICIENT_FUNDS,PAYMENT_REMINDER,Base action selected for INSUFFICIENT_FUNDS,12004.2,0.3,2,False,[],,40.0
txn_2e79950a,42794.0,30,MEDIUM,PAYMENT_METHOD_FAILURE,PAYMENT_REMINDER,Base action selected for PAYMENT_METHOD_FAILURE,17117.6,0.4,2,False,[],,50.0
txn_7affae5a,14672.0,30,MEDIUM,SUBSCRIPTION_PAYMENT_FAILURE,MANDATE_RETRY,Base action selected for SUBSCRIPTION_PAYMENT_FAILURE,8069.6,0.55,5,False,[],,55.00000000000001
txn_8a3969e8,36736.0,30,MEDIUM,OTHER_REVENUE_RISK,PAYMENT_REMINDER,Base action selected for OTHER_REVENUE_RISK,7347.2,0.2,2,False,[],,20.0
txn_a290cda9,24458.0,45,MEDIUM,OVERDUE_RECEIVABLE,HUMAN_APPROVAL,Invoice is severely overdue (34 days). Requires human approval.,12229.0,0.5,0,True,"[""OVERDUE_SEVERE""]",,60.0
txn_bbaa5a1e,4767.0,45,MEDIUM,OVERDUE_RECEIVABLE,HUMAN_APPROVAL,Invoice is severely overdue (61 days). Requires human approval.,2383.5,0.5,0,True,"[""OVERDUE_SEVERE""]",,60.0
txn_40a6490a,9102.0,55,MEDIUM,OVERDUE_RECEIVABLE,RECEIVABLES_ESCALATION,Invoice is 26 days overdue (escalation stage),4551.0,0.5,50,False,"[""OVERDUE_ESCALATION""]",,40.0
txn_159ec580,14928.0,30,MEDIUM,INSUFFICIENT_FUNDS,PAYMENT_REMINDER,Base action selected for INSUFFICIENT_FUNDS,4478.4,0.3,2,False,[],,30.0
txn_6164ae9f,26536.0,35,MEDIUM,OVERDUE_RECEIVABLE,PAYMENT_REMINDER,Invoice is 3 days overdue (early stage),13268.0,0.5,2,False,"[""OVERDUE_EARLY""]",,60.0
txn_95bc68ae,1393.0,40,MEDIUM,OTHER_REVENUE_RISK,PAYMENT_REMINDER,Base action selected for OTHER_REVENUE_RISK,278.6,0.2,2,False,[],,10
txn_2f53ffca,18627.0,30,MEDIUM,TEMPORARY_PAYMENT_FAILURE,SMART_RETRY,Base action selected for TEMPORARY_PAYMENT_FAILURE,13970.25,0.75,5,False,[],,85.0
txn_de6de02d,37727.0,45,MEDIUM,OVERDUE_RECEIVABLE,HUMAN_APPROVAL,Invoice is severely overdue (86 days). Requires human approval.,18863.5,0.5,0,True,"[""OVERDUE_SEVERE""]",,60.0
txn_d5bf26c1,28018.0,30,MEDIUM,TEMPORARY_PAYMENT_FAILURE,SMART_RETRY,Base action selected for TEMPORARY_PAYMENT_FAILURE,21013.5,0.75,5,False,[],,85.0
txn_fa0915a6,40850.0,55,MEDIUM,OVERDUE_RECEIVABLE,HUMAN_APPROVAL,Invoice is severely overdue (35 days). Requires human approval.,20425.0,0.5,0,True,"[""OVERDUE_SEVERE""]",,50.0
txn_e055dbf8,47762.0,40,MEDIUM,AUTHENTICATION_FAILURE,PAYMENT_REMINDER,Base action selected for AUTHENTICATION_FAILURE,21492.9,0.45,2,False,[],,35.0
txn_66ec5f14,16390.0,30,MEDIUM,INSUFFICIENT_FUNDS,PAYMENT_REMINDER,Base action selected for INSUFFICIENT_FUNDS,4917.0,0.3,2,False,[],,40.0
txn_ebb58a9d,29399.0,45,MEDIUM,OVERDUE_RECEIVABLE,HUMAN_APPROVAL,Invoice is severely overdue (41 days). Requires human approval.,14699.5,0.5,0,True,"[""OVERDUE_SEVERE""]",,60.0
txn_24388ed4,39697.0,45,MEDIUM,CHECKOUT_ABANDONMENT,PAYMENT_REMINDER,Base action selected for CHECKOUT_ABANDONMENT,13893.95,0.35,2,False,[],,25.0
txn_21353970,23912.0,35,MEDIUM,OVERDUE_RECEIVABLE,PAYMENT_REMINDER,Invoice is 7 days overdue (early stage),11956.0,0.5,2,False,"[""OVERDUE_EARLY""]",,60.0
txn_8799ea4f,23908.0,40,MEDIUM,TEMPORARY_PAYMENT_FAILURE,SMART_RETRY,Base action selected for TEMPORARY_PAYMENT_FAILURE,17931.0,0.75,5,False,[],,85.0
txn_b545775a,12390.0,30,MEDIUM,AUTHENTICATION_FAILURE,PAYMENT_REMINDER,Base action selected for AUTHENTICATION_FAILURE,5575.5,0.45,2,False,[],,45.0
txn_9991b882,8175.0,30,MEDIUM,AUTHENTICATION_FAILURE,PAYMENT_REMINDER,Base action selected for AUTHENTICATION_FAILURE,3678.75,0.45,2,False,[],,55.0
txn_2f9d1e07,11713.0,45,MEDIUM,OVERDUE_RECEIVABLE,HUMAN_APPROVAL,Invoice is severely overdue (89 days). Requires human approval.,5856.5,0.5,0,True,"[""OVERDUE_SEVERE""]",,60.0
txn_5547b296,44164.0,30,MEDIUM,OTHER_REVENUE_RISK,PAYMENT_REMINDER,Base action selected for OTHER_REVENUE_RISK,8832.8,0.2,2,False,[],,30.0
txn_3f2fd752,25107.0,30,MEDIUM,AUTHENTICATION_FAILURE,PAYMENT_REMINDER,Base action selected for AUTHENTICATION_FAILURE,11298.15,0.45,2,False,[],,55.0
txn_b50c50d6,46600.0,40,MEDIUM,PAYMENT_INFRASTRUCTURE_FAILURE,SMART_RETRY,Base action selected for PAYMENT_INFRASTRUCTURE_FAILURE,32620.0,0.7,5,False,[],,70.0
txn_53d25465,48274.0,55,MEDIUM,OVERDUE_RECEIVABLE,HUMAN_APPROVAL,Invoice is severely overdue (66 days). Requires human approval.,24137.0,0.5,0,True,"[""OVERDUE_SEVERE""]",,40.0
txn_427d2738,469.0,25,LOW,CHECKOUT_ABANDONMENT,PAYMENT_REMINDER,Base action selected for CHECKOUT_ABANDONMENT,164.15,0.35,2,False,[],,45.0
txn_175a7a71,41084.0,45,MEDIUM,CHECKOUT_ABANDONMENT,PAYMENT_REMINDER,Base action selected for CHECKOUT_ABANDONMENT,14379.4,0.35,2,False,[],,25.0
txn_66dab28d,43572.0,45,MEDIUM,OVERDUE_RECEIVABLE,HUMAN_APPROVAL,Invoice is severely overdue (43 days). Requires human approval.,21786.0,0.5,0,True,"[""OVERDUE_SEVERE""]",,50.0
txn_5854831a,7530.0,55,MEDIUM,OVERDUE_RECEIVABLE,HUMAN_APPROVAL,Invoice is severely overdue (50 days). Requires human approval.,3765.0,0.5,0,True,"[""OVERDUE_SEVERE""]",,60.0
txn_81a9642e,48686.0,40,MEDIUM,SUBSCRIPTION_PAYMENT_FAILURE,MANDATE_RETRY,Base action selected for SUBSCRIPTION_PAYMENT_FAILURE,26777.3,0.55,5,False,[],,65.0
txn_4f0b3ce4,47675.0,40,MEDIUM,PAYMENT_METHOD_FAILURE,PAYMENT_REMINDER,Base action selected for PAYMENT_METHOD_FAILURE,19070.0,0.4,2,False,[],,40.0
txn_5a25ee93,38038.0,35,MEDIUM,CHECKOUT_ABANDONMENT,PAYMENT_REMINDER,Base action selected for CHECKOUT_ABANDONMENT,13313.3,0.35,2,False,[],,45.0
txn_1ab5bdfb,9840.0,40,MEDIUM,AUTHENTICATION_FAILURE,PAYMENT_REMINDER,Base action selected for AUTHENTICATION_FAILURE,4428.0,0.45,2,False,[],,45.0
txn_a689d51d,9681.0,30,MEDIUM,INSUFFICIENT_FUNDS,PAYMENT_REMINDER,Base action selected for INSUFFICIENT_FUNDS,2904.3,0.3,2,False,[],,40.0
txn_4d517f25,5201.0,55,MEDIUM,OVERDUE_RECEIVABLE,HUMAN_APPROVAL,Invoice is severely overdue (67 days). Requires human approval.,2600.5,0.5,0,True,"[""OVERDUE_SEVERE""]",,40.0
txn_27c1da75,39649.0,40,MEDIUM,OTHER_REVENUE_RISK,PAYMENT_REMINDER,Base action selected for OTHER_REVENUE_RISK,7929.8,0.2,2,False,[],,10
txn_b91fb6fa,18664.0,55,MEDIUM,OVERDUE_RECEIVABLE,HUMAN_APPROVAL,Invoice is severely overdue (77 days). Requires human approval.,9332.0,0.5,0,True,"[""OVERDUE_SEVERE""]",,50.0
txn_5fe93af4,26277.0,45,MEDIUM,OVERDUE_RECEIVABLE,HUMAN_APPROVAL,Invoice is severely overdue (46 days). Requires human approval.,13138.5,0.5,0,True,"[""OVERDUE_SEVERE""]",,50.0
txn_8cfea377,1892.0,55,MEDIUM,OVERDUE_RECEIVABLE,HUMAN_APPROVAL,Invoice is severely overdue (62 days). Requires human approval.,946.0,0.5,0,True,"[""OVERDUE_SEVERE""]",,40.0
txn_18c419db,33949.0,55,MEDIUM,OVERDUE_RECEIVABLE,HUMAN_APPROVAL,Invoice is severely overdue (69 days). Requires human approval.,16974.5,0.5,0,True,"[""OVERDUE_SEVERE""]",,50.0
txn_9e6518f2,15491.0,30,MEDIUM,INSUFFICIENT_FUNDS,PAYMENT_REMINDER,Base action selected for INSUFFICIENT_FUNDS,4647.3,0.3,2,False,[],,40.0
txn_bb4e8573,37751.0,45,MEDIUM,OVERDUE_RECEIVABLE,HUMAN_APPROVAL,Invoice is severely overdue (36 days). Requires human approval.,18875.5,0.5,0,True,"[""OVERDUE_SEVERE""]",,60.0
txn_1a17b909,45860.0,45,MEDIUM,OVERDUE_RECEIVABLE,HUMAN_APPROVAL,Invoice is severely overdue (67 days). Requires human approval.,22930.0,0.5,0,True,"[""OVERDUE_SEVERE""]",,60.0
txn_fb5cd781,17119.0,30,MEDIUM,PAYMENT_INFRASTRUCTURE_FAILURE,SMART_RETRY,Base action selected for PAYMENT_INFRASTRUCTURE_FAILURE,11983.3,0.7,5,False,[],,80.0
txn_ec12a6d1,6645.0,30,MEDIUM,PAYMENT_METHOD_FAILURE,PAYMENT_REMINDER,Base action selected for PAYMENT_METHOD_FAILURE,2658.0,0.4,2,False,[],,40.0
txn_2829dbf3,16989.0,45,MEDIUM,OVERDUE_RECEIVABLE,HUMAN_APPROVAL,Invoice is severely overdue (45 days). Requires human approval.,8494.5,0.5,0,True,"[""OVERDUE_SEVERE""]",,50.0
txn_4307cc4d,5347.0,30,MEDIUM,PAYMENT_METHOD_FAILURE,PAYMENT_REMINDER,Base action selected for PAYMENT_METHOD_FAILURE,2138.8,0.4,2,False,[],,50.0
txn_a12570d1,15357.0,30,MEDIUM,PAYMENT_METHOD_FAILURE,PAYMENT_REMINDER,Base action selected for PAYMENT_METHOD_FAILURE,6142.8,0.4,2,False,[],,40.0
txn_da17b5c3,2179.0,30,MEDIUM,TEMPORARY_PAYMENT_FAILURE,SMART_RETRY,Base action selected for TEMPORARY_PAYMENT_FAILURE,1634.25,0.75,5,False,[],,85.0
txn_a024fb81,6257.0,40,MEDIUM,AUTHENTICATION_FAILURE,PAYMENT_REMINDER,Base action selected for AUTHENTICATION_FAILURE,2815.65,0.45,2,False,[],,45.0
txn_fd6190c6,49878.0,50,MEDIUM,TEMPORARY_PAYMENT_FAILURE,SMART_RETRY,Base action selected for TEMPORARY_PAYMENT_FAILURE,37408.5,0.75,5,False,[],,65.0
txn_9eacae7f,18143.0,30,MEDIUM,TEMPORARY_PAYMENT_FAILURE,SMART_RETRY,Base action selected for TEMPORARY_PAYMENT_FAILURE,13607.25,0.75,5,False,[],,85.0
txn_a66a9b95,40531.0,30,MEDIUM,PAYMENT_INFRASTRUCTURE_FAILURE,SMART_RETRY,Base action selected for PAYMENT_INFRASTRUCTURE_FAILURE,28371.7,0.7,5,False,[],,80.0
txn_dc0bcace,34942.0,50,MEDIUM,PAYMENT_METHOD_FAILURE,PAYMENT_REMINDER,Base action selected for PAYMENT_METHOD_FAILURE,13976.8,0.4,2,False,[],,30.0
txn_351c42e3,39972.0,30,MEDIUM,PAYMENT_INFRASTRUCTURE_FAILURE,SMART_RETRY,Base action selected for PAYMENT_INFRASTRUCTURE_FAILURE,27980.4,0.7,5,False,[],,80.0
txn_3255baf6,31723.0,40,MEDIUM,AUTHENTICATION_FAILURE,PAYMENT_REMINDER,Base action selected for AUTHENTICATION_FAILURE,14275.35,0.45,2,False,[],,55.0
txn_e72f3d81,22014.0,25,LOW,CHECKOUT_ABANDONMENT,PAYMENT_REMINDER,Base action selected for CHECKOUT_ABANDONMENT,7704.9,0.35,2,False,[],,45.0
txn_b451298c,10139.0,30,MEDIUM,OTHER_REVENUE_RISK,PAYMENT_REMINDER,Base action selected for OTHER_REVENUE_RISK,2027.8,0.2,2,False,[],,30.0
txn_02744a89,20076.0,40,MEDIUM,INSUFFICIENT_FUNDS,PAYMENT_REMINDER,Base action selected for INSUFFICIENT_FUNDS,6022.8,0.3,2,False,[],,30.0
txn_b4971c41,7392.0,30,MEDIUM,AUTHENTICATION_FAILURE,PAYMENT_REMINDER,Base action selected for AUTHENTICATION_FAILURE,3326.4,0.45,2,False,[],,45.0
txn_bdcf0be9,9363.0,40,MEDIUM,AUTHENTICATION_FAILURE,PAYMENT_REMINDER,Base action selected for AUTHENTICATION_FAILURE,4213.35,0.45,2,False,[],,55.0
txn_f818a10e,17878.0,30,MEDIUM,AUTHENTICATION_FAILURE,PAYMENT_REMINDER,Base action selected for AUTHENTICATION_FAILURE,8045.1,0.45,2,False,[],,55.0
txn_b9fc6442,1350.0,55,MEDIUM,OVERDUE_RECEIVABLE,HUMAN_APPROVAL,Invoice is severely overdue (38 days). Requires human approval.,675.0,0.5,0,True,"[""OVERDUE_SEVERE""]",,50.0
txn_be1f0b4b,34936.0,35,MEDIUM,OVERDUE_RECEIVABLE,RECEIVABLES_ESCALATION,Invoice is 12 days overdue (escalation stage),17468.0,0.5,50,False,"[""OVERDUE_ESCALATION""]",,60.0
txn_f6ff59e9,9612.0,45,MEDIUM,OVERDUE_RECEIVABLE,HUMAN_APPROVAL,Invoice is severely overdue (84 days). Requires human approval.,4806.0,0.5,0,True,"[""OVERDUE_SEVERE""]",,50.0
txn_b95df7bb,9636.0,25,LOW,CHECKOUT_ABANDONMENT,PAYMENT_REMINDER,Base action selected for CHECKOUT_ABANDONMENT,3372.6,0.35,2,False,[],,45.0
txn_711e2021,41836.0,30,MEDIUM,PAYMENT_METHOD_FAILURE,PAYMENT_REMINDER,Base action selected for PAYMENT_METHOD_FAILURE,16734.4,0.4,2,False,[],,50.0
txn_116922d2,40231.0,30,MEDIUM,PAYMENT_INFRASTRUCTURE_FAILURE,SMART_RETRY,Base action selected for PAYMENT_INFRASTRUCTURE_FAILURE,28161.7,0.7,5,False,[],,80.0
txn_06287645,30820.0,35,MEDIUM,CHECKOUT_ABANDONMENT,PAYMENT_REMINDER,Base action selected for CHECKOUT_ABANDONMENT,10787.0,0.35,2,False,[],,35.0
txn_c48ec4c7,39941.0,35,MEDIUM,CHECKOUT_ABANDONMENT,PAYMENT_REMINDER,Base action selected for CHECKOUT_ABANDONMENT,13979.35,0.35,2,False,[],,25.0
txn_28f70eef,2623.0,30,MEDIUM,AUTHENTICATION_FAILURE,PAYMENT_REMINDER,Base action selected for AUTHENTICATION_FAILURE,1180.35,0.45,2,False,[],,55.0
txn_f26ad2de,45720.0,25,LOW,CHECKOUT_ABANDONMENT,PAYMENT_REMINDER,Base action selected for CHECKOUT_ABANDONMENT,16002.0,0.35,2,False,[],,45.0
txn_90123705,3305.0,25,LOW,CHECKOUT_ABANDONMENT,PAYMENT_REMINDER,Base action selected for CHECKOUT_ABANDONMENT,1156.75,0.35,2,False,[],,45.0
txn_08a6d8bd,4534.0,55,MEDIUM,OVERDUE_RECEIVABLE,HUMAN_APPROVAL,Invoice is severely overdue (55 days). Requires human approval.,2267.0,0.5,0,True,"[""OVERDUE_SEVERE""]",,50.0
txn_2acd8138,12815.0,35,MEDIUM,CHECKOUT_ABANDONMENT,PAYMENT_REMINDER,Base action selected for CHECKOUT_ABANDONMENT,4485.25,0.35,2,False,[],,25.0
txn_5ab624ff,23273.0,30,MEDIUM,PAYMENT_METHOD_FAILURE,PAYMENT_REMINDER,Base action selected for PAYMENT_METHOD_FAILURE,9309.2,0.4,2,False,[],,50.0
txn_d444454c,13547.0,35,MEDIUM,OVERDUE_RECEIVABLE,PAYMENT_REMINDER,Invoice is 5 days overdue (early stage),6773.5,0.5,2,False,"[""OVERDUE_EARLY""]",,60.0
txn_5dd5c732,41967.0,25,LOW,CHECKOUT_ABANDONMENT,PAYMENT_REMINDER,Base action selected for CHECKOUT_ABANDONMENT,14688.45,0.35,2,False,[],,45.0
txn_1badf438,22299.0,30,MEDIUM,TEMPORARY_PAYMENT_FAILURE,SMART_RETRY,Base action selected for TEMPORARY_PAYMENT_FAILURE,16724.25,0.75,5,False,[],,85.0
txn_a93abbaf,38946.0,30,MEDIUM,PAYMENT_INFRASTRUCTURE_FAILURE,SMART_RETRY,Base action selected for PAYMENT_INFRASTRUCTURE_FAILURE,27262.2,0.7,5,False,[],,80.0
txn_a3277e84,19899.0,50,MEDIUM,AUTHENTICATION_FAILURE,PAYMENT_REMINDER,Base action selected for AUTHENTICATION_FAILURE,8954.55,0.45,2,False,[],,35.0
txn_814dde07,4661.0,65,HIGH,OVERDUE_RECEIVABLE,HUMAN_APPROVAL,Invoice is severely overdue (77 days). Requires human approval.,2330.5,0.5,0,True,"[""OVERDUE_SEVERE""]",,40.0
txn_d59377da,26589.0,45,MEDIUM,OVERDUE_RECEIVABLE,RECEIVABLES_ESCALATION,Invoice is 17 days overdue (escalation stage),13294.5,0.5,50,False,"[""OVERDUE_ESCALATION""]",,50.0
txn_e251c324,23643.0,25,LOW,CHECKOUT_ABANDONMENT,PAYMENT_REMINDER,Base action selected for CHECKOUT_ABANDONMENT,8275.05,0.35,2,False,[],,35.0
txn_6afcdb88,46746.0,50,MEDIUM,AUTHENTICATION_FAILURE,PAYMENT_REMINDER,Base action selected for AUTHENTICATION_FAILURE,21035.7,0.45,2,False,[],,35.0
txn_e1d4b7e0,23711.0,25,LOW,CHECKOUT_ABANDONMENT,PAYMENT_REMINDER,Base action selected for CHECKOUT_ABANDONMENT,8298.85,0.35,2,False,[],,35.0
txn_b9e6d59e,9536.0,30,MEDIUM,SUBSCRIPTION_PAYMENT_FAILURE,MANDATE_RETRY,Base action selected for SUBSCRIPTION_PAYMENT_FAILURE,5244.8,0.55,5,False,[],,65.0
txn_06f66011,39711.0,35,MEDIUM,CHECKOUT_ABANDONMENT,PAYMENT_REMINDER,Base action selected for CHECKOUT_ABANDONMENT,13898.85,0.35,2,False,[],,35.0
txn_29cf8233,25312.0,25,LOW,CHECKOUT_ABANDONMENT,PAYMENT_REMINDER,Base action selected for CHECKOUT_ABANDONMENT,8859.2,0.35,2,False,[],,45.0
txn_6d604372,37043.0,30,MEDIUM,TEMPORARY_PAYMENT_FAILURE,SMART_RETRY,Base action selected for TEMPORARY_PAYMENT_FAILURE,27782.25,0.75,5,False,[],,85.0
txn_e5f3c9ef,2268.0,25,LOW,CHECKOUT_ABANDONMENT,PAYMENT_REMINDER,Base action selected for CHECKOUT_ABANDONMENT,793.8,0.35,2,False,[],,45.0
txn_15a0be5e,14309.0,45,MEDIUM,OVERDUE_RECEIVABLE,HUMAN_APPROVAL,Invoice is severely overdue (77 days). Requires human approval.,7154.5,0.5,0,True,"[""OVERDUE_SEVERE""]",,60.0
txn_60524ac9,42561.0,25,LOW,CHECKOUT_ABANDONMENT,PAYMENT_REMINDER,Base action selected for CHECKOUT_ABANDONMENT,14896.35,0.35,2,False,[],,45.0
txn_0a83f32b,5062.0,40,MEDIUM,INSUFFICIENT_FUNDS,PAYMENT_REMINDER,Base action selected for INSUFFICIENT_FUNDS,1518.6,0.3,2,False,[],,30.0
txn_8a0dc537,31983.0,30,MEDIUM,OTHER_REVENUE_RISK,PAYMENT_REMINDER,Base action selected for OTHER_REVENUE_RISK,6396.6,0.2,2,False,[],,20.0
txn_7e439248,36368.0,30,MEDIUM,AUTHENTICATION_FAILURE,PAYMENT_REMINDER,Base action selected for AUTHENTICATION_FAILURE,16365.6,0.45,2,False,[],,45.0
txn_c5561f3b,1124.0,25,LOW,CHECKOUT_ABANDONMENT,PAYMENT_REMINDER,Base action selected for CHECKOUT_ABANDONMENT,393.4,0.35,2,False,[],,45.0
txn_dabf4ff8,18694.0,30,MEDIUM,SUBSCRIPTION_PAYMENT_FAILURE,MANDATE_RETRY,Base action selected for SUBSCRIPTION_PAYMENT_FAILURE,10281.7,0.55,5,False,[],,65.0
txn_68ac7e1d,29797.0,45,MEDIUM,OVERDUE_RECEIVABLE,PAYMENT_REMINDER,Invoice is 6 days overdue (early stage),14898.5,0.5,2,False,"[""OVERDUE_EARLY""]",,40.0
txn_6b72724a,17774.0,30,MEDIUM,INSUFFICIENT_FUNDS,PAYMENT_REMINDER,Base action selected for INSUFFICIENT_FUNDS,5332.2,0.3,2,False,[],,40.0
txn_8fbf9a8b,33144.0,40,MEDIUM,AUTHENTICATION_FAILURE,PAYMENT_REMINDER,Base action selected for AUTHENTICATION_FAILURE,14914.8,0.45,2,False,[],,55.0
txn_dae975cb,49401.0,30,MEDIUM,OTHER_REVENUE_RISK,PAYMENT_REMINDER,Base action selected for OTHER_REVENUE_RISK,9880.2,0.2,2,False,[],,30.0
txn_53533292,5142.0,35,MEDIUM,OVERDUE_RECEIVABLE,RECEIVABLES_ESCALATION,Invoice is 14 days overdue (escalation stage),2571.0,0.5,50,False,"[""OVERDUE_ESCALATION""]",,50.0
txn_f9db6ff6,34153.0,25,LOW,CHECKOUT_ABANDONMENT,PAYMENT_REMINDER,Base action selected for CHECKOUT_ABANDONMENT,11953.55,0.35,2,False,[],,35.0
txn_d9c8cf81,36044.0,30,MEDIUM,AUTHENTICATION_FAILURE,PAYMENT_REMINDER,Base action selected for AUTHENTICATION_FAILURE,16219.8,0.45,2,False,[],,55.0
txn_c927ac39,3201.0,45,MEDIUM,OVERDUE_RECEIVABLE,RECEIVABLES_ESCALATION,Invoice is 19 days overdue (escalation stage),1600.5,0.5,50,False,"[""OVERDUE_ESCALATION""]",,50.0
txn_2e804fde,45507.0,35,MEDIUM,CHECKOUT_ABANDONMENT,PAYMENT_REMINDER,Base action selected for CHECKOUT_ABANDONMENT,15927.45,0.35,2,False,[],,35.0
txn_63be9297,47845.0,25,LOW,CHECKOUT_ABANDONMENT,PAYMENT_REMINDER,Base action selected for CHECKOUT_ABANDONMENT,16745.75,0.35,2,False,[],,45.0
txn_92dc330a,33640.0,45,MEDIUM,OVERDUE_RECEIVABLE,HUMAN_APPROVAL,Invoice is severely overdue (51 days). Requires human approval.,16820.0,0.5,0,True,"[""OVERDUE_SEVERE""]",,60.0
txn_b938e5c4,19015.0,45,MEDIUM,CHECKOUT_ABANDONMENT,PAYMENT_REMINDER,Base action selected for CHECKOUT_ABANDONMENT,6655.25,0.35,2,False,[],,25.0
txn_b59468e4,41817.0,65,HIGH,OVERDUE_RECEIVABLE,HUMAN_APPROVAL,Invoice is severely overdue (61 days). Requires human approval.,20908.5,0.5,0,True,"[""OVERDUE_SEVERE""]",,40.0
txn_4b2ab0a9,44990.0,55,MEDIUM,OVERDUE_RECEIVABLE,HUMAN_APPROVAL,Invoice is severely overdue (39 days). Requires human approval.,22495.0,0.5,0,True,"[""OVERDUE_SEVERE""]",,60.0
txn_d3841155,40301.0,65,HIGH,OVERDUE_RECEIVABLE,HUMAN_APPROVAL,Invoice is severely overdue (89 days). Requires human approval.,20150.5,0.5,0,True,"[""OVERDUE_SEVERE""]",,40.0
txn_8a5b5a24,11385.0,45,MEDIUM,OVERDUE_RECEIVABLE,HUMAN_APPROVAL,Invoice is severely overdue (39 days). Requires human approval.,5692.5,0.5,0,True,"[""OVERDUE_SEVERE""]",,50.0
txn_ea96d9de,22895.0,55,MEDIUM,OVERDUE_RECEIVABLE,HUMAN_APPROVAL,Invoice is severely overdue (46 days). Requires human approval.,11447.5,0.5,0,True,"[""OVERDUE_SEVERE""]",,50.0
txn_1d9c0546,5490.0,30,MEDIUM,AUTHENTICATION_FAILURE,PAYMENT_REMINDER,Base action selected for AUTHENTICATION_FAILURE,2470.5,0.45,2,False,[],,45.0
txn_1871d364,11157.0,35,MEDIUM,OVERDUE_RECEIVABLE,RECEIVABLES_ESCALATION,Invoice is 9 days overdue (escalation stage),5578.5,0.5,50,False,"[""OVERDUE_ESCALATION""]",,60.0
txn_71639247,47626.0,35,MEDIUM,CHECKOUT_ABANDONMENT,PAYMENT_REMINDER,Base action selected for CHECKOUT_ABANDONMENT,16669.1,0.35,2,False,[],,35.0
txn_a2178bd8,26605.0,30,MEDIUM,PAYMENT_INFRASTRUCTURE_FAILURE,SMART_RETRY,Base action selected for PAYMENT_INFRASTRUCTURE_FAILURE,18623.5,0.7,5,False,[],,80.0
txn_bc1b84fc,16327.0,40,MEDIUM,OTHER_REVENUE_RISK,PAYMENT_REMINDER,Base action selected for OTHER_REVENUE_RISK,3265.4,0.2,2,False,[],,10
txn_73792957,14129.0,45,MEDIUM,OVERDUE_RECEIVABLE,HUMAN_APPROVAL,Invoice is severely overdue (37 days). Requires human approval.,7064.5,0.5,0,True,"[""OVERDUE_SEVERE""]",,60.0
txn_f4e22631,37992.0,40,MEDIUM,PAYMENT_INFRASTRUCTURE_FAILURE,SMART_RETRY,Base action selected for PAYMENT_INFRASTRUCTURE_FAILURE,26594.4,0.7,5,False,[],,60.0
txn_3924a325,35985.0,40,MEDIUM,TEMPORARY_PAYMENT_FAILURE,SMART_RETRY,Base action selected for TEMPORARY_PAYMENT_FAILURE,26988.75,0.75,5,False,[],,75.0
txn_7b8c9286,40366.0,30,MEDIUM,PAYMENT_INFRASTRUCTURE_FAILURE,SMART_RETRY,Base action selected for PAYMENT_INFRASTRUCTURE_FAILURE,28256.2,0.7,5,False,[],,80.0
txn_74d307f7,28633.0,25,LOW,CHECKOUT_ABANDONMENT,PAYMENT_REMINDER,Base action selected for CHECKOUT_ABANDONMENT,10021.55,0.35,2,False,[],,35.0
txn_52cad60f,43266.0,25,LOW,CHECKOUT_ABANDONMENT,PAYMENT_REMINDER,Base action selected for CHECKOUT_ABANDONMENT,15143.1,0.35,2,False,[],,45.0
txn_76d13984,20672.0,45,MEDIUM,OVERDUE_RECEIVABLE,HUMAN_APPROVAL,Invoice is severely overdue (78 days). Requires human approval.,10336.0,0.5,0,True,"[""OVERDUE_SEVERE""]",,60.0
txn_40d21cb1,9311.0,40,MEDIUM,TEMPORARY_PAYMENT_FAILURE,SMART_RETRY,Base action selected for TEMPORARY_PAYMENT_FAILURE,6983.25,0.75,5,False,[],,85.0
txn_f133db90,3765.0,45,MEDIUM,OVERDUE_RECEIVABLE,HUMAN_APPROVAL,Invoice is severely overdue (63 days). Requires human approval.,1882.5,0.5,0,True,"[""OVERDUE_SEVERE""]",,50.0
txn_5cd28ad0,9596.0,45,MEDIUM,OVERDUE_RECEIVABLE,HUMAN_APPROVAL,Invoice is severely overdue (47 days). Requires human approval.,4798.0,0.5,0,True,"[""OVERDUE_SEVERE""]",,50.0
txn_aaebbdcd,3683.0,30,MEDIUM,INSUFFICIENT_FUNDS,PAYMENT_REMINDER,Base action selected for INSUFFICIENT_FUNDS,1104.9,0.3,2,False,[],,30.0
txn_0fa8b0e7,35995.0,30,MEDIUM,AUTHENTICATION_FAILURE,PAYMENT_REMINDER,Base action selected for AUTHENTICATION_FAILURE,16197.75,0.45,2,False,[],,55.0
txn_50c04301,5931.0,30,MEDIUM,PAYMENT_METHOD_FAILURE,PAYMENT_REMINDER,Base action selected for PAYMENT_METHOD_FAILURE,2372.4,0.4,2,False,[],,50.0
txn_2e916e43,18644.0,55,MEDIUM,OVERDUE_RECEIVABLE,HUMAN_APPROVAL,Invoice is severely overdue (87 days). Requires human approval.,9322.0,0.5,0,True,"[""OVERDUE_SEVERE""]",,40.0
txn_a1b933de,46849.0,40,MEDIUM,SUBSCRIPTION_PAYMENT_FAILURE,MANDATE_RETRY,Base action selected for SUBSCRIPTION_PAYMENT_FAILURE,25766.95,0.55,5,False,[],,65.0
txn_5ad817c7,36771.0,35,MEDIUM,OVERDUE_RECEIVABLE,PAYMENT_REMINDER,Invoice is 6 days overdue (early stage),18385.5,0.5,2,False,"[""OVERDUE_EARLY""]",,60.0
txn_cedfcc90,10013.0,55,MEDIUM,OVERDUE_RECEIVABLE,HUMAN_APPROVAL,Invoice is severely overdue (72 days). Requires human approval.,5006.5,0.5,0,True,"[""OVERDUE_SEVERE""]",,60.0
txn_78529d1b,37012.0,25,LOW,CHECKOUT_ABANDONMENT,PAYMENT_REMINDER,Base action selected for CHECKOUT_ABANDONMENT,12954.2,0.35,2,False,[],,35.0
txn_896a4920,17750.0,30,MEDIUM,INSUFFICIENT_FUNDS,PAYMENT_REMINDER,Base action selected for INSUFFICIENT_FUNDS,5325.0,0.3,2,False,[],,40.0
txn_2eeaec8c,42281.0,45,MEDIUM,OVERDUE_RECEIVABLE,HUMAN_APPROVAL,Invoice is severely overdue (37 days). Requires human approval.,21140.5,0.5,0,True,"[""OVERDUE_SEVERE""]",,60.0
txn_2b4cf108,42964.0,25,LOW,CHECKOUT_ABANDONMENT,PAYMENT_REMINDER,Base action selected for CHECKOUT_ABANDONMENT,15037.4,0.35,2,False,[],,45.0
txn_5b72ce92,44989.0,45,MEDIUM,OVERDUE_RECEIVABLE,HUMAN_APPROVAL,Invoice is severely overdue (78 days). Requires human approval.,22494.5,0.5,0,True,"[""OVERDUE_SEVERE""]",,50.0
txn_37f9f899,16705.0,40,MEDIUM,INSUFFICIENT_FUNDS,PAYMENT_REMINDER,Base action selected for INSUFFICIENT_FUNDS,5011.5,0.3,2,False,[],,40.0
txn_ca2119a6,12367.0,45,MEDIUM,OVERDUE_RECEIVABLE,RECEIVABLES_ESCALATION,Invoice is 28 days overdue (escalation stage),6183.5,0.5,50,False,"[""OVERDUE_ESCALATION""]",,60.0
txn_61b21f5c,45339.0,30,MEDIUM,INSUFFICIENT_FUNDS,PAYMENT_REMINDER,Base action selected for INSUFFICIENT_FUNDS,13601.7,0.3,2,False,[],,40.0
txn_f3e92fa9,13812.0,45,MEDIUM,OVERDUE_RECEIVABLE,HUMAN_APPROVAL,Invoice is severely overdue (62 days). Requires human approval.,6906.0,0.5,0,True,"[""OVERDUE_SEVERE""]",,60.0
txn_39258126,27342.0,40,MEDIUM,SUBSCRIPTION_PAYMENT_FAILURE,MANDATE_RETRY,Base action selected for SUBSCRIPTION_PAYMENT_FAILURE,15038.1,0.55,5,False,[],,45.00000000000001
txn_8075e9b0,32075.0,35,MEDIUM,CHECKOUT_ABANDONMENT,PAYMENT_REMINDER,Base action selected for CHECKOUT_ABANDONMENT,11226.25,0.35,2,False,[],,25.0
txn_88e88f47,47482.0,55,MEDIUM,OVERDUE_RECEIVABLE,HUMAN_APPROVAL,Invoice is severely overdue (50 days). Requires human approval.,23741.0,0.5,0,True,"[""OVERDUE_SEVERE""]",,40.0
txn_02115fa4,7039.0,25,LOW,CHECKOUT_ABANDONMENT,PAYMENT_REMINDER,Base action selected for CHECKOUT_ABANDONMENT,2463.65,0.35,2,False,[],,45.0
txn_36ab4c1c,13560.0,40,MEDIUM,PAYMENT_METHOD_FAILURE,PAYMENT_REMINDER,Base action selected for PAYMENT_METHOD_FAILURE,5424.0,0.4,2,False,[],,30.0
txn_4ac6461f,37754.0,40,MEDIUM,OTHER_REVENUE_RISK,PAYMENT_REMINDER,Base action selected for OTHER_REVENUE_RISK,7550.8,0.2,2,False,[],,20.0
txn_77567454,47387.0,45,MEDIUM,OVERDUE_RECEIVABLE,HUMAN_APPROVAL,Invoice is severely overdue (41 days). Requires human approval.,23693.5,0.5,0,True,"[""OVERDUE_SEVERE""]",,50.0
txn_b7d728eb,48600.0,30,MEDIUM,PAYMENT_INFRASTRUCTURE_FAILURE,SMART_RETRY,Base action selected for PAYMENT_INFRASTRUCTURE_FAILURE,34020.0,0.7,5,False,[],,80.0
txn_b583e38f,1634.0,30,MEDIUM,PAYMENT_INFRASTRUCTURE_FAILURE,SMART_RETRY,Base action selected for PAYMENT_INFRASTRUCTURE_FAILURE,1143.8,0.7,5,False,[],,70.0
txn_9145344c,17123.0,25,LOW,CHECKOUT_ABANDONMENT,PAYMENT_REMINDER,Base action selected for CHECKOUT_ABANDONMENT,5993.05,0.35,2,False,[],,45.0
txn_776453b3,46915.0,40,MEDIUM,PAYMENT_INFRASTRUCTURE_FAILURE,SMART_RETRY,Base action selected for PAYMENT_INFRASTRUCTURE_FAILURE,32840.5,0.7,5,False,[],,70.0
txn_2c664791,5470.0,25,LOW,CHECKOUT_ABANDONMENT,PAYMENT_REMINDER,Base action selected for CHECKOUT_ABANDONMENT,1914.5,0.35,2,False,[],,45.0
txn_63f0ee99,32182.0,30,MEDIUM,PAYMENT_METHOD_FAILURE,PAYMENT_REMINDER,Base action selected for PAYMENT_METHOD_FAILURE,12872.8,0.4,2,False,[],,50.0
txn_9ac8740b,236.0,30,MEDIUM,PAYMENT_INFRASTRUCTURE_FAILURE,SMART_RETRY,Base action selected for PAYMENT_INFRASTRUCTURE_FAILURE,165.2,0.7,5,False,[],,80.0
txn_b17ef137,24827.0,55,MEDIUM,OVERDUE_RECEIVABLE,HUMAN_APPROVAL,Invoice is severely overdue (61 days). Requires human approval.,12413.5,0.5,0,True,"[""OVERDUE_SEVERE""]",,50.0
txn_0ab4d170,29213.0,45,MEDIUM,OVERDUE_RECEIVABLE,RECEIVABLES_ESCALATION,Invoice is 11 days overdue (escalation stage),14606.5,0.5,50,False,"[""OVERDUE_ESCALATION""]",,50.0
txn_277fa8a3,21418.0,30,MEDIUM,TEMPORARY_PAYMENT_FAILURE,SMART_RETRY,Base action selected for TEMPORARY_PAYMENT_FAILURE,16063.5,0.75,5,False,[],,85.0
txn_8ef1bde1,9430.0,35,MEDIUM,CHECKOUT_ABANDONMENT,PAYMENT_REMINDER,Base action selected for CHECKOUT_ABANDONMENT,3300.5,0.35,2,False,[],,35.0
txn_1c3b198e,20960.0,55,MEDIUM,OVERDUE_RECEIVABLE,HUMAN_APPROVAL,Invoice is severely overdue (88 days). Requires human approval.,10480.0,0.5,0,True,"[""OVERDUE_SEVERE""]",,40.0
txn_3edc49c9,15452.0,30,MEDIUM,INSUFFICIENT_FUNDS,PAYMENT_REMINDER,Base action selected for INSUFFICIENT_FUNDS,4635.6,0.3,2,False,[],,30.0
txn_25b67e2a,37396.0,45,MEDIUM,OVERDUE_RECEIVABLE,HUMAN_APPROVAL,Invoice is severely overdue (65 days). Requires human approval.,18698.0,0.5,0,True,"[""OVERDUE_SEVERE""]",,60.0
txn_c71fd432,44709.0,40,MEDIUM,TEMPORARY_PAYMENT_FAILURE,SMART_RETRY,Base action selected for TEMPORARY_PAYMENT_FAILURE,33531.75,0.75,5,False,[],,75.0
txn_8a43e51e,30678.0,40,MEDIUM,INSUFFICIENT_FUNDS,PAYMENT_REMINDER,Base action selected for INSUFFICIENT_FUNDS,9203.4,0.3,2,False,[],,40.0
txn_9749f9fc,22008.0,30,MEDIUM,PAYMENT_METHOD_FAILURE,PAYMENT_REMINDER,Base action selected for PAYMENT_METHOD_FAILURE,8803.2,0.4,2,False,[],,50.0
txn_1ee98659,40703.0,25,LOW,CHECKOUT_ABANDONMENT,PAYMENT_REMINDER,Base action selected for CHECKOUT_ABANDONMENT,14246.05,0.35,2,False,[],,45.0
txn_84423118,43335.0,55,MEDIUM,OVERDUE_RECEIVABLE,HUMAN_APPROVAL,Invoice is severely overdue (80 days). Requires human approval.,21667.5,0.5,0,True,"[""OVERDUE_SEVERE""]",,40.0
txn_fd79cee6,44387.0,30,MEDIUM,AUTHENTICATION_FAILURE,PAYMENT_REMINDER,Base action selected for AUTHENTICATION_FAILURE,19974.15,0.45,2,False,[],,45.0
txn_80b1ba9a,9643.0,45,MEDIUM,OVERDUE_RECEIVABLE,RECEIVABLES_ESCALATION,Invoice is 19 days overdue (escalation stage),4821.5,0.5,50,False,"[""OVERDUE_ESCALATION""]",,50.0
txn_0be44208,9576.0,40,MEDIUM,PAYMENT_METHOD_FAILURE,PAYMENT_REMINDER,Base action selected for PAYMENT_METHOD_FAILURE,3830.4,0.4,2,False,[],,30.0
txn_73f4cb61,40476.0,45,MEDIUM,OVERDUE_RECEIVABLE,HUMAN_APPROVAL,Invoice is severely overdue (39 days). Requires human approval.,20238.0,0.5,0,True,"[""OVERDUE_SEVERE""]",,60.0
txn_e3327ed5,41962.0,45,MEDIUM,OVERDUE_RECEIVABLE,RECEIVABLES_ESCALATION,Invoice is 29 days overdue (escalation stage),20981.0,0.5,50,False,"[""OVERDUE_ESCALATION""]",,60.0
txn_54c2e4ba,24933.0,30,MEDIUM,INSUFFICIENT_FUNDS,PAYMENT_REMINDER,Base action selected for INSUFFICIENT_FUNDS,7479.9,0.3,2,False,[],,40.0
txn_d66f56e9,40942.0,45,MEDIUM,OVERDUE_RECEIVABLE,HUMAN_APPROVAL,Invoice is severely overdue (56 days). Requires human approval.,20471.0,0.5,0,True,"[""OVERDUE_SEVERE""]",,60.0
txn_306642f3,19379.0,45,MEDIUM,OVERDUE_RECEIVABLE,RECEIVABLES_ESCALATION,Invoice is 20 days overdue (escalation stage),9689.5,0.5,50,False,"[""OVERDUE_ESCALATION""]",,60.0
txn_6632a132,20876.0,25,LOW,CHECKOUT_ABANDONMENT,PAYMENT_REMINDER,Base action selected for CHECKOUT_ABANDONMENT,7306.6,0.35,2,False,[],,35.0
txn_7af363a8,9135.0,40,MEDIUM,TEMPORARY_PAYMENT_FAILURE,SMART_RETRY,Base action selected for TEMPORARY_PAYMENT_FAILURE,6851.25,0.75,5,False,[],,65.0
txn_f21ec90c,39935.0,25,LOW,CHECKOUT_ABANDONMENT,PAYMENT_REMINDER,Base action selected for CHECKOUT_ABANDONMENT,13977.25,0.35,2,False,[],,35.0
txn_b894c560,39642.0,25,LOW,CHECKOUT_ABANDONMENT,PAYMENT_REMINDER,Base action selected for CHECKOUT_ABANDONMENT,13874.7,0.35,2,False,[],,45.0
txn_100195bc,18042.0,45,MEDIUM,OVERDUE_RECEIVABLE,HUMAN_APPROVAL,Invoice is severely overdue (81 days). Requires human approval.,9021.0,0.5,0,True,"[""OVERDUE_SEVERE""]",,50.0
txn_49e235de,44377.0,40,MEDIUM,AUTHENTICATION_FAILURE,PAYMENT_REMINDER,Base action selected for AUTHENTICATION_FAILURE,19969.65,0.45,2,False,[],,35.0
txn_16a2d08e,10675.0,25,LOW,CHECKOUT_ABANDONMENT,PAYMENT_REMINDER,Base action selected for CHECKOUT_ABANDONMENT,3736.25,0.35,2,False,[],,45.0
txn_742982fb,11139.0,30,MEDIUM,OTHER_REVENUE_RISK,PAYMENT_REMINDER,Base action selected for OTHER_REVENUE_RISK,2227.8,0.2,2,False,[],,30.0
txn_ef780651,29197.0,30,MEDIUM,PAYMENT_INFRASTRUCTURE_FAILURE,SMART_RETRY,Base action selected for PAYMENT_INFRASTRUCTURE_FAILURE,20437.9,0.7,5,False,[],,80.0
txn_a614b57c,2984.0,30,MEDIUM,PAYMENT_INFRASTRUCTURE_FAILURE,SMART_RETRY,Base action selected for PAYMENT_INFRASTRUCTURE_FAILURE,2088.8,0.7,5,False,[],,70.0
txn_04db76f6,49726.0,30,MEDIUM,PAYMENT_INFRASTRUCTURE_FAILURE,SMART_RETRY,Base action selected for PAYMENT_INFRASTRUCTURE_FAILURE,34808.2,0.7,5,False,[],,80.0
txn_e0cb04c7,34235.0,25,LOW,CHECKOUT_ABANDONMENT,PAYMENT_REMINDER,Base action selected for CHECKOUT_ABANDONMENT,11982.25,0.35,2,False,[],,45.0
txn_03afa3be,47965.0,55,MEDIUM,OVERDUE_RECEIVABLE,HUMAN_APPROVAL,Invoice is severely overdue (48 days). Requires human approval.,23982.5,0.5,0,True,"[""OVERDUE_SEVERE""]",,40.0
txn_b8f92b8f,23785.0,55,MEDIUM,OVERDUE_RECEIVABLE,HUMAN_APPROVAL,Invoice is severely overdue (81 days). Requires human approval.,11892.5,0.5,0,True,"[""OVERDUE_SEVERE""]",,40.0
txn_658d487b,27818.0,45,MEDIUM,OVERDUE_RECEIVABLE,RECEIVABLES_ESCALATION,Invoice is 22 days overdue (escalation stage),13909.0,0.5,50,False,"[""OVERDUE_ESCALATION""]",,50.0
txn_afe6548c,520.0,30,MEDIUM,AUTHENTICATION_FAILURE,PAYMENT_REMINDER,Base action selected for AUTHENTICATION_FAILURE,234.0,0.45,2,False,[],,55.0
txn_c15b2d3c,12265.0,25,LOW,CHECKOUT_ABANDONMENT,PAYMENT_REMINDER,Base action selected for CHECKOUT_ABANDONMENT,4292.75,0.35,2,False,[],,45.0
txn_39af1189,41022.0,30,MEDIUM,OTHER_REVENUE_RISK,PAYMENT_REMINDER,Base action selected for OTHER_REVENUE_RISK,8204.4,0.2,2,False,[],,30.0
txn_ccbc1d6e,2843.0,25,LOW,CHECKOUT_ABANDONMENT,PAYMENT_REMINDER,Base action selected for CHECKOUT_ABANDONMENT,995.05,0.35,2,False,[],,45.0
txn_10ac6cf9,47628.0,30,MEDIUM,TEMPORARY_PAYMENT_FAILURE,SMART_RETRY,Base action selected for TEMPORARY_PAYMENT_FAILURE,35721.0,0.75,5,False,[],,85.0
txn_a03d2891,33845.0,45,MEDIUM,OVERDUE_RECEIVABLE,HUMAN_APPROVAL,Invoice is severely overdue (53 days). Requires human approval.,16922.5,0.5,0,True,"[""OVERDUE_SEVERE""]",,60.0
txn_82828b65,44528.0,40,MEDIUM,PAYMENT_METHOD_FAILURE,PAYMENT_REMINDER,Base action selected for PAYMENT_METHOD_FAILURE,17811.2,0.4,2,False,[],,50.0
txn_fa18ae63,6683.0,30,MEDIUM,INSUFFICIENT_FUNDS,PAYMENT_REMINDER,Base action selected for INSUFFICIENT_FUNDS,2004.9,0.3,2,False,[],,40.0
txn_42e02863,36062.0,30,MEDIUM,PAYMENT_METHOD_FAILURE,PAYMENT_REMINDER,Base action selected for PAYMENT_METHOD_FAILURE,14424.8,0.4,2,False,[],,50.0
txn_b0b1f63a,45969.0,35,MEDIUM,OVERDUE_RECEIVABLE,RECEIVABLES_ESCALATION,Invoice is 12 days overdue (escalation stage),22984.5,0.5,50,False,"[""OVERDUE_ESCALATION""]",,50.0
txn_a38a770b,8377.0,30,MEDIUM,TEMPORARY_PAYMENT_FAILURE,SMART_RETRY,Base action selected for TEMPORARY_PAYMENT_FAILURE,6282.75,0.75,5,False,[],,85.0
txn_602765f1,9761.0,30,MEDIUM,PAYMENT_METHOD_FAILURE,PAYMENT_REMINDER,Base action selected for PAYMENT_METHOD_FAILURE,3904.4,0.4,2,False,[],,50.0
txn_dce348fb,14236.0,30,MEDIUM,INSUFFICIENT_FUNDS,PAYMENT_REMINDER,Base action selected for INSUFFICIENT_FUNDS,4270.8,0.3,2,False,[],,30.0
txn_c6aa32b2,49757.0,45,MEDIUM,OVERDUE_RECEIVABLE,HUMAN_APPROVAL,Invoice is severely overdue (51 days). Requires human approval.,24878.5,0.5,0,True,"[""OVERDUE_SEVERE""]",,60.0
txn_2235f730,26576.0,30,MEDIUM,TEMPORARY_PAYMENT_FAILURE,SMART_RETRY,Base action selected for TEMPORARY_PAYMENT_FAILURE,19932.0,0.75,5,False,[],,85.0
txn_a8f9260b,45437.0,40,MEDIUM,AUTHENTICATION_FAILURE,PAYMENT_REMINDER,Base action selected for AUTHENTICATION_FAILURE,20446.65,0.45,2,False,[],,45.0
txn_3baaf588,1394.0,45,MEDIUM,CHECKOUT_ABANDONMENT,PAYMENT_REMINDER,Base action selected for CHECKOUT_ABANDONMENT,487.9,0.35,2,False,[],,25.0
txn_89374ef9,33270.0,55,MEDIUM,OVERDUE_RECEIVABLE,HUMAN_APPROVAL,Invoice is severely overdue (39 days). Requires human approval.,16635.0,0.5,0,True,"[""OVERDUE_SEVERE""]",,40.0
txn_b7124a86,43298.0,35,MEDIUM,CHECKOUT_ABANDONMENT,PAYMENT_REMINDER,Base action selected for CHECKOUT_ABANDONMENT,15154.3,0.35,2,False,[],,25.0
txn_4c0719a2,14258.0,40,MEDIUM,INSUFFICIENT_FUNDS,PAYMENT_REMINDER,Base action selected for INSUFFICIENT_FUNDS,4277.4,0.3,2,False,[],,40.0
txn_66eaeb1e,46921.0,30,MEDIUM,PAYMENT_INFRASTRUCTURE_FAILURE,SMART_RETRY,Base action selected for PAYMENT_INFRASTRUCTURE_FAILURE,32844.7,0.7,5,False,[],,80.0
txn_188ecab5,44547.0,35,MEDIUM,CHECKOUT_ABANDONMENT,PAYMENT_REMINDER,Base action selected for CHECKOUT_ABANDONMENT,15591.45,0.35,2,False,[],,35.0
txn_698d3e4f,47993.0,50,MEDIUM,AUTHENTICATION_FAILURE,PAYMENT_REMINDER,Base action selected for AUTHENTICATION_FAILURE,21596.85,0.45,2,False,[],,35.0
txn_5336c46b,577.0,25,LOW,CHECKOUT_ABANDONMENT,PAYMENT_REMINDER,Base action selected for CHECKOUT_ABANDONMENT,201.95,0.35,2,False,[],,35.0
txn_746038f6,39904.0,30,MEDIUM,PAYMENT_METHOD_FAILURE,PAYMENT_REMINDER,Base action selected for PAYMENT_METHOD_FAILURE,15961.6,0.4,2,False,[],,50.0
txn_b169d02a,16492.0,25,LOW,CHECKOUT_ABANDONMENT,PAYMENT_REMINDER,Base action selected for CHECKOUT_ABANDONMENT,5772.2,0.35,2,False,[],,35.0
txn_879e1a1a,46579.0,45,MEDIUM,OVERDUE_RECEIVABLE,RECEIVABLES_ESCALATION,Invoice is 26 days overdue (escalation stage),23289.5,0.5,50,False,"[""OVERDUE_ESCALATION""]",,60.0
txn_ed9ea14a,10606.0,45,MEDIUM,OVERDUE_RECEIVABLE,HUMAN_APPROVAL,Invoice is severely overdue (86 days). Requires human approval.,5303.0,0.5,0,True,"[""OVERDUE_SEVERE""]",,60.0
txn_bd4c57f4,15132.0,30,MEDIUM,PAYMENT_METHOD_FAILURE,PAYMENT_REMINDER,Base action selected for PAYMENT_METHOD_FAILURE,6052.8,0.4,2,False,[],,50.0
txn_e63b79a5,28339.0,30,MEDIUM,INSUFFICIENT_FUNDS,PAYMENT_REMINDER,Base action selected for INSUFFICIENT_FUNDS,8501.7,0.3,2,False,[],,30.0
txn_d4578bfc,6564.0,40,MEDIUM,PAYMENT_INFRASTRUCTURE_FAILURE,SMART_RETRY,Base action selected for PAYMENT_INFRASTRUCTURE_FAILURE,4594.8,0.7,5,False,[],,60.0
txn_7edc54fb,12564.0,65,HIGH,OVERDUE_RECEIVABLE,HUMAN_APPROVAL,Invoice is severely overdue (51 days). Requires human approval.,6282.0,0.5,0,True,"[""OVERDUE_SEVERE""]",,40.0
txn_e0a7b3a4,26370.0,25,LOW,CHECKOUT_ABANDONMENT,PAYMENT_REMINDER,Base action selected for CHECKOUT_ABANDONMENT,9229.5,0.35,2,False,[],,35.0
txn_99221540,3476.0,45,MEDIUM,OVERDUE_RECEIVABLE,HUMAN_APPROVAL,Invoice is severely overdue (83 days). Requires human approval.,1738.0,0.5,0,True,"[""OVERDUE_SEVERE""]",,60.0
txn_30099705,25133.0,30,MEDIUM,SUBSCRIPTION_PAYMENT_FAILURE,MANDATE_RETRY,Base action selected for SUBSCRIPTION_PAYMENT_FAILURE,13823.15,0.55,5,False,[],,55.00000000000001
txn_3b01b3f0,12477.0,65,HIGH,OVERDUE_RECEIVABLE,HUMAN_APPROVAL,Invoice is severely overdue (73 days). Requires human approval.,6238.5,0.5,0,True,"[""OVERDUE_SEVERE""]",,40.0
txn_e1705b3e,9097.0,30,MEDIUM,PAYMENT_INFRASTRUCTURE_FAILURE,SMART_RETRY,Base action selected for PAYMENT_INFRASTRUCTURE_FAILURE,6367.9,0.7,5,False,[],,80.0
txn_91b09e3a,46463.0,25,LOW,CHECKOUT_ABANDONMENT,PAYMENT_REMINDER,Base action selected for CHECKOUT_ABANDONMENT,16262.05,0.35,2,False,[],,45.0
txn_6fd76995,18568.0,55,MEDIUM,OVERDUE_RECEIVABLE,HUMAN_APPROVAL,Invoice is severely overdue (46 days). Requires human approval.,9284.0,0.5,0,True,"[""OVERDUE_SEVERE""]",,60.0
txn_a65067e9,22931.0,25,LOW,CHECKOUT_ABANDONMENT,PAYMENT_REMINDER,Base action selected for CHECKOUT_ABANDONMENT,8025.85,0.35,2,False,[],,45.0
txn_a440a2e5,31454.0,25,LOW,CHECKOUT_ABANDONMENT,PAYMENT_REMINDER,Base action selected for CHECKOUT_ABANDONMENT,11008.9,0.35,2,False,[],,45.0
txn_5f5a30d5,21953.0,45,MEDIUM,CHECKOUT_ABANDONMENT,PAYMENT_REMINDER,Base action selected for CHECKOUT_ABANDONMENT,7683.55,0.35,2,False,[],,25.0
txn_c8461608,15513.0,30,MEDIUM,TEMPORARY_PAYMENT_FAILURE,SMART_RETRY,Base action selected for TEMPORARY_PAYMENT_FAILURE,11634.75,0.75,5,False,[],,85.0
txn_f4429734,27395.0,25,LOW,CHECKOUT_ABANDONMENT,PAYMENT_REMINDER,Base action selected for CHECKOUT_ABANDONMENT,9588.25,0.35,2,False,[],,45.0
txn_fab05259,33083.0,25,LOW,CHECKOUT_ABANDONMENT,PAYMENT_REMINDER,Base action selected for CHECKOUT_ABANDONMENT,11579.05,0.35,2,False,[],,45.0
txn_b17a3126,17011.0,30,MEDIUM,SUBSCRIPTION_PAYMENT_FAILURE,MANDATE_RETRY,Base action selected for SUBSCRIPTION_PAYMENT_FAILURE,9356.05,0.55,5,False,[],,65.0
txn_93f7d692,10901.0,25,LOW,CHECKOUT_ABANDONMENT,PAYMENT_REMINDER,Base action selected for CHECKOUT_ABANDONMENT,3815.35,0.35,2,False,[],,35.0
txn_42d5bc61,21813.0,30,MEDIUM,SUBSCRIPTION_PAYMENT_FAILURE,MANDATE_RETRY,Base action selected for SUBSCRIPTION_PAYMENT_FAILURE,11997.15,0.55,5,False,[],,65.0
txn_b4a0239b,10654.0,45,MEDIUM,CHECKOUT_ABANDONMENT,PAYMENT_REMINDER,Base action selected for CHECKOUT_ABANDONMENT,3728.9,0.35,2,False,[],,25.0
txn_c74122b9,37252.0,45,MEDIUM,OVERDUE_RECEIVABLE,HUMAN_APPROVAL,Invoice is severely overdue (81 days). Requires human approval.,18626.0,0.5,0,True,"[""OVERDUE_SEVERE""]",,60.0
txn_ac4c3d2a,5812.0,45,MEDIUM,OVERDUE_RECEIVABLE,HUMAN_APPROVAL,Invoice is severely overdue (64 days). Requires human approval.,2906.0,0.5,0,True,"[""OVERDUE_SEVERE""]",,50.0
txn_3335f235,3839.0,45,MEDIUM,OVERDUE_RECEIVABLE,HUMAN_APPROVAL,Invoice is severely overdue (32 days). Requires human approval.,1919.5,0.5,0,True,"[""OVERDUE_SEVERE""]",,50.0
txn_4a6dd772,14717.0,45,MEDIUM,OVERDUE_RECEIVABLE,HUMAN_APPROVAL,Invoice is severely overdue (50 days). Requires human approval.,7358.5,0.5,0,True,"[""OVERDUE_SEVERE""]",,50.0
txn_7ed2c06f,49816.0,45,MEDIUM,OVERDUE_RECEIVABLE,HUMAN_APPROVAL,Invoice is severely overdue (88 days). Requires human approval.,24908.0,0.5,0,True,"[""OVERDUE_SEVERE""]",,50.0
txn_eaa4e3b4,22514.0,45,MEDIUM,OVERDUE_RECEIVABLE,HUMAN_APPROVAL,Invoice is severely overdue (39 days). Requires human approval.,11257.0,0.5,0,True,"[""OVERDUE_SEVERE""]",,60.0
txn_86fcc56b,38011.0,40,MEDIUM,INSUFFICIENT_FUNDS,PAYMENT_REMINDER,Base action selected for INSUFFICIENT_FUNDS,11403.3,0.3,2,False,[],,40.0
txn_f31ba9ed,29984.0,50,MEDIUM,AUTHENTICATION_FAILURE,PAYMENT_REMINDER,Base action selected for AUTHENTICATION_FAILURE,13492.8,0.45,2,False,[],,35.0
txn_3172aed4,6602.0,35,MEDIUM,OVERDUE_RECEIVABLE,RECEIVABLES_ESCALATION,Invoice is 12 days overdue (escalation stage),3301.0,0.5,50,False,"[""OVERDUE_ESCALATION""]",,60.0
txn_9dcf721e,40983.0,40,MEDIUM,OTHER_REVENUE_RISK,PAYMENT_REMINDER,Base action selected for OTHER_REVENUE_RISK,8196.6,0.2,2,False,[],,30.0
txn_19fcd6bf,598.0,40,MEDIUM,PAYMENT_METHOD_FAILURE,PAYMENT_REMINDER,Base action selected for PAYMENT_METHOD_FAILURE,239.2,0.4,2,False,[],,40.0
txn_c90929e8,38981.0,40,MEDIUM,TEMPORARY_PAYMENT_FAILURE,SMART_RETRY,Base action selected for TEMPORARY_PAYMENT_FAILURE,29235.75,0.75,5,False,[],,85.0
txn_91d642d9,23569.0,30,MEDIUM,PAYMENT_METHOD_FAILURE,PAYMENT_REMINDER,Base action selected for PAYMENT_METHOD_FAILURE,9427.6,0.4,2,False,[],,50.0
txn_17ffb2f1,24879.0,25,LOW,CHECKOUT_ABANDONMENT,PAYMENT_REMINDER,Base action selected for CHECKOUT_ABANDONMENT,8707.65,0.35,2,False,[],,35.0
txn_a29c07d5,38068.0,30,MEDIUM,TEMPORARY_PAYMENT_FAILURE,SMART_RETRY,Base action selected for TEMPORARY_PAYMENT_FAILURE,28551.0,0.75,5,False,[],,85.0
txn_08428206,2161.0,30,MEDIUM,INSUFFICIENT_FUNDS,PAYMENT_REMINDER,Base action selected for INSUFFICIENT_FUNDS,648.3,0.3,2,False,[],,40.0
txn_6ccf3aba,35224.0,30,MEDIUM,PAYMENT_INFRASTRUCTURE_FAILURE,SMART_RETRY,Base action selected for PAYMENT_INFRASTRUCTURE_FAILURE,24656.8,0.7,5,False,[],,80.0
txn_f7b1e52d,23545.0,25,LOW,CHECKOUT_ABANDONMENT,PAYMENT_REMINDER,Base action selected for CHECKOUT_ABANDONMENT,8240.75,0.35,2,False,[],,45.0
txn_8591a693,27739.0,45,MEDIUM,OVERDUE_RECEIVABLE,HUMAN_APPROVAL,Invoice is severely overdue (88 days). Requires human approval.,13869.5,0.5,0,True,"[""OVERDUE_SEVERE""]",,50.0
txn_05963bb0,27706.0,45,MEDIUM,OVERDUE_RECEIVABLE,RECEIVABLES_ESCALATION,Invoice is 16 days overdue (escalation stage),13853.0,0.5,50,False,"[""OVERDUE_ESCALATION""]",,50.0
txn_b7159bb1,37832.0,30,MEDIUM,AUTHENTICATION_FAILURE,PAYMENT_REMINDER,Base action selected for AUTHENTICATION_FAILURE,17024.4,0.45,2,False,[],,55.0
txn_20b40a7b,4651.0,30,MEDIUM,TEMPORARY_PAYMENT_FAILURE,SMART_RETRY,Base action selected for TEMPORARY_PAYMENT_FAILURE,3488.25,0.75,5,False,[],,75.0
txn_7ec85160,25877.0,30,MEDIUM,SUBSCRIPTION_PAYMENT_FAILURE,MANDATE_RETRY,Base action selected for SUBSCRIPTION_PAYMENT_FAILURE,14232.35,0.55,5,False,[],,55.00000000000001
txn_8cf651de,3540.0,45,MEDIUM,OVERDUE_RECEIVABLE,HUMAN_APPROVAL,Invoice is severely overdue (34 days). Requires human approval.,1770.0,0.5,0,True,"[""OVERDUE_SEVERE""]",,60.0
txn_52bb34c1,24974.0,30,MEDIUM,SUBSCRIPTION_PAYMENT_FAILURE,MANDATE_RETRY,Base action selected for SUBSCRIPTION_PAYMENT_FAILURE,13735.7,0.55,5,False,[],,65.0
txn_e7551203,27185.0,65,HIGH,OVERDUE_RECEIVABLE,HUMAN_APPROVAL,Invoice is severely overdue (82 days). Requires human approval.,13592.5,0.5,0,True,"[""OVERDUE_SEVERE""]",,40.0
txn_d20821c6,21196.0,45,MEDIUM,OVERDUE_RECEIVABLE,HUMAN_APPROVAL,Invoice is severely overdue (62 days). Requires human approval.,10598.0,0.5,0,True,"[""OVERDUE_SEVERE""]",,60.0
txn_e48bbac4,43319.0,45,MEDIUM,OVERDUE_RECEIVABLE,HUMAN_APPROVAL,Invoice is severely overdue (83 days). Requires human approval.,21659.5,0.5,0,True,"[""OVERDUE_SEVERE""]",,60.0
txn_8f08c532,30780.0,30,MEDIUM,PAYMENT_METHOD_FAILURE,PAYMENT_REMINDER,Base action selected for PAYMENT_METHOD_FAILURE,12312.0,0.4,2,False,[],,40.0
txn_e16bde6a,12357.0,55,MEDIUM,OVERDUE_RECEIVABLE,HUMAN_APPROVAL,Invoice is severely overdue (35 days). Requires human approval.,6178.5,0.5,0,True,"[""OVERDUE_SEVERE""]",,40.0
txn_7df4809b,48072.0,30,MEDIUM,PAYMENT_METHOD_FAILURE,PAYMENT_REMINDER,Base action selected for PAYMENT_METHOD_FAILURE,19228.8,0.4,2,False,[],,40.0
txn_67b74ec4,42458.0,30,MEDIUM,TEMPORARY_PAYMENT_FAILURE,SMART_RETRY,Base action selected for TEMPORARY_PAYMENT_FAILURE,31843.5,0.75,5,False,[],,85.0
txn_d77e1d1a,46358.0,30,MEDIUM,SUBSCRIPTION_PAYMENT_FAILURE,MANDATE_RETRY,Base action selected for SUBSCRIPTION_PAYMENT_FAILURE,25496.9,0.55,5,False,[],,65.0
txn_1a118bf5,31070.0,45,MEDIUM,OVERDUE_RECEIVABLE,RECEIVABLES_ESCALATION,Invoice is 15 days overdue (escalation stage),15535.0,0.5,50,False,"[""OVERDUE_ESCALATION""]",,60.0
txn_b5e94c66,23654.0,45,MEDIUM,OVERDUE_RECEIVABLE,RECEIVABLES_ESCALATION,Invoice is 27 days overdue (escalation stage),11827.0,0.5,50,False,"[""OVERDUE_ESCALATION""]",,60.0
txn_f84e69b7,32797.0,45,MEDIUM,OVERDUE_RECEIVABLE,HUMAN_APPROVAL,Invoice is severely overdue (88 days). Requires human approval.,16398.5,0.5,0,True,"[""OVERDUE_SEVERE""]",,50.0
txn_6b2bf82e,142.0,30,MEDIUM,INSUFFICIENT_FUNDS,PAYMENT_REMINDER,Base action selected for INSUFFICIENT_FUNDS,42.6,0.3,2,False,[],,30.0
txn_5af873b5,30322.0,45,MEDIUM,OVERDUE_RECEIVABLE,HUMAN_APPROVAL,Invoice is severely overdue (70 days). Requires human approval.,15161.0,0.5,0,True,"[""OVERDUE_SEVERE""]",,60.0
txn_f20b8b3c,46800.0,65,HIGH,OVERDUE_RECEIVABLE,HUMAN_APPROVAL,Invoice is severely overdue (46 days). Requires human approval.,23400.0,0.5,0,True,"[""OVERDUE_SEVERE""]",,40.0
txn_808b9371,32560.0,40,MEDIUM,PAYMENT_METHOD_FAILURE,PAYMENT_REMINDER,Base action selected for PAYMENT_METHOD_FAILURE,13024.0,0.4,2,False,[],,40.0
txn_1226e08d,7617.0,40,MEDIUM,TEMPORARY_PAYMENT_FAILURE,SMART_RETRY,Base action selected for TEMPORARY_PAYMENT_FAILURE,5712.75,0.75,5,False,[],,65.0
txn_ac9a22a4,29185.0,25,LOW,CHECKOUT_ABANDONMENT,PAYMENT_REMINDER,Base action selected for CHECKOUT_ABANDONMENT,10214.75,0.35,2,False,[],,45.0
txn_a5990a55,35929.0,45,MEDIUM,CHECKOUT_ABANDONMENT,PAYMENT_REMINDER,Base action selected for CHECKOUT_ABANDONMENT,12575.15,0.35,2,False,[],,25.0
txn_91070383,32406.0,55,MEDIUM,OVERDUE_RECEIVABLE,HUMAN_APPROVAL,Invoice is severely overdue (48 days). Requires human approval.,16203.0,0.5,0,True,"[""OVERDUE_SEVERE""]",,40.0
txn_a01c05da,30138.0,45,MEDIUM,OVERDUE_RECEIVABLE,HUMAN_APPROVAL,Invoice is severely overdue (36 days). Requires human approval.,15069.0,0.5,0,True,"[""OVERDUE_SEVERE""]",,60.0
txn_845f665c,34510.0,45,MEDIUM,OVERDUE_RECEIVABLE,HUMAN_APPROVAL,Invoice is severely overdue (50 days). Requires human approval.,17255.0,0.5,0,True,"[""OVERDUE_SEVERE""]",,60.0
txn_8c6eff5c,9277.0,40,MEDIUM,SUBSCRIPTION_PAYMENT_FAILURE,MANDATE_RETRY,Base action selected for SUBSCRIPTION_PAYMENT_FAILURE,5102.35,0.55,5,False,[],,45.00000000000001
txn_b694e5ab,37343.0,25,LOW,CHECKOUT_ABANDONMENT,PAYMENT_REMINDER,Base action selected for CHECKOUT_ABANDONMENT,13070.05,0.35,2,False,[],,45.0
txn_3ae8bf43,34713.0,30,MEDIUM,PAYMENT_METHOD_FAILURE,PAYMENT_REMINDER,Base action selected for PAYMENT_METHOD_FAILURE,13885.2,0.4,2,False,[],,40.0
txn_92613ccf,18978.0,55,MEDIUM,OVERDUE_RECEIVABLE,RECEIVABLES_ESCALATION,Invoice is 10 days overdue (escalation stage),9489.0,0.5,50,False,"[""OVERDUE_ESCALATION""]",,40.0
txn_65543766,7366.0,30,MEDIUM,INSUFFICIENT_FUNDS,PAYMENT_REMINDER,Base action selected for INSUFFICIENT_FUNDS,2209.8,0.3,2,False,[],,30.0
txn_81ba9d71,2417.0,25,LOW,CHECKOUT_ABANDONMENT,PAYMENT_REMINDER,Base action selected for CHECKOUT_ABANDONMENT,845.95,0.35,2,False,[],,45.0
txn_ae16abc9,1827.0,55,MEDIUM,OVERDUE_RECEIVABLE,RECEIVABLES_ESCALATION,Invoice is 26 days overdue (escalation stage),913.5,0.5,50,False,"[""OVERDUE_ESCALATION""]",,40.0
txn_02e72e8b,1076.0,45,MEDIUM,OVERDUE_RECEIVABLE,HUMAN_APPROVAL,Invoice is severely overdue (32 days). Requires human approval.,538.0,0.5,0,True,"[""OVERDUE_SEVERE""]",,60.0
txn_01821977,16104.0,45,MEDIUM,OVERDUE_RECEIVABLE,HUMAN_APPROVAL,Invoice is severely overdue (68 days). Requires human approval.,8052.0,0.5,0,True,"[""OVERDUE_SEVERE""]",,60.0
txn_314486e2,9403.0,30,MEDIUM,PAYMENT_METHOD_FAILURE,PAYMENT_REMINDER,Base action selected for PAYMENT_METHOD_FAILURE,3761.2,0.4,2,False,[],,50.0
txn_d3baa2c4,39945.0,40,MEDIUM,TEMPORARY_PAYMENT_FAILURE,SMART_RETRY,Base action selected for TEMPORARY_PAYMENT_FAILURE,29958.75,0.75,5,False,[],,75.0
txn_c44aaa33,20680.0,30,MEDIUM,AUTHENTICATION_FAILURE,PAYMENT_REMINDER,Base action selected for AUTHENTICATION_FAILURE,9306.0,0.45,2,False,[],,45.0
txn_44279349,43090.0,35,MEDIUM,OVERDUE_RECEIVABLE,PAYMENT_REMINDER,Invoice is 7 days overdue (early stage),21545.0,0.5,2,False,"[""OVERDUE_EARLY""]",,60.0
txn_7bc0956b,42828.0,45,MEDIUM,OVERDUE_RECEIVABLE,HUMAN_APPROVAL,Invoice is severely overdue (48 days). Requires human approval.,21414.0,0.5,0,True,"[""OVERDUE_SEVERE""]",,60.0
txn_4f6689bb,25075.0,30,MEDIUM,TEMPORARY_PAYMENT_FAILURE,SMART_RETRY,Base action selected for TEMPORARY_PAYMENT_FAILURE,18806.25,0.75,5,False,[],,85.0
txn_7fb15af7,39785.0,30,MEDIUM,INSUFFICIENT_FUNDS,PAYMENT_REMINDER,Base action selected for INSUFFICIENT_FUNDS,11935.5,0.3,2,False,[],,40.0
txn_b3e99165,13082.0,30,MEDIUM,AUTHENTICATION_FAILURE,PAYMENT_REMINDER,Base action selected for AUTHENTICATION_FAILURE,5886.9,0.45,2,False,[],,55.0
txn_410913d9,25535.0,45,MEDIUM,OVERDUE_RECEIVABLE,HUMAN_APPROVAL,Invoice is severely overdue (55 days). Requires human approval.,12767.5,0.5,0,True,"[""OVERDUE_SEVERE""]",,60.0
txn_7298f134,22162.0,35,MEDIUM,CHECKOUT_ABANDONMENT,PAYMENT_REMINDER,Base action selected for CHECKOUT_ABANDONMENT,7756.7,0.35,2,False,[],,45.0
txn_aafca526,18404.0,30,MEDIUM,PAYMENT_METHOD_FAILURE,PAYMENT_REMINDER,Base action selected for PAYMENT_METHOD_FAILURE,7361.6,0.4,2,False,[],,50.0
txn_9167378f,18794.0,45,MEDIUM,OVERDUE_RECEIVABLE,HUMAN_APPROVAL,Invoice is severely overdue (42 days). Requires human approval.,9397.0,0.5,0,True,"[""OVERDUE_SEVERE""]",,50.0
txn_5e60540f,19005.0,45,MEDIUM,OVERDUE_RECEIVABLE,HUMAN_APPROVAL,Invoice is severely overdue (34 days). Requires human approval.,9502.5,0.5,0,True,"[""OVERDUE_SEVERE""]",,60.0
txn_2c749b2e,7960.0,45,MEDIUM,OVERDUE_RECEIVABLE,HUMAN_APPROVAL,Invoice is severely overdue (57 days). Requires human approval.,3980.0,0.5,0,True,"[""OVERDUE_SEVERE""]",,50.0
txn_3ece00cb,33709.0,40,MEDIUM,OTHER_REVENUE_RISK,PAYMENT_REMINDER,Base action selected for OTHER_REVENUE_RISK,6741.8,0.2,2,False,[],,10
txn_c601cadc,43427.0,35,MEDIUM,CHECKOUT_ABANDONMENT,PAYMENT_REMINDER,Base action selected for CHECKOUT_ABANDONMENT,15199.45,0.35,2,False,[],,25.0
txn_b5830f11,5913.0,30,MEDIUM,TEMPORARY_PAYMENT_FAILURE,SMART_RETRY,Base action selected for TEMPORARY_PAYMENT_FAILURE,4434.75,0.75,5,False,[],,85.0
txn_668821c7,21425.0,45,MEDIUM,OVERDUE_RECEIVABLE,HUMAN_APPROVAL,Invoice is severely overdue (32 days). Requires human approval.,10712.5,0.5,0,True,"[""OVERDUE_SEVERE""]",,50.0
txn_80c0ba20,46291.0,40,MEDIUM,AUTHENTICATION_FAILURE,PAYMENT_REMINDER,Base action selected for AUTHENTICATION_FAILURE,20830.95,0.45,2,False,[],,35.0
txn_bfdba631,26904.0,35,MEDIUM,OVERDUE_RECEIVABLE,RECEIVABLES_ESCALATION,Invoice is 8 days overdue (escalation stage),13452.0,0.5,50,False,"[""OVERDUE_ESCALATION""]",,50.0
txn_bdedb5fa,35228.0,65,HIGH,OVERDUE_RECEIVABLE,RECEIVABLES_ESCALATION,Invoice is 27 days overdue (escalation stage),17614.0,0.5,50,False,"[""OVERDUE_ESCALATION""]",,40.0
txn_b559cb82,49945.0,25,LOW,CHECKOUT_ABANDONMENT,PAYMENT_REMINDER,Base action selected for CHECKOUT_ABANDONMENT,17480.75,0.35,2,False,[],,45.0
txn_a283288a,32129.0,25,LOW,CHECKOUT_ABANDONMENT,PAYMENT_REMINDER,Base action selected for CHECKOUT_ABANDONMENT,11245.15,0.35,2,False,[],,35.0
txn_aedd4d0d,10991.0,30,MEDIUM,AUTHENTICATION_FAILURE,PAYMENT_REMINDER,Base action selected for AUTHENTICATION_FAILURE,4945.95,0.45,2,False,[],,55.0
txn_f4e1e4ad,17867.0,65,HIGH,OVERDUE_RECEIVABLE,HUMAN_APPROVAL,Invoice is severely overdue (67 days). Requires human approval.,8933.5,0.5,0,True,"[""OVERDUE_SEVERE""]",,40.0
txn_7e9ee927,46923.0,35,MEDIUM,CHECKOUT_ABANDONMENT,PAYMENT_REMINDER,Base action selected for CHECKOUT_ABANDONMENT,16423.05,0.35,2,False,[],,35.0
txn_82b5383e,467.0,45,MEDIUM,OVERDUE_RECEIVABLE,HUMAN_APPROVAL,Invoice is severely overdue (40 days). Requires human approval.,233.5,0.5,0,True,"[""OVERDUE_SEVERE""]",,60.0
txn_8b7eac62,39058.0,40,MEDIUM,TEMPORARY_PAYMENT_FAILURE,SMART_RETRY,Base action selected for TEMPORARY_PAYMENT_FAILURE,29293.5,0.75,5,False,[],,75.0
txn_354e980f,28029.0,35,MEDIUM,CHECKOUT_ABANDONMENT,PAYMENT_REMINDER,Base action selected for CHECKOUT_ABANDONMENT,9810.15,0.35,2,False,[],,35.0
txn_085c790b,13376.0,30,MEDIUM,PAYMENT_INFRASTRUCTURE_FAILURE,SMART_RETRY,Base action selected for PAYMENT_INFRASTRUCTURE_FAILURE,9363.2,0.7,5,False,[],,80.0
txn_84999d14,38590.0,25,LOW,CHECKOUT_ABANDONMENT,PAYMENT_REMINDER,Base action selected for CHECKOUT_ABANDONMENT,13506.5,0.35,2,False,[],,35.0
txn_78a8e6f4,14284.0,25,LOW,CHECKOUT_ABANDONMENT,PAYMENT_REMINDER,Base action selected for CHECKOUT_ABANDONMENT,4999.4,0.35,2,False,[],,35.0
txn_61e8c3d7,18301.0,55,MEDIUM,OVERDUE_RECEIVABLE,RECEIVABLES_ESCALATION,Invoice is 19 days overdue (escalation stage),9150.5,0.5,50,False,"[""OVERDUE_ESCALATION""]",,40.0
txn_542f1c15,11693.0,30,MEDIUM,TEMPORARY_PAYMENT_FAILURE,SMART_RETRY,Base action selected for TEMPORARY_PAYMENT_FAILURE,8769.75,0.75,5,False,[],,85.0
txn_2eb4c5f2,18284.0,45,MEDIUM,OVERDUE_RECEIVABLE,RECEIVABLES_ESCALATION,Invoice is 25 days overdue (escalation stage),9142.0,0.5,50,False,"[""OVERDUE_ESCALATION""]",,50.0
txn_722fd8c1,33938.0,55,MEDIUM,OVERDUE_RECEIVABLE,PAYMENT_REMINDER,Invoice is 2 days overdue (early stage),16969.0,0.5,2,False,"[""OVERDUE_EARLY""]",,40.0
txn_5225e253,311.0,25,LOW,CHECKOUT_ABANDONMENT,PAYMENT_REMINDER,Base action selected for CHECKOUT_ABANDONMENT,108.85,0.35,2,False,[],,35.0
txn_7ba9fc6f,5742.0,25,LOW,CHECKOUT_ABANDONMENT,PAYMENT_REMINDER,Base action selected for CHECKOUT_ABANDONMENT,2009.7,0.35,2,False,[],,45.0
txn_805a1923,16269.0,30,MEDIUM,SUBSCRIPTION_PAYMENT_FAILURE,MANDATE_RETRY,Base action selected for SUBSCRIPTION_PAYMENT_FAILURE,8947.95,0.55,5,False,[],,55.00000000000001
txn_f6b8c799,12317.0,40,MEDIUM,PAYMENT_METHOD_FAILURE,PAYMENT_REMINDER,Base action selected for PAYMENT_METHOD_FAILURE,4926.8,0.4,2,False,[],,30.0
txn_00fbdd53,617.0,45,MEDIUM,OVERDUE_RECEIVABLE,RECEIVABLES_ESCALATION,Invoice is 21 days overdue (escalation stage),308.5,0.5,50,False,"[""OVERDUE_ESCALATION""]",,50.0
txn_fb546726,39483.0,30,MEDIUM,AUTHENTICATION_FAILURE,PAYMENT_REMINDER,Base action selected for AUTHENTICATION_FAILURE,17767.35,0.45,2,False,[],,55.0
txn_136a9bfe,3625.0,30,MEDIUM,INSUFFICIENT_FUNDS,PAYMENT_REMINDER,Base action selected for INSUFFICIENT_FUNDS,1087.5,0.3,2,False,[],,40.0
txn_7426dcc4,11775.0,45,MEDIUM,OVERDUE_RECEIVABLE,HUMAN_APPROVAL,Invoice is severely overdue (31 days). Requires human approval.,5887.5,0.5,0,True,"[""OVERDUE_SEVERE""]",,60.0
txn_f937e2ca,22794.0,45,MEDIUM,CHECKOUT_ABANDONMENT,PAYMENT_REMINDER,Base action selected for CHECKOUT_ABANDONMENT,7977.9,0.35,2,False,[],,25.0
txn_6cad91ce,27891.0,25,LOW,CHECKOUT_ABANDONMENT,PAYMENT_REMINDER,Base action selected for CHECKOUT_ABANDONMENT,9761.85,0.35,2,False,[],,35.0
txn_e21922c9,45253.0,65,HIGH,OVERDUE_RECEIVABLE,HUMAN_APPROVAL,Invoice is severely overdue (80 days). Requires human approval.,22626.5,0.5,0,True,"[""OVERDUE_SEVERE""]",,40.0
txn_c93a7d61,16074.0,45,MEDIUM,OVERDUE_RECEIVABLE,HUMAN_APPROVAL,Invoice is severely overdue (89 days). Requires human approval.,8037.0,0.5,0,True,"[""OVERDUE_SEVERE""]",,60.0
txn_8731df88,12270.0,30,MEDIUM,PAYMENT_INFRASTRUCTURE_FAILURE,SMART_RETRY,Base action selected for PAYMENT_INFRASTRUCTURE_FAILURE,8589.0,0.7,5,False,[],,70.0
txn_855dde4c,44204.0,40,MEDIUM,INSUFFICIENT_FUNDS,PAYMENT_REMINDER,Base action selected for INSUFFICIENT_FUNDS,13261.2,0.3,2,False,[],,40.0
txn_1a8fc00f,34807.0,40,MEDIUM,INSUFFICIENT_FUNDS,PAYMENT_REMINDER,Base action selected for INSUFFICIENT_FUNDS,10442.1,0.3,2,False,[],,20.0
txn_53c9239e,48233.0,35,MEDIUM,CHECKOUT_ABANDONMENT,PAYMENT_REMINDER,Base action selected for CHECKOUT_ABANDONMENT,16881.55,0.35,2,False,[],,35.0
txn_58399e06,18861.0,25,LOW,CHECKOUT_ABANDONMENT,PAYMENT_REMINDER,Base action selected for CHECKOUT_ABANDONMENT,6601.35,0.35,2,False,[],,35.0
txn_83a92f24,30510.0,25,LOW,CHECKOUT_ABANDONMENT,PAYMENT_REMINDER,Base action selected for CHECKOUT_ABANDONMENT,10678.5,0.35,2,False,[],,45.0
txn_59f740c0,26989.0,45,MEDIUM,OVERDUE_RECEIVABLE,RECEIVABLES_ESCALATION,Invoice is 25 days overdue (escalation stage),13494.5,0.5,50,False,"[""OVERDUE_ESCALATION""]",,60.0
txn_dbce00da,42968.0,30,MEDIUM,PAYMENT_INFRASTRUCTURE_FAILURE,SMART_RETRY,Base action selected for PAYMENT_INFRASTRUCTURE_FAILURE,30077.6,0.7,5,False,[],,80.0
txn_bdc3efcc,13193.0,45,MEDIUM,OVERDUE_RECEIVABLE,HUMAN_APPROVAL,Invoice is severely overdue (42 days). Requires human approval.,6596.5,0.5,0,True,"[""OVERDUE_SEVERE""]",,60.0
txn_428edd45,15952.0,50,MEDIUM,AUTHENTICATION_FAILURE,PAYMENT_REMINDER,Base action selected for AUTHENTICATION_FAILURE,7178.4,0.45,2,False,[],,35.0
txn_7913e218,4677.0,50,MEDIUM,OTHER_REVENUE_RISK,PAYMENT_REMINDER,Base action selected for OTHER_REVENUE_RISK,935.4,0.2,2,False,[],,10
txn_9459a863,35315.0,55,MEDIUM,OVERDUE_RECEIVABLE,RECEIVABLES_ESCALATION,Invoice is 16 days overdue (escalation stage),17657.5,0.5,50,False,"[""OVERDUE_ESCALATION""]",,40.0
txn_e9e64d85,21770.0,30,MEDIUM,SUBSCRIPTION_PAYMENT_FAILURE,MANDATE_RETRY,Base action selected for SUBSCRIPTION_PAYMENT_FAILURE,11973.5,0.55,5,False,[],,65.0
txn_e1312a3e,37032.0,45,MEDIUM,OVERDUE_RECEIVABLE,HUMAN_APPROVAL,Invoice is severely overdue (47 days). Requires human approval.,18516.0,0.5,0,True,"[""OVERDUE_SEVERE""]",,50.0
txn_f4101b72,1032.0,45,MEDIUM,OVERDUE_RECEIVABLE,HUMAN_APPROVAL,Invoice is severely overdue (86 days). Requires human approval.,516.0,0.5,0,True,"[""OVERDUE_SEVERE""]",,60.0
txn_2881b6f1,47860.0,40,MEDIUM,OTHER_REVENUE_RISK,PAYMENT_REMINDER,Base action selected for OTHER_REVENUE_RISK,9572.0,0.2,2,False,[],,10
txn_95e50d2f,5306.0,40,MEDIUM,AUTHENTICATION_FAILURE,PAYMENT_REMINDER,Base action selected for AUTHENTICATION_FAILURE,2387.7,0.45,2,False,[],,45.0
txn_564bc8a1,16162.0,30,MEDIUM,OTHER_REVENUE_RISK,PAYMENT_REMINDER,Base action selected for OTHER_REVENUE_RISK,3232.4,0.2,2,False,[],,30.0
txn_3db961a2,4272.0,30,MEDIUM,PAYMENT_INFRASTRUCTURE_FAILURE,SMART_RETRY,Base action selected for PAYMENT_INFRASTRUCTURE_FAILURE,2990.4,0.7,5,False,[],,80.0
txn_8663beb2,15291.0,25,LOW,CHECKOUT_ABANDONMENT,PAYMENT_REMINDER,Base action selected for CHECKOUT_ABANDONMENT,5351.85,0.35,2,False,[],,35.0
txn_8f5e0064,40045.0,30,MEDIUM,PAYMENT_INFRASTRUCTURE_FAILURE,SMART_RETRY,Base action selected for PAYMENT_INFRASTRUCTURE_FAILURE,28031.5,0.7,5,False,[],,80.0
txn_d206cd08,471.0,35,MEDIUM,CHECKOUT_ABANDONMENT,PAYMENT_REMINDER,Base action selected for CHECKOUT_ABANDONMENT,164.85,0.35,2,False,[],,25.0
txn_d34fbd76,1376.0,35,MEDIUM,CHECKOUT_ABANDONMENT,PAYMENT_REMINDER,Base action selected for CHECKOUT_ABANDONMENT,481.6,0.35,2,False,[],,35.0
txn_8e7d7f5d,16473.0,30,MEDIUM,PAYMENT_INFRASTRUCTURE_FAILURE,SMART_RETRY,Base action selected for PAYMENT_INFRASTRUCTURE_FAILURE,11531.1,0.7,5,False,[],,80.0
txn_23f52abc,45291.0,25,LOW,CHECKOUT_ABANDONMENT,PAYMENT_REMINDER,Base action selected for CHECKOUT_ABANDONMENT,15851.85,0.35,2,False,[],,45.0
txn_ed61a267,12167.0,45,MEDIUM,OVERDUE_RECEIVABLE,HUMAN_APPROVAL,Invoice is severely overdue (42 days). Requires human approval.,6083.5,0.5,0,True,"[""OVERDUE_SEVERE""]",,60.0
txn_aad6aae9,40079.0,45,MEDIUM,OVERDUE_RECEIVABLE,HUMAN_APPROVAL,Invoice is severely overdue (84 days). Requires human approval.,20039.5,0.5,0,True,"[""OVERDUE_SEVERE""]",,60.0
txn_21b88412,13228.0,30,MEDIUM,SUBSCRIPTION_PAYMENT_FAILURE,MANDATE_RETRY,Base action selected for SUBSCRIPTION_PAYMENT_FAILURE,7275.4,0.55,5,False,[],,65.0
txn_083c1f7b,2685.0,45,MEDIUM,OVERDUE_RECEIVABLE,RECEIVABLES_ESCALATION,Invoice is 17 days overdue (escalation stage),1342.5,0.5,50,False,"[""OVERDUE_ESCALATION""]",,50.0
txn_5f7ccf4c,1766.0,55,MEDIUM,OVERDUE_RECEIVABLE,HUMAN_APPROVAL,Invoice is severely overdue (57 days). Requires human approval.,883.0,0.5,0,True,"[""OVERDUE_SEVERE""]",,40.0
txn_00588753,38780.0,25,LOW,CHECKOUT_ABANDONMENT,PAYMENT_REMINDER,Base action selected for CHECKOUT_ABANDONMENT,13573.0,0.35,2,False,[],,45.0
txn_22fb56cb,25638.0,40,MEDIUM,TEMPORARY_PAYMENT_FAILURE,SMART_RETRY,Base action selected for TEMPORARY_PAYMENT_FAILURE,19228.5,0.75,5,False,[],,85.0
txn_44b6d329,10420.0,40,MEDIUM,PAYMENT_METHOD_FAILURE,PAYMENT_REMINDER,Base action selected for PAYMENT_METHOD_FAILURE,4168.0,0.4,2,False,[],,30.0
txn_a2687ce8,6137.0,45,MEDIUM,OVERDUE_RECEIVABLE,HUMAN_APPROVAL,Invoice is severely overdue (54 days). Requires human approval.,3068.5,0.5,0,True,"[""OVERDUE_SEVERE""]",,60.0
txn_d36a63e0,41836.0,35,MEDIUM,OVERDUE_RECEIVABLE,PAYMENT_REMINDER,Invoice is 1 days overdue (early stage),20918.0,0.5,2,False,"[""OVERDUE_EARLY""]",,50.0
txn_7e0245c4,6417.0,30,MEDIUM,AUTHENTICATION_FAILURE,PAYMENT_REMINDER,Base action selected for AUTHENTICATION_FAILURE,2887.65,0.45,2,False,[],,55.0
txn_7d45f554,18600.0,30,MEDIUM,PAYMENT_METHOD_FAILURE,PAYMENT_REMINDER,Base action selected for PAYMENT_METHOD_FAILURE,7440.0,0.4,2,False,[],,40.0
txn_bdfe2ca9,2342.0,45,MEDIUM,OVERDUE_RECEIVABLE,HUMAN_APPROVAL,Invoice is severely overdue (50 days). Requires human approval.,1171.0,0.5,0,True,"[""OVERDUE_SEVERE""]",,60.0
txn_3ffe75f1,10709.0,35,MEDIUM,CHECKOUT_ABANDONMENT,PAYMENT_REMINDER,Base action selected for CHECKOUT_ABANDONMENT,3748.15,0.35,2,False,[],,25.0
txn_c99055ee,37927.0,45,MEDIUM,OVERDUE_RECEIVABLE,HUMAN_APPROVAL,Invoice is severely overdue (52 days). Requires human approval.,18963.5,0.5,0,True,"[""OVERDUE_SEVERE""]",,60.0
txn_81b30c14,33817.0,40,MEDIUM,INSUFFICIENT_FUNDS,PAYMENT_REMINDER,Base action selected for INSUFFICIENT_FUNDS,10145.1,0.3,2,False,[],,20.0
txn_3e264209,36989.0,35,MEDIUM,CHECKOUT_ABANDONMENT,PAYMENT_REMINDER,Base action selected for CHECKOUT_ABANDONMENT,12946.15,0.35,2,False,[],,45.0
txn_a0067ca0,34891.0,30,MEDIUM,INSUFFICIENT_FUNDS,PAYMENT_REMINDER,Base action selected for INSUFFICIENT_FUNDS,10467.3,0.3,2,False,[],,40.0
txn_fc50a50c,38788.0,30,MEDIUM,PAYMENT_INFRASTRUCTURE_FAILURE,SMART_RETRY,Base action selected for PAYMENT_INFRASTRUCTURE_FAILURE,27151.6,0.7,5,False,[],,80.0
txn_a433b20e,43948.0,25,LOW,CHECKOUT_ABANDONMENT,PAYMENT_REMINDER,Base action selected for CHECKOUT_ABANDONMENT,15381.8,0.35,2,False,[],,45.0
txn_1960d755,21367.0,35,MEDIUM,CHECKOUT_ABANDONMENT,PAYMENT_REMINDER,Base action selected for CHECKOUT_ABANDONMENT,7478.45,0.35,2,False,[],,35.0
txn_9c0ecb1a,15014.0,25,LOW,CHECKOUT_ABANDONMENT,PAYMENT_REMINDER,Base action selected for CHECKOUT_ABANDONMENT,5254.9,0.35,2,False,[],,45.0
txn_f1d68a25,49682.0,40,MEDIUM,PAYMENT_METHOD_FAILURE,PAYMENT_REMINDER,Base action selected for PAYMENT_METHOD_FAILURE,19872.8,0.4,2,False,[],,40.0
txn_7a5fbc33,48353.0,35,MEDIUM,CHECKOUT_ABANDONMENT,PAYMENT_REMINDER,Base action selected for CHECKOUT_ABANDONMENT,16923.55,0.35,2,False,[],,45.0
txn_842f04d0,28366.0,25,LOW,CHECKOUT_ABANDONMENT,PAYMENT_REMINDER,Base action selected for CHECKOUT_ABANDONMENT,9928.1,0.35,2,False,[],,35.0
txn_3346556c,9791.0,35,MEDIUM,OVERDUE_RECEIVABLE,RECEIVABLES_ESCALATION,Invoice is 9 days overdue (escalation stage),4895.5,0.5,50,False,"[""OVERDUE_ESCALATION""]",,50.0
txn_5f4af77d,11853.0,25,LOW,CHECKOUT_ABANDONMENT,PAYMENT_REMINDER,Base action selected for CHECKOUT_ABANDONMENT,4148.55,0.35,2,False,[],,45.0
txn_66c6b571,41584.0,35,MEDIUM,OVERDUE_RECEIVABLE,RECEIVABLES_ESCALATION,Invoice is 11 days overdue (escalation stage),20792.0,0.5,50,False,"[""OVERDUE_ESCALATION""]",,50.0
txn_6cb05172,6358.0,30,MEDIUM,TEMPORARY_PAYMENT_FAILURE,SMART_RETRY,Base action selected for TEMPORARY_PAYMENT_FAILURE,4768.5,0.75,5,False,[],,85.0
txn_22834f80,10236.0,30,MEDIUM,PAYMENT_INFRASTRUCTURE_FAILURE,SMART_RETRY,Base action selected for PAYMENT_INFRASTRUCTURE_FAILURE,7165.2,0.7,5,False,[],,70.0
txn_cd20c4a9,7982.0,45,MEDIUM,OVERDUE_RECEIVABLE,HUMAN_APPROVAL,Invoice is severely overdue (40 days). Requires human approval.,3991.0,0.5,0,True,"[""OVERDUE_SEVERE""]",,50.0
txn_d8e5ed51,38840.0,45,MEDIUM,CHECKOUT_ABANDONMENT,PAYMENT_REMINDER,Base action selected for CHECKOUT_ABANDONMENT,13594.0,0.35,2,False,[],,25.0
txn_0aa7125f,34288.0,40,MEDIUM,PAYMENT_INFRASTRUCTURE_FAILURE,SMART_RETRY,Base action selected for PAYMENT_INFRASTRUCTURE_FAILURE,24001.6,0.7,5,False,[],,60.0
txn_47aab6a0,44930.0,25,LOW,CHECKOUT_ABANDONMENT,PAYMENT_REMINDER,Base action selected for CHECKOUT_ABANDONMENT,15725.5,0.35,2,False,[],,45.0
txn_6482344f,3536.0,45,MEDIUM,OVERDUE_RECEIVABLE,HUMAN_APPROVAL,Invoice is severely overdue (88 days). Requires human approval.,1768.0,0.5,0,True,"[""OVERDUE_SEVERE""]",,50.0
txn_8c92b42f,1121.0,30,MEDIUM,AUTHENTICATION_FAILURE,PAYMENT_REMINDER,Base action selected for AUTHENTICATION_FAILURE,504.45,0.45,2,False,[],,45.0
txn_80b8e5fd,15066.0,45,MEDIUM,OVERDUE_RECEIVABLE,HUMAN_APPROVAL,Invoice is severely overdue (48 days). Requires human approval.,7533.0,0.5,0,True,"[""OVERDUE_SEVERE""]",,50.0
txn_4745a2d1,27811.0,55,MEDIUM,OVERDUE_RECEIVABLE,HUMAN_APPROVAL,Invoice is severely overdue (88 days). Requires human approval.,13905.5,0.5,0,True,"[""OVERDUE_SEVERE""]",,50.0
txn_04dd8c69,32116.0,45,MEDIUM,OVERDUE_RECEIVABLE,RECEIVABLES_ESCALATION,Invoice is 9 days overdue (escalation stage),16058.0,0.5,50,False,"[""OVERDUE_ESCALATION""]",,50.0
txn_de67fd36,4517.0,25,LOW,CHECKOUT_ABANDONMENT,PAYMENT_REMINDER,Base action selected for CHECKOUT_ABANDONMENT,1580.95,0.35,2,False,[],,35.0
txn_f2380f2c,43542.0,35,MEDIUM,CHECKOUT_ABANDONMENT,PAYMENT_REMINDER,Base action selected for CHECKOUT_ABANDONMENT,15239.7,0.35,2,False,[],,35.0
txn_cb4fdd3c,22470.0,45,MEDIUM,OVERDUE_RECEIVABLE,HUMAN_APPROVAL,Invoice is severely overdue (33 days). Requires human approval.,11235.0,0.5,0,True,"[""OVERDUE_SEVERE""]",,60.0
txn_4ea805ee,22719.0,40,MEDIUM,AUTHENTICATION_FAILURE,PAYMENT_REMINDER,Base action selected for AUTHENTICATION_FAILURE,10223.55,0.45,2,False,[],,45.0
txn_fa10e850,24222.0,35,MEDIUM,OVERDUE_RECEIVABLE,PAYMENT_REMINDER,Invoice is 3 days overdue (early stage),12111.0,0.5,2,False,"[""OVERDUE_EARLY""]",,60.0
txn_f9ead263,47895.0,65,HIGH,OVERDUE_RECEIVABLE,HUMAN_APPROVAL,Invoice is severely overdue (85 days). Requires human approval.,23947.5,0.5,0,True,"[""OVERDUE_SEVERE""]",,40.0
txn_d3b7568d,3557.0,45,MEDIUM,OVERDUE_RECEIVABLE,HUMAN_APPROVAL,Invoice is severely overdue (43 days). Requires human approval.,1778.5,0.5,0,True,"[""OVERDUE_SEVERE""]",,60.0
txn_e5b6384c,23885.0,45,MEDIUM,CHECKOUT_ABANDONMENT,PAYMENT_REMINDER,Base action selected for CHECKOUT_ABANDONMENT,8359.75,0.35,2,False,[],,25.0
txn_2b5a8816,31086.0,45,MEDIUM,OVERDUE_RECEIVABLE,HUMAN_APPROVAL,Invoice is severely overdue (49 days). Requires human approval.,15543.0,0.5,0,True,"[""OVERDUE_SEVERE""]",,60.0
txn_587d057b,5544.0,35,MEDIUM,CHECKOUT_ABANDONMENT,PAYMENT_REMINDER,Base action selected for CHECKOUT_ABANDONMENT,1940.4,0.35,2,False,[],,45.0
txn_f59e5fbf,17343.0,30,MEDIUM,AUTHENTICATION_FAILURE,PAYMENT_REMINDER,Base action selected for AUTHENTICATION_FAILURE,7804.35,0.45,2,False,[],,55.0
txn_79ec09b8,1359.0,40,MEDIUM,AUTHENTICATION_FAILURE,PAYMENT_REMINDER,Base action selected for AUTHENTICATION_FAILURE,611.55,0.45,2,False,[],,35.0
txn_1ecd1a16,6102.0,30,MEDIUM,AUTHENTICATION_FAILURE,PAYMENT_REMINDER,Base action selected for AUTHENTICATION_FAILURE,2745.9,0.45,2,False,[],,45.0
txn_eb88bf7f,29100.0,45,MEDIUM,OVERDUE_RECEIVABLE,RECEIVABLES_ESCALATION,Invoice is 24 days overdue (escalation stage),14550.0,0.5,50,False,"[""OVERDUE_ESCALATION""]",,60.0
txn_843d4e5c,38917.0,40,MEDIUM,PAYMENT_INFRASTRUCTURE_FAILURE,SMART_RETRY,Base action selected for PAYMENT_INFRASTRUCTURE_FAILURE,27241.9,0.7,5,False,[],,70.0
txn_d6067e88,28286.0,40,MEDIUM,OTHER_REVENUE_RISK,PAYMENT_REMINDER,Base action selected for OTHER_REVENUE_RISK,5657.2,0.2,2,False,[],,30.0
txn_018a38fe,4417.0,30,MEDIUM,SUBSCRIPTION_PAYMENT_FAILURE,MANDATE_RETRY,Base action selected for SUBSCRIPTION_PAYMENT_FAILURE,2429.35,0.55,5,False,[],,55.00000000000001
txn_7a535cbd,12570.0,45,MEDIUM,OVERDUE_RECEIVABLE,RECEIVABLES_ESCALATION,Invoice is 30 days overdue (escalation stage),6285.0,0.5,50,False,"[""OVERDUE_ESCALATION""]",,60.0
txn_22b44395,26526.0,25,LOW,CHECKOUT_ABANDONMENT,PAYMENT_REMINDER,Base action selected for CHECKOUT_ABANDONMENT,9284.1,0.35,2,False,[],,35.0
txn_c82eb569,20856.0,65,HIGH,OVERDUE_RECEIVABLE,HUMAN_APPROVAL,Invoice is severely overdue (49 days). Requires human approval.,10428.0,0.5,0,True,"[""OVERDUE_SEVERE""]",,40.0
txn_abbc6fac,10574.0,45,MEDIUM,OVERDUE_RECEIVABLE,HUMAN_APPROVAL,Invoice is severely overdue (63 days). Requires human approval.,5287.0,0.5,0,True,"[""OVERDUE_SEVERE""]",,50.0
txn_4ef5b05d,9371.0,40,MEDIUM,PAYMENT_INFRASTRUCTURE_FAILURE,SMART_RETRY,Base action selected for PAYMENT_INFRASTRUCTURE_FAILURE,6559.7,0.7,5,False,[],,60.0
txn_d8a82e29,15102.0,40,MEDIUM,PAYMENT_METHOD_FAILURE,PAYMENT_REMINDER,Base action selected for PAYMENT_METHOD_FAILURE,6040.8,0.4,2,False,[],,50.0
txn_eff14c3d,42280.0,35,MEDIUM,CHECKOUT_ABANDONMENT,PAYMENT_REMINDER,Base action selected for CHECKOUT_ABANDONMENT,14798.0,0.35,2,False,[],,45.0
txn_a11cc6c9,32650.0,30,MEDIUM,TEMPORARY_PAYMENT_FAILURE,SMART_RETRY,Base action selected for TEMPORARY_PAYMENT_FAILURE,24487.5,0.75,5,False,[],,85.0
txn_00b29cc0,26051.0,30,MEDIUM,PAYMENT_INFRASTRUCTURE_FAILURE,SMART_RETRY,Base action selected for PAYMENT_INFRASTRUCTURE_FAILURE,18235.7,0.7,5,False,[],,80.0
txn_9c4f3d1d,27293.0,30,MEDIUM,TEMPORARY_PAYMENT_FAILURE,SMART_RETRY,Base action selected for TEMPORARY_PAYMENT_FAILURE,20469.75,0.75,5,False,[],,75.0
txn_b16c0892,24533.0,30,MEDIUM,INSUFFICIENT_FUNDS,PAYMENT_REMINDER,Base action selected for INSUFFICIENT_FUNDS,7359.9,0.3,2,False,[],,30.0
txn_6bda6cb3,227.0,40,MEDIUM,PAYMENT_INFRASTRUCTURE_FAILURE,SMART_RETRY,Base action selected for PAYMENT_INFRASTRUCTURE_FAILURE,158.9,0.7,5,False,[],,60.0
txn_20fbf5a8,49360.0,45,MEDIUM,CHECKOUT_ABANDONMENT,PAYMENT_REMINDER,Base action selected for CHECKOUT_ABANDONMENT,17276.0,0.35,2,False,[],,25.0
txn_59c5ae0b,48577.0,65,HIGH,OVERDUE_RECEIVABLE,RECEIVABLES_ESCALATION,Invoice is 30 days overdue (escalation stage),24288.5,0.5,50,False,"[""OVERDUE_ESCALATION""]",,40.0
txn_f8eedf5c,10304.0,40,MEDIUM,OTHER_REVENUE_RISK,PAYMENT_REMINDER,Base action selected for OTHER_REVENUE_RISK,2060.8,0.2,2,False,[],,10
txn_2f88be81,19948.0,25,LOW,CHECKOUT_ABANDONMENT,PAYMENT_REMINDER,Base action selected for CHECKOUT_ABANDONMENT,6981.8,0.35,2,False,[],,45.0
txn_220a0531,792.0,30,MEDIUM,INSUFFICIENT_FUNDS,PAYMENT_REMINDER,Base action selected for INSUFFICIENT_FUNDS,237.6,0.3,2,False,[],,40.0
txn_a5b696f3,5790.0,25,LOW,CHECKOUT_ABANDONMENT,PAYMENT_REMINDER,Base action selected for CHECKOUT_ABANDONMENT,2026.5,0.35,2,False,[],,45.0
txn_71f3c6cb,6260.0,40,MEDIUM,AUTHENTICATION_FAILURE,PAYMENT_REMINDER,Base action selected for AUTHENTICATION_FAILURE,2817.0,0.45,2,False,[],,55.0
txn_cb59fbc8,6322.0,50,MEDIUM,OTHER_REVENUE_RISK,PAYMENT_REMINDER,Base action selected for OTHER_REVENUE_RISK,1264.4,0.2,2,False,[],,10
txn_c68989ec,25539.0,30,MEDIUM,INSUFFICIENT_FUNDS,PAYMENT_REMINDER,Base action selected for INSUFFICIENT_FUNDS,7661.7,0.3,2,False,[],,40.0
txn_b97121fa,42952.0,25,LOW,CHECKOUT_ABANDONMENT,PAYMENT_REMINDER,Base action selected for CHECKOUT_ABANDONMENT,15033.2,0.35,2,False,[],,45.0
txn_d2ba2dd1,39762.0,55,MEDIUM,OVERDUE_RECEIVABLE,HUMAN_APPROVAL,Invoice is severely overdue (73 days). Requires human approval.,19881.0,0.5,0,True,"[""OVERDUE_SEVERE""]",,50.0
txn_98756880,7068.0,40,MEDIUM,AUTHENTICATION_FAILURE,PAYMENT_REMINDER,Base action selected for AUTHENTICATION_FAILURE,3180.6,0.45,2,False,[],,35.0
txn_89d162cb,38476.0,30,MEDIUM,INSUFFICIENT_FUNDS,PAYMENT_REMINDER,Base action selected for INSUFFICIENT_FUNDS,11542.8,0.3,2,False,[],,40.0
txn_fdcb19ea,22479.0,35,MEDIUM,CHECKOUT_ABANDONMENT,PAYMENT_REMINDER,Base action selected for CHECKOUT_ABANDONMENT,7867.65,0.35,2,False,[],,35.0
txn_0f04cd54,38225.0,25,LOW,CHECKOUT_ABANDONMENT,PAYMENT_REMINDER,Base action selected for CHECKOUT_ABANDONMENT,13378.75,0.35,2,False,[],,45.0
txn_63613415,41263.0,45,MEDIUM,OVERDUE_RECEIVABLE,HUMAN_APPROVAL,Invoice is severely overdue (63 days). Requires human approval.,20631.5,0.5,0,True,"[""OVERDUE_SEVERE""]",,60.0
txn_a62c54e0,11473.0,30,MEDIUM,INSUFFICIENT_FUNDS,PAYMENT_REMINDER,Base action selected for INSUFFICIENT_FUNDS,3441.9,0.3,2,False,[],,40.0
txn_d045ffeb,29079.0,50,MEDIUM,INSUFFICIENT_FUNDS,PAYMENT_REMINDER,Base action selected for INSUFFICIENT_FUNDS,8723.7,0.3,2,False,[],,20.0
txn_48b5a194,16095.0,45,MEDIUM,OVERDUE_RECEIVABLE,HUMAN_APPROVAL,Invoice is severely overdue (83 days). Requires human approval.,8047.5,0.5,0,True,"[""OVERDUE_SEVERE""]",,60.0
txn_363119ef,31460.0,45,MEDIUM,OVERDUE_RECEIVABLE,RECEIVABLES_ESCALATION,Invoice is 21 days overdue (escalation stage),15730.0,0.5,50,False,"[""OVERDUE_ESCALATION""]",,60.0
txn_3255d8a9,40794.0,45,MEDIUM,OVERDUE_RECEIVABLE,PAYMENT_REMINDER,Invoice is 7 days overdue (early stage),20397.0,0.5,2,False,"[""OVERDUE_EARLY""]",,50.0
txn_75fa6891,32927.0,25,LOW,CHECKOUT_ABANDONMENT,PAYMENT_REMINDER,Base action selected for CHECKOUT_ABANDONMENT,11524.45,0.35,2,False,[],,45.0
txn_4f674f80,44502.0,45,MEDIUM,CHECKOUT_ABANDONMENT,PAYMENT_REMINDER,Base action selected for CHECKOUT_ABANDONMENT,15575.7,0.35,2,False,[],,25.0
txn_d953967c,4431.0,30,MEDIUM,AUTHENTICATION_FAILURE,PAYMENT_REMINDER,Base action selected for AUTHENTICATION_FAILURE,1993.95,0.45,2,False,[],,55.0
txn_4e198219,24487.0,50,MEDIUM,INSUFFICIENT_FUNDS,PAYMENT_REMINDER,Base action selected for INSUFFICIENT_FUNDS,7346.1,0.3,2,False,[],,20.0
txn_cdc698d5,26623.0,45,MEDIUM,OVERDUE_RECEIVABLE,PAYMENT_REMINDER,Invoice is 7 days overdue (early stage),13311.5,0.5,2,False,"[""OVERDUE_EARLY""]",,50.0
txn_3d09c6ba,16401.0,25,LOW,CHECKOUT_ABANDONMENT,PAYMENT_REMINDER,Base action selected for CHECKOUT_ABANDONMENT,5740.35,0.35,2,False,[],,45.0
txn_8fdb6a03,27578.0,30,MEDIUM,INSUFFICIENT_FUNDS,PAYMENT_REMINDER,Base action selected for INSUFFICIENT_FUNDS,8273.4,0.3,2,False,[],,40.0
txn_c5ba4114,10195.0,25,LOW,CHECKOUT_ABANDONMENT,PAYMENT_REMINDER,Base action selected for CHECKOUT_ABANDONMENT,3568.25,0.35,2,False,[],,35.0
txn_2acaf4f2,22127.0,45,MEDIUM,CHECKOUT_ABANDONMENT,PAYMENT_REMINDER,Base action selected for CHECKOUT_ABANDONMENT,7744.45,0.35,2,False,[],,25.0
txn_060cd21e,236.0,45,MEDIUM,OVERDUE_RECEIVABLE,HUMAN_APPROVAL,Invoice is severely overdue (61 days). Requires human approval.,118.0,0.5,0,True,"[""OVERDUE_SEVERE""]",,60.0
txn_2934e05f,45974.0,55,MEDIUM,OVERDUE_RECEIVABLE,HUMAN_APPROVAL,Invoice is severely overdue (46 days). Requires human approval.,22987.0,0.5,0,True,"[""OVERDUE_SEVERE""]",,60.0
txn_58002ea3,5496.0,35,MEDIUM,OVERDUE_RECEIVABLE,PAYMENT_REMINDER,Invoice is 6 days overdue (early stage),2748.0,0.5,2,False,"[""OVERDUE_EARLY""]",,60.0
txn_b395e149,33843.0,25,LOW,CHECKOUT_ABANDONMENT,PAYMENT_REMINDER,Base action selected for CHECKOUT_ABANDONMENT,11845.05,0.35,2,False,[],,35.0
txn_a646e413,20371.0,45,MEDIUM,OVERDUE_RECEIVABLE,HUMAN_APPROVAL,Invoice is severely overdue (86 days). Requires human approval.,10185.5,0.5,0,True,"[""OVERDUE_SEVERE""]",,60.0
txn_566bb98c,46574.0,45,MEDIUM,OVERDUE_RECEIVABLE,HUMAN_APPROVAL,Invoice is severely overdue (42 days). Requires human approval.,23287.0,0.5,0,True,"[""OVERDUE_SEVERE""]",,60.0
txn_47c1fd96,18309.0,30,MEDIUM,OTHER_REVENUE_RISK,PAYMENT_REMINDER,Base action selected for OTHER_REVENUE_RISK,3661.8,0.2,2,False,[],,30.0
txn_b71a1e0f,40222.0,50,MEDIUM,AUTHENTICATION_FAILURE,PAYMENT_REMINDER,Base action selected for AUTHENTICATION_FAILURE,18099.9,0.45,2,False,[],,35.0
txn_76c01dac,27412.0,45,MEDIUM,OVERDUE_RECEIVABLE,PAYMENT_REMINDER,Invoice is 3 days overdue (early stage),13706.0,0.5,2,False,"[""OVERDUE_EARLY""]",,40.0
txn_fd15f22e,18945.0,30,MEDIUM,PAYMENT_METHOD_FAILURE,PAYMENT_REMINDER,Base action selected for PAYMENT_METHOD_FAILURE,7578.0,0.4,2,False,[],,40.0
txn_9173671b,41978.0,30,MEDIUM,TEMPORARY_PAYMENT_FAILURE,SMART_RETRY,Base action selected for TEMPORARY_PAYMENT_FAILURE,31483.5,0.75,5,False,[],,85.0
txn_3c85226f,22220.0,45,MEDIUM,CHECKOUT_ABANDONMENT,PAYMENT_REMINDER,Base action selected for CHECKOUT_ABANDONMENT,7777.0,0.35,2,False,[],,25.0
txn_feeb8085,5557.0,30,MEDIUM,TEMPORARY_PAYMENT_FAILURE,SMART_RETRY,Base action selected for TEMPORARY_PAYMENT_FAILURE,4167.75,0.75,5,False,[],,75.0
txn_db28eb9f,13149.0,30,MEDIUM,TEMPORARY_PAYMENT_FAILURE,SMART_RETRY,Base action selected for TEMPORARY_PAYMENT_FAILURE,9861.75,0.75,5,False,[],,85.0
txn_cc78ceab,38955.0,25,LOW,CHECKOUT_ABANDONMENT,PAYMENT_REMINDER,Base action selected for CHECKOUT_ABANDONMENT,13634.25,0.35,2,False,[],,35.0
txn_47451a4b,20879.0,35,MEDIUM,CHECKOUT_ABANDONMENT,PAYMENT_REMINDER,Base action selected for CHECKOUT_ABANDONMENT,7307.65,0.35,2,False,[],,25.0
txn_fc1cf5d1,43669.0,45,MEDIUM,OVERDUE_RECEIVABLE,RECEIVABLES_ESCALATION,Invoice is 18 days overdue (escalation stage),21834.5,0.5,50,False,"[""OVERDUE_ESCALATION""]",,50.0
txn_310c3e02,46814.0,55,MEDIUM,OVERDUE_RECEIVABLE,HUMAN_APPROVAL,Invoice is severely overdue (71 days). Requires human approval.,23407.0,0.5,0,True,"[""OVERDUE_SEVERE""]",,50.0
txn_090afa43,27636.0,35,MEDIUM,OVERDUE_RECEIVABLE,RECEIVABLES_ESCALATION,Invoice is 12 days overdue (escalation stage),13818.0,0.5,50,False,"[""OVERDUE_ESCALATION""]",,60.0
txn_0750c48b,2886.0,45,MEDIUM,OVERDUE_RECEIVABLE,HUMAN_APPROVAL,Invoice is severely overdue (61 days). Requires human approval.,1443.0,0.5,0,True,"[""OVERDUE_SEVERE""]",,60.0
txn_5a29185d,44824.0,45,MEDIUM,OVERDUE_RECEIVABLE,HUMAN_APPROVAL,Invoice is severely overdue (66 days). Requires human approval.,22412.0,0.5,0,True,"[""OVERDUE_SEVERE""]",,50.0
txn_3949edfd,8176.0,50,MEDIUM,INSUFFICIENT_FUNDS,PAYMENT_REMINDER,Base action selected for INSUFFICIENT_FUNDS,2452.8,0.3,2,False,[],,20.0
txn_56fb6f8b,29548.0,40,MEDIUM,OTHER_REVENUE_RISK,PAYMENT_REMINDER,Base action selected for OTHER_REVENUE_RISK,5909.6,0.2,2,False,[],,10
txn_ec06bcad,17913.0,30,MEDIUM,SUBSCRIPTION_PAYMENT_FAILURE,MANDATE_RETRY,Base action selected for SUBSCRIPTION_PAYMENT_FAILURE,9852.15,0.55,5,False,[],,65.0
txn_2664ccbd,36535.0,65,HIGH,OVERDUE_RECEIVABLE,HUMAN_APPROVAL,Invoice is severely overdue (79 days). Requires human approval.,18267.5,0.5,0,True,"[""OVERDUE_SEVERE""]",,40.0
txn_84b7837a,21380.0,45,MEDIUM,OVERDUE_RECEIVABLE,PAYMENT_REMINDER,Invoice is 6 days overdue (early stage),10690.0,0.5,2,False,"[""OVERDUE_EARLY""]",,40.0
txn_64cd330b,1176.0,45,MEDIUM,OVERDUE_RECEIVABLE,HUMAN_APPROVAL,Invoice is severely overdue (89 days). Requires human approval.,588.0,0.5,0,True,"[""OVERDUE_SEVERE""]",,60.0
txn_c70807af,45704.0,30,MEDIUM,AUTHENTICATION_FAILURE,PAYMENT_REMINDER,Base action selected for AUTHENTICATION_FAILURE,20566.8,0.45,2,False,[],,55.0
txn_8fa9f33c,18297.0,45,MEDIUM,OVERDUE_RECEIVABLE,PAYMENT_REMINDER,Invoice is 1 days overdue (early stage),9148.5,0.5,2,False,"[""OVERDUE_EARLY""]",,50.0
txn_934947db,47552.0,30,MEDIUM,INSUFFICIENT_FUNDS,PAYMENT_REMINDER,Base action selected for INSUFFICIENT_FUNDS,14265.6,0.3,2,False,[],,30.0
txn_9375a6fd,38479.0,45,MEDIUM,OVERDUE_RECEIVABLE,HUMAN_APPROVAL,Invoice is severely overdue (43 days). Requires human approval.,19239.5,0.5,0,True,"[""OVERDUE_SEVERE""]",,50.0
txn_5fbf4ec1,35729.0,45,MEDIUM,OVERDUE_RECEIVABLE,RECEIVABLES_ESCALATION,Invoice is 10 days overdue (escalation stage),17864.5,0.5,50,False,"[""OVERDUE_ESCALATION""]",,60.0
txn_912ab2a5,5412.0,40,MEDIUM,OTHER_REVENUE_RISK,PAYMENT_REMINDER,Base action selected for OTHER_REVENUE_RISK,1082.4,0.2,2,False,[],,10
txn_d3d54c45,1793.0,45,MEDIUM,OVERDUE_RECEIVABLE,RECEIVABLES_ESCALATION,Invoice is 20 days overdue (escalation stage),896.5,0.5,50,False,"[""OVERDUE_ESCALATION""]",,60.0
txn_982a093d,20685.0,35,MEDIUM,CHECKOUT_ABANDONMENT,PAYMENT_REMINDER,Base action selected for CHECKOUT_ABANDONMENT,7239.75,0.35,2,False,[],,25.0
txn_ec8de511,24319.0,45,MEDIUM,OVERDUE_RECEIVABLE,HUMAN_APPROVAL,Invoice is severely overdue (85 days). Requires human approval.,12159.5,0.5,0,True,"[""OVERDUE_SEVERE""]",,50.0
txn_ae5d1d6d,3575.0,50,MEDIUM,PAYMENT_METHOD_FAILURE,PAYMENT_REMINDER,Base action selected for PAYMENT_METHOD_FAILURE,1430.0,0.4,2,False,[],,30.0
txn_c9b3a6b3,34560.0,30,MEDIUM,PAYMENT_METHOD_FAILURE,PAYMENT_REMINDER,Base action selected for PAYMENT_METHOD_FAILURE,13824.0,0.4,2,False,[],,50.0
txn_9eca9d17,33894.0,55,MEDIUM,OVERDUE_RECEIVABLE,RECEIVABLES_ESCALATION,Invoice is 25 days overdue (escalation stage),16947.0,0.5,50,False,"[""OVERDUE_ESCALATION""]",,40.0
txn_d8ff13c2,26815.0,30,MEDIUM,PAYMENT_METHOD_FAILURE,PAYMENT_REMINDER,Base action selected for PAYMENT_METHOD_FAILURE,10726.0,0.4,2,False,[],,40.0
txn_1a420bcd,12328.0,45,MEDIUM,OVERDUE_RECEIVABLE,HUMAN_APPROVAL,Invoice is severely overdue (52 days). Requires human approval.,6164.0,0.5,0,True,"[""OVERDUE_SEVERE""]",,60.0
txn_305810a5,47891.0,35,MEDIUM,OVERDUE_RECEIVABLE,PAYMENT_REMINDER,Invoice is 3 days overdue (early stage),23945.5,0.5,2,False,"[""OVERDUE_EARLY""]",,60.0
txn_55fc20e5,3869.0,30,MEDIUM,PAYMENT_METHOD_FAILURE,PAYMENT_REMINDER,Base action selected for PAYMENT_METHOD_FAILURE,1547.6,0.4,2,False,[],,50.0
txn_fc35ee6f,17394.0,40,MEDIUM,PAYMENT_INFRASTRUCTURE_FAILURE,SMART_RETRY,Base action selected for PAYMENT_INFRASTRUCTURE_FAILURE,12175.8,0.7,5,False,[],,80.0
txn_9f669329,5097.0,45,MEDIUM,OVERDUE_RECEIVABLE,HUMAN_APPROVAL,Invoice is severely overdue (40 days). Requires human approval.,2548.5,0.5,0,True,"[""OVERDUE_SEVERE""]",,60.0
txn_9b1399eb,10433.0,25,LOW,CHECKOUT_ABANDONMENT,PAYMENT_REMINDER,Base action selected for CHECKOUT_ABANDONMENT,3651.55,0.35,2,False,[],,45.0
txn_92fa7bf3,41419.0,35,MEDIUM,CHECKOUT_ABANDONMENT,PAYMENT_REMINDER,Base action selected for CHECKOUT_ABANDONMENT,14496.65,0.35,2,False,[],,25.0
txn_5f2e0816,34135.0,30,MEDIUM,TEMPORARY_PAYMENT_FAILURE,SMART_RETRY,Base action selected for TEMPORARY_PAYMENT_FAILURE,25601.25,0.75,5,False,[],,85.0
txn_e73c543a,23779.0,55,MEDIUM,OVERDUE_RECEIVABLE,HUMAN_APPROVAL,Invoice is severely overdue (50 days). Requires human approval.,11889.5,0.5,0,True,"[""OVERDUE_SEVERE""]",,60.0
txn_ea8202a7,14049.0,35,MEDIUM,OVERDUE_RECEIVABLE,RECEIVABLES_ESCALATION,Invoice is 13 days overdue (escalation stage),7024.5,0.5,50,False,"[""OVERDUE_ESCALATION""]",,60.0
txn_9507bb2d,40372.0,40,MEDIUM,TEMPORARY_PAYMENT_FAILURE,SMART_RETRY,Base action selected for TEMPORARY_PAYMENT_FAILURE,30279.0,0.75,5,False,[],,65.0
txn_7dfdf264,38166.0,35,MEDIUM,OVERDUE_RECEIVABLE,RECEIVABLES_ESCALATION,Invoice is 9 days overdue (escalation stage),19083.0,0.5,50,False,"[""OVERDUE_ESCALATION""]",,50.0
txn_98963bc4,26501.0,45,MEDIUM,CHECKOUT_ABANDONMENT,PAYMENT_REMINDER,Base action selected for CHECKOUT_ABANDONMENT,9275.35,0.35,2,False,[],,25.0
txn_033d3ae6,30061.0,40,MEDIUM,TEMPORARY_PAYMENT_FAILURE,SMART_RETRY,Base action selected for TEMPORARY_PAYMENT_FAILURE,22545.75,0.75,5,False,[],,75.0
txn_7e8ffea8,23811.0,40,MEDIUM,PAYMENT_INFRASTRUCTURE_FAILURE,SMART_RETRY,Base action selected for PAYMENT_INFRASTRUCTURE_FAILURE,16667.7,0.7,5,False,[],,80.0
txn_a1a1027f,9436.0,30,MEDIUM,INSUFFICIENT_FUNDS,PAYMENT_REMINDER,Base action selected for INSUFFICIENT_FUNDS,2830.8,0.3,2,False,[],,40.0
txn_591933bf,17601.0,35,MEDIUM,CHECKOUT_ABANDONMENT,PAYMENT_REMINDER,Base action selected for CHECKOUT_ABANDONMENT,6160.35,0.35,2,False,[],,35.0
txn_6593a82a,2030.0,45,MEDIUM,OVERDUE_RECEIVABLE,RECEIVABLES_ESCALATION,Invoice is 22 days overdue (escalation stage),1015.0,0.5,50,False,"[""OVERDUE_ESCALATION""]",,60.0
txn_abd1e42a,22044.0,25,LOW,CHECKOUT_ABANDONMENT,PAYMENT_REMINDER,Base action selected for CHECKOUT_ABANDONMENT,7715.4,0.35,2,False,[],,45.0
txn_cea88ae5,18400.0,50,MEDIUM,INSUFFICIENT_FUNDS,PAYMENT_REMINDER,Base action selected for INSUFFICIENT_FUNDS,5520.0,0.3,2,False,[],,20.0
txn_9f4c637c,12938.0,30,MEDIUM,SUBSCRIPTION_PAYMENT_FAILURE,MANDATE_RETRY,Base action selected for SUBSCRIPTION_PAYMENT_FAILURE,7115.9,0.55,5,False,[],,65.0
txn_72daa1b3,28978.0,45,MEDIUM,OVERDUE_RECEIVABLE,HUMAN_APPROVAL,Invoice is severely overdue (57 days). Requires human approval.,14489.0,0.5,0,True,"[""OVERDUE_SEVERE""]",,50.0
txn_3ad093e8,44312.0,45,MEDIUM,OVERDUE_RECEIVABLE,HUMAN_APPROVAL,Invoice is severely overdue (69 days). Requires human approval.,22156.0,0.5,0,True,"[""OVERDUE_SEVERE""]",,60.0
txn_fc86ee3e,21269.0,35,MEDIUM,OVERDUE_RECEIVABLE,PAYMENT_REMINDER,Invoice is 7 days overdue (early stage),10634.5,0.5,2,False,"[""OVERDUE_EARLY""]",,60.0
txn_68291fb8,43830.0,25,LOW,CHECKOUT_ABANDONMENT,PAYMENT_REMINDER,Base action selected for CHECKOUT_ABANDONMENT,15340.5,0.35,2,False,[],,45.0
txn_13bea128,33870.0,55,MEDIUM,OVERDUE_RECEIVABLE,RECEIVABLES_ESCALATION,Invoice is 23 days overdue (escalation stage),16935.0,0.5,50,False,"[""OVERDUE_ESCALATION""]",,40.0
txn_855951a9,34065.0,45,MEDIUM,OVERDUE_RECEIVABLE,RECEIVABLES_ESCALATION,Invoice is 19 days overdue (escalation stage),17032.5,0.5,50,False,"[""OVERDUE_ESCALATION""]",,60.0
txn_9462f053,11925.0,35,MEDIUM,CHECKOUT_ABANDONMENT,PAYMENT_REMINDER,Base action selected for CHECKOUT_ABANDONMENT,4173.75,0.35,2,False,[],,35.0
txn_25b5dc17,24088.0,45,MEDIUM,OVERDUE_RECEIVABLE,PAYMENT_REMINDER,Invoice is 2 days overdue (early stage),12044.0,0.5,2,False,"[""OVERDUE_EARLY""]",,40.0
txn_b4b77c0e,34364.0,30,MEDIUM,TEMPORARY_PAYMENT_FAILURE,SMART_RETRY,Base action selected for TEMPORARY_PAYMENT_FAILURE,25773.0,0.75,5,False,[],,85.0
txn_131f840e,21784.0,55,MEDIUM,OVERDUE_RECEIVABLE,PAYMENT_REMINDER,Invoice is 5 days overdue (early stage),10892.0,0.5,2,False,"[""OVERDUE_EARLY""]",,40.0
txn_31fa7d11,40340.0,45,MEDIUM,CHECKOUT_ABANDONMENT,PAYMENT_REMINDER,Base action selected for CHECKOUT_ABANDONMENT,14119.0,0.35,2,False,[],,25.0
txn_2366fac3,15663.0,30,MEDIUM,TEMPORARY_PAYMENT_FAILURE,SMART_RETRY,Base action selected for TEMPORARY_PAYMENT_FAILURE,11747.25,0.75,5,False,[],,85.0
txn_6195b2f3,17684.0,65,HIGH,OVERDUE_RECEIVABLE,HUMAN_APPROVAL,Invoice is severely overdue (33 days). Requires human approval.,8842.0,0.5,0,True,"[""OVERDUE_SEVERE""]",,40.0
txn_30d97b63,37625.0,35,MEDIUM,OVERDUE_RECEIVABLE,RECEIVABLES_ESCALATION,Invoice is 14 days overdue (escalation stage),18812.5,0.5,50,False,"[""OVERDUE_ESCALATION""]",,50.0
txn_3aba6940,47444.0,25,LOW,CHECKOUT_ABANDONMENT,PAYMENT_REMINDER,Base action selected for CHECKOUT_ABANDONMENT,16605.4,0.35,2,False,[],,35.0
txn_39d35e2a,29416.0,25,LOW,CHECKOUT_ABANDONMENT,PAYMENT_REMINDER,Base action selected for CHECKOUT_ABANDONMENT,10295.6,0.35,2,False,[],,45.0
txn_e569d074,7250.0,40,MEDIUM,TEMPORARY_PAYMENT_FAILURE,SMART_RETRY,Base action selected for TEMPORARY_PAYMENT_FAILURE,5437.5,0.75,5,False,[],,65.0
txn_220759cc,38344.0,55,MEDIUM,OVERDUE_RECEIVABLE,HUMAN_APPROVAL,Invoice is severely overdue (65 days). Requires human approval.,19172.0,0.5,0,True,"[""OVERDUE_SEVERE""]",,40.0
txn_0e65ba8f,33537.0,50,MEDIUM,SUBSCRIPTION_PAYMENT_FAILURE,MANDATE_RETRY,Base action selected for SUBSCRIPTION_PAYMENT_FAILURE,18445.35,0.55,5,False,[],,45.00000000000001
txn_750fb6ec,11750.0,40,MEDIUM,INSUFFICIENT_FUNDS,PAYMENT_REMINDER,Base action selected for INSUFFICIENT_FUNDS,3525.0,0.3,2,False,[],,40.0
txn_c6fe6c32,2682.0,35,MEDIUM,OVERDUE_RECEIVABLE,PAYMENT_REMINDER,Invoice is 6 days overdue (early stage),1341.0,0.5,2,False,"[""OVERDUE_EARLY""]",,50.0
txn_8a37d665,7684.0,45,MEDIUM,OVERDUE_RECEIVABLE,HUMAN_APPROVAL,Invoice is severely overdue (42 days). Requires human approval.,3842.0,0.5,0,True,"[""OVERDUE_SEVERE""]",,50.0
txn_a7bea0e3,25385.0,50,MEDIUM,PAYMENT_METHOD_FAILURE,PAYMENT_REMINDER,Base action selected for PAYMENT_METHOD_FAILURE,10154.0,0.4,2,False,[],,30.0
txn_a478a566,9911.0,40,MEDIUM,PAYMENT_METHOD_FAILURE,PAYMENT_REMINDER,Base action selected for PAYMENT_METHOD_FAILURE,3964.4,0.4,2,False,[],,40.0
txn_b871bf00,11429.0,35,MEDIUM,CHECKOUT_ABANDONMENT,PAYMENT_REMINDER,Base action selected for CHECKOUT_ABANDONMENT,4000.15,0.35,2,False,[],,25.0
txn_c3de49e9,43994.0,25,LOW,CHECKOUT_ABANDONMENT,PAYMENT_REMINDER,Base action selected for CHECKOUT_ABANDONMENT,15397.9,0.35,2,False,[],,35.0
txn_20446ec2,47173.0,45,MEDIUM,OVERDUE_RECEIVABLE,HUMAN_APPROVAL,Invoice is severely overdue (57 days). Requires human approval.,23586.5,0.5,0,True,"[""OVERDUE_SEVERE""]",,60.0
txn_bf5159ad,40392.0,45,MEDIUM,OVERDUE_RECEIVABLE,RECEIVABLES_ESCALATION,Invoice is 28 days overdue (escalation stage),20196.0,0.5,50,False,"[""OVERDUE_ESCALATION""]",,60.0
txn_30561b3f,15584.0,30,MEDIUM,PAYMENT_METHOD_FAILURE,PAYMENT_REMINDER,Base action selected for PAYMENT_METHOD_FAILURE,6233.6,0.4,2,False,[],,50.0
txn_89c20da7,13416.0,55,MEDIUM,OVERDUE_RECEIVABLE,HUMAN_APPROVAL,Invoice is severely overdue (41 days). Requires human approval.,6708.0,0.5,0,True,"[""OVERDUE_SEVERE""]",,40.0
txn_dd9397f8,32415.0,30,MEDIUM,PAYMENT_METHOD_FAILURE,PAYMENT_REMINDER,Base action selected for PAYMENT_METHOD_FAILURE,12966.0,0.4,2,False,[],,40.0
txn_ea53ecc5,32744.0,35,MEDIUM,CHECKOUT_ABANDONMENT,PAYMENT_REMINDER,Base action selected for CHECKOUT_ABANDONMENT,11460.4,0.35,2,False,[],,35.0
txn_83518ca8,32717.0,25,LOW,CHECKOUT_ABANDONMENT,PAYMENT_REMINDER,Base action selected for CHECKOUT_ABANDONMENT,11450.95,0.35,2,False,[],,45.0
txn_9a5f5f6b,34109.0,45,MEDIUM,OVERDUE_RECEIVABLE,HUMAN_APPROVAL,Invoice is severely overdue (32 days). Requires human approval.,17054.5,0.5,0,True,"[""OVERDUE_SEVERE""]",,60.0
txn_61a8bed4,3657.0,25,LOW,CHECKOUT_ABANDONMENT,PAYMENT_REMINDER,Base action selected for CHECKOUT_ABANDONMENT,1279.95,0.35,2,False,[],,45.0
txn_67c7ebee,24492.0,30,MEDIUM,PAYMENT_METHOD_FAILURE,PAYMENT_REMINDER,Base action selected for PAYMENT_METHOD_FAILURE,9796.8,0.4,2,False,[],,50.0
txn_979cd3bc,42397.0,45,MEDIUM,OVERDUE_RECEIVABLE,RECEIVABLES_ESCALATION,Invoice is 11 days overdue (escalation stage),21198.5,0.5,50,False,"[""OVERDUE_ESCALATION""]",,50.0
txn_2fd4311a,37489.0,35,MEDIUM,OVERDUE_RECEIVABLE,RECEIVABLES_ESCALATION,Invoice is 12 days overdue (escalation stage),18744.5,0.5,50,False,"[""OVERDUE_ESCALATION""]",,60.0
txn_01a41e90,46001.0,30,MEDIUM,AUTHENTICATION_FAILURE,PAYMENT_REMINDER,Base action selected for AUTHENTICATION_FAILURE,20700.45,0.45,2,False,[],,55.0
txn_883d4a43,43466.0,40,MEDIUM,PAYMENT_METHOD_FAILURE,PAYMENT_REMINDER,Base action selected for PAYMENT_METHOD_FAILURE,17386.4,0.4,2,False,[],,50.0
txn_819d1dee,4426.0,25,LOW,CHECKOUT_ABANDONMENT,PAYMENT_REMINDER,Base action selected for CHECKOUT_ABANDONMENT,1549.1,0.35,2,False,[],,35.0
txn_0adf7d91,1566.0,45,MEDIUM,OVERDUE_RECEIVABLE,HUMAN_APPROVAL,Invoice is severely overdue (53 days). Requires human approval.,783.0,0.5,0,True,"[""OVERDUE_SEVERE""]",,60.0
txn_8b9b4b1b,26677.0,55,MEDIUM,OVERDUE_RECEIVABLE,HUMAN_APPROVAL,Invoice is severely overdue (64 days). Requires human approval.,13338.5,0.5,0,True,"[""OVERDUE_SEVERE""]",,50.0
txn_05e66314,30360.0,25,LOW,CHECKOUT_ABANDONMENT,PAYMENT_REMINDER,Base action selected for CHECKOUT_ABANDONMENT,10626.0,0.35,2,False,[],,45.0
txn_70bf5550,18956.0,45,MEDIUM,CHECKOUT_ABANDONMENT,PAYMENT_REMINDER,Base action selected for CHECKOUT_ABANDONMENT,6634.6,0.35,2,False,[],,25.0
txn_97c4c8ca,13231.0,45,MEDIUM,OVERDUE_RECEIVABLE,HUMAN_APPROVAL,Invoice is severely overdue (78 days). Requires human approval.,6615.5,0.5,0,True,"[""OVERDUE_SEVERE""]",,60.0
txn_9f651625,36991.0,45,MEDIUM,CHECKOUT_ABANDONMENT,PAYMENT_REMINDER,Base action selected for CHECKOUT_ABANDONMENT,12946.85,0.35,2,False,[],,25.0
txn_fe58ca24,10922.0,45,MEDIUM,OVERDUE_RECEIVABLE,HUMAN_APPROVAL,Invoice is severely overdue (56 days). Requires human approval.,5461.0,0.5,0,True,"[""OVERDUE_SEVERE""]",,60.0
txn_e6beeb10,11341.0,35,MEDIUM,OVERDUE_RECEIVABLE,RECEIVABLES_ESCALATION,Invoice is 14 days overdue (escalation stage),5670.5,0.5,50,False,"[""OVERDUE_ESCALATION""]",,50.0
txn_b88f3ffd,35325.0,30,MEDIUM,SUBSCRIPTION_PAYMENT_FAILURE,MANDATE_RETRY,Base action selected for SUBSCRIPTION_PAYMENT_FAILURE,19428.75,0.55,5,False,[],,65.0
txn_e08657ea,17106.0,25,LOW,CHECKOUT_ABANDONMENT,PAYMENT_REMINDER,Base action selected for CHECKOUT_ABANDONMENT,5987.1,0.35,2,False,[],,45.0
txn_12e261a5,33582.0,55,MEDIUM,OVERDUE_RECEIVABLE,HUMAN_APPROVAL,Invoice is severely overdue (64 days). Requires human approval.,16791.0,0.5,0,True,"[""OVERDUE_SEVERE""]",,50.0
txn_5ab1192a,25796.0,30,MEDIUM,SUBSCRIPTION_PAYMENT_FAILURE,MANDATE_RETRY,Base action selected for SUBSCRIPTION_PAYMENT_FAILURE,14187.8,0.55,5,False,[],,65.0
txn_ba4bc08d,36355.0,25,LOW,CHECKOUT_ABANDONMENT,PAYMENT_REMINDER,Base action selected for CHECKOUT_ABANDONMENT,12724.25,0.35,2,False,[],,45.0
txn_d9bba28c,38178.0,55,MEDIUM,OVERDUE_RECEIVABLE,HUMAN_APPROVAL,Invoice is severely overdue (85 days). Requires human approval.,19089.0,0.5,0,True,"[""OVERDUE_SEVERE""]",,50.0
txn_65c2f1d9,40065.0,40,MEDIUM,AUTHENTICATION_FAILURE,PAYMENT_REMINDER,Base action selected for AUTHENTICATION_FAILURE,18029.25,0.45,2,False,[],,35.0
txn_5eabc8e3,49441.0,55,MEDIUM,OVERDUE_RECEIVABLE,HUMAN_APPROVAL,Invoice is severely overdue (68 days). Requires human approval.,24720.5,0.5,0,True,"[""OVERDUE_SEVERE""]",,60.0
txn_ac1a304c,30904.0,45,MEDIUM,CHECKOUT_ABANDONMENT,PAYMENT_REMINDER,Base action selected for CHECKOUT_ABANDONMENT,10816.4,0.35,2,False,[],,25.0
txn_d2f1f434,35877.0,65,HIGH,OVERDUE_RECEIVABLE,HUMAN_APPROVAL,Invoice is severely overdue (55 days). Requires human approval.,17938.5,0.5,0,True,"[""OVERDUE_SEVERE""]",,40.0
txn_fffa46c9,28958.0,30,MEDIUM,PAYMENT_INFRASTRUCTURE_FAILURE,SMART_RETRY,Base action selected for PAYMENT_INFRASTRUCTURE_FAILURE,20270.6,0.7,5,False,[],,70.0
txn_04217f0a,19835.0,30,MEDIUM,INSUFFICIENT_FUNDS,PAYMENT_REMINDER,Base action selected for INSUFFICIENT_FUNDS,5950.5,0.3,2,False,[],,30.0
txn_39cbe865,48633.0,65,HIGH,OVERDUE_RECEIVABLE,HUMAN_APPROVAL,Invoice is severely overdue (72 days). Requires human approval.,24316.5,0.5,0,True,"[""OVERDUE_SEVERE""]",,40.0
txn_79279306,20319.0,25,LOW,CHECKOUT_ABANDONMENT,PAYMENT_REMINDER,Base action selected for CHECKOUT_ABANDONMENT,7111.65,0.35,2,False,[],,35.0
txn_937a3f05,7860.0,55,MEDIUM,OVERDUE_RECEIVABLE,RECEIVABLES_ESCALATION,Invoice is 23 days overdue (escalation stage),3930.0,0.5,50,False,"[""OVERDUE_ESCALATION""]",,40.0
txn_f726cd64,6648.0,50,MEDIUM,INSUFFICIENT_FUNDS,PAYMENT_REMINDER,Base action selected for INSUFFICIENT_FUNDS,1994.4,0.3,2,False,[],,20.0
txn_839e13d4,35283.0,55,MEDIUM,OVERDUE_RECEIVABLE,PAYMENT_REMINDER,Invoice is 2 days overdue (early stage),17641.5,0.5,2,False,"[""OVERDUE_EARLY""]",,40.0
txn_ae87fc23,11430.0,45,MEDIUM,OVERDUE_RECEIVABLE,HUMAN_APPROVAL,Invoice is severely overdue (74 days). Requires human approval.,5715.0,0.5,0,True,"[""OVERDUE_SEVERE""]",,60.0
txn_467b8da4,31473.0,25,LOW,CHECKOUT_ABANDONMENT,PAYMENT_REMINDER,Base action selected for CHECKOUT_ABANDONMENT,11015.55,0.35,2,False,[],,45.0
txn_3764e991,10203.0,65,HIGH,OVERDUE_RECEIVABLE,HUMAN_APPROVAL,Invoice is severely overdue (58 days). Requires human approval.,5101.5,0.5,0,True,"[""OVERDUE_SEVERE""]",,40.0
txn_75dce72b,29640.0,45,MEDIUM,OVERDUE_RECEIVABLE,HUMAN_APPROVAL,Invoice is severely overdue (57 days). Requires human approval.,14820.0,0.5,0,True,"[""OVERDUE_SEVERE""]",,50.0
txn_81c8cec4,2275.0,50,MEDIUM,PAYMENT_INFRASTRUCTURE_FAILURE,SMART_RETRY,Base action selected for PAYMENT_INFRASTRUCTURE_FAILURE,1592.5,0.7,5,False,[],,60.0
txn_3d4c8b61,36306.0,40,MEDIUM,TEMPORARY_PAYMENT_FAILURE,SMART_RETRY,Base action selected for TEMPORARY_PAYMENT_FAILURE,27229.5,0.75,5,False,[],,75.0
txn_5bd5db7d,35415.0,40,MEDIUM,PAYMENT_INFRASTRUCTURE_FAILURE,SMART_RETRY,Base action selected for PAYMENT_INFRASTRUCTURE_FAILURE,24790.5,0.7,5,False,[],,70.0
txn_5131ce39,31514.0,30,MEDIUM,INSUFFICIENT_FUNDS,PAYMENT_REMINDER,Base action selected for INSUFFICIENT_FUNDS,9454.2,0.3,2,False,[],,30.0
txn_b0b6e6ac,33987.0,45,MEDIUM,OVERDUE_RECEIVABLE,HUMAN_APPROVAL,Invoice is severely overdue (66 days). Requires human approval.,16993.5,0.5,0,True,"[""OVERDUE_SEVERE""]",,60.0
txn_37bee997,38742.0,45,MEDIUM,OVERDUE_RECEIVABLE,HUMAN_APPROVAL,Invoice is severely overdue (66 days). Requires human approval.,19371.0,0.5,0,True,"[""OVERDUE_SEVERE""]",,60.0
txn_4816d47c,30052.0,45,MEDIUM,OVERDUE_RECEIVABLE,HUMAN_APPROVAL,Invoice is severely overdue (52 days). Requires human approval.,15026.0,0.5,0,True,"[""OVERDUE_SEVERE""]",,60.0
txn_3a3320dd,14832.0,45,MEDIUM,OVERDUE_RECEIVABLE,HUMAN_APPROVAL,Invoice is severely overdue (37 days). Requires human approval.,7416.0,0.5,0,True,"[""OVERDUE_SEVERE""]",,50.0
txn_3e0ea41f,2849.0,50,MEDIUM,INSUFFICIENT_FUNDS,PAYMENT_REMINDER,Base action selected for INSUFFICIENT_FUNDS,854.7,0.3,2,False,[],,20.0
txn_a0d86904,23595.0,65,HIGH,OVERDUE_RECEIVABLE,HUMAN_APPROVAL,Invoice is severely overdue (59 days). Requires human approval.,11797.5,0.5,0,True,"[""OVERDUE_SEVERE""]",,40.0
txn_fcc2ec76,49976.0,45,MEDIUM,OVERDUE_RECEIVABLE,HUMAN_APPROVAL,Invoice is severely overdue (74 days). Requires human approval.,24988.0,0.5,0,True,"[""OVERDUE_SEVERE""]",,60.0
txn_790ae553,31395.0,30,MEDIUM,PAYMENT_INFRASTRUCTURE_FAILURE,SMART_RETRY,Base action selected for PAYMENT_INFRASTRUCTURE_FAILURE,21976.5,0.7,5,False,[],,80.0
txn_2726749f,22524.0,30,MEDIUM,INSUFFICIENT_FUNDS,PAYMENT_REMINDER,Base action selected for INSUFFICIENT_FUNDS,6757.2,0.3,2,False,[],,40.0
txn_e76df8b7,12077.0,45,MEDIUM,CHECKOUT_ABANDONMENT,PAYMENT_REMINDER,Base action selected for CHECKOUT_ABANDONMENT,4226.95,0.35,2,False,[],,25.0
txn_0eba78b1,4850.0,55,MEDIUM,OVERDUE_RECEIVABLE,HUMAN_APPROVAL,Invoice is severely overdue (50 days). Requires human approval.,2425.0,0.5,0,True,"[""OVERDUE_SEVERE""]",,60.0
txn_87e50911,3966.0,30,MEDIUM,TEMPORARY_PAYMENT_FAILURE,SMART_RETRY,Base action selected for TEMPORARY_PAYMENT_FAILURE,2974.5,0.75,5,False,[],,75.0
txn_1028086e,42937.0,45,MEDIUM,OVERDUE_RECEIVABLE,RECEIVABLES_ESCALATION,Invoice is 12 days overdue (escalation stage),21468.5,0.5,50,False,"[""OVERDUE_ESCALATION""]",,50.0
txn_2cbb4111,34303.0,35,MEDIUM,CHECKOUT_ABANDONMENT,PAYMENT_REMINDER,Base action selected for CHECKOUT_ABANDONMENT,12006.05,0.35,2,False,[],,35.0
txn_74b60e43,7121.0,25,LOW,CHECKOUT_ABANDONMENT,PAYMENT_REMINDER,Base action selected for CHECKOUT_ABANDONMENT,2492.35,0.35,2,False,[],,45.0
txn_4c6a4cdb,30423.0,45,MEDIUM,OVERDUE_RECEIVABLE,HUMAN_APPROVAL,Invoice is severely overdue (65 days). Requires human approval.,15211.5,0.5,0,True,"[""OVERDUE_SEVERE""]",,60.0
txn_b499f365,3637.0,30,MEDIUM,PAYMENT_METHOD_FAILURE,PAYMENT_REMINDER,Base action selected for PAYMENT_METHOD_FAILURE,1454.8,0.4,2,False,[],,50.0
txn_fad8b64f,44834.0,45,MEDIUM,OVERDUE_RECEIVABLE,RECEIVABLES_ESCALATION,Invoice is 23 days overdue (escalation stage),22417.0,0.5,50,False,"[""OVERDUE_ESCALATION""]",,60.0
txn_8b64ed40,4000.0,35,MEDIUM,OVERDUE_RECEIVABLE,PAYMENT_REMINDER,Invoice is 2 days overdue (early stage),2000.0,0.5,2,False,"[""OVERDUE_EARLY""]",,60.0
txn_b0cc4461,46249.0,25,LOW,CHECKOUT_ABANDONMENT,PAYMENT_REMINDER,Base action selected for CHECKOUT_ABANDONMENT,16187.15,0.35,2,False,[],,45.0
txn_193bd0e2,20027.0,40,MEDIUM,PAYMENT_METHOD_FAILURE,PAYMENT_REMINDER,Base action selected for PAYMENT_METHOD_FAILURE,8010.8,0.4,2,False,[],,50.0
txn_89c25d71,11520.0,30,MEDIUM,INSUFFICIENT_FUNDS,PAYMENT_REMINDER,Base action selected for INSUFFICIENT_FUNDS,3456.0,0.3,2,False,[],,30.0
txn_125127cb,14374.0,30,MEDIUM,PAYMENT_INFRASTRUCTURE_FAILURE,SMART_RETRY,Base action selected for PAYMENT_INFRASTRUCTURE_FAILURE,10061.8,0.7,5,False,[],,70.0
txn_ed93885d,2193.0,30,MEDIUM,OTHER_REVENUE_RISK,PAYMENT_REMINDER,Base action selected for OTHER_REVENUE_RISK,438.6,0.2,2,False,[],,20.0
txn_63864e04,29666.0,55,MEDIUM,OVERDUE_RECEIVABLE,HUMAN_APPROVAL,Invoice is severely overdue (42 days). Requires human approval.,14833.0,0.5,0,True,"[""OVERDUE_SEVERE""]",,60.0
txn_d70775cd,37163.0,30,MEDIUM,AUTHENTICATION_FAILURE,PAYMENT_REMINDER,Base action selected for AUTHENTICATION_FAILURE,16723.35,0.45,2,False,[],,55.0
txn_618801a6,46047.0,50,MEDIUM,OTHER_REVENUE_RISK,PAYMENT_REMINDER,Base action selected for OTHER_REVENUE_RISK,9209.4,0.2,2,False,[],,10
txn_92ebf229,45043.0,35,MEDIUM,OVERDUE_RECEIVABLE,RECEIVABLES_ESCALATION,Invoice is 10 days overdue (escalation stage),22521.5,0.5,50,False,"[""OVERDUE_ESCALATION""]",,60.0
txn_7dd6759d,2011.0,45,MEDIUM,OVERDUE_RECEIVABLE,HUMAN_APPROVAL,Invoice is severely overdue (34 days). Requires human approval.,1005.5,0.5,0,True,"[""OVERDUE_SEVERE""]",,50.0
txn_196ebde3,25872.0,45,MEDIUM,OVERDUE_RECEIVABLE,HUMAN_APPROVAL,Invoice is severely overdue (59 days). Requires human approval.,12936.0,0.5,0,True,"[""OVERDUE_SEVERE""]",,60.0
txn_078df7d6,8880.0,25,LOW,CHECKOUT_ABANDONMENT,PAYMENT_REMINDER,Base action selected for CHECKOUT_ABANDONMENT,3108.0,0.35,2,False,[],,35.0
txn_dad0ac36,32835.0,40,MEDIUM,TEMPORARY_PAYMENT_FAILURE,SMART_RETRY,Base action selected for TEMPORARY_PAYMENT_FAILURE,24626.25,0.75,5,False,[],,65.0
txn_9f5f3d02,42741.0,45,MEDIUM,OVERDUE_RECEIVABLE,HUMAN_APPROVAL,Invoice is severely overdue (70 days). Requires human approval.,21370.5,0.5,0,True,"[""OVERDUE_SEVERE""]",,60.0
txn_52727739,44708.0,55,MEDIUM,OVERDUE_RECEIVABLE,PAYMENT_REMINDER,Invoice is 3 days overdue (early stage),22354.0,0.5,2,False,"[""OVERDUE_EARLY""]",,40.0
txn_a37c8fd9,28473.0,45,MEDIUM,OVERDUE_RECEIVABLE,HUMAN_APPROVAL,Invoice is severely overdue (65 days). Requires human approval.,14236.5,0.5,0,True,"[""OVERDUE_SEVERE""]",,50.0
txn_444c97fc,42574.0,65,HIGH,OVERDUE_RECEIVABLE,HUMAN_APPROVAL,Invoice is severely overdue (87 days). Requires human approval.,21287.0,0.5,0,True,"[""OVERDUE_SEVERE""]",,40.0
txn_35a6b547,21430.0,45,MEDIUM,OVERDUE_RECEIVABLE,HUMAN_APPROVAL,Invoice is severely overdue (84 days). Requires human approval.,10715.0,0.5,0,True,"[""OVERDUE_SEVERE""]",,60.0
txn_9477984d,4406.0,40,MEDIUM,PAYMENT_METHOD_FAILURE,PAYMENT_REMINDER,Base action selected for PAYMENT_METHOD_FAILURE,1762.4,0.4,2,False,[],,50.0
txn_ec4804e0,8188.0,40,MEDIUM,AUTHENTICATION_FAILURE,PAYMENT_REMINDER,Base action selected for AUTHENTICATION_FAILURE,3684.6,0.45,2,False,[],,35.0
txn_5e20153d,43306.0,45,MEDIUM,OVERDUE_RECEIVABLE,HUMAN_APPROVAL,Invoice is severely overdue (88 days). Requires human approval.,21653.0,0.5,0,True,"[""OVERDUE_SEVERE""]",,60.0
txn_9d16278f,12558.0,30,MEDIUM,TEMPORARY_PAYMENT_FAILURE,SMART_RETRY,Base action selected for TEMPORARY_PAYMENT_FAILURE,9418.5,0.75,5,False,[],,75.0
txn_b4fe9de9,28591.0,45,MEDIUM,CHECKOUT_ABANDONMENT,PAYMENT_REMINDER,Base action selected for CHECKOUT_ABANDONMENT,10006.85,0.35,2,False,[],,25.0
txn_e8631a98,33415.0,35,MEDIUM,OVERDUE_RECEIVABLE,PAYMENT_REMINDER,Invoice is 3 days overdue (early stage),16707.5,0.5,2,False,"[""OVERDUE_EARLY""]",,60.0
txn_4339e1ea,37198.0,55,MEDIUM,OVERDUE_RECEIVABLE,RECEIVABLES_ESCALATION,Invoice is 20 days overdue (escalation stage),18599.0,0.5,50,False,"[""OVERDUE_ESCALATION""]",,50.0
txn_0c91f52a,16132.0,45,MEDIUM,OVERDUE_RECEIVABLE,RECEIVABLES_ESCALATION,Invoice is 9 days overdue (escalation stage),8066.0,0.5,50,False,"[""OVERDUE_ESCALATION""]",,40.0
txn_ecaf1afd,12248.0,25,LOW,CHECKOUT_ABANDONMENT,PAYMENT_REMINDER,Base action selected for CHECKOUT_ABANDONMENT,4286.8,0.35,2,False,[],,45.0
txn_658a4350,35146.0,65,HIGH,OVERDUE_RECEIVABLE,HUMAN_APPROVAL,Invoice is severely overdue (80 days). Requires human approval.,17573.0,0.5,0,True,"[""OVERDUE_SEVERE""]",,40.0
txn_0f75e7e1,45862.0,30,MEDIUM,PAYMENT_METHOD_FAILURE,PAYMENT_REMINDER,Base action selected for PAYMENT_METHOD_FAILURE,18344.8,0.4,2,False,[],,50.0
txn_d1dbffd8,37994.0,30,MEDIUM,PAYMENT_METHOD_FAILURE,PAYMENT_REMINDER,Base action selected for PAYMENT_METHOD_FAILURE,15197.6,0.4,2,False,[],,50.0
txn_3a29aaf8,178.0,50,MEDIUM,AUTHENTICATION_FAILURE,PAYMENT_REMINDER,Base action selected for AUTHENTICATION_FAILURE,80.1,0.45,2,False,[],,35.0
txn_cca89443,2313.0,30,MEDIUM,INSUFFICIENT_FUNDS,PAYMENT_REMINDER,Base action selected for INSUFFICIENT_FUNDS,693.9,0.3,2,False,[],,30.0
txn_fe3ba3b5,9101.0,30,MEDIUM,PAYMENT_METHOD_FAILURE,PAYMENT_REMINDER,Base action selected for PAYMENT_METHOD_FAILURE,3640.4,0.4,2,False,[],,50.0
txn_37f481b7,19246.0,25,LOW,CHECKOUT_ABANDONMENT,PAYMENT_REMINDER,Base action selected for CHECKOUT_ABANDONMENT,6736.1,0.35,2,False,[],,45.0
txn_6d639bd9,29299.0,25,LOW,CHECKOUT_ABANDONMENT,PAYMENT_REMINDER,Base action selected for CHECKOUT_ABANDONMENT,10254.65,0.35,2,False,[],,45.0
txn_fae92b5b,2543.0,25,LOW,CHECKOUT_ABANDONMENT,PAYMENT_REMINDER,Base action selected for CHECKOUT_ABANDONMENT,890.05,0.35,2,False,[],,45.0
txn_ed1de275,25102.0,25,LOW,CHECKOUT_ABANDONMENT,PAYMENT_REMINDER,Base action selected for CHECKOUT_ABANDONMENT,8785.7,0.35,2,False,[],,45.0
txn_b1482b3e,12584.0,55,MEDIUM,OVERDUE_RECEIVABLE,HUMAN_APPROVAL,Invoice is severely overdue (53 days). Requires human approval.,6292.0,0.5,0,True,"[""OVERDUE_SEVERE""]",,60.0
txn_d19b210c,35507.0,50,MEDIUM,TEMPORARY_PAYMENT_FAILURE,SMART_RETRY,Base action selected for TEMPORARY_PAYMENT_FAILURE,26630.25,0.75,5,False,[],,65.0
txn_cc39882e,44030.0,30,MEDIUM,AUTHENTICATION_FAILURE,PAYMENT_REMINDER,Base action selected for AUTHENTICATION_FAILURE,19813.5,0.45,2,False,[],,55.0
txn_22aa0b90,11440.0,55,MEDIUM,OVERDUE_RECEIVABLE,RECEIVABLES_ESCALATION,Invoice is 30 days overdue (escalation stage),5720.0,0.5,50,False,"[""OVERDUE_ESCALATION""]",,50.0
txn_d2702897,8738.0,30,MEDIUM,PAYMENT_METHOD_FAILURE,PAYMENT_REMINDER,Base action selected for PAYMENT_METHOD_FAILURE,3495.2,0.4,2,False,[],,50.0
txn_5552cbc3,19280.0,35,MEDIUM,CHECKOUT_ABANDONMENT,PAYMENT_REMINDER,Base action selected for CHECKOUT_ABANDONMENT,6748.0,0.35,2,False,[],,25.0
txn_aa79d1a4,17382.0,45,MEDIUM,OVERDUE_RECEIVABLE,PAYMENT_REMINDER,Invoice is 7 days overdue (early stage),8691.0,0.5,2,False,"[""OVERDUE_EARLY""]",,50.0
txn_547e9117,41317.0,30,MEDIUM,INSUFFICIENT_FUNDS,PAYMENT_REMINDER,Base action selected for INSUFFICIENT_FUNDS,12395.1,0.3,2,False,[],,40.0
txn_fcb0fd59,25349.0,30,MEDIUM,PAYMENT_INFRASTRUCTURE_FAILURE,SMART_RETRY,Base action selected for PAYMENT_INFRASTRUCTURE_FAILURE,17744.3,0.7,5,False,[],,70.0
txn_a7749a94,2850.0,55,MEDIUM,OVERDUE_RECEIVABLE,HUMAN_APPROVAL,Invoice is severely overdue (31 days). Requires human approval.,1425.0,0.5,0,True,"[""OVERDUE_SEVERE""]",,40.0
txn_8ee5e146,16469.0,30,MEDIUM,PAYMENT_INFRASTRUCTURE_FAILURE,SMART_RETRY,Base action selected for PAYMENT_INFRASTRUCTURE_FAILURE,11528.3,0.7,5,False,[],,80.0
txn_fc1c896e,13361.0,25,LOW,CHECKOUT_ABANDONMENT,PAYMENT_REMINDER,Base action selected for CHECKOUT_ABANDONMENT,4676.35,0.35,2,False,[],,35.0
txn_c57f622d,32808.0,25,LOW,CHECKOUT_ABANDONMENT,PAYMENT_REMINDER,Base action selected for CHECKOUT_ABANDONMENT,11482.8,0.35,2,False,[],,35.0
txn_ca57893d,776.0,35,MEDIUM,CHECKOUT_ABANDONMENT,PAYMENT_REMINDER,Base action selected for CHECKOUT_ABANDONMENT,271.6,0.35,2,False,[],,25.0
txn_0ca78c14,20627.0,30,MEDIUM,OTHER_REVENUE_RISK,PAYMENT_REMINDER,Base action selected for OTHER_REVENUE_RISK,4125.4,0.2,2,False,[],,20.0
txn_43962e80,39273.0,45,MEDIUM,OVERDUE_RECEIVABLE,HUMAN_APPROVAL,Invoice is severely overdue (41 days). Requires human approval.,19636.5,0.5,0,True,"[""OVERDUE_SEVERE""]",,60.0
txn_aec51fc0,10586.0,25,LOW,CHECKOUT_ABANDONMENT,PAYMENT_REMINDER,Base action selected for CHECKOUT_ABANDONMENT,3705.1,0.35,2,False,[],,35.0
txn_9eee1caa,2901.0,45,MEDIUM,OVERDUE_RECEIVABLE,HUMAN_APPROVAL,Invoice is severely overdue (56 days). Requires human approval.,1450.5,0.5,0,True,"[""OVERDUE_SEVERE""]",,60.0
txn_ee3b89f8,33612.0,50,MEDIUM,OTHER_REVENUE_RISK,PAYMENT_REMINDER,Base action selected for OTHER_REVENUE_RISK,6722.4,0.2,2,False,[],,10
txn_8d41c0b3,6914.0,55,MEDIUM,OVERDUE_RECEIVABLE,HUMAN_APPROVAL,Invoice is severely overdue (75 days). Requires human approval.,3457.0,0.5,0,True,"[""OVERDUE_SEVERE""]",,50.0
txn_34e14c35,14367.0,50,MEDIUM,SUBSCRIPTION_PAYMENT_FAILURE,MANDATE_RETRY,Base action selected for SUBSCRIPTION_PAYMENT_FAILURE,7901.85,0.55,5,False,[],,45.00000000000001
txn_24d72b00,44217.0,55,MEDIUM,OVERDUE_RECEIVABLE,RECEIVABLES_ESCALATION,Invoice is 27 days overdue (escalation stage),22108.5,0.5,50,False,"[""OVERDUE_ESCALATION""]",,60.0
txn_4588227d,49254.0,45,MEDIUM,OVERDUE_RECEIVABLE,HUMAN_APPROVAL,Invoice is severely overdue (52 days). Requires human approval.,24627.0,0.5,0,True,"[""OVERDUE_SEVERE""]",,60.0
txn_e026fdfc,12543.0,55,MEDIUM,OVERDUE_RECEIVABLE,RECEIVABLES_ESCALATION,Invoice is 20 days overdue (escalation stage),6271.5,0.5,50,False,"[""OVERDUE_ESCALATION""]",,50.0
txn_5aceadbf,45995.0,40,MEDIUM,AUTHENTICATION_FAILURE,PAYMENT_REMINDER,Base action selected for AUTHENTICATION_FAILURE,20697.75,0.45,2,False,[],,35.0
txn_f88a29c4,27559.0,65,HIGH,OVERDUE_RECEIVABLE,HUMAN_APPROVAL,Invoice is severely overdue (75 days). Requires human approval.,13779.5,0.5,0,True,"[""OVERDUE_SEVERE""]",,40.0
txn_ff051c7a,47036.0,50,MEDIUM,OTHER_REVENUE_RISK,PAYMENT_REMINDER,Base action selected for OTHER_REVENUE_RISK,9407.2,0.2,2,False,[],,10
txn_1ff302bf,18727.0,45,MEDIUM,OVERDUE_RECEIVABLE,HUMAN_APPROVAL,Invoice is severely overdue (52 days). Requires human approval.,9363.5,0.5,0,True,"[""OVERDUE_SEVERE""]",,60.0
txn_87464c77,1284.0,45,MEDIUM,OVERDUE_RECEIVABLE,HUMAN_APPROVAL,Invoice is severely overdue (70 days). Requires human approval.,642.0,0.5,0,True,"[""OVERDUE_SEVERE""]",,50.0
txn_3d2b8595,37660.0,55,MEDIUM,OVERDUE_RECEIVABLE,HUMAN_APPROVAL,Invoice is severely overdue (72 days). Requires human approval.,18830.0,0.5,0,True,"[""OVERDUE_SEVERE""]",,50.0
txn_4e5745d5,48393.0,30,MEDIUM,INSUFFICIENT_FUNDS,PAYMENT_REMINDER,Base action selected for INSUFFICIENT_FUNDS,14517.9,0.3,2,False,[],,30.0
txn_e23fa440,39188.0,45,MEDIUM,OVERDUE_RECEIVABLE,HUMAN_APPROVAL,Invoice is severely overdue (46 days). Requires human approval.,19594.0,0.5,0,True,"[""OVERDUE_SEVERE""]",,60.0
txn_6cd8bfc7,12655.0,25,LOW,CHECKOUT_ABANDONMENT,PAYMENT_REMINDER,Base action selected for CHECKOUT_ABANDONMENT,4429.25,0.35,2,False,[],,35.0
txn_aa6219dc,9073.0,45,MEDIUM,OVERDUE_RECEIVABLE,HUMAN_APPROVAL,Invoice is severely overdue (41 days). Requires human approval.,4536.5,0.5,0,True,"[""OVERDUE_SEVERE""]",,50.0
txn_efbd0b1e,39155.0,30,MEDIUM,TEMPORARY_PAYMENT_FAILURE,SMART_RETRY,Base action selected for TEMPORARY_PAYMENT_FAILURE,29366.25,0.75,5,False,[],,85.0
txn_dce51b8a,31052.0,50,MEDIUM,OTHER_REVENUE_RISK,PAYMENT_REMINDER,Base action selected for OTHER_REVENUE_RISK,6210.4,0.2,2,False,[],,10
txn_d651f1d2,22793.0,40,MEDIUM,OTHER_REVENUE_RISK,PAYMENT_REMINDER,Base action selected for OTHER_REVENUE_RISK,4558.6,0.2,2,False,[],,10
txn_f5d94ac2,29501.0,30,MEDIUM,TEMPORARY_PAYMENT_FAILURE,SMART_RETRY,Base action selected for TEMPORARY_PAYMENT_FAILURE,22125.75,0.75,5,False,[],,85.0
txn_b6685c52,19485.0,45,MEDIUM,OVERDUE_RECEIVABLE,RECEIVABLES_ESCALATION,Invoice is 15 days overdue (escalation stage),9742.5,0.5,50,False,"[""OVERDUE_ESCALATION""]",,50.0
txn_1edc3709,29112.0,30,MEDIUM,PAYMENT_METHOD_FAILURE,PAYMENT_REMINDER,Base action selected for PAYMENT_METHOD_FAILURE,11644.8,0.4,2,False,[],,50.0
txn_17c54313,16939.0,30,MEDIUM,SUBSCRIPTION_PAYMENT_FAILURE,MANDATE_RETRY,Base action selected for SUBSCRIPTION_PAYMENT_FAILURE,9316.45,0.55,5,False,[],,65.0
txn_b341bd52,44008.0,30,MEDIUM,PAYMENT_INFRASTRUCTURE_FAILURE,SMART_RETRY,Base action selected for PAYMENT_INFRASTRUCTURE_FAILURE,30805.6,0.7,5,False,[],,80.0
txn_3a625b2c,5470.0,45,MEDIUM,OVERDUE_RECEIVABLE,HUMAN_APPROVAL,Invoice is severely overdue (60 days). Requires human approval.,2735.0,0.5,0,True,"[""OVERDUE_SEVERE""]",,50.0
txn_953e7d1c,27982.0,45,MEDIUM,OVERDUE_RECEIVABLE,HUMAN_APPROVAL,Invoice is severely overdue (64 days). Requires human approval.,13991.0,0.5,0,True,"[""OVERDUE_SEVERE""]",,60.0
txn_4ff08adc,13857.0,30,MEDIUM,AUTHENTICATION_FAILURE,PAYMENT_REMINDER,Base action selected for AUTHENTICATION_FAILURE,6235.65,0.45,2,False,[],,55.0
txn_8db75881,20618.0,35,MEDIUM,CHECKOUT_ABANDONMENT,PAYMENT_REMINDER,Base action selected for CHECKOUT_ABANDONMENT,7216.3,0.35,2,False,[],,45.0
txn_77e849e3,35006.0,55,MEDIUM,OVERDUE_RECEIVABLE,RECEIVABLES_ESCALATION,Invoice is 17 days overdue (escalation stage),17503.0,0.5,50,False,"[""OVERDUE_ESCALATION""]",,50.0
txn_a669104d,45789.0,45,MEDIUM,OVERDUE_RECEIVABLE,HUMAN_APPROVAL,Invoice is severely overdue (68 days). Requires human approval.,22894.5,0.5,0,True,"[""OVERDUE_SEVERE""]",,60.0
txn_4f0af965,33500.0,30,MEDIUM,PAYMENT_INFRASTRUCTURE_FAILURE,SMART_RETRY,Base action selected for PAYMENT_INFRASTRUCTURE_FAILURE,23450.0,0.7,5,False,[],,80.0
txn_8502c1c9,28293.0,55,MEDIUM,OVERDUE_RECEIVABLE,RECEIVABLES_ESCALATION,Invoice is 12 days overdue (escalation stage),14146.5,0.5,50,False,"[""OVERDUE_ESCALATION""]",,40.0
txn_e6f4cf73,43306.0,55,MEDIUM,OVERDUE_RECEIVABLE,HUMAN_APPROVAL,Invoice is severely overdue (78 days). Requires human approval.,21653.0,0.5,0,True,"[""OVERDUE_SEVERE""]",,40.0
txn_a1237cb6,7487.0,30,MEDIUM,PAYMENT_METHOD_FAILURE,PAYMENT_REMINDER,Base action selected for PAYMENT_METHOD_FAILURE,2994.8,0.4,2,False,[],,50.0
txn_95d269db,2689.0,25,LOW,CHECKOUT_ABANDONMENT,PAYMENT_REMINDER,Base action selected for CHECKOUT_ABANDONMENT,941.15,0.35,2,False,[],,35.0
txn_6c401d8f,23437.0,30,MEDIUM,AUTHENTICATION_FAILURE,PAYMENT_REMINDER,Base action selected for AUTHENTICATION_FAILURE,10546.65,0.45,2,False,[],,55.0
txn_6653469e,19665.0,45,MEDIUM,OVERDUE_RECEIVABLE,RECEIVABLES_ESCALATION,Invoice is 19 days overdue (escalation stage),9832.5,0.5,50,False,"[""OVERDUE_ESCALATION""]",,50.0
txn_12880414,3482.0,25,LOW,CHECKOUT_ABANDONMENT,PAYMENT_REMINDER,Base action selected for CHECKOUT_ABANDONMENT,1218.7,0.35,2,False,[],,45.0
txn_8323aae6,14197.0,30,MEDIUM,AUTHENTICATION_FAILURE,PAYMENT_REMINDER,Base action selected for AUTHENTICATION_FAILURE,6388.65,0.45,2,False,[],,55.0
txn_ce41efe4,2403.0,45,MEDIUM,OVERDUE_RECEIVABLE,PAYMENT_REMINDER,Invoice is 5 days overdue (early stage),1201.5,0.5,2,False,"[""OVERDUE_EARLY""]",,40.0
txn_6da62a50,32604.0,35,MEDIUM,CHECKOUT_ABANDONMENT,PAYMENT_REMINDER,Base action selected for CHECKOUT_ABANDONMENT,11411.4,0.35,2,False,[],,25.0
txn_e2171cc6,35294.0,45,MEDIUM,OVERDUE_RECEIVABLE,HUMAN_APPROVAL,Invoice is severely overdue (75 days). Requires human approval.,17647.0,0.5,0,True,"[""OVERDUE_SEVERE""]",,60.0
txn_1fb5bb50,35218.0,40,MEDIUM,INSUFFICIENT_FUNDS,PAYMENT_REMINDER,Base action selected for INSUFFICIENT_FUNDS,10565.4,0.3,2,False,[],,20.0
txn_595a7eab,37098.0,45,MEDIUM,OVERDUE_RECEIVABLE,RECEIVABLES_ESCALATION,Invoice is 15 days overdue (escalation stage),18549.0,0.5,50,False,"[""OVERDUE_ESCALATION""]",,60.0
txn_0cf95bcf,13161.0,55,MEDIUM,OVERDUE_RECEIVABLE,HUMAN_APPROVAL,Invoice is severely overdue (63 days). Requires human approval.,6580.5,0.5,0,True,"[""OVERDUE_SEVERE""]",,60.0
txn_6f93ff59,5487.0,55,MEDIUM,OVERDUE_RECEIVABLE,HUMAN_APPROVAL,Invoice is severely overdue (71 days). Requires human approval.,2743.5,0.5,0,True,"[""OVERDUE_SEVERE""]",,40.0
txn_67d8073b,38732.0,25,LOW,CHECKOUT_ABANDONMENT,PAYMENT_REMINDER,Base action selected for CHECKOUT_ABANDONMENT,13556.2,0.35,2,False,[],,35.0
txn_6f17a956,29307.0,25,LOW,CHECKOUT_ABANDONMENT,PAYMENT_REMINDER,Base action selected for CHECKOUT_ABANDONMENT,10257.45,0.35,2,False,[],,45.0
txn_d855999f,32663.0,55,MEDIUM,OVERDUE_RECEIVABLE,HUMAN_APPROVAL,Invoice is severely overdue (34 days). Requires human approval.,16331.5,0.5,0,True,"[""OVERDUE_SEVERE""]",,40.0
txn_533a341f,21554.0,30,MEDIUM,PAYMENT_INFRASTRUCTURE_FAILURE,SMART_RETRY,Base action selected for PAYMENT_INFRASTRUCTURE_FAILURE,15087.8,0.7,5,False,[],,80.0
txn_d59b1937,34988.0,55,MEDIUM,OVERDUE_RECEIVABLE,HUMAN_APPROVAL,Invoice is severely overdue (48 days). Requires human approval.,17494.0,0.5,0,True,"[""OVERDUE_SEVERE""]",,40.0
txn_74e33436,20118.0,30,MEDIUM,PAYMENT_METHOD_FAILURE,PAYMENT_REMINDER,Base action selected for PAYMENT_METHOD_FAILURE,8047.2,0.4,2,False,[],,40.0
txn_3bd1b91f,26326.0,30,MEDIUM,PAYMENT_METHOD_FAILURE,PAYMENT_REMINDER,Base action selected for PAYMENT_METHOD_FAILURE,10530.4,0.4,2,False,[],,50.0
txn_266d4a59,40964.0,25,LOW,CHECKOUT_ABANDONMENT,PAYMENT_REMINDER,Base action selected for CHECKOUT_ABANDONMENT,14337.4,0.35,2,False,[],,45.0
txn_02a1745d,9983.0,45,MEDIUM,OVERDUE_RECEIVABLE,RECEIVABLES_ESCALATION,Invoice is 12 days overdue (escalation stage),4991.5,0.5,50,False,"[""OVERDUE_ESCALATION""]",,50.0
txn_af4a136f,3343.0,30,MEDIUM,TEMPORARY_PAYMENT_FAILURE,SMART_RETRY,Base action selected for TEMPORARY_PAYMENT_FAILURE,2507.25,0.75,5,False,[],,85.0
txn_84bab238,41789.0,25,LOW,CHECKOUT_ABANDONMENT,PAYMENT_REMINDER,Base action selected for CHECKOUT_ABANDONMENT,14626.15,0.35,2,False,[],,35.0
txn_c77dbb41,29174.0,30,MEDIUM,AUTHENTICATION_FAILURE,PAYMENT_REMINDER,Base action selected for AUTHENTICATION_FAILURE,13128.3,0.45,2,False,[],,55.0
txn_16f98b00,41632.0,35,MEDIUM,CHECKOUT_ABANDONMENT,PAYMENT_REMINDER,Base action selected for CHECKOUT_ABANDONMENT,14571.2,0.35,2,False,[],,25.0
txn_67aef44c,47044.0,30,MEDIUM,INSUFFICIENT_FUNDS,PAYMENT_REMINDER,Base action selected for INSUFFICIENT_FUNDS,14113.2,0.3,2,False,[],,40.0
txn_5c2b3b2d,8944.0,25,LOW,CHECKOUT_ABANDONMENT,PAYMENT_REMINDER,Base action selected for CHECKOUT_ABANDONMENT,3130.4,0.35,2,False,[],,35.0
txn_0e9ad219,25295.0,45,MEDIUM,CHECKOUT_ABANDONMENT,PAYMENT_REMINDER,Base action selected for CHECKOUT_ABANDONMENT,8853.25,0.35,2,False,[],,25.0
txn_74a231d2,1405.0,30,MEDIUM,AUTHENTICATION_FAILURE,PAYMENT_REMINDER,Base action selected for AUTHENTICATION_FAILURE,632.25,0.45,2,False,[],,55.0
txn_fddf6969,9408.0,35,MEDIUM,OVERDUE_RECEIVABLE,RECEIVABLES_ESCALATION,Invoice is 12 days overdue (escalation stage),4704.0,0.5,50,False,"[""OVERDUE_ESCALATION""]",,60.0
txn_9c9c68c1,40732.0,40,MEDIUM,PAYMENT_INFRASTRUCTURE_FAILURE,SMART_RETRY,Base action selected for PAYMENT_INFRASTRUCTURE_FAILURE,28512.4,0.7,5,False,[],,70.0
txn_4db56377,48504.0,45,MEDIUM,OVERDUE_RECEIVABLE,HUMAN_APPROVAL,Invoice is severely overdue (55 days). Requires human approval.,24252.0,0.5,0,True,"[""OVERDUE_SEVERE""]",,60.0
txn_6286138a,32780.0,35,MEDIUM,CHECKOUT_ABANDONMENT,PAYMENT_REMINDER,Base action selected for CHECKOUT_ABANDONMENT,11473.0,0.35,2,False,[],,25.0
txn_597043eb,21075.0,55,MEDIUM,OVERDUE_RECEIVABLE,HUMAN_APPROVAL,Invoice is severely overdue (61 days). Requires human approval.,10537.5,0.5,0,True,"[""OVERDUE_SEVERE""]",,50.0
txn_7293bccd,34839.0,35,MEDIUM,OVERDUE_RECEIVABLE,PAYMENT_REMINDER,Invoice is 3 days overdue (early stage),17419.5,0.5,2,False,"[""OVERDUE_EARLY""]",,60.0
txn_95158916,11658.0,30,MEDIUM,OTHER_REVENUE_RISK,PAYMENT_REMINDER,Base action selected for OTHER_REVENUE_RISK,2331.6,0.2,2,False,[],,20.0
txn_bc1c6218,39682.0,45,MEDIUM,OVERDUE_RECEIVABLE,RECEIVABLES_ESCALATION,Invoice is 19 days overdue (escalation stage),19841.0,0.5,50,False,"[""OVERDUE_ESCALATION""]",,60.0
txn_df727943,32855.0,55,MEDIUM,OVERDUE_RECEIVABLE,HUMAN_APPROVAL,Invoice is severely overdue (44 days). Requires human approval.,16427.5,0.5,0,True,"[""OVERDUE_SEVERE""]",,40.0
txn_50ebcb25,17117.0,25,LOW,CHECKOUT_ABANDONMENT,PAYMENT_REMINDER,Base action selected for CHECKOUT_ABANDONMENT,5990.95,0.35,2,False,[],,45.0
txn_dfe047e6,49047.0,55,MEDIUM,OVERDUE_RECEIVABLE,HUMAN_APPROVAL,Invoice is severely overdue (53 days). Requires human approval.,24523.5,0.5,0,True,"[""OVERDUE_SEVERE""]",,60.0
txn_5565d176,26318.0,45,MEDIUM,OVERDUE_RECEIVABLE,RECEIVABLES_ESCALATION,Invoice is 25 days overdue (escalation stage),13159.0,0.5,50,False,"[""OVERDUE_ESCALATION""]",,60.0
txn_70c6dfb9,21405.0,25,LOW,CHECKOUT_ABANDONMENT,PAYMENT_REMINDER,Base action selected for CHECKOUT_ABANDONMENT,7491.75,0.35,2,False,[],,45.0
txn_77bf2140,36147.0,25,LOW,CHECKOUT_ABANDONMENT,PAYMENT_REMINDER,Base action selected for CHECKOUT_ABANDONMENT,12651.45,0.35,2,False,[],,45.0
txn_ade6ceeb,49340.0,25,LOW,CHECKOUT_ABANDONMENT,PAYMENT_REMINDER,Base action selected for CHECKOUT_ABANDONMENT,17269.0,0.35,2,False,[],,35.0
txn_f3d7012b,26411.0,45,MEDIUM,OVERDUE_RECEIVABLE,RECEIVABLES_ESCALATION,Invoice is 26 days overdue (escalation stage),13205.5,0.5,50,False,"[""OVERDUE_ESCALATION""]",,50.0
txn_9c0ca186,18061.0,45,MEDIUM,OVERDUE_RECEIVABLE,HUMAN_APPROVAL,Invoice is severely overdue (61 days). Requires human approval.,9030.5,0.5,0,True,"[""OVERDUE_SEVERE""]",,60.0
txn_c858e8ae,28000.0,45,MEDIUM,OVERDUE_RECEIVABLE,RECEIVABLES_ESCALATION,Invoice is 16 days overdue (escalation stage),14000.0,0.5,50,False,"[""OVERDUE_ESCALATION""]",,60.0
txn_19fb5725,17701.0,45,MEDIUM,OVERDUE_RECEIVABLE,HUMAN_APPROVAL,Invoice is severely overdue (41 days). Requires human approval.,8850.5,0.5,0,True,"[""OVERDUE_SEVERE""]",,60.0
txn_7bdba664,19728.0,30,MEDIUM,OTHER_REVENUE_RISK,PAYMENT_REMINDER,Base action selected for OTHER_REVENUE_RISK,3945.6,0.2,2,False,[],,30.0
txn_8200dd03,16770.0,30,MEDIUM,SUBSCRIPTION_PAYMENT_FAILURE,MANDATE_RETRY,Base action selected for SUBSCRIPTION_PAYMENT_FAILURE,9223.5,0.55,5,False,[],,65.0
txn_1da402e5,18118.0,55,MEDIUM,OVERDUE_RECEIVABLE,RECEIVABLES_ESCALATION,Invoice is 8 days overdue (escalation stage),9059.0,0.5,50,False,"[""OVERDUE_ESCALATION""]",,40.0
txn_0e86c3be,45636.0,35,MEDIUM,OVERDUE_RECEIVABLE,PAYMENT_REMINDER,Invoice is 6 days overdue (early stage),22818.0,0.5,2,False,"[""OVERDUE_EARLY""]",,60.0
txn_6c6e5ea6,46842.0,40,MEDIUM,TEMPORARY_PAYMENT_FAILURE,SMART_RETRY,Base action selected for TEMPORARY_PAYMENT_FAILURE,35131.5,0.75,5,False,[],,65.0
txn_96b34ec0,43290.0,25,LOW,CHECKOUT_ABANDONMENT,PAYMENT_REMINDER,Base action selected for CHECKOUT_ABANDONMENT,15151.5,0.35,2,False,[],,45.0
txn_e6c6939f,37625.0,25,LOW,CHECKOUT_ABANDONMENT,PAYMENT_REMINDER,Base action selected for CHECKOUT_ABANDONMENT,13168.75,0.35,2,False,[],,45.0
txn_9b01fff6,2230.0,25,LOW,CHECKOUT_ABANDONMENT,PAYMENT_REMINDER,Base action selected for CHECKOUT_ABANDONMENT,780.5,0.35,2,False,[],,45.0
txn_f7646354,4500.0,35,MEDIUM,CHECKOUT_ABANDONMENT,PAYMENT_REMINDER,Base action selected for CHECKOUT_ABANDONMENT,1575.0,0.35,2,False,[],,25.0
txn_cb05eaab,826.0,25,LOW,CHECKOUT_ABANDONMENT,PAYMENT_REMINDER,Base action selected for CHECKOUT_ABANDONMENT,289.1,0.35,2,False,[],,35.0
txn_92915dad,36937.0,25,LOW,CHECKOUT_ABANDONMENT,PAYMENT_REMINDER,Base action selected for CHECKOUT_ABANDONMENT,12927.95,0.35,2,False,[],,45.0
txn_f5418f66,2280.0,45,MEDIUM,OVERDUE_RECEIVABLE,HUMAN_APPROVAL,Invoice is severely overdue (44 days). Requires human approval.,1140.0,0.5,0,True,"[""OVERDUE_SEVERE""]",,60.0
txn_77fb2c43,7980.0,25,LOW,CHECKOUT_ABANDONMENT,PAYMENT_REMINDER,Base action selected for CHECKOUT_ABANDONMENT,2793.0,0.35,2,False,[],,45.0
txn_8c0266f8,37759.0,45,MEDIUM,OVERDUE_RECEIVABLE,HUMAN_APPROVAL,Invoice is severely overdue (83 days). Requires human approval.,18879.5,0.5,0,True,"[""OVERDUE_SEVERE""]",,60.0
txn_4107e5af,10568.0,25,LOW,CHECKOUT_ABANDONMENT,PAYMENT_REMINDER,Base action selected for CHECKOUT_ABANDONMENT,3698.8,0.35,2,False,[],,45.0
txn_d6d29a2d,15394.0,25,LOW,CHECKOUT_ABANDONMENT,PAYMENT_REMINDER,Base action selected for CHECKOUT_ABANDONMENT,5387.9,0.35,2,False,[],,45.0
txn_cfa8b8c7,40125.0,25,LOW,CHECKOUT_ABANDONMENT,PAYMENT_REMINDER,Base action selected for CHECKOUT_ABANDONMENT,14043.75,0.35,2,False,[],,45.0
txn_35cccfee,38855.0,30,MEDIUM,TEMPORARY_PAYMENT_FAILURE,SMART_RETRY,Base action selected for TEMPORARY_PAYMENT_FAILURE,29141.25,0.75,5,False,[],,85.0
txn_e0887d7b,30633.0,50,MEDIUM,AUTHENTICATION_FAILURE,PAYMENT_REMINDER,Base action selected for AUTHENTICATION_FAILURE,13784.85,0.45,2,False,[],,35.0
txn_b28dedb1,22627.0,50,MEDIUM,TEMPORARY_PAYMENT_FAILURE,SMART_RETRY,Base action selected for TEMPORARY_PAYMENT_FAILURE,16970.25,0.75,5,False,[],,65.0
txn_ff584654,2887.0,40,MEDIUM,TEMPORARY_PAYMENT_FAILURE,SMART_RETRY,Base action selected for TEMPORARY_PAYMENT_FAILURE,2165.25,0.75,5,False,[],,65.0
txn_d58b9396,43387.0,35,MEDIUM,OVERDUE_RECEIVABLE,PAYMENT_REMINDER,Invoice is 3 days overdue (early stage),21693.5,0.5,2,False,"[""OVERDUE_EARLY""]",,60.0
txn_0632e266,11583.0,25,LOW,CHECKOUT_ABANDONMENT,PAYMENT_REMINDER,Base action selected for CHECKOUT_ABANDONMENT,4054.05,0.35,2,False,[],,35.0
txn_ea0ae895,25101.0,45,MEDIUM,CHECKOUT_ABANDONMENT,PAYMENT_REMINDER,Base action selected for CHECKOUT_ABANDONMENT,8785.35,0.35,2,False,[],,25.0
txn_9d66b769,31855.0,25,LOW,CHECKOUT_ABANDONMENT,PAYMENT_REMINDER,Base action selected for CHECKOUT_ABANDONMENT,11149.25,0.35,2,False,[],,45.0
txn_6db6f0ec,10337.0,45,MEDIUM,OVERDUE_RECEIVABLE,RECEIVABLES_ESCALATION,Invoice is 29 days overdue (escalation stage),5168.5,0.5,50,False,"[""OVERDUE_ESCALATION""]",,60.0
txn_d7b0e8dd,24165.0,25,LOW,CHECKOUT_ABANDONMENT,PAYMENT_REMINDER,Base action selected for CHECKOUT_ABANDONMENT,8457.75,0.35,2,False,[],,35.0
txn_c6cac672,33524.0,45,MEDIUM,OVERDUE_RECEIVABLE,HUMAN_APPROVAL,Invoice is severely overdue (70 days). Requires human approval.,16762.0,0.5,0,True,"[""OVERDUE_SEVERE""]",,60.0
txn_c00fb9d6,39704.0,45,MEDIUM,CHECKOUT_ABANDONMENT,PAYMENT_REMINDER,Base action selected for CHECKOUT_ABANDONMENT,13896.4,0.35,2,False,[],,25.0
txn_040e71b5,39388.0,30,MEDIUM,PAYMENT_METHOD_FAILURE,PAYMENT_REMINDER,Base action selected for PAYMENT_METHOD_FAILURE,15755.2,0.4,2,False,[],,50.0
txn_1a7b2e14,43237.0,40,MEDIUM,AUTHENTICATION_FAILURE,PAYMENT_REMINDER,Base action selected for AUTHENTICATION_FAILURE,19456.65,0.45,2,False,[],,45.0
txn_961e6778,35723.0,45,MEDIUM,OVERDUE_RECEIVABLE,HUMAN_APPROVAL,Invoice is severely overdue (61 days). Requires human approval.,17861.5,0.5,0,True,"[""OVERDUE_SEVERE""]",,60.0
txn_2b95ce2d,43820.0,30,MEDIUM,INSUFFICIENT_FUNDS,PAYMENT_REMINDER,Base action selected for INSUFFICIENT_FUNDS,13146.0,0.3,2,False,[],,40.0
txn_adc693c9,2130.0,35,MEDIUM,CHECKOUT_ABANDONMENT,PAYMENT_REMINDER,Base action selected for CHECKOUT_ABANDONMENT,745.5,0.35,2,False,[],,25.0
txn_3c47186e,26358.0,55,MEDIUM,OVERDUE_RECEIVABLE,RECEIVABLES_ESCALATION,Invoice is 17 days overdue (escalation stage),13179.0,0.5,50,False,"[""OVERDUE_ESCALATION""]",,60.0
txn_fec3258d,18126.0,55,MEDIUM,OVERDUE_RECEIVABLE,HUMAN_APPROVAL,Invoice is severely overdue (58 days). Requires human approval.,9063.0,0.5,0,True,"[""OVERDUE_SEVERE""]",,60.0
txn_22e7b91f,27361.0,45,MEDIUM,OVERDUE_RECEIVABLE,RECEIVABLES_ESCALATION,Invoice is 17 days overdue (escalation stage),13680.5,0.5,50,False,"[""OVERDUE_ESCALATION""]",,60.0
txn_360b5a4b,23514.0,25,LOW,CHECKOUT_ABANDONMENT,PAYMENT_REMINDER,Base action selected for CHECKOUT_ABANDONMENT,8229.9,0.35,2,False,[],,35.0
txn_078c4033,47870.0,30,MEDIUM,INSUFFICIENT_FUNDS,PAYMENT_REMINDER,Base action selected for INSUFFICIENT_FUNDS,14361.0,0.3,2,False,[],,30.0
txn_e77220c4,925.0,25,LOW,CHECKOUT_ABANDONMENT,PAYMENT_REMINDER,Base action selected for CHECKOUT_ABANDONMENT,323.75,0.35,2,False,[],,35.0
txn_848db85e,16395.0,55,MEDIUM,OVERDUE_RECEIVABLE,HUMAN_APPROVAL,Invoice is severely overdue (78 days). Requires human approval.,8197.5,0.5,0,True,"[""OVERDUE_SEVERE""]",,50.0
txn_ea94ee92,18364.0,40,MEDIUM,OTHER_REVENUE_RISK,PAYMENT_REMINDER,Base action selected for OTHER_REVENUE_RISK,3672.8,0.2,2,False,[],,30.0
txn_1d3996ee,28411.0,25,LOW,CHECKOUT_ABANDONMENT,PAYMENT_REMINDER,Base action selected for CHECKOUT_ABANDONMENT,9943.85,0.35,2,False,[],,45.0
txn_f8d92916,47000.0,55,MEDIUM,OVERDUE_RECEIVABLE,RECEIVABLES_ESCALATION,Invoice is 16 days overdue (escalation stage),23500.0,0.5,50,False,"[""OVERDUE_ESCALATION""]",,60.0
txn_7885ec45,14672.0,35,MEDIUM,OVERDUE_RECEIVABLE,RECEIVABLES_ESCALATION,Invoice is 11 days overdue (escalation stage),7336.0,0.5,50,False,"[""OVERDUE_ESCALATION""]",,60.0
txn_a60965dc,2219.0,30,MEDIUM,AUTHENTICATION_FAILURE,PAYMENT_REMINDER,Base action selected for AUTHENTICATION_FAILURE,998.55,0.45,2,False,[],,55.0
txn_83649159,37886.0,30,MEDIUM,AUTHENTICATION_FAILURE,PAYMENT_REMINDER,Base action selected for AUTHENTICATION_FAILURE,17048.7,0.45,2,False,[],,45.0
txn_04b09ce1,28210.0,30,MEDIUM,TEMPORARY_PAYMENT_FAILURE,SMART_RETRY,Base action selected for TEMPORARY_PAYMENT_FAILURE,21157.5,0.75,5,False,[],,85.0
txn_2295fca7,9482.0,30,MEDIUM,PAYMENT_METHOD_FAILURE,PAYMENT_REMINDER,Base action selected for PAYMENT_METHOD_FAILURE,3792.8,0.4,2,False,[],,40.0
txn_7d9ba6ae,10382.0,55,MEDIUM,OVERDUE_RECEIVABLE,RECEIVABLES_ESCALATION,Invoice is 22 days overdue (escalation stage),5191.0,0.5,50,False,"[""OVERDUE_ESCALATION""]",,50.0
txn_cd145a01,24996.0,40,MEDIUM,PAYMENT_METHOD_FAILURE,PAYMENT_REMINDER,Base action selected for PAYMENT_METHOD_FAILURE,9998.4,0.4,2,False,[],,30.0
txn_d02146d5,27832.0,45,MEDIUM,OVERDUE_RECEIVABLE,HUMAN_APPROVAL,Invoice is severely overdue (64 days). Requires human approval.,13916.0,0.5,0,True,"[""OVERDUE_SEVERE""]",,60.0
txn_f955e5e2,19783.0,45,MEDIUM,OVERDUE_RECEIVABLE,HUMAN_APPROVAL,Invoice is severely overdue (52 days). Requires human approval.,9891.5,0.5,0,True,"[""OVERDUE_SEVERE""]",,60.0
txn_92151dc0,37040.0,50,MEDIUM,PAYMENT_METHOD_FAILURE,PAYMENT_REMINDER,Base action selected for PAYMENT_METHOD_FAILURE,14816.0,0.4,2,False,[],,30.0
txn_1c83a081,45883.0,40,MEDIUM,PAYMENT_METHOD_FAILURE,PAYMENT_REMINDER,Base action selected for PAYMENT_METHOD_FAILURE,18353.2,0.4,2,False,[],,40.0
txn_d611423e,10549.0,65,HIGH,OVERDUE_RECEIVABLE,RECEIVABLES_ESCALATION,Invoice is 29 days overdue (escalation stage),5274.5,0.5,50,False,"[""OVERDUE_ESCALATION""]",,40.0
txn_e2026e2a,21818.0,30,MEDIUM,TEMPORARY_PAYMENT_FAILURE,SMART_RETRY,Base action selected for TEMPORARY_PAYMENT_FAILURE,16363.5,0.75,5,False,[],,75.0
txn_e1a8b099,27242.0,45,MEDIUM,OVERDUE_RECEIVABLE,HUMAN_APPROVAL,Invoice is severely overdue (65 days). Requires human approval.,13621.0,0.5,0,True,"[""OVERDUE_SEVERE""]",,60.0
txn_52168a0c,326.0,35,MEDIUM,CHECKOUT_ABANDONMENT,PAYMENT_REMINDER,Base action selected for CHECKOUT_ABANDONMENT,114.1,0.35,2,False,[],,45.0
txn_39bc88b4,11206.0,50,MEDIUM,PAYMENT_METHOD_FAILURE,PAYMENT_REMINDER,Base action selected for PAYMENT_METHOD_FAILURE,4482.4,0.4,2,False,[],,30.0
txn_b3bf5b15,39300.0,25,LOW,CHECKOUT_ABANDONMENT,PAYMENT_REMINDER,Base action selected for CHECKOUT_ABANDONMENT,13755.0,0.35,2,False,[],,45.0
txn_c80ffe79,20743.0,40,MEDIUM,TEMPORARY_PAYMENT_FAILURE,SMART_RETRY,Base action selected for TEMPORARY_PAYMENT_FAILURE,15557.25,0.75,5,False,[],,75.0
txn_a2a33203,20035.0,40,MEDIUM,INSUFFICIENT_FUNDS,PAYMENT_REMINDER,Base action selected for INSUFFICIENT_FUNDS,6010.5,0.3,2,False,[],,30.0
txn_c3be6e33,38682.0,25,LOW,CHECKOUT_ABANDONMENT,PAYMENT_REMINDER,Base action selected for CHECKOUT_ABANDONMENT,13538.7,0.35,2,False,[],,45.0
txn_bd6ca3f5,26852.0,55,MEDIUM,OVERDUE_RECEIVABLE,RECEIVABLES_ESCALATION,Invoice is 25 days overdue (escalation stage),13426.0,0.5,50,False,"[""OVERDUE_ESCALATION""]",,50.0
txn_79ae1457,22161.0,35,MEDIUM,CHECKOUT_ABANDONMENT,PAYMENT_REMINDER,Base action selected for CHECKOUT_ABANDONMENT,7756.35,0.35,2,False,[],,45.0
txn_4525d156,36046.0,30,MEDIUM,PAYMENT_METHOD_FAILURE,PAYMENT_REMINDER,Base action selected for PAYMENT_METHOD_FAILURE,14418.4,0.4,2,False,[],,40.0
txn_521f42c2,45105.0,45,MEDIUM,OVERDUE_RECEIVABLE,HUMAN_APPROVAL,Invoice is severely overdue (67 days). Requires human approval.,22552.5,0.5,0,True,"[""OVERDUE_SEVERE""]",,60.0
txn_428e450b,34178.0,25,LOW,CHECKOUT_ABANDONMENT,PAYMENT_REMINDER,Base action selected for CHECKOUT_ABANDONMENT,11962.3,0.35,2,False,[],,35.0
txn_3292604f,39010.0,30,MEDIUM,AUTHENTICATION_FAILURE,PAYMENT_REMINDER,Base action selected for AUTHENTICATION_FAILURE,17554.5,0.45,2,False,[],,55.0
txn_19db666a,28176.0,40,MEDIUM,INSUFFICIENT_FUNDS,PAYMENT_REMINDER,Base action selected for INSUFFICIENT_FUNDS,8452.8,0.3,2,False,[],,30.0
txn_5c309644,2707.0,30,MEDIUM,SUBSCRIPTION_PAYMENT_FAILURE,MANDATE_RETRY,Base action selected for SUBSCRIPTION_PAYMENT_FAILURE,1488.85,0.55,5,False,[],,55.00000000000001
txn_3d5d1cde,11923.0,40,MEDIUM,OTHER_REVENUE_RISK,PAYMENT_REMINDER,Base action selected for OTHER_REVENUE_RISK,2384.6,0.2,2,False,[],,30.0
txn_583f8eab,38732.0,25,LOW,CHECKOUT_ABANDONMENT,PAYMENT_REMINDER,Base action selected for CHECKOUT_ABANDONMENT,13556.2,0.35,2,False,[],,45.0
txn_803b3b2c,43534.0,30,MEDIUM,SUBSCRIPTION_PAYMENT_FAILURE,MANDATE_RETRY,Base action selected for SUBSCRIPTION_PAYMENT_FAILURE,23943.7,0.55,5,False,[],,55.00000000000001
txn_1c1d6376,20959.0,25,LOW,CHECKOUT_ABANDONMENT,PAYMENT_REMINDER,Base action selected for CHECKOUT_ABANDONMENT,7335.65,0.35,2,False,[],,35.0
txn_be1526fb,41227.0,45,MEDIUM,OVERDUE_RECEIVABLE,HUMAN_APPROVAL,Invoice is severely overdue (35 days). Requires human approval.,20613.5,0.5,0,True,"[""OVERDUE_SEVERE""]",,50.0
txn_591aebed,10596.0,30,MEDIUM,OTHER_REVENUE_RISK,PAYMENT_REMINDER,Base action selected for OTHER_REVENUE_RISK,2119.2,0.2,2,False,[],,30.0
txn_b82adab9,9059.0,30,MEDIUM,INSUFFICIENT_FUNDS,PAYMENT_REMINDER,Base action selected for INSUFFICIENT_FUNDS,2717.7,0.3,2,False,[],,30.0
txn_91a06a4a,48359.0,65,HIGH,OVERDUE_RECEIVABLE,HUMAN_APPROVAL,Invoice is severely overdue (48 days). Requires human approval.,24179.5,0.5,0,True,"[""OVERDUE_SEVERE""]",,40.0
txn_d25e5555,23479.0,40,MEDIUM,SUBSCRIPTION_PAYMENT_FAILURE,MANDATE_RETRY,Base action selected for SUBSCRIPTION_PAYMENT_FAILURE,12913.45,0.55,5,False,[],,55.00000000000001
txn_48fe30fd,19751.0,35,MEDIUM,CHECKOUT_ABANDONMENT,PAYMENT_REMINDER,Base action selected for CHECKOUT_ABANDONMENT,6912.85,0.35,2,False,[],,25.0
txn_48e603d8,13429.0,25,LOW,CHECKOUT_ABANDONMENT,PAYMENT_REMINDER,Base action selected for CHECKOUT_ABANDONMENT,4700.15,0.35,2,False,[],,35.0
txn_0182f6b4,8316.0,30,MEDIUM,INSUFFICIENT_FUNDS,PAYMENT_REMINDER,Base action selected for INSUFFICIENT_FUNDS,2494.8,0.3,2,False,[],,40.0
txn_181ed320,37792.0,50,MEDIUM,SUBSCRIPTION_PAYMENT_FAILURE,MANDATE_RETRY,Base action selected for SUBSCRIPTION_PAYMENT_FAILURE,20785.6,0.55,5,False,[],,45.00000000000001
txn_99e4abbb,48790.0,45,MEDIUM,OVERDUE_RECEIVABLE,HUMAN_APPROVAL,Invoice is severely overdue (43 days). Requires human approval.,24395.0,0.5,0,True,"[""OVERDUE_SEVERE""]",,60.0
txn_b55fb26c,21076.0,40,MEDIUM,INSUFFICIENT_FUNDS,PAYMENT_REMINDER,Base action selected for INSUFFICIENT_FUNDS,6322.8,0.3,2,False,[],,20.0
txn_e649469d,44355.0,40,MEDIUM,PAYMENT_METHOD_FAILURE,PAYMENT_REMINDER,Base action selected for PAYMENT_METHOD_FAILURE,17742.0,0.4,2,False,[],,50.0
txn_917a43b8,8651.0,45,MEDIUM,OVERDUE_RECEIVABLE,RECEIVABLES_ESCALATION,Invoice is 24 days overdue (escalation stage),4325.5,0.5,50,False,"[""OVERDUE_ESCALATION""]",,60.0
txn_9f717198,48541.0,45,MEDIUM,OVERDUE_RECEIVABLE,HUMAN_APPROVAL,Invoice is severely overdue (79 days). Requires human approval.,24270.5,0.5,0,True,"[""OVERDUE_SEVERE""]",,60.0
txn_377bf37d,15992.0,40,MEDIUM,SUBSCRIPTION_PAYMENT_FAILURE,MANDATE_RETRY,Base action selected for SUBSCRIPTION_PAYMENT_FAILURE,8795.6,0.55,5,False,[],,55.00000000000001
txn_d7d9f9b7,42015.0,25,LOW,CHECKOUT_ABANDONMENT,PAYMENT_REMINDER,Base action selected for CHECKOUT_ABANDONMENT,14705.25,0.35,2,False,[],,45.0
txn_9ea92e6b,28562.0,25,LOW,CHECKOUT_ABANDONMENT,PAYMENT_REMINDER,Base action selected for CHECKOUT_ABANDONMENT,9996.7,0.35,2,False,[],,35.0
txn_3f9f330f,26820.0,40,MEDIUM,OTHER_REVENUE_RISK,PAYMENT_REMINDER,Base action selected for OTHER_REVENUE_RISK,5364.0,0.2,2,False,[],,20.0
txn_636802bf,32465.0,45,MEDIUM,OVERDUE_RECEIVABLE,HUMAN_APPROVAL,Invoice is severely overdue (76 days). Requires human approval.,16232.5,0.5,0,True,"[""OVERDUE_SEVERE""]",,50.0
txn_2b2cd9c9,27516.0,40,MEDIUM,OTHER_REVENUE_RISK,PAYMENT_REMINDER,Base action selected for OTHER_REVENUE_RISK,5503.2,0.2,2,False,[],,20.0
txn_f6174808,31163.0,35,MEDIUM,CHECKOUT_ABANDONMENT,PAYMENT_REMINDER,Base action selected for CHECKOUT_ABANDONMENT,10907.05,0.35,2,False,[],,25.0
txn_0274608e,49164.0,45,MEDIUM,CHECKOUT_ABANDONMENT,PAYMENT_REMINDER,Base action selected for CHECKOUT_ABANDONMENT,17207.4,0.35,2,False,[],,25.0
txn_a9b8b6cb,12634.0,45,MEDIUM,OVERDUE_RECEIVABLE,HUMAN_APPROVAL,Invoice is severely overdue (77 days). Requires human approval.,6317.0,0.5,0,True,"[""OVERDUE_SEVERE""]",,50.0
txn_efb92c07,5337.0,25,LOW,CHECKOUT_ABANDONMENT,PAYMENT_REMINDER,Base action selected for CHECKOUT_ABANDONMENT,1867.95,0.35,2,False,[],,45.0
txn_25303f0c,35778.0,35,MEDIUM,OVERDUE_RECEIVABLE,RECEIVABLES_ESCALATION,Invoice is 12 days overdue (escalation stage),17889.0,0.5,50,False,"[""OVERDUE_ESCALATION""]",,50.0
txn_c84128f1,10687.0,55,MEDIUM,OVERDUE_RECEIVABLE,PAYMENT_REMINDER,Invoice is 5 days overdue (early stage),5343.5,0.5,2,False,"[""OVERDUE_EARLY""]",,40.0
txn_b7487833,4841.0,30,MEDIUM,PAYMENT_METHOD_FAILURE,PAYMENT_REMINDER,Base action selected for PAYMENT_METHOD_FAILURE,1936.4,0.4,2,False,[],,50.0
txn_d5ed4aaa,5762.0,30,MEDIUM,TEMPORARY_PAYMENT_FAILURE,SMART_RETRY,Base action selected for TEMPORARY_PAYMENT_FAILURE,4321.5,0.75,5,False,[],,85.0
txn_d3e13e14,43944.0,55,MEDIUM,OVERDUE_RECEIVABLE,PAYMENT_REMINDER,Invoice is 1 days overdue (early stage),21972.0,0.5,2,False,"[""OVERDUE_EARLY""]",,40.0
txn_35b5a82e,2558.0,45,MEDIUM,OVERDUE_RECEIVABLE,HUMAN_APPROVAL,Invoice is severely overdue (82 days). Requires human approval.,1279.0,0.5,0,True,"[""OVERDUE_SEVERE""]",,60.0
txn_e5ecb34c,18086.0,45,MEDIUM,OVERDUE_RECEIVABLE,RECEIVABLES_ESCALATION,Invoice is 15 days overdue (escalation stage),9043.0,0.5,50,False,"[""OVERDUE_ESCALATION""]",,60.0
txn_6d9d4853,6770.0,45,MEDIUM,OVERDUE_RECEIVABLE,RECEIVABLES_ESCALATION,Invoice is 15 days overdue (escalation stage),3385.0,0.5,50,False,"[""OVERDUE_ESCALATION""]",,60.0
txn_17c05119,29132.0,65,HIGH,OVERDUE_RECEIVABLE,RECEIVABLES_ESCALATION,Invoice is 19 days overdue (escalation stage),14566.0,0.5,50,False,"[""OVERDUE_ESCALATION""]",,40.0
txn_08e294c0,8373.0,45,MEDIUM,OVERDUE_RECEIVABLE,HUMAN_APPROVAL,Invoice is severely overdue (66 days). Requires human approval.,4186.5,0.5,0,True,"[""OVERDUE_SEVERE""]",,60.0
txn_7a663ead,41309.0,30,MEDIUM,PAYMENT_INFRASTRUCTURE_FAILURE,SMART_RETRY,Base action selected for PAYMENT_INFRASTRUCTURE_FAILURE,28916.3,0.7,5,False,[],,80.0
txn_62942a53,32408.0,55,MEDIUM,OVERDUE_RECEIVABLE,HUMAN_APPROVAL,Invoice is severely overdue (48 days). Requires human approval.,16204.0,0.5,0,True,"[""OVERDUE_SEVERE""]",,40.0
txn_2313fa9e,143.0,45,MEDIUM,OVERDUE_RECEIVABLE,HUMAN_APPROVAL,Invoice is severely overdue (54 days). Requires human approval.,71.5,0.5,0,True,"[""OVERDUE_SEVERE""]",,60.0
txn_a5b86fb1,28224.0,25,LOW,CHECKOUT_ABANDONMENT,PAYMENT_REMINDER,Base action selected for CHECKOUT_ABANDONMENT,9878.4,0.35,2,False,[],,45.0
txn_1ad07263,27510.0,45,MEDIUM,OVERDUE_RECEIVABLE,HUMAN_APPROVAL,Invoice is severely overdue (85 days). Requires human approval.,13755.0,0.5,0,True,"[""OVERDUE_SEVERE""]",,60.0
txn_53313362,11919.0,25,LOW,CHECKOUT_ABANDONMENT,PAYMENT_REMINDER,Base action selected for CHECKOUT_ABANDONMENT,4171.65,0.35,2,False,[],,45.0
txn_90cd6982,11510.0,45,MEDIUM,OVERDUE_RECEIVABLE,RECEIVABLES_ESCALATION,Invoice is 28 days overdue (escalation stage),5755.0,0.5,50,False,"[""OVERDUE_ESCALATION""]",,60.0
txn_af021e85,22513.0,30,MEDIUM,AUTHENTICATION_FAILURE,PAYMENT_REMINDER,Base action selected for AUTHENTICATION_FAILURE,10130.85,0.45,2,False,[],,55.0
txn_a9a0ea14,1987.0,55,MEDIUM,OVERDUE_RECEIVABLE,HUMAN_APPROVAL,Invoice is severely overdue (50 days). Requires human approval.,993.5,0.5,0,True,"[""OVERDUE_SEVERE""]",,40.0
txn_30c324fd,9229.0,30,MEDIUM,PAYMENT_METHOD_FAILURE,PAYMENT_REMINDER,Base action selected for PAYMENT_METHOD_FAILURE,3691.6,0.4,2,False,[],,50.0
txn_1261911e,24779.0,45,MEDIUM,CHECKOUT_ABANDONMENT,PAYMENT_REMINDER,Base action selected for CHECKOUT_ABANDONMENT,8672.65,0.35,2,False,[],,25.0
txn_46717ba8,14334.0,35,MEDIUM,CHECKOUT_ABANDONMENT,PAYMENT_REMINDER,Base action selected for CHECKOUT_ABANDONMENT,5016.9,0.35,2,False,[],,45.0
txn_d6f04627,7850.0,25,LOW,CHECKOUT_ABANDONMENT,PAYMENT_REMINDER,Base action selected for CHECKOUT_ABANDONMENT,2747.5,0.35,2,False,[],,35.0
txn_90cc7249,28143.0,45,MEDIUM,OVERDUE_RECEIVABLE,HUMAN_APPROVAL,Invoice is severely overdue (54 days). Requires human approval.,14071.5,0.5,0,True,"[""OVERDUE_SEVERE""]",,60.0
txn_18196b8f,4484.0,25,LOW,CHECKOUT_ABANDONMENT,PAYMENT_REMINDER,Base action selected for CHECKOUT_ABANDONMENT,1569.4,0.35,2,False,[],,45.0
txn_e6080967,8167.0,30,MEDIUM,PAYMENT_INFRASTRUCTURE_FAILURE,SMART_RETRY,Base action selected for PAYMENT_INFRASTRUCTURE_FAILURE,5716.9,0.7,5,False,[],,80.0
txn_10ed99c9,35186.0,35,MEDIUM,CHECKOUT_ABANDONMENT,PAYMENT_REMINDER,Base action selected for CHECKOUT_ABANDONMENT,12315.1,0.35,2,False,[],,25.0
txn_6a0bc465,4268.0,45,MEDIUM,OVERDUE_RECEIVABLE,RECEIVABLES_ESCALATION,Invoice is 19 days overdue (escalation stage),2134.0,0.5,50,False,"[""OVERDUE_ESCALATION""]",,60.0
txn_a993dc82,24048.0,55,MEDIUM,OVERDUE_RECEIVABLE,HUMAN_APPROVAL,Invoice is severely overdue (87 days). Requires human approval.,12024.0,0.5,0,True,"[""OVERDUE_SEVERE""]",,40.0
txn_902d99a6,20737.0,30,MEDIUM,AUTHENTICATION_FAILURE,PAYMENT_REMINDER,Base action selected for AUTHENTICATION_FAILURE,9331.65,0.45,2,False,[],,55.0
txn_bdc5ed7e,3654.0,35,MEDIUM,CHECKOUT_ABANDONMENT,PAYMENT_REMINDER,Base action selected for CHECKOUT_ABANDONMENT,1278.9,0.35,2,False,[],,25.0
txn_b7142bb7,48576.0,45,MEDIUM,OVERDUE_RECEIVABLE,HUMAN_APPROVAL,Invoice is severely overdue (41 days). Requires human approval.,24288.0,0.5,0,True,"[""OVERDUE_SEVERE""]",,60.0
txn_7cd55fd8,30178.0,50,MEDIUM,PAYMENT_METHOD_FAILURE,PAYMENT_REMINDER,Base action selected for PAYMENT_METHOD_FAILURE,12071.2,0.4,2,False,[],,30.0
txn_9cd1d331,9538.0,25,LOW,CHECKOUT_ABANDONMENT,PAYMENT_REMINDER,Base action selected for CHECKOUT_ABANDONMENT,3338.3,0.35,2,False,[],,45.0
txn_bc862dac,10031.0,25,LOW,CHECKOUT_ABANDONMENT,PAYMENT_REMINDER,Base action selected for CHECKOUT_ABANDONMENT,3510.85,0.35,2,False,[],,45.0
txn_454a171d,35695.0,25,LOW,CHECKOUT_ABANDONMENT,PAYMENT_REMINDER,Base action selected for CHECKOUT_ABANDONMENT,12493.25,0.35,2,False,[],,45.0
txn_f0e50bbd,37057.0,45,MEDIUM,OVERDUE_RECEIVABLE,RECEIVABLES_ESCALATION,Invoice is 28 days overdue (escalation stage),18528.5,0.5,50,False,"[""OVERDUE_ESCALATION""]",,60.0
txn_a38df466,2441.0,30,MEDIUM,INSUFFICIENT_FUNDS,PAYMENT_REMINDER,Base action selected for INSUFFICIENT_FUNDS,732.3,0.3,2,False,[],,30.0
txn_9eddee01,43160.0,55,MEDIUM,OVERDUE_RECEIVABLE,RECEIVABLES_ESCALATION,Invoice is 14 days overdue (escalation stage),21580.0,0.5,50,False,"[""OVERDUE_ESCALATION""]",,40.0
txn_9df5e2ff,21912.0,45,MEDIUM,OVERDUE_RECEIVABLE,HUMAN_APPROVAL,Invoice is severely overdue (69 days). Requires human approval.,10956.0,0.5,0,True,"[""OVERDUE_SEVERE""]",,50.0
txn_46f3d97f,33469.0,35,MEDIUM,CHECKOUT_ABANDONMENT,PAYMENT_REMINDER,Base action selected for CHECKOUT_ABANDONMENT,11714.15,0.35,2,False,[],,25.0
txn_a1cd13c3,30379.0,45,MEDIUM,OVERDUE_RECEIVABLE,RECEIVABLES_ESCALATION,Invoice is 23 days overdue (escalation stage),15189.5,0.5,50,False,"[""OVERDUE_ESCALATION""]",,50.0
txn_842773ae,4112.0,40,MEDIUM,INSUFFICIENT_FUNDS,PAYMENT_REMINDER,Base action selected for INSUFFICIENT_FUNDS,1233.6,0.3,2,False,[],,30.0
txn_029622d6,11039.0,40,MEDIUM,AUTHENTICATION_FAILURE,PAYMENT_REMINDER,Base action selected for AUTHENTICATION_FAILURE,4967.55,0.45,2,False,[],,55.0
txn_76d816c7,42860.0,40,MEDIUM,PAYMENT_METHOD_FAILURE,PAYMENT_REMINDER,Base action selected for PAYMENT_METHOD_FAILURE,17144.0,0.4,2,False,[],,50.0
txn_f9bf1cdc,47045.0,25,LOW,CHECKOUT_ABANDONMENT,PAYMENT_REMINDER,Base action selected for CHECKOUT_ABANDONMENT,16465.75,0.35,2,False,[],,35.0
txn_6aa5adbf,46749.0,45,MEDIUM,OVERDUE_RECEIVABLE,HUMAN_APPROVAL,Invoice is severely overdue (55 days). Requires human approval.,23374.5,0.5,0,True,"[""OVERDUE_SEVERE""]",,60.0
txn_6c979dd2,26487.0,25,LOW,CHECKOUT_ABANDONMENT,PAYMENT_REMINDER,Base action selected for CHECKOUT_ABANDONMENT,9270.45,0.35,2,False,[],,35.0
txn_cfad6c17,34441.0,30,MEDIUM,PAYMENT_METHOD_FAILURE,PAYMENT_REMINDER,Base action selected for PAYMENT_METHOD_FAILURE,13776.4,0.4,2,False,[],,50.0
txn_f779900d,16082.0,35,MEDIUM,CHECKOUT_ABANDONMENT,PAYMENT_REMINDER,Base action selected for CHECKOUT_ABANDONMENT,5628.7,0.35,2,False,[],,25.0
txn_a49b7571,21645.0,35,MEDIUM,OVERDUE_RECEIVABLE,PAYMENT_REMINDER,Invoice is 5 days overdue (early stage),10822.5,0.5,2,False,"[""OVERDUE_EARLY""]",,60.0
txn_0b7ee856,13423.0,45,MEDIUM,OVERDUE_RECEIVABLE,RECEIVABLES_ESCALATION,Invoice is 29 days overdue (escalation stage),6711.5,0.5,50,False,"[""OVERDUE_ESCALATION""]",,50.0
txn_4a8b4e27,26816.0,25,LOW,CHECKOUT_ABANDONMENT,PAYMENT_REMINDER,Base action selected for CHECKOUT_ABANDONMENT,9385.6,0.35,2,False,[],,35.0
txn_81bf6544,43211.0,30,MEDIUM,TEMPORARY_PAYMENT_FAILURE,SMART_RETRY,Base action selected for TEMPORARY_PAYMENT_FAILURE,32408.25,0.75,5,False,[],,85.0
txn_65014da0,42368.0,40,MEDIUM,PAYMENT_METHOD_FAILURE,PAYMENT_REMINDER,Base action selected for PAYMENT_METHOD_FAILURE,16947.2,0.4,2,False,[],,30.0
txn_808df51e,38722.0,40,MEDIUM,PAYMENT_INFRASTRUCTURE_FAILURE,SMART_RETRY,Base action selected for PAYMENT_INFRASTRUCTURE_FAILURE,27105.4,0.7,5,False,[],,70.0
txn_a094792d,28220.0,50,MEDIUM,INSUFFICIENT_FUNDS,PAYMENT_REMINDER,Base action selected for INSUFFICIENT_FUNDS,8466.0,0.3,2,False,[],,20.0
txn_d0788370,4926.0,40,MEDIUM,TEMPORARY_PAYMENT_FAILURE,SMART_RETRY,Base action selected for TEMPORARY_PAYMENT_FAILURE,3694.5,0.75,5,False,[],,75.0
txn_65a718c8,39727.0,55,MEDIUM,OVERDUE_RECEIVABLE,HUMAN_APPROVAL,Invoice is severely overdue (58 days). Requires human approval.,19863.5,0.5,0,True,"[""OVERDUE_SEVERE""]",,50.0
txn_758e3acb,6541.0,30,MEDIUM,AUTHENTICATION_FAILURE,PAYMENT_REMINDER,Base action selected for AUTHENTICATION_FAILURE,2943.45,0.45,2,False,[],,55.0
txn_27b98cbd,43797.0,45,MEDIUM,OVERDUE_RECEIVABLE,HUMAN_APPROVAL,Invoice is severely overdue (46 days). Requires human approval.,21898.5,0.5,0,True,"[""OVERDUE_SEVERE""]",,60.0
txn_7d03b7ae,21390.0,65,HIGH,OVERDUE_RECEIVABLE,RECEIVABLES_ESCALATION,Invoice is 22 days overdue (escalation stage),10695.0,0.5,50,False,"[""OVERDUE_ESCALATION""]",,40.0
txn_8b4de9be,20309.0,25,LOW,CHECKOUT_ABANDONMENT,PAYMENT_REMINDER,Base action selected for CHECKOUT_ABANDONMENT,7108.15,0.35,2,False,[],,45.0
txn_150a6bae,17263.0,40,MEDIUM,PAYMENT_INFRASTRUCTURE_FAILURE,SMART_RETRY,Base action selected for PAYMENT_INFRASTRUCTURE_FAILURE,12084.1,0.7,5,False,[],,60.0
txn_e1adabc2,9359.0,30,MEDIUM,TEMPORARY_PAYMENT_FAILURE,SMART_RETRY,Base action selected for TEMPORARY_PAYMENT_FAILURE,7019.25,0.75,5,False,[],,85.0
txn_e666819b,10720.0,45,MEDIUM,OVERDUE_RECEIVABLE,RECEIVABLES_ESCALATION,Invoice is 30 days overdue (escalation stage),5360.0,0.5,50,False,"[""OVERDUE_ESCALATION""]",,60.0
txn_b4493d91,9202.0,30,MEDIUM,SUBSCRIPTION_PAYMENT_FAILURE,MANDATE_RETRY,Base action selected for SUBSCRIPTION_PAYMENT_FAILURE,5061.1,0.55,5,False,[],,65.0
txn_93091ea2,45344.0,45,MEDIUM,OVERDUE_RECEIVABLE,RECEIVABLES_ESCALATION,Invoice is 12 days overdue (escalation stage),22672.0,0.5,50,False,"[""OVERDUE_ESCALATION""]",,50.0
txn_a2a717a0,23295.0,45,MEDIUM,CHECKOUT_ABANDONMENT,PAYMENT_REMINDER,Base action selected for CHECKOUT_ABANDONMENT,8153.25,0.35,2,False,[],,25.0
txn_1df46877,19742.0,45,MEDIUM,OVERDUE_RECEIVABLE,HUMAN_APPROVAL,Invoice is severely overdue (67 days). Requires human approval.,9871.0,0.5,0,True,"[""OVERDUE_SEVERE""]",,60.0
txn_c6142d7b,20726.0,45,MEDIUM,OVERDUE_RECEIVABLE,HUMAN_APPROVAL,Invoice is severely overdue (35 days). Requires human approval.,10363.0,0.5,0,True,"[""OVERDUE_SEVERE""]",,50.0
txn_df851a42,7304.0,55,MEDIUM,OVERDUE_RECEIVABLE,HUMAN_APPROVAL,Invoice is severely overdue (46 days). Requires human approval.,3652.0,0.5,0,True,"[""OVERDUE_SEVERE""]",,40.0
txn_1a6e2ea4,41113.0,30,MEDIUM,PAYMENT_INFRASTRUCTURE_FAILURE,SMART_RETRY,Base action selected for PAYMENT_INFRASTRUCTURE_FAILURE,28779.1,0.7,5,False,[],,80.0
txn_01cb21fb,49066.0,30,MEDIUM,AUTHENTICATION_FAILURE,PAYMENT_REMINDER,Base action selected for AUTHENTICATION_FAILURE,22079.7,0.45,2,False,[],,55.0
txn_ddff796a,15861.0,25,LOW,CHECKOUT_ABANDONMENT,PAYMENT_REMINDER,Base action selected for CHECKOUT_ABANDONMENT,5551.35,0.35,2,False,[],,45.0
txn_ddc6e01c,20466.0,65,HIGH,OVERDUE_RECEIVABLE,HUMAN_APPROVAL,Invoice is severely overdue (43 days). Requires human approval.,10233.0,0.5,0,True,"[""OVERDUE_SEVERE""]",,40.0
txn_a7d034a0,28982.0,30,MEDIUM,OTHER_REVENUE_RISK,PAYMENT_REMINDER,Base action selected for OTHER_REVENUE_RISK,5796.4,0.2,2,False,[],,30.0
txn_e3650f7f,19289.0,30,MEDIUM,OTHER_REVENUE_RISK,PAYMENT_REMINDER,Base action selected for OTHER_REVENUE_RISK,3857.8,0.2,2,False,[],,20.0
txn_031dcf9e,485.0,65,HIGH,OVERDUE_RECEIVABLE,RECEIVABLES_ESCALATION,Invoice is 17 days overdue (escalation stage),242.5,0.5,50,False,"[""OVERDUE_ESCALATION""]",,40.0
txn_4567b293,13679.0,30,MEDIUM,INSUFFICIENT_FUNDS,PAYMENT_REMINDER,Base action selected for INSUFFICIENT_FUNDS,4103.7,0.3,2,False,[],,30.0
txn_ec02c382,42088.0,30,MEDIUM,AUTHENTICATION_FAILURE,PAYMENT_REMINDER,Base action selected for AUTHENTICATION_FAILURE,18939.6,0.45,2,False,[],,55.0
txn_d1992dea,46430.0,45,MEDIUM,CHECKOUT_ABANDONMENT,PAYMENT_REMINDER,Base action selected for CHECKOUT_ABANDONMENT,16250.5,0.35,2,False,[],,25.0
txn_bfb3a792,8935.0,35,MEDIUM,OVERDUE_RECEIVABLE,RECEIVABLES_ESCALATION,Invoice is 14 days overdue (escalation stage),4467.5,0.5,50,False,"[""OVERDUE_ESCALATION""]",,60.0
txn_a16ae244,24451.0,40,MEDIUM,PAYMENT_INFRASTRUCTURE_FAILURE,SMART_RETRY,Base action selected for PAYMENT_INFRASTRUCTURE_FAILURE,17115.7,0.7,5,False,[],,70.0
txn_6bf57888,48106.0,55,MEDIUM,OVERDUE_RECEIVABLE,RECEIVABLES_ESCALATION,Invoice is 28 days overdue (escalation stage),24053.0,0.5,50,False,"[""OVERDUE_ESCALATION""]",,50.0
txn_b9720297,4670.0,25,LOW,CHECKOUT_ABANDONMENT,PAYMENT_REMINDER,Base action selected for CHECKOUT_ABANDONMENT,1634.5,0.35,2,False,[],,35.0
txn_8ac13a16,16750.0,45,MEDIUM,OVERDUE_RECEIVABLE,HUMAN_APPROVAL,Invoice is severely overdue (64 days). Requires human approval.,8375.0,0.5,0,True,"[""OVERDUE_SEVERE""]",,60.0
txn_cab10869,25997.0,30,MEDIUM,PAYMENT_INFRASTRUCTURE_FAILURE,SMART_RETRY,Base action selected for PAYMENT_INFRASTRUCTURE_FAILURE,18197.9,0.7,5,False,[],,70.0
txn_3efdc199,35383.0,25,LOW,CHECKOUT_ABANDONMENT,PAYMENT_REMINDER,Base action selected for CHECKOUT_ABANDONMENT,12384.05,0.35,2,False,[],,45.0
txn_e1fd641b,11623.0,30,MEDIUM,AUTHENTICATION_FAILURE,PAYMENT_REMINDER,Base action selected for AUTHENTICATION_FAILURE,5230.35,0.45,2,False,[],,45.0
txn_cffc5cdb,14242.0,45,MEDIUM,OVERDUE_RECEIVABLE,HUMAN_APPROVAL,Invoice is severely overdue (80 days). Requires human approval.,7121.0,0.5,0,True,"[""OVERDUE_SEVERE""]",,60.0
txn_1dc717a5,17819.0,40,MEDIUM,OTHER_REVENUE_RISK,PAYMENT_REMINDER,Base action selected for OTHER_REVENUE_RISK,3563.8,0.2,2,False,[],,30.0
txn_6cd840cd,28884.0,50,MEDIUM,INSUFFICIENT_FUNDS,PAYMENT_REMINDER,Base action selected for INSUFFICIENT_FUNDS,8665.2,0.3,2,False,[],,20.0
txn_ac674fa4,37845.0,30,MEDIUM,TEMPORARY_PAYMENT_FAILURE,SMART_RETRY,Base action selected for TEMPORARY_PAYMENT_FAILURE,28383.75,0.75,5,False,[],,85.0
txn_79da12d1,19766.0,30,MEDIUM,TEMPORARY_PAYMENT_FAILURE,SMART_RETRY,Base action selected for TEMPORARY_PAYMENT_FAILURE,14824.5,0.75,5,False,[],,85.0
txn_ece9feca,16965.0,55,MEDIUM,OVERDUE_RECEIVABLE,RECEIVABLES_ESCALATION,Invoice is 27 days overdue (escalation stage),8482.5,0.5,50,False,"[""OVERDUE_ESCALATION""]",,40.0
txn_98233384,40828.0,45,MEDIUM,OVERDUE_RECEIVABLE,HUMAN_APPROVAL,Invoice is severely overdue (48 days). Requires human approval.,20414.0,0.5,0,True,"[""OVERDUE_SEVERE""]",,60.0
txn_c7ee0ea0,26443.0,40,MEDIUM,PAYMENT_INFRASTRUCTURE_FAILURE,SMART_RETRY,Base action selected for PAYMENT_INFRASTRUCTURE_FAILURE,18510.1,0.7,5,False,[],,70.0
txn_66f0dbff,42205.0,30,MEDIUM,AUTHENTICATION_FAILURE,PAYMENT_REMINDER,Base action selected for AUTHENTICATION_FAILURE,18992.25,0.45,2,False,[],,55.0
txn_a450f862,14183.0,55,MEDIUM,OVERDUE_RECEIVABLE,HUMAN_APPROVAL,Invoice is severely overdue (68 days). Requires human approval.,7091.5,0.5,0,True,"[""OVERDUE_SEVERE""]",,60.0
txn_3111387a,103.0,30,MEDIUM,TEMPORARY_PAYMENT_FAILURE,SMART_RETRY,Base action selected for TEMPORARY_PAYMENT_FAILURE,77.25,0.75,5,False,[],,85.0
txn_a4fbf932,44867.0,45,MEDIUM,OVERDUE_RECEIVABLE,RECEIVABLES_ESCALATION,Invoice is 24 days overdue (escalation stage),22433.5,0.5,50,False,"[""OVERDUE_ESCALATION""]",,50.0
txn_076be2a4,18334.0,45,MEDIUM,OVERDUE_RECEIVABLE,HUMAN_APPROVAL,Invoice is severely overdue (42 days). Requires human approval.,9167.0,0.5,0,True,"[""OVERDUE_SEVERE""]",,60.0
txn_d1905f76,16442.0,45,MEDIUM,CHECKOUT_ABANDONMENT,PAYMENT_REMINDER,Base action selected for CHECKOUT_ABANDONMENT,5754.7,0.35,2,False,[],,25.0
txn_29da8388,12956.0,45,MEDIUM,OVERDUE_RECEIVABLE,RECEIVABLES_ESCALATION,Invoice is 29 days overdue (escalation stage),6478.0,0.5,50,False,"[""OVERDUE_ESCALATION""]",,60.0
txn_28ad4492,25536.0,45,MEDIUM,OVERDUE_RECEIVABLE,HUMAN_APPROVAL,Invoice is severely overdue (32 days). Requires human approval.,12768.0,0.5,0,True,"[""OVERDUE_SEVERE""]",,50.0
txn_1fc09db9,17464.0,25,LOW,CHECKOUT_ABANDONMENT,PAYMENT_REMINDER,Base action selected for CHECKOUT_ABANDONMENT,6112.4,0.35,2,False,[],,35.0
txn_d3bc6448,46818.0,25,LOW,CHECKOUT_ABANDONMENT,PAYMENT_REMINDER,Base action selected for CHECKOUT_ABANDONMENT,16386.3,0.35,2,False,[],,45.0
txn_f55e746a,1902.0,25,LOW,CHECKOUT_ABANDONMENT,PAYMENT_REMINDER,Base action selected for CHECKOUT_ABANDONMENT,665.7,0.35,2,False,[],,45.0
txn_7846163f,24050.0,30,MEDIUM,INSUFFICIENT_FUNDS,PAYMENT_REMINDER,Base action selected for INSUFFICIENT_FUNDS,7215.0,0.3,2,False,[],,40.0
txn_a72db67f,44081.0,30,MEDIUM,TEMPORARY_PAYMENT_FAILURE,SMART_RETRY,Base action selected for TEMPORARY_PAYMENT_FAILURE,33060.75,0.75,5,False,[],,85.0
txn_cb3a1fc4,43725.0,45,MEDIUM,OVERDUE_RECEIVABLE,HUMAN_APPROVAL,Invoice is severely overdue (47 days). Requires human approval.,21862.5,0.5,0,True,"[""OVERDUE_SEVERE""]",,60.0
txn_f4a19e9b,24273.0,40,MEDIUM,INSUFFICIENT_FUNDS,PAYMENT_REMINDER,Base action selected for INSUFFICIENT_FUNDS,7281.9,0.3,2,False,[],,40.0
txn_fb5b56d4,44691.0,45,MEDIUM,CHECKOUT_ABANDONMENT,PAYMENT_REMINDER,Base action selected for CHECKOUT_ABANDONMENT,15641.85,0.35,2,False,[],,25.0
txn_40680102,14073.0,45,MEDIUM,OVERDUE_RECEIVABLE,HUMAN_APPROVAL,Invoice is severely overdue (71 days). Requires human approval.,7036.5,0.5,0,True,"[""OVERDUE_SEVERE""]",,60.0
txn_f1d07cbc,44792.0,55,MEDIUM,OVERDUE_RECEIVABLE,HUMAN_APPROVAL,Invoice is severely overdue (90 days). Requires human approval.,22396.0,0.5,0,True,"[""OVERDUE_SEVERE""]",,50.0
txn_7d359263,24116.0,35,MEDIUM,OVERDUE_RECEIVABLE,RECEIVABLES_ESCALATION,Invoice is 10 days overdue (escalation stage),12058.0,0.5,50,False,"[""OVERDUE_ESCALATION""]",,60.0
txn_3f2348fb,27520.0,45,MEDIUM,OVERDUE_RECEIVABLE,HUMAN_APPROVAL,Invoice is severely overdue (41 days). Requires human approval.,13760.0,0.5,0,True,"[""OVERDUE_SEVERE""]",,60.0
txn_19a84c64,45566.0,40,MEDIUM,AUTHENTICATION_FAILURE,PAYMENT_REMINDER,Base action selected for AUTHENTICATION_FAILURE,20504.7,0.45,2,False,[],,45.0
txn_83e167ee,5079.0,55,MEDIUM,OVERDUE_RECEIVABLE,RECEIVABLES_ESCALATION,Invoice is 22 days overdue (escalation stage),2539.5,0.5,50,False,"[""OVERDUE_ESCALATION""]",,50.0
txn_66608cc7,2790.0,45,MEDIUM,OVERDUE_RECEIVABLE,RECEIVABLES_ESCALATION,Invoice is 8 days overdue (escalation stage),1395.0,0.5,50,False,"[""OVERDUE_ESCALATION""]",,50.0
txn_7ebac803,11440.0,45,MEDIUM,OVERDUE_RECEIVABLE,HUMAN_APPROVAL,Invoice is severely overdue (40 days). Requires human approval.,5720.0,0.5,0,True,"[""OVERDUE_SEVERE""]",,60.0
txn_e2dadb67,4213.0,25,LOW,CHECKOUT_ABANDONMENT,PAYMENT_REMINDER,Base action selected for CHECKOUT_ABANDONMENT,1474.55,0.35,2,False,[],,45.0
txn_ff4bc56f,21056.0,25,LOW,CHECKOUT_ABANDONMENT,PAYMENT_REMINDER,Base action selected for CHECKOUT_ABANDONMENT,7369.6,0.35,2,False,[],,35.0
txn_9bfb2c1d,48726.0,25,LOW,CHECKOUT_ABANDONMENT,PAYMENT_REMINDER,Base action selected for CHECKOUT_ABANDONMENT,17054.1,0.35,2,False,[],,45.0
txn_1752a2fb,17591.0,45,MEDIUM,OVERDUE_RECEIVABLE,HUMAN_APPROVAL,Invoice is severely overdue (44 days). Requires human approval.,8795.5,0.5,0,True,"[""OVERDUE_SEVERE""]",,60.0
txn_c930a46e,46127.0,45,MEDIUM,OVERDUE_RECEIVABLE,HUMAN_APPROVAL,Invoice is severely overdue (68 days). Requires human approval.,23063.5,0.5,0,True,"[""OVERDUE_SEVERE""]",,60.0
txn_9441d5a7,25071.0,30,MEDIUM,PAYMENT_METHOD_FAILURE,PAYMENT_REMINDER,Base action selected for PAYMENT_METHOD_FAILURE,10028.4,0.4,2,False,[],,50.0
txn_ce81f601,48270.0,30,MEDIUM,INSUFFICIENT_FUNDS,PAYMENT_REMINDER,Base action selected for INSUFFICIENT_FUNDS,14481.0,0.3,2,False,[],,40.0
txn_cc96d54e,28373.0,25,LOW,CHECKOUT_ABANDONMENT,PAYMENT_REMINDER,Base action selected for CHECKOUT_ABANDONMENT,9930.55,0.35,2,False,[],,45.0
txn_5bd241b8,15393.0,45,MEDIUM,OVERDUE_RECEIVABLE,HUMAN_APPROVAL,Invoice is severely overdue (40 days). Requires human approval.,7696.5,0.5,0,True,"[""OVERDUE_SEVERE""]",,60.0
txn_ff9f4ee2,37088.0,40,MEDIUM,SUBSCRIPTION_PAYMENT_FAILURE,MANDATE_RETRY,Base action selected for SUBSCRIPTION_PAYMENT_FAILURE,20398.4,0.55,5,False,[],,45.00000000000001
txn_d57239b5,10510.0,30,MEDIUM,OTHER_REVENUE_RISK,PAYMENT_REMINDER,Base action selected for OTHER_REVENUE_RISK,2102.0,0.2,2,False,[],,30.0
txn_c254fef1,31225.0,25,LOW,CHECKOUT_ABANDONMENT,PAYMENT_REMINDER,Base action selected for CHECKOUT_ABANDONMENT,10928.75,0.35,2,False,[],,45.0
txn_69d1dd91,18216.0,50,MEDIUM,OTHER_REVENUE_RISK,PAYMENT_REMINDER,Base action selected for OTHER_REVENUE_RISK,3643.2,0.2,2,False,[],,10
txn_1558d332,31948.0,35,MEDIUM,OVERDUE_RECEIVABLE,RECEIVABLES_ESCALATION,Invoice is 14 days overdue (escalation stage),15974.0,0.5,50,False,"[""OVERDUE_ESCALATION""]",,50.0
txn_ef575712,18275.0,30,MEDIUM,TEMPORARY_PAYMENT_FAILURE,SMART_RETRY,Base action selected for TEMPORARY_PAYMENT_FAILURE,13706.25,0.75,5,False,[],,85.0
txn_83bcee1e,13878.0,35,MEDIUM,CHECKOUT_ABANDONMENT,PAYMENT_REMINDER,Base action selected for CHECKOUT_ABANDONMENT,4857.3,0.35,2,False,[],,25.0
txn_07fe9787,45577.0,45,MEDIUM,OVERDUE_RECEIVABLE,HUMAN_APPROVAL,Invoice is severely overdue (31 days). Requires human approval.,22788.5,0.5,0,True,"[""OVERDUE_SEVERE""]",,60.0
txn_c544a688,43615.0,35,MEDIUM,OVERDUE_RECEIVABLE,PAYMENT_REMINDER,Invoice is 7 days overdue (early stage),21807.5,0.5,2,False,"[""OVERDUE_EARLY""]",,60.0
txn_592c2dbd,15854.0,65,HIGH,OVERDUE_RECEIVABLE,HUMAN_APPROVAL,Invoice is severely overdue (85 days). Requires human approval.,7927.0,0.5,0,True,"[""OVERDUE_SEVERE""]",,40.0
txn_00e5297f,35253.0,45,MEDIUM,OVERDUE_RECEIVABLE,HUMAN_APPROVAL,Invoice is severely overdue (47 days). Requires human approval.,17626.5,0.5,0,True,"[""OVERDUE_SEVERE""]",,60.0
txn_97f469c5,12775.0,40,MEDIUM,PAYMENT_METHOD_FAILURE,PAYMENT_REMINDER,Base action selected for PAYMENT_METHOD_FAILURE,5110.0,0.4,2,False,[],,30.0
txn_414181fd,45551.0,25,LOW,CHECKOUT_ABANDONMENT,PAYMENT_REMINDER,Base action selected for CHECKOUT_ABANDONMENT,15942.85,0.35,2,False,[],,35.0
txn_60478e5f,6704.0,25,LOW,CHECKOUT_ABANDONMENT,PAYMENT_REMINDER,Base action selected for CHECKOUT_ABANDONMENT,2346.4,0.35,2,False,[],,45.0
txn_9626a80b,2676.0,30,MEDIUM,AUTHENTICATION_FAILURE,PAYMENT_REMINDER,Base action selected for AUTHENTICATION_FAILURE,1204.2,0.45,2,False,[],,55.0
txn_2b9082e6,7298.0,50,MEDIUM,PAYMENT_INFRASTRUCTURE_FAILURE,SMART_RETRY,Base action selected for PAYMENT_INFRASTRUCTURE_FAILURE,5108.6,0.7,5,False,[],,60.0
txn_4b5e2f2b,32003.0,35,MEDIUM,CHECKOUT_ABANDONMENT,PAYMENT_REMINDER,Base action selected for CHECKOUT_ABANDONMENT,11201.05,0.35,2,False,[],,25.0
txn_ffa38a67,41314.0,35,MEDIUM,CHECKOUT_ABANDONMENT,PAYMENT_REMINDER,Base action selected for CHECKOUT_ABANDONMENT,14459.9,0.35,2,False,[],,35.0
txn_3aec8210,22559.0,55,MEDIUM,OVERDUE_RECEIVABLE,RECEIVABLES_ESCALATION,Invoice is 24 days overdue (escalation stage),11279.5,0.5,50,False,"[""OVERDUE_ESCALATION""]",,50.0
txn_84a03427,9372.0,45,MEDIUM,CHECKOUT_ABANDONMENT,PAYMENT_REMINDER,Base action selected for CHECKOUT_ABANDONMENT,3280.2,0.35,2,False,[],,25.0
txn_ed0d4966,44154.0,25,LOW,CHECKOUT_ABANDONMENT,PAYMENT_REMINDER,Base action selected for CHECKOUT_ABANDONMENT,15453.9,0.35,2,False,[],,45.0
txn_83361ec8,20162.0,40,MEDIUM,INSUFFICIENT_FUNDS,PAYMENT_REMINDER,Base action selected for INSUFFICIENT_FUNDS,6048.6,0.3,2,False,[],,20.0
txn_36632cf6,18460.0,25,LOW,CHECKOUT_ABANDONMENT,PAYMENT_REMINDER,Base action selected for CHECKOUT_ABANDONMENT,6461.0,0.35,2,False,[],,45.0
txn_be67bd49,45731.0,30,MEDIUM,TEMPORARY_PAYMENT_FAILURE,SMART_RETRY,Base action selected for TEMPORARY_PAYMENT_FAILURE,34298.25,0.75,5,False,[],,85.0
txn_4edbbe81,35481.0,30,MEDIUM,OTHER_REVENUE_RISK,PAYMENT_REMINDER,Base action selected for OTHER_REVENUE_RISK,7096.2,0.2,2,False,[],,30.0
txn_47e8ae67,32648.0,35,MEDIUM,OVERDUE_RECEIVABLE,RECEIVABLES_ESCALATION,Invoice is 11 days overdue (escalation stage),16324.0,0.5,50,False,"[""OVERDUE_ESCALATION""]",,50.0
txn_ba358326,848.0,65,HIGH,OVERDUE_RECEIVABLE,RECEIVABLES_ESCALATION,Invoice is 26 days overdue (escalation stage),424.0,0.5,50,False,"[""OVERDUE_ESCALATION""]",,40.0
txn_cc5cb1ad,47241.0,45,MEDIUM,OVERDUE_RECEIVABLE,HUMAN_APPROVAL,Invoice is severely overdue (63 days). Requires human approval.,23620.5,0.5,0,True,"[""OVERDUE_SEVERE""]",,60.0
txn_a04aa74c,29632.0,45,MEDIUM,OVERDUE_RECEIVABLE,HUMAN_APPROVAL,Invoice is severely overdue (88 days). Requires human approval.,14816.0,0.5,0,True,"[""OVERDUE_SEVERE""]",,60.0
txn_7f1af86a,9419.0,55,MEDIUM,OVERDUE_RECEIVABLE,HUMAN_APPROVAL,Invoice is severely overdue (75 days). Requires human approval.,4709.5,0.5,0,True,"[""OVERDUE_SEVERE""]",,40.0
txn_78d13d4e,39649.0,55,MEDIUM,OVERDUE_RECEIVABLE,RECEIVABLES_ESCALATION,Invoice is 30 days overdue (escalation stage),19824.5,0.5,50,False,"[""OVERDUE_ESCALATION""]",,50.0
txn_ff4ae880,5518.0,30,MEDIUM,AUTHENTICATION_FAILURE,PAYMENT_REMINDER,Base action selected for AUTHENTICATION_FAILURE,2483.1,0.45,2,False,[],,45.0
txn_f60384ea,26557.0,25,LOW,CHECKOUT_ABANDONMENT,PAYMENT_REMINDER,Base action selected for CHECKOUT_ABANDONMENT,9294.95,0.35,2,False,[],,45.0
txn_3b82b9c7,19904.0,25,LOW,CHECKOUT_ABANDONMENT,PAYMENT_REMINDER,Base action selected for CHECKOUT_ABANDONMENT,6966.4,0.35,2,False,[],,45.0
txn_f44607fc,7772.0,25,LOW,CHECKOUT_ABANDONMENT,PAYMENT_REMINDER,Base action selected for CHECKOUT_ABANDONMENT,2720.2,0.35,2,False,[],,45.0
txn_d0ca1484,13542.0,35,MEDIUM,CHECKOUT_ABANDONMENT,PAYMENT_REMINDER,Base action selected for CHECKOUT_ABANDONMENT,4739.7,0.35,2,False,[],,35.0
txn_2cab4064,42984.0,40,MEDIUM,PAYMENT_METHOD_FAILURE,PAYMENT_REMINDER,Base action selected for PAYMENT_METHOD_FAILURE,17193.6,0.4,2,False,[],,30.0
txn_a6b41ffd,36517.0,55,MEDIUM,OVERDUE_RECEIVABLE,HUMAN_APPROVAL,Invoice is severely overdue (44 days). Requires human approval.,18258.5,0.5,0,True,"[""OVERDUE_SEVERE""]",,50.0
txn_0129c972,34197.0,25,LOW,CHECKOUT_ABANDONMENT,PAYMENT_REMINDER,Base action selected for CHECKOUT_ABANDONMENT,11968.95,0.35,2,False,[],,45.0
txn_36ac743d,34795.0,35,MEDIUM,OVERDUE_RECEIVABLE,PAYMENT_REMINDER,Invoice is 1 days overdue (early stage),17397.5,0.5,2,False,"[""OVERDUE_EARLY""]",,60.0
txn_14fe0ba2,21466.0,45,MEDIUM,OVERDUE_RECEIVABLE,HUMAN_APPROVAL,Invoice is severely overdue (72 days). Requires human approval.,10733.0,0.5,0,True,"[""OVERDUE_SEVERE""]",,50.0
txn_868ddd44,32153.0,40,MEDIUM,INSUFFICIENT_FUNDS,PAYMENT_REMINDER,Base action selected for INSUFFICIENT_FUNDS,9645.9,0.3,2,False,[],,20.0
txn_ad4d198e,4566.0,45,MEDIUM,OVERDUE_RECEIVABLE,RECEIVABLES_ESCALATION,Invoice is 8 days overdue (escalation stage),2283.0,0.5,50,False,"[""OVERDUE_ESCALATION""]",,40.0
txn_d494febf,3730.0,40,MEDIUM,PAYMENT_INFRASTRUCTURE_FAILURE,SMART_RETRY,Base action selected for PAYMENT_INFRASTRUCTURE_FAILURE,2611.0,0.7,5,False,[],,70.0
txn_f1eea6fd,10161.0,45,MEDIUM,OVERDUE_RECEIVABLE,RECEIVABLES_ESCALATION,Invoice is 30 days overdue (escalation stage),5080.5,0.5,50,False,"[""OVERDUE_ESCALATION""]",,60.0
txn_665d574d,40795.0,30,MEDIUM,TEMPORARY_PAYMENT_FAILURE,SMART_RETRY,Base action selected for TEMPORARY_PAYMENT_FAILURE,30596.25,0.75,5,False,[],,85.0
txn_79807dd2,8379.0,30,MEDIUM,PAYMENT_METHOD_FAILURE,PAYMENT_REMINDER,Base action selected for PAYMENT_METHOD_FAILURE,3351.6,0.4,2,False,[],,50.0
txn_159d9177,22005.0,25,LOW,CHECKOUT_ABANDONMENT,PAYMENT_REMINDER,Base action selected for CHECKOUT_ABANDONMENT,7701.75,0.35,2,False,[],,45.0
txn_4884065b,15712.0,35,MEDIUM,CHECKOUT_ABANDONMENT,PAYMENT_REMINDER,Base action selected for CHECKOUT_ABANDONMENT,5499.2,0.35,2,False,[],,25.0
txn_f76597f7,22553.0,40,MEDIUM,PAYMENT_INFRASTRUCTURE_FAILURE,SMART_RETRY,Base action selected for PAYMENT_INFRASTRUCTURE_FAILURE,15787.1,0.7,5,False,[],,60.0
txn_3bd4eedb,20244.0,30,MEDIUM,PAYMENT_INFRASTRUCTURE_FAILURE,SMART_RETRY,Base action selected for PAYMENT_INFRASTRUCTURE_FAILURE,14170.8,0.7,5,False,[],,70.0
txn_ec0c88e2,40130.0,45,MEDIUM,OVERDUE_RECEIVABLE,HUMAN_APPROVAL,Invoice is severely overdue (68 days). Requires human approval.,20065.0,0.5,0,True,"[""OVERDUE_SEVERE""]",,50.0
txn_e0d03048,42526.0,45,MEDIUM,CHECKOUT_ABANDONMENT,PAYMENT_REMINDER,Base action selected for CHECKOUT_ABANDONMENT,14884.1,0.35,2,False,[],,25.0
txn_904e0ee1,16713.0,45,MEDIUM,CHECKOUT_ABANDONMENT,PAYMENT_REMINDER,Base action selected for CHECKOUT_ABANDONMENT,5849.55,0.35,2,False,[],,25.0
txn_a1e71460,25811.0,45,MEDIUM,OVERDUE_RECEIVABLE,HUMAN_APPROVAL,Invoice is severely overdue (56 days). Requires human approval.,12905.5,0.5,0,True,"[""OVERDUE_SEVERE""]",,60.0
txn_cb0c64c8,45498.0,30,MEDIUM,TEMPORARY_PAYMENT_FAILURE,SMART_RETRY,Base action selected for TEMPORARY_PAYMENT_FAILURE,34123.5,0.75,5,False,[],,85.0
txn_a1d1b5a5,17153.0,45,MEDIUM,OVERDUE_RECEIVABLE,HUMAN_APPROVAL,Invoice is severely overdue (50 days). Requires human approval.,8576.5,0.5,0,True,"[""OVERDUE_SEVERE""]",,60.0
txn_0ba63262,24049.0,30,MEDIUM,PAYMENT_METHOD_FAILURE,PAYMENT_REMINDER,Base action selected for PAYMENT_METHOD_FAILURE,9619.6,0.4,2,False,[],,50.0
txn_2ddf05bf,6615.0,40,MEDIUM,AUTHENTICATION_FAILURE,PAYMENT_REMINDER,Base action selected for AUTHENTICATION_FAILURE,2976.75,0.45,2,False,[],,35.0
txn_269405de,37219.0,55,MEDIUM,OVERDUE_RECEIVABLE,HUMAN_APPROVAL,Invoice is severely overdue (83 days). Requires human approval.,18609.5,0.5,0,True,"[""OVERDUE_SEVERE""]",,40.0
txn_855e5782,17296.0,40,MEDIUM,PAYMENT_INFRASTRUCTURE_FAILURE,SMART_RETRY,Base action selected for PAYMENT_INFRASTRUCTURE_FAILURE,12107.2,0.7,5,False,[],,60.0
txn_109e87a1,36253.0,30,MEDIUM,INSUFFICIENT_FUNDS,PAYMENT_REMINDER,Base action selected for INSUFFICIENT_FUNDS,10875.9,0.3,2,False,[],,40.0
txn_cd51cbc4,17373.0,25,LOW,CHECKOUT_ABANDONMENT,PAYMENT_REMINDER,Base action selected for CHECKOUT_ABANDONMENT,6080.55,0.35,2,False,[],,45.0
txn_17516591,24896.0,30,MEDIUM,INSUFFICIENT_FUNDS,PAYMENT_REMINDER,Base action selected for INSUFFICIENT_FUNDS,7468.8,0.3,2,False,[],,30.0
txn_bf74ceeb,25422.0,65,HIGH,OVERDUE_RECEIVABLE,HUMAN_APPROVAL,Invoice is severely overdue (59 days). Requires human approval.,12711.0,0.5,0,True,"[""OVERDUE_SEVERE""]",,40.0
txn_c7406b3d,38151.0,50,MEDIUM,TEMPORARY_PAYMENT_FAILURE,SMART_RETRY,Base action selected for TEMPORARY_PAYMENT_FAILURE,28613.25,0.75,5,False,[],,65.0
txn_424347ed,23076.0,25,LOW,CHECKOUT_ABANDONMENT,PAYMENT_REMINDER,Base action selected for CHECKOUT_ABANDONMENT,8076.6,0.35,2,False,[],,45.0
txn_907d04fd,29231.0,25,LOW,CHECKOUT_ABANDONMENT,PAYMENT_REMINDER,Base action selected for CHECKOUT_ABANDONMENT,10230.85,0.35,2,False,[],,45.0
txn_cc7a68f9,15524.0,25,LOW,CHECKOUT_ABANDONMENT,PAYMENT_REMINDER,Base action selected for CHECKOUT_ABANDONMENT,5433.4,0.35,2,False,[],,35.0
txn_3032337d,10155.0,35,MEDIUM,CHECKOUT_ABANDONMENT,PAYMENT_REMINDER,Base action selected for CHECKOUT_ABANDONMENT,3554.25,0.35,2,False,[],,25.0
txn_8da4346f,15922.0,45,MEDIUM,OVERDUE_RECEIVABLE,HUMAN_APPROVAL,Invoice is severely overdue (36 days). Requires human approval.,7961.0,0.5,0,True,"[""OVERDUE_SEVERE""]",,60.0
txn_33989675,43525.0,55,MEDIUM,OVERDUE_RECEIVABLE,HUMAN_APPROVAL,Invoice is severely overdue (81 days). Requires human approval.,21762.5,0.5,0,True,"[""OVERDUE_SEVERE""]",,40.0
txn_23e013da,23831.0,45,MEDIUM,OVERDUE_RECEIVABLE,HUMAN_APPROVAL,Invoice is severely overdue (42 days). Requires human approval.,11915.5,0.5,0,True,"[""OVERDUE_SEVERE""]",,50.0
txn_31a217c6,46557.0,30,MEDIUM,AUTHENTICATION_FAILURE,PAYMENT_REMINDER,Base action selected for AUTHENTICATION_FAILURE,20950.65,0.45,2,False,[],,55.0
txn_d487668e,34854.0,25,LOW,CHECKOUT_ABANDONMENT,PAYMENT_REMINDER,Base action selected for CHECKOUT_ABANDONMENT,12198.9,0.35,2,False,[],,45.0
txn_d6037fc9,26466.0,45,MEDIUM,OVERDUE_RECEIVABLE,HUMAN_APPROVAL,Invoice is severely overdue (59 days). Requires human approval.,13233.0,0.5,0,True,"[""OVERDUE_SEVERE""]",,60.0
txn_e900a137,37537.0,45,MEDIUM,OVERDUE_RECEIVABLE,RECEIVABLES_ESCALATION,Invoice is 26 days overdue (escalation stage),18768.5,0.5,50,False,"[""OVERDUE_ESCALATION""]",,50.0
txn_ca716d5f,17757.0,40,MEDIUM,TEMPORARY_PAYMENT_FAILURE,SMART_RETRY,Base action selected for TEMPORARY_PAYMENT_FAILURE,13317.75,0.75,5,False,[],,65.0
txn_fba9ba2f,25852.0,45,MEDIUM,OVERDUE_RECEIVABLE,HUMAN_APPROVAL,Invoice is severely overdue (84 days). Requires human approval.,12926.0,0.5,0,True,"[""OVERDUE_SEVERE""]",,60.0
txn_93586c42,13553.0,45,MEDIUM,OVERDUE_RECEIVABLE,RECEIVABLES_ESCALATION,Invoice is 27 days overdue (escalation stage),6776.5,0.5,50,False,"[""OVERDUE_ESCALATION""]",,60.0
txn_88900bab,45937.0,45,MEDIUM,OVERDUE_RECEIVABLE,RECEIVABLES_ESCALATION,Invoice is 19 days overdue (escalation stage),22968.5,0.5,50,False,"[""OVERDUE_ESCALATION""]",,60.0
txn_c9319198,41337.0,45,MEDIUM,OVERDUE_RECEIVABLE,HUMAN_APPROVAL,Invoice is severely overdue (51 days). Requires human approval.,20668.5,0.5,0,True,"[""OVERDUE_SEVERE""]",,60.0
txn_6b96e4c1,42026.0,30,MEDIUM,PAYMENT_METHOD_FAILURE,PAYMENT_REMINDER,Base action selected for PAYMENT_METHOD_FAILURE,16810.4,0.4,2,False,[],,50.0
txn_ad556fc8,7430.0,45,MEDIUM,OVERDUE_RECEIVABLE,HUMAN_APPROVAL,Invoice is severely overdue (54 days). Requires human approval.,3715.0,0.5,0,True,"[""OVERDUE_SEVERE""]",,60.0
txn_f4fd47bb,30983.0,35,MEDIUM,CHECKOUT_ABANDONMENT,PAYMENT_REMINDER,Base action selected for CHECKOUT_ABANDONMENT,10844.05,0.35,2,False,[],,45.0
txn_3809c5d3,46522.0,25,LOW,CHECKOUT_ABANDONMENT,PAYMENT_REMINDER,Base action selected for CHECKOUT_ABANDONMENT,16282.7,0.35,2,False,[],,35.0
txn_53161f5d,3245.0,65,HIGH,OVERDUE_RECEIVABLE,HUMAN_APPROVAL,Invoice is severely overdue (42 days). Requires human approval.,1622.5,0.5,0,True,"[""OVERDUE_SEVERE""]",,40.0
txn_5828cb5c,14530.0,50,MEDIUM,SUBSCRIPTION_PAYMENT_FAILURE,MANDATE_RETRY,Base action selected for SUBSCRIPTION_PAYMENT_FAILURE,7991.5,0.55,5,False,[],,45.00000000000001
txn_dd0b61a4,23209.0,30,MEDIUM,AUTHENTICATION_FAILURE,PAYMENT_REMINDER,Base action selected for AUTHENTICATION_FAILURE,10444.05,0.45,2,False,[],,55.0
txn_ed645078,6920.0,35,MEDIUM,OVERDUE_RECEIVABLE,RECEIVABLES_ESCALATION,Invoice is 12 days overdue (escalation stage),3460.0,0.5,50,False,"[""OVERDUE_ESCALATION""]",,60.0
txn_2d0e5081,37602.0,30,MEDIUM,PAYMENT_INFRASTRUCTURE_FAILURE,SMART_RETRY,Base action selected for PAYMENT_INFRASTRUCTURE_FAILURE,26321.4,0.7,5,False,[],,80.0
txn_a615627a,49131.0,50,MEDIUM,PAYMENT_METHOD_FAILURE,PAYMENT_REMINDER,Base action selected for PAYMENT_METHOD_FAILURE,19652.4,0.4,2,False,[],,30.0
txn_2599bf8b,17021.0,25,LOW,CHECKOUT_ABANDONMENT,PAYMENT_REMINDER,Base action selected for CHECKOUT_ABANDONMENT,5957.35,0.35,2,False,[],,45.0
txn_8d452057,37355.0,40,MEDIUM,OTHER_REVENUE_RISK,PAYMENT_REMINDER,Base action selected for OTHER_REVENUE_RISK,7471.0,0.2,2,False,[],,10
txn_ff71c069,18233.0,25,LOW,CHECKOUT_ABANDONMENT,PAYMENT_REMINDER,Base action selected for CHECKOUT_ABANDONMENT,6381.55,0.35,2,False,[],,35.0
txn_9681ee05,21686.0,50,MEDIUM,AUTHENTICATION_FAILURE,PAYMENT_REMINDER,Base action selected for AUTHENTICATION_FAILURE,9758.7,0.45,2,False,[],,35.0
txn_36eabeb9,44135.0,25,LOW,CHECKOUT_ABANDONMENT,PAYMENT_REMINDER,Base action selected for CHECKOUT_ABANDONMENT,15447.25,0.35,2,False,[],,45.0
txn_7cd1ab3f,14392.0,45,MEDIUM,OVERDUE_RECEIVABLE,HUMAN_APPROVAL,Invoice is severely overdue (40 days). Requires human approval.,7196.0,0.5,0,True,"[""OVERDUE_SEVERE""]",,60.0
txn_8e6157e8,46691.0,30,MEDIUM,TEMPORARY_PAYMENT_FAILURE,SMART_RETRY,Base action selected for TEMPORARY_PAYMENT_FAILURE,35018.25,0.75,5,False,[],,75.0
txn_a6b0d14c,2846.0,40,MEDIUM,TEMPORARY_PAYMENT_FAILURE,SMART_RETRY,Base action selected for TEMPORARY_PAYMENT_FAILURE,2134.5,0.75,5,False,[],,65.0
txn_7912e35f,23722.0,45,MEDIUM,OVERDUE_RECEIVABLE,HUMAN_APPROVAL,Invoice is severely overdue (73 days). Requires human approval.,11861.0,0.5,0,True,"[""OVERDUE_SEVERE""]",,60.0
txn_b27ee333,6210.0,40,MEDIUM,AUTHENTICATION_FAILURE,PAYMENT_REMINDER,Base action selected for AUTHENTICATION_FAILURE,2794.5,0.45,2,False,[],,35.0
txn_d586c61f,16374.0,30,MEDIUM,INSUFFICIENT_FUNDS,PAYMENT_REMINDER,Base action selected for INSUFFICIENT_FUNDS,4912.2,0.3,2,False,[],,30.0
txn_e0e269a3,12662.0,55,MEDIUM,OVERDUE_RECEIVABLE,HUMAN_APPROVAL,Invoice is severely overdue (74 days). Requires human approval.,6331.0,0.5,0,True,"[""OVERDUE_SEVERE""]",,50.0
txn_17484bc7,16103.0,40,MEDIUM,PAYMENT_INFRASTRUCTURE_FAILURE,SMART_RETRY,Base action selected for PAYMENT_INFRASTRUCTURE_FAILURE,11272.1,0.7,5,False,[],,60.0
txn_0f20929c,30392.0,30,MEDIUM,OTHER_REVENUE_RISK,PAYMENT_REMINDER,Base action selected for OTHER_REVENUE_RISK,6078.4,0.2,2,False,[],,20.0
txn_50c67b39,20780.0,35,MEDIUM,CHECKOUT_ABANDONMENT,PAYMENT_REMINDER,Base action selected for CHECKOUT_ABANDONMENT,7273.0,0.35,2,False,[],,35.0
txn_c2060b0c,5287.0,40,MEDIUM,AUTHENTICATION_FAILURE,PAYMENT_REMINDER,Base action selected for AUTHENTICATION_FAILURE,2379.15,0.45,2,False,[],,55.0
txn_0d5cb733,10137.0,30,MEDIUM,PAYMENT_METHOD_FAILURE,PAYMENT_REMINDER,Base action selected for PAYMENT_METHOD_FAILURE,4054.8,0.4,2,False,[],,50.0
txn_197ccfce,46463.0,30,MEDIUM,INSUFFICIENT_FUNDS,PAYMENT_REMINDER,Base action selected for INSUFFICIENT_FUNDS,13938.9,0.3,2,False,[],,40.0
txn_075215b8,7866.0,65,HIGH,OVERDUE_RECEIVABLE,HUMAN_APPROVAL,Invoice is severely overdue (61 days). Requires human approval.,3933.0,0.5,0,True,"[""OVERDUE_SEVERE""]",,40.0
txn_8a0185f0,38044.0,65,HIGH,OVERDUE_RECEIVABLE,HUMAN_APPROVAL,Invoice is severely overdue (48 days). Requires human approval.,19022.0,0.5,0,True,"[""OVERDUE_SEVERE""]",,40.0
txn_5576ca9a,3442.0,40,MEDIUM,AUTHENTICATION_FAILURE,PAYMENT_REMINDER,Base action selected for AUTHENTICATION_FAILURE,1548.9,0.45,2,False,[],,55.0
txn_aca2c312,37150.0,40,MEDIUM,PAYMENT_METHOD_FAILURE,PAYMENT_REMINDER,Base action selected for PAYMENT_METHOD_FAILURE,14860.0,0.4,2,False,[],,40.0
txn_348d9d3f,30945.0,65,HIGH,OVERDUE_RECEIVABLE,HUMAN_APPROVAL,Invoice is severely overdue (47 days). Requires human approval.,15472.5,0.5,0,True,"[""OVERDUE_SEVERE""]",,40.0
txn_695944a9,21973.0,40,MEDIUM,PAYMENT_INFRASTRUCTURE_FAILURE,SMART_RETRY,Base action selected for PAYMENT_INFRASTRUCTURE_FAILURE,15381.1,0.7,5,False,[],,60.0
txn_acdbab66,13940.0,25,LOW,CHECKOUT_ABANDONMENT,PAYMENT_REMINDER,Base action selected for CHECKOUT_ABANDONMENT,4879.0,0.35,2,False,[],,35.0
txn_171fa7cd,40247.0,55,MEDIUM,OVERDUE_RECEIVABLE,RECEIVABLES_ESCALATION,Invoice is 30 days overdue (escalation stage),20123.5,0.5,50,False,"[""OVERDUE_ESCALATION""]",,40.0
txn_dfd20518,414.0,45,MEDIUM,OVERDUE_RECEIVABLE,HUMAN_APPROVAL,Invoice is severely overdue (68 days). Requires human approval.,207.0,0.5,0,True,"[""OVERDUE_SEVERE""]",,60.0
txn_b52ca9e4,36658.0,30,MEDIUM,PAYMENT_METHOD_FAILURE,PAYMENT_REMINDER,Base action selected for PAYMENT_METHOD_FAILURE,14663.2,0.4,2,False,[],,40.0
txn_d0929686,6032.0,45,MEDIUM,OVERDUE_RECEIVABLE,HUMAN_APPROVAL,Invoice is severely overdue (89 days). Requires human approval.,3016.0,0.5,0,True,"[""OVERDUE_SEVERE""]",,60.0
txn_b7af9ab0,2713.0,55,MEDIUM,OVERDUE_RECEIVABLE,RECEIVABLES_ESCALATION,Invoice is 20 days overdue (escalation stage),1356.5,0.5,50,False,"[""OVERDUE_ESCALATION""]",,50.0
txn_39d7b407,16619.0,40,MEDIUM,PAYMENT_METHOD_FAILURE,PAYMENT_REMINDER,Base action selected for PAYMENT_METHOD_FAILURE,6647.6,0.4,2,False,[],,30.0
txn_c5c3d198,47419.0,45,MEDIUM,OVERDUE_RECEIVABLE,HUMAN_APPROVAL,Invoice is severely overdue (75 days). Requires human approval.,23709.5,0.5,0,True,"[""OVERDUE_SEVERE""]",,60.0
txn_e520f173,21915.0,30,MEDIUM,OTHER_REVENUE_RISK,PAYMENT_REMINDER,Base action selected for OTHER_REVENUE_RISK,4383.0,0.2,2,False,[],,30.0
txn_490ae7b0,42735.0,35,MEDIUM,CHECKOUT_ABANDONMENT,PAYMENT_REMINDER,Base action selected for CHECKOUT_ABANDONMENT,14957.25,0.35,2,False,[],,25.0
txn_cf194523,23178.0,45,MEDIUM,OVERDUE_RECEIVABLE,HUMAN_APPROVAL,Invoice is severely overdue (54 days). Requires human approval.,11589.0,0.5,0,True,"[""OVERDUE_SEVERE""]",,60.0
txn_baab1f75,10929.0,55,MEDIUM,OVERDUE_RECEIVABLE,HUMAN_APPROVAL,Invoice is severely overdue (81 days). Requires human approval.,5464.5,0.5,0,True,"[""OVERDUE_SEVERE""]",,50.0
txn_436ba9f6,25084.0,30,MEDIUM,PAYMENT_INFRASTRUCTURE_FAILURE,SMART_RETRY,Base action selected for PAYMENT_INFRASTRUCTURE_FAILURE,17558.8,0.7,5,False,[],,70.0
txn_6a6d3d69,44304.0,40,MEDIUM,PAYMENT_INFRASTRUCTURE_FAILURE,SMART_RETRY,Base action selected for PAYMENT_INFRASTRUCTURE_FAILURE,31012.8,0.7,5,False,[],,80.0
txn_315ad6d6,25110.0,55,MEDIUM,OVERDUE_RECEIVABLE,HUMAN_APPROVAL,Invoice is severely overdue (67 days). Requires human approval.,12555.0,0.5,0,True,"[""OVERDUE_SEVERE""]",,40.0
txn_4a7274be,22246.0,50,MEDIUM,AUTHENTICATION_FAILURE,PAYMENT_REMINDER,Base action selected for AUTHENTICATION_FAILURE,10010.7,0.45,2,False,[],,35.0
txn_2123fbba,15013.0,50,MEDIUM,INSUFFICIENT_FUNDS,PAYMENT_REMINDER,Base action selected for INSUFFICIENT_FUNDS,4503.9,0.3,2,False,[],,20.0
txn_97cf1a5e,26296.0,45,MEDIUM,OVERDUE_RECEIVABLE,HUMAN_APPROVAL,Invoice is severely overdue (83 days). Requires human approval.,13148.0,0.5,0,True,"[""OVERDUE_SEVERE""]",,60.0
txn_1c12bf53,37843.0,55,MEDIUM,OVERDUE_RECEIVABLE,HUMAN_APPROVAL,Invoice is severely overdue (66 days). Requires human approval.,18921.5,0.5,0,True,"[""OVERDUE_SEVERE""]",,50.0
txn_a5cf50af,7765.0,30,MEDIUM,PAYMENT_METHOD_FAILURE,PAYMENT_REMINDER,Base action selected for PAYMENT_METHOD_FAILURE,3106.0,0.4,2,False,[],,40.0
txn_9eaa7e16,43864.0,45,MEDIUM,OVERDUE_RECEIVABLE,HUMAN_APPROVAL,Invoice is severely overdue (38 days). Requires human approval.,21932.0,0.5,0,True,"[""OVERDUE_SEVERE""]",,50.0
txn_6583a19a,15828.0,45,MEDIUM,OVERDUE_RECEIVABLE,HUMAN_APPROVAL,Invoice is severely overdue (89 days). Requires human approval.,7914.0,0.5,0,True,"[""OVERDUE_SEVERE""]",,60.0
txn_ea844a90,18858.0,35,MEDIUM,OVERDUE_RECEIVABLE,RECEIVABLES_ESCALATION,Invoice is 10 days overdue (escalation stage),9429.0,0.5,50,False,"[""OVERDUE_ESCALATION""]",,60.0
txn_b53f3357,24149.0,30,MEDIUM,TEMPORARY_PAYMENT_FAILURE,SMART_RETRY,Base action selected for TEMPORARY_PAYMENT_FAILURE,18111.75,0.75,5,False,[],,75.0
txn_c16bbb23,2745.0,45,MEDIUM,CHECKOUT_ABANDONMENT,PAYMENT_REMINDER,Base action selected for CHECKOUT_ABANDONMENT,960.75,0.35,2,False,[],,25.0
txn_6c96def1,11144.0,45,MEDIUM,OVERDUE_RECEIVABLE,HUMAN_APPROVAL,Invoice is severely overdue (37 days). Requires human approval.,5572.0,0.5,0,True,"[""OVERDUE_SEVERE""]",,50.0
txn_a45e2bd6,1545.0,40,MEDIUM,TEMPORARY_PAYMENT_FAILURE,SMART_RETRY,Base action selected for TEMPORARY_PAYMENT_FAILURE,1158.75,0.75,5,False,[],,65.0
txn_9751e420,43052.0,25,LOW,CHECKOUT_ABANDONMENT,PAYMENT_REMINDER,Base action selected for CHECKOUT_ABANDONMENT,15068.2,0.35,2,False,[],,45.0
txn_9fe7f103,46483.0,45,MEDIUM,OVERDUE_RECEIVABLE,RECEIVABLES_ESCALATION,Invoice is 27 days overdue (escalation stage),23241.5,0.5,50,False,"[""OVERDUE_ESCALATION""]",,60.0
txn_5d46e65c,10440.0,25,LOW,CHECKOUT_ABANDONMENT,PAYMENT_REMINDER,Base action selected for CHECKOUT_ABANDONMENT,3654.0,0.35,2,False,[],,45.0
txn_47b9bca3,12695.0,30,MEDIUM,AUTHENTICATION_FAILURE,PAYMENT_REMINDER,Base action selected for AUTHENTICATION_FAILURE,5712.75,0.45,2,False,[],,45.0
txn_d4798050,16419.0,25,LOW,CHECKOUT_ABANDONMENT,PAYMENT_REMINDER,Base action selected for CHECKOUT_ABANDONMENT,5746.65,0.35,2,False,[],,35.0
txn_dc61205e,42896.0,30,MEDIUM,PAYMENT_METHOD_FAILURE,PAYMENT_REMINDER,Base action selected for PAYMENT_METHOD_FAILURE,17158.4,0.4,2,False,[],,50.0
txn_6d1c1590,33118.0,45,MEDIUM,OVERDUE_RECEIVABLE,RECEIVABLES_ESCALATION,Invoice is 10 days overdue (escalation stage),16559.0,0.5,50,False,"[""OVERDUE_ESCALATION""]",,50.0
txn_10d37b56,40211.0,45,MEDIUM,OVERDUE_RECEIVABLE,HUMAN_APPROVAL,Invoice is severely overdue (49 days). Requires human approval.,20105.5,0.5,0,True,"[""OVERDUE_SEVERE""]",,60.0
txn_ee4442c6,3984.0,40,MEDIUM,AUTHENTICATION_FAILURE,PAYMENT_REMINDER,Base action selected for AUTHENTICATION_FAILURE,1792.8,0.45,2,False,[],,35.0
txn_c4e56259,18079.0,55,MEDIUM,OVERDUE_RECEIVABLE,HUMAN_APPROVAL,Invoice is severely overdue (84 days). Requires human approval.,9039.5,0.5,0,True,"[""OVERDUE_SEVERE""]",,50.0
txn_c944aebf,37855.0,25,LOW,CHECKOUT_ABANDONMENT,PAYMENT_REMINDER,Base action selected for CHECKOUT_ABANDONMENT,13249.25,0.35,2,False,[],,35.0
txn_926d9156,28173.0,35,MEDIUM,CHECKOUT_ABANDONMENT,PAYMENT_REMINDER,Base action selected for CHECKOUT_ABANDONMENT,9860.55,0.35,2,False,[],,35.0
txn_8e0d755d,41709.0,45,MEDIUM,OVERDUE_RECEIVABLE,RECEIVABLES_ESCALATION,Invoice is 25 days overdue (escalation stage),20854.5,0.5,50,False,"[""OVERDUE_ESCALATION""]",,60.0
txn_80d30ee2,17021.0,45,MEDIUM,OVERDUE_RECEIVABLE,RECEIVABLES_ESCALATION,Invoice is 23 days overdue (escalation stage),8510.5,0.5,50,False,"[""OVERDUE_ESCALATION""]",,50.0
txn_82d14a84,38171.0,65,HIGH,OVERDUE_RECEIVABLE,HUMAN_APPROVAL,Invoice is severely overdue (42 days). Requires human approval.,19085.5,0.5,0,True,"[""OVERDUE_SEVERE""]",,40.0
txn_4810defc,17114.0,40,MEDIUM,PAYMENT_METHOD_FAILURE,PAYMENT_REMINDER,Base action selected for PAYMENT_METHOD_FAILURE,6845.6,0.4,2,False,[],,40.0
txn_b92c7a54,45668.0,30,MEDIUM,AUTHENTICATION_FAILURE,PAYMENT_REMINDER,Base action selected for AUTHENTICATION_FAILURE,20550.6,0.45,2,False,[],,55.0
txn_0a1dfe15,45113.0,40,MEDIUM,TEMPORARY_PAYMENT_FAILURE,SMART_RETRY,Base action selected for TEMPORARY_PAYMENT_FAILURE,33834.75,0.75,5,False,[],,65.0
txn_80bfafec,29491.0,30,MEDIUM,TEMPORARY_PAYMENT_FAILURE,SMART_RETRY,Base action selected for TEMPORARY_PAYMENT_FAILURE,22118.25,0.75,5,False,[],,75.0
txn_9a517dc7,41852.0,30,MEDIUM,INSUFFICIENT_FUNDS,PAYMENT_REMINDER,Base action selected for INSUFFICIENT_FUNDS,12555.6,0.3,2,False,[],,30.0
txn_857cfbc7,4343.0,40,MEDIUM,TEMPORARY_PAYMENT_FAILURE,SMART_RETRY,Base action selected for TEMPORARY_PAYMENT_FAILURE,3257.25,0.75,5,False,[],,65.0
txn_be7fea09,11402.0,25,LOW,CHECKOUT_ABANDONMENT,PAYMENT_REMINDER,Base action selected for CHECKOUT_ABANDONMENT,3990.7,0.35,2,False,[],,35.0
txn_84b16050,36467.0,30,MEDIUM,PAYMENT_INFRASTRUCTURE_FAILURE,SMART_RETRY,Base action selected for PAYMENT_INFRASTRUCTURE_FAILURE,25526.9,0.7,5,False,[],,80.0
txn_ea30aeef,42474.0,35,MEDIUM,CHECKOUT_ABANDONMENT,PAYMENT_REMINDER,Base action selected for CHECKOUT_ABANDONMENT,14865.9,0.35,2,False,[],,25.0
txn_b5206515,32324.0,40,MEDIUM,PAYMENT_INFRASTRUCTURE_FAILURE,SMART_RETRY,Base action selected for PAYMENT_INFRASTRUCTURE_FAILURE,22626.8,0.7,5,False,[],,60.0
txn_1270d3c4,22402.0,55,MEDIUM,OVERDUE_RECEIVABLE,HUMAN_APPROVAL,Invoice is severely overdue (51 days). Requires human approval.,11201.0,0.5,0,True,"[""OVERDUE_SEVERE""]",,40.0
txn_9109a8d6,33512.0,45,MEDIUM,CHECKOUT_ABANDONMENT,PAYMENT_REMINDER,Base action selected for CHECKOUT_ABANDONMENT,11729.2,0.35,2,False,[],,25.0
txn_7e7794d7,14895.0,35,MEDIUM,OVERDUE_RECEIVABLE,RECEIVABLES_ESCALATION,Invoice is 8 days overdue (escalation stage),7447.5,0.5,50,False,"[""OVERDUE_ESCALATION""]",,60.0
txn_8ecd6a92,37767.0,25,LOW,CHECKOUT_ABANDONMENT,PAYMENT_REMINDER,Base action selected for CHECKOUT_ABANDONMENT,13218.45,0.35,2,False,[],,45.0
txn_b7effd73,26851.0,45,MEDIUM,OVERDUE_RECEIVABLE,HUMAN_APPROVAL,Invoice is severely overdue (77 days). Requires human approval.,13425.5,0.5,0,True,"[""OVERDUE_SEVERE""]",,60.0
txn_4e302201,8480.0,45,MEDIUM,OVERDUE_RECEIVABLE,HUMAN_APPROVAL,Invoice is severely overdue (47 days). Requires human approval.,4240.0,0.5,0,True,"[""OVERDUE_SEVERE""]",,60.0
txn_2cfbba19,42865.0,45,MEDIUM,OVERDUE_RECEIVABLE,HUMAN_APPROVAL,Invoice is severely overdue (81 days). Requires human approval.,21432.5,0.5,0,True,"[""OVERDUE_SEVERE""]",,50.0
txn_19623c53,29611.0,50,MEDIUM,OTHER_REVENUE_RISK,PAYMENT_REMINDER,Base action selected for OTHER_REVENUE_RISK,5922.2,0.2,2,False,[],,10
txn_fdfe4514,34583.0,55,MEDIUM,OVERDUE_RECEIVABLE,HUMAN_APPROVAL,Invoice is severely overdue (72 days). Requires human approval.,17291.5,0.5,0,True,"[""OVERDUE_SEVERE""]",,60.0
txn_01baa697,44463.0,45,MEDIUM,OVERDUE_RECEIVABLE,HUMAN_APPROVAL,Invoice is severely overdue (87 days). Requires human approval.,22231.5,0.5,0,True,"[""OVERDUE_SEVERE""]",,60.0
txn_8fd250df,47988.0,30,MEDIUM,PAYMENT_METHOD_FAILURE,PAYMENT_REMINDER,Base action selected for PAYMENT_METHOD_FAILURE,19195.2,0.4,2,False,[],,40.0
txn_881d416c,40410.0,30,MEDIUM,PAYMENT_INFRASTRUCTURE_FAILURE,SMART_RETRY,Base action selected for PAYMENT_INFRASTRUCTURE_FAILURE,28287.0,0.7,5,False,[],,80.0
txn_5dd9defe,11093.0,30,MEDIUM,SUBSCRIPTION_PAYMENT_FAILURE,MANDATE_RETRY,Base action selected for SUBSCRIPTION_PAYMENT_FAILURE,6101.15,0.55,5,False,[],,55.00000000000001
txn_c6c60b00,46450.0,45,MEDIUM,OVERDUE_RECEIVABLE,HUMAN_APPROVAL,Invoice is severely overdue (85 days). Requires human approval.,23225.0,0.5,0,True,"[""OVERDUE_SEVERE""]",,60.0
txn_79514513,46731.0,25,LOW,CHECKOUT_ABANDONMENT,PAYMENT_REMINDER,Base action selected for CHECKOUT_ABANDONMENT,16355.85,0.35,2,False,[],,45.0
txn_5fab6083,5859.0,45,MEDIUM,OVERDUE_RECEIVABLE,HUMAN_APPROVAL,Invoice is severely overdue (71 days). Requires human approval.,2929.5,0.5,0,True,"[""OVERDUE_SEVERE""]",,50.0
txn_32988f94,33029.0,25,LOW,CHECKOUT_ABANDONMENT,PAYMENT_REMINDER,Base action selected for CHECKOUT_ABANDONMENT,11560.15,0.35,2,False,[],,35.0
txn_3309cd06,33399.0,35,MEDIUM,CHECKOUT_ABANDONMENT,PAYMENT_REMINDER,Base action selected for CHECKOUT_ABANDONMENT,11689.65,0.35,2,False,[],,25.0
txn_3b1a4293,12333.0,35,MEDIUM,OVERDUE_RECEIVABLE,RECEIVABLES_ESCALATION,Invoice is 14 days overdue (escalation stage),6166.5,0.5,50,False,"[""OVERDUE_ESCALATION""]",,60.0
txn_247c21aa,5468.0,30,MEDIUM,TEMPORARY_PAYMENT_FAILURE,SMART_RETRY,Base action selected for TEMPORARY_PAYMENT_FAILURE,4101.0,0.75,5,False,[],,85.0
txn_3cfbf745,26646.0,35,MEDIUM,CHECKOUT_ABANDONMENT,PAYMENT_REMINDER,Base action selected for CHECKOUT_ABANDONMENT,9326.1,0.35,2,False,[],,25.0
txn_f2d73f5d,1798.0,30,MEDIUM,PAYMENT_INFRASTRUCTURE_FAILURE,SMART_RETRY,Base action selected for PAYMENT_INFRASTRUCTURE_FAILURE,1258.6,0.7,5,False,[],,80.0
txn_95ea8e52,23287.0,45,MEDIUM,OVERDUE_RECEIVABLE,HUMAN_APPROVAL,Invoice is severely overdue (60 days). Requires human approval.,11643.5,0.5,0,True,"[""OVERDUE_SEVERE""]",,50.0
txn_7a23087b,38970.0,45,MEDIUM,CHECKOUT_ABANDONMENT,PAYMENT_REMINDER,Base action selected for CHECKOUT_ABANDONMENT,13639.5,0.35,2,False,[],,25.0
txn_af3ab4dd,32373.0,25,LOW,CHECKOUT_ABANDONMENT,PAYMENT_REMINDER,Base action selected for CHECKOUT_ABANDONMENT,11330.55,0.35,2,False,[],,45.0
txn_9a63bc35,46442.0,55,MEDIUM,OVERDUE_RECEIVABLE,RECEIVABLES_ESCALATION,Invoice is 21 days overdue (escalation stage),23221.0,0.5,50,False,"[""OVERDUE_ESCALATION""]",,60.0
txn_de1ab5b1,24387.0,35,MEDIUM,OVERDUE_RECEIVABLE,RECEIVABLES_ESCALATION,Invoice is 10 days overdue (escalation stage),12193.5,0.5,50,False,"[""OVERDUE_ESCALATION""]",,60.0
txn_e25c7c3d,4259.0,25,LOW,CHECKOUT_ABANDONMENT,PAYMENT_REMINDER,Base action selected for CHECKOUT_ABANDONMENT,1490.65,0.35,2,False,[],,45.0
txn_969d6d4b,44634.0,25,LOW,CHECKOUT_ABANDONMENT,PAYMENT_REMINDER,Base action selected for CHECKOUT_ABANDONMENT,15621.9,0.35,2,False,[],,35.0
txn_c192795a,15572.0,25,LOW,CHECKOUT_ABANDONMENT,PAYMENT_REMINDER,Base action selected for CHECKOUT_ABANDONMENT,5450.2,0.35,2,False,[],,35.0
txn_85a80979,29873.0,30,MEDIUM,AUTHENTICATION_FAILURE,PAYMENT_REMINDER,Base action selected for AUTHENTICATION_FAILURE,13442.85,0.45,2,False,[],,55.0
txn_1bff14f1,22735.0,45,MEDIUM,OVERDUE_RECEIVABLE,RECEIVABLES_ESCALATION,Invoice is 25 days overdue (escalation stage),11367.5,0.5,50,False,"[""OVERDUE_ESCALATION""]",,60.0
txn_bd8aa3f7,29328.0,30,MEDIUM,TEMPORARY_PAYMENT_FAILURE,SMART_RETRY,Base action selected for TEMPORARY_PAYMENT_FAILURE,21996.0,0.75,5,False,[],,75.0
txn_88c44bef,25677.0,25,LOW,CHECKOUT_ABANDONMENT,PAYMENT_REMINDER,Base action selected for CHECKOUT_ABANDONMENT,8986.95,0.35,2,False,[],,45.0
txn_9977dfb2,46703.0,30,MEDIUM,TEMPORARY_PAYMENT_FAILURE,SMART_RETRY,Base action selected for TEMPORARY_PAYMENT_FAILURE,35027.25,0.75,5,False,[],,85.0
txn_bffc6582,18264.0,25,LOW,CHECKOUT_ABANDONMENT,PAYMENT_REMINDER,Base action selected for CHECKOUT_ABANDONMENT,6392.4,0.35,2,False,[],,35.0
txn_64aa1e13,48979.0,40,MEDIUM,PAYMENT_INFRASTRUCTURE_FAILURE,SMART_RETRY,Base action selected for PAYMENT_INFRASTRUCTURE_FAILURE,34285.3,0.7,5,False,[],,80.0
txn_f9d065f7,22829.0,45,MEDIUM,OVERDUE_RECEIVABLE,RECEIVABLES_ESCALATION,Invoice is 17 days overdue (escalation stage),11414.5,0.5,50,False,"[""OVERDUE_ESCALATION""]",,60.0
txn_44c57e3a,32474.0,30,MEDIUM,INSUFFICIENT_FUNDS,PAYMENT_REMINDER,Base action selected for INSUFFICIENT_FUNDS,9742.2,0.3,2,False,[],,30.0
txn_fef4bfc0,46538.0,35,MEDIUM,OVERDUE_RECEIVABLE,PAYMENT_REMINDER,Invoice is 6 days overdue (early stage),23269.0,0.5,2,False,"[""OVERDUE_EARLY""]",,60.0
txn_43cb2e5b,46753.0,25,LOW,CHECKOUT_ABANDONMENT,PAYMENT_REMINDER,Base action selected for CHECKOUT_ABANDONMENT,16363.55,0.35,2,False,[],,45.0
txn_ca7e9f40,1097.0,25,LOW,CHECKOUT_ABANDONMENT,PAYMENT_REMINDER,Base action selected for CHECKOUT_ABANDONMENT,383.95,0.35,2,False,[],,35.0
txn_6b866e5d,39257.0,35,MEDIUM,CHECKOUT_ABANDONMENT,PAYMENT_REMINDER,Base action selected for CHECKOUT_ABANDONMENT,13739.95,0.35,2,False,[],,25.0
txn_df52b3f1,19927.0,35,MEDIUM,CHECKOUT_ABANDONMENT,PAYMENT_REMINDER,Base action selected for CHECKOUT_ABANDONMENT,6974.45,0.35,2,False,[],,25.0
txn_b0979c76,47085.0,45,MEDIUM,CHECKOUT_ABANDONMENT,PAYMENT_REMINDER,Base action selected for CHECKOUT_ABANDONMENT,16479.75,0.35,2,False,[],,25.0
txn_fc5f1bae,31305.0,25,LOW,CHECKOUT_ABANDONMENT,PAYMENT_REMINDER,Base action selected for CHECKOUT_ABANDONMENT,10956.75,0.35,2,False,[],,35.0
txn_6643bd96,10235.0,45,MEDIUM,OVERDUE_RECEIVABLE,RECEIVABLES_ESCALATION,Invoice is 16 days overdue (escalation stage),5117.5,0.5,50,False,"[""OVERDUE_ESCALATION""]",,60.0
txn_45501fca,35304.0,65,HIGH,OVERDUE_RECEIVABLE,RECEIVABLES_ESCALATION,Invoice is 22 days overdue (escalation stage),17652.0,0.5,50,False,"[""OVERDUE_ESCALATION""]",,40.0
txn_7c618fc5,26123.0,30,MEDIUM,INSUFFICIENT_FUNDS,PAYMENT_REMINDER,Base action selected for INSUFFICIENT_FUNDS,7836.9,0.3,2,False,[],,40.0
txn_5d1a4bd0,34247.0,55,MEDIUM,OVERDUE_RECEIVABLE,HUMAN_APPROVAL,Invoice is severely overdue (36 days). Requires human approval.,17123.5,0.5,0,True,"[""OVERDUE_SEVERE""]",,60.0
txn_7090b8bd,1343.0,45,MEDIUM,CHECKOUT_ABANDONMENT,PAYMENT_REMINDER,Base action selected for CHECKOUT_ABANDONMENT,470.05,0.35,2,False,[],,25.0
txn_f07d0fe0,20324.0,25,LOW,CHECKOUT_ABANDONMENT,PAYMENT_REMINDER,Base action selected for CHECKOUT_ABANDONMENT,7113.4,0.35,2,False,[],,45.0
txn_6573dd0d,42852.0,55,MEDIUM,OVERDUE_RECEIVABLE,HUMAN_APPROVAL,Invoice is severely overdue (70 days). Requires human approval.,21426.0,0.5,0,True,"[""OVERDUE_SEVERE""]",,40.0
txn_11b4f11f,44636.0,30,MEDIUM,AUTHENTICATION_FAILURE,PAYMENT_REMINDER,Base action selected for AUTHENTICATION_FAILURE,20086.2,0.45,2,False,[],,55.0
txn_b6470acf,17240.0,25,LOW,CHECKOUT_ABANDONMENT,PAYMENT_REMINDER,Base action selected for CHECKOUT_ABANDONMENT,6034.0,0.35,2,False,[],,45.0
txn_a6820d89,25296.0,25,LOW,CHECKOUT_ABANDONMENT,PAYMENT_REMINDER,Base action selected for CHECKOUT_ABANDONMENT,8853.6,0.35,2,False,[],,45.0
txn_254e24f3,25469.0,30,MEDIUM,PAYMENT_METHOD_FAILURE,PAYMENT_REMINDER,Base action selected for PAYMENT_METHOD_FAILURE,10187.6,0.4,2,False,[],,50.0
txn_78a8a709,6886.0,55,MEDIUM,OVERDUE_RECEIVABLE,HUMAN_APPROVAL,Invoice is severely overdue (86 days). Requires human approval.,3443.0,0.5,0,True,"[""OVERDUE_SEVERE""]",,50.0
txn_6d1fa1ad,45101.0,45,MEDIUM,OVERDUE_RECEIVABLE,HUMAN_APPROVAL,Invoice is severely overdue (71 days). Requires human approval.,22550.5,0.5,0,True,"[""OVERDUE_SEVERE""]",,60.0
txn_8ef3e6a6,32930.0,45,MEDIUM,OVERDUE_RECEIVABLE,HUMAN_APPROVAL,Invoice is severely overdue (49 days). Requires human approval.,16465.0,0.5,0,True,"[""OVERDUE_SEVERE""]",,50.0
txn_a0127216,23080.0,55,MEDIUM,OVERDUE_RECEIVABLE,HUMAN_APPROVAL,Invoice is severely overdue (77 days). Requires human approval.,11540.0,0.5,0,True,"[""OVERDUE_SEVERE""]",,40.0
txn_3f978ced,8600.0,30,MEDIUM,TEMPORARY_PAYMENT_FAILURE,SMART_RETRY,Base action selected for TEMPORARY_PAYMENT_FAILURE,6450.0,0.75,5,False,[],,75.0
txn_729c9031,40151.0,30,MEDIUM,INSUFFICIENT_FUNDS,PAYMENT_REMINDER,Base action selected for INSUFFICIENT_FUNDS,12045.3,0.3,2,False,[],,30.0
txn_a590b1ef,2232.0,45,MEDIUM,OVERDUE_RECEIVABLE,HUMAN_APPROVAL,Invoice is severely overdue (62 days). Requires human approval.,1116.0,0.5,0,True,"[""OVERDUE_SEVERE""]",,60.0
txn_59b21c7c,37480.0,25,LOW,CHECKOUT_ABANDONMENT,PAYMENT_REMINDER,Base action selected for CHECKOUT_ABANDONMENT,13118.0,0.35,2,False,[],,45.0
txn_500fc79c,31280.0,45,MEDIUM,OVERDUE_RECEIVABLE,HUMAN_APPROVAL,Invoice is severely overdue (73 days). Requires human approval.,15640.0,0.5,0,True,"[""OVERDUE_SEVERE""]",,50.0
txn_55fe968b,22640.0,55,MEDIUM,OVERDUE_RECEIVABLE,HUMAN_APPROVAL,Invoice is severely overdue (86 days). Requires human approval.,11320.0,0.5,0,True,"[""OVERDUE_SEVERE""]",,40.0
txn_2837a0e7,10580.0,45,MEDIUM,OVERDUE_RECEIVABLE,HUMAN_APPROVAL,Invoice is severely overdue (77 days). Requires human approval.,5290.0,0.5,0,True,"[""OVERDUE_SEVERE""]",,60.0
txn_bd9d3f16,16383.0,55,MEDIUM,OVERDUE_RECEIVABLE,HUMAN_APPROVAL,Invoice is severely overdue (64 days). Requires human approval.,8191.5,0.5,0,True,"[""OVERDUE_SEVERE""]",,60.0
txn_59e1d370,17291.0,45,MEDIUM,OVERDUE_RECEIVABLE,HUMAN_APPROVAL,Invoice is severely overdue (80 days). Requires human approval.,8645.5,0.5,0,True,"[""OVERDUE_SEVERE""]",,60.0
txn_d91aa7fa,16147.0,35,MEDIUM,CHECKOUT_ABANDONMENT,PAYMENT_REMINDER,Base action selected for CHECKOUT_ABANDONMENT,5651.45,0.35,2,False,[],,35.0
txn_a6487e0e,21439.0,30,MEDIUM,INSUFFICIENT_FUNDS,PAYMENT_REMINDER,Base action selected for INSUFFICIENT_FUNDS,6431.7,0.3,2,False,[],,40.0
txn_0b97d9e9,16214.0,45,MEDIUM,OVERDUE_RECEIVABLE,HUMAN_APPROVAL,Invoice is severely overdue (46 days). Requires human approval.,8107.0,0.5,0,True,"[""OVERDUE_SEVERE""]",,50.0
txn_88b86229,7789.0,30,MEDIUM,INSUFFICIENT_FUNDS,PAYMENT_REMINDER,Base action selected for INSUFFICIENT_FUNDS,2336.7,0.3,2,False,[],,40.0
txn_4bc69eac,41253.0,45,MEDIUM,OVERDUE_RECEIVABLE,HUMAN_APPROVAL,Invoice is severely overdue (78 days). Requires human approval.,20626.5,0.5,0,True,"[""OVERDUE_SEVERE""]",,60.0
txn_626e3a0f,45524.0,35,MEDIUM,OVERDUE_RECEIVABLE,PAYMENT_REMINDER,Invoice is 5 days overdue (early stage),22762.0,0.5,2,False,"[""OVERDUE_EARLY""]",,60.0
txn_c08346ab,33159.0,55,MEDIUM,OVERDUE_RECEIVABLE,HUMAN_APPROVAL,Invoice is severely overdue (44 days). Requires human approval.,16579.5,0.5,0,True,"[""OVERDUE_SEVERE""]",,40.0
txn_053d0c9f,7798.0,55,MEDIUM,OVERDUE_RECEIVABLE,RECEIVABLES_ESCALATION,Invoice is 17 days overdue (escalation stage),3899.0,0.5,50,False,"[""OVERDUE_ESCALATION""]",,50.0
txn_e2196ae2,37402.0,45,MEDIUM,CHECKOUT_ABANDONMENT,PAYMENT_REMINDER,Base action selected for CHECKOUT_ABANDONMENT,13090.7,0.35,2,False,[],,25.0
txn_7d1be096,11159.0,45,MEDIUM,OVERDUE_RECEIVABLE,HUMAN_APPROVAL,Invoice is severely overdue (58 days). Requires human approval.,5579.5,0.5,0,True,"[""OVERDUE_SEVERE""]",,60.0
txn_46048d4a,43587.0,65,HIGH,OVERDUE_RECEIVABLE,RECEIVABLES_ESCALATION,Invoice is 28 days overdue (escalation stage),21793.5,0.5,50,False,"[""OVERDUE_ESCALATION""]",,40.0
txn_6609ba1d,19860.0,25,LOW,CHECKOUT_ABANDONMENT,PAYMENT_REMINDER,Base action selected for CHECKOUT_ABANDONMENT,6951.0,0.35,2,False,[],,45.0
txn_f263e1ec,19348.0,30,MEDIUM,TEMPORARY_PAYMENT_FAILURE,SMART_RETRY,Base action selected for TEMPORARY_PAYMENT_FAILURE,14511.0,0.75,5,False,[],,85.0
txn_83aa9620,4593.0,45,MEDIUM,OVERDUE_RECEIVABLE,HUMAN_APPROVAL,Invoice is severely overdue (86 days). Requires human approval.,2296.5,0.5,0,True,"[""OVERDUE_SEVERE""]",,50.0
txn_b73fb08d,36267.0,25,LOW,CHECKOUT_ABANDONMENT,PAYMENT_REMINDER,Base action selected for CHECKOUT_ABANDONMENT,12693.45,0.35,2,False,[],,45.0
txn_4421288e,4214.0,65,HIGH,OVERDUE_RECEIVABLE,HUMAN_APPROVAL,Invoice is severely overdue (72 days). Requires human approval.,2107.0,0.5,0,True,"[""OVERDUE_SEVERE""]",,40.0
txn_6b259dce,27114.0,35,MEDIUM,CHECKOUT_ABANDONMENT,PAYMENT_REMINDER,Base action selected for CHECKOUT_ABANDONMENT,9489.9,0.35,2,False,[],,25.0
txn_d56ba09e,16958.0,65,HIGH,OVERDUE_RECEIVABLE,HUMAN_APPROVAL,Invoice is severely overdue (50 days). Requires human approval.,8479.0,0.5,0,True,"[""OVERDUE_SEVERE""]",,40.0
txn_551fe136,17551.0,30,MEDIUM,PAYMENT_INFRASTRUCTURE_FAILURE,SMART_RETRY,Base action selected for PAYMENT_INFRASTRUCTURE_FAILURE,12285.7,0.7,5,False,[],,80.0
txn_bbc50ab1,21515.0,45,MEDIUM,OVERDUE_RECEIVABLE,HUMAN_APPROVAL,Invoice is severely overdue (64 days). Requires human approval.,10757.5,0.5,0,True,"[""OVERDUE_SEVERE""]",,60.0
txn_fb627f58,21435.0,50,MEDIUM,SUBSCRIPTION_PAYMENT_FAILURE,MANDATE_RETRY,Base action selected for SUBSCRIPTION_PAYMENT_FAILURE,11789.25,0.55,5,False,[],,45.00000000000001
txn_c4a634c8,22206.0,55,MEDIUM,OVERDUE_RECEIVABLE,RECEIVABLES_ESCALATION,Invoice is 9 days overdue (escalation stage),11103.0,0.5,50,False,"[""OVERDUE_ESCALATION""]",,40.0
txn_b226e435,17399.0,45,MEDIUM,OVERDUE_RECEIVABLE,RECEIVABLES_ESCALATION,Invoice is 28 days overdue (escalation stage),8699.5,0.5,50,False,"[""OVERDUE_ESCALATION""]",,50.0
txn_0796b7ae,23373.0,45,MEDIUM,OVERDUE_RECEIVABLE,RECEIVABLES_ESCALATION,Invoice is 25 days overdue (escalation stage),11686.5,0.5,50,False,"[""OVERDUE_ESCALATION""]",,50.0
txn_ebfa1271,8544.0,25,LOW,CHECKOUT_ABANDONMENT,PAYMENT_REMINDER,Base action selected for CHECKOUT_ABANDONMENT,2990.4,0.35,2,False,[],,45.0
txn_2eb00237,33222.0,45,MEDIUM,OVERDUE_RECEIVABLE,HUMAN_APPROVAL,Invoice is severely overdue (79 days). Requires human approval.,16611.0,0.5,0,True,"[""OVERDUE_SEVERE""]",,60.0
txn_8dab9fb8,31103.0,35,MEDIUM,CHECKOUT_ABANDONMENT,PAYMENT_REMINDER,Base action selected for CHECKOUT_ABANDONMENT,10886.05,0.35,2,False,[],,35.0
txn_9fca4ca6,45004.0,35,MEDIUM,CHECKOUT_ABANDONMENT,PAYMENT_REMINDER,Base action selected for CHECKOUT_ABANDONMENT,15751.4,0.35,2,False,[],,25.0
txn_3bc05f6f,13378.0,30,MEDIUM,PAYMENT_METHOD_FAILURE,PAYMENT_REMINDER,Base action selected for PAYMENT_METHOD_FAILURE,5351.2,0.4,2,False,[],,50.0
txn_c9ec139a,12575.0,30,MEDIUM,AUTHENTICATION_FAILURE,PAYMENT_REMINDER,Base action selected for AUTHENTICATION_FAILURE,5658.75,0.45,2,False,[],,55.0
txn_a45deb05,15388.0,45,MEDIUM,OVERDUE_RECEIVABLE,HUMAN_APPROVAL,Invoice is severely overdue (58 days). Requires human approval.,7694.0,0.5,0,True,"[""OVERDUE_SEVERE""]",,50.0
txn_16306ac3,32447.0,30,MEDIUM,OTHER_REVENUE_RISK,PAYMENT_REMINDER,Base action selected for OTHER_REVENUE_RISK,6489.4,0.2,2,False,[],,30.0
txn_bbad9e6d,19499.0,25,LOW,CHECKOUT_ABANDONMENT,PAYMENT_REMINDER,Base action selected for CHECKOUT_ABANDONMENT,6824.65,0.35,2,False,[],,35.0
txn_bc4dbf1c,25147.0,30,MEDIUM,TEMPORARY_PAYMENT_FAILURE,SMART_RETRY,Base action selected for TEMPORARY_PAYMENT_FAILURE,18860.25,0.75,5,False,[],,85.0
txn_a1fee527,14536.0,45,MEDIUM,OVERDUE_RECEIVABLE,HUMAN_APPROVAL,Invoice is severely overdue (56 days). Requires human approval.,7268.0,0.5,0,True,"[""OVERDUE_SEVERE""]",,60.0
txn_913b7fb9,3308.0,30,MEDIUM,PAYMENT_METHOD_FAILURE,PAYMENT_REMINDER,Base action selected for PAYMENT_METHOD_FAILURE,1323.2,0.4,2,False,[],,40.0
txn_182e7968,18591.0,55,MEDIUM,OVERDUE_RECEIVABLE,HUMAN_APPROVAL,Invoice is severely overdue (64 days). Requires human approval.,9295.5,0.5,0,True,"[""OVERDUE_SEVERE""]",,50.0
txn_65cb7a00,33568.0,30,MEDIUM,INSUFFICIENT_FUNDS,PAYMENT_REMINDER,Base action selected for INSUFFICIENT_FUNDS,10070.4,0.3,2,False,[],,40.0
txn_48e63159,9322.0,45,MEDIUM,OVERDUE_RECEIVABLE,HUMAN_APPROVAL,Invoice is severely overdue (59 days). Requires human approval.,4661.0,0.5,0,True,"[""OVERDUE_SEVERE""]",,60.0
txn_ac0fd252,24555.0,30,MEDIUM,SUBSCRIPTION_PAYMENT_FAILURE,MANDATE_RETRY,Base action selected for SUBSCRIPTION_PAYMENT_FAILURE,13505.25,0.55,5,False,[],,65.0
txn_26b9ccdc,38059.0,25,LOW,CHECKOUT_ABANDONMENT,PAYMENT_REMINDER,Base action selected for CHECKOUT_ABANDONMENT,13320.65,0.35,2,False,[],,45.0
txn_f538b1d7,7099.0,45,MEDIUM,OVERDUE_RECEIVABLE,HUMAN_APPROVAL,Invoice is severely overdue (68 days). Requires human approval.,3549.5,0.5,0,True,"[""OVERDUE_SEVERE""]",,60.0
txn_b6a7f088,45130.0,45,MEDIUM,OVERDUE_RECEIVABLE,RECEIVABLES_ESCALATION,Invoice is 21 days overdue (escalation stage),22565.0,0.5,50,False,"[""OVERDUE_ESCALATION""]",,60.0
txn_38ebf9e4,32055.0,50,MEDIUM,AUTHENTICATION_FAILURE,PAYMENT_REMINDER,Base action selected for AUTHENTICATION_FAILURE,14424.75,0.45,2,False,[],,35.0
txn_ab503f88,22105.0,50,MEDIUM,TEMPORARY_PAYMENT_FAILURE,SMART_RETRY,Base action selected for TEMPORARY_PAYMENT_FAILURE,16578.75,0.75,5,False,[],,65.0
txn_b692e05d,36066.0,40,MEDIUM,PAYMENT_INFRASTRUCTURE_FAILURE,SMART_RETRY,Base action selected for PAYMENT_INFRASTRUCTURE_FAILURE,25246.2,0.7,5,False,[],,70.0
txn_dcd83c75,14281.0,45,MEDIUM,CHECKOUT_ABANDONMENT,PAYMENT_REMINDER,Base action selected for CHECKOUT_ABANDONMENT,4998.35,0.35,2,False,[],,25.0
txn_dbd6a594,45572.0,45,MEDIUM,OVERDUE_RECEIVABLE,HUMAN_APPROVAL,Invoice is severely overdue (82 days). Requires human approval.,22786.0,0.5,0,True,"[""OVERDUE_SEVERE""]",,60.0
txn_5df58b1e,11295.0,45,MEDIUM,OVERDUE_RECEIVABLE,HUMAN_APPROVAL,Invoice is severely overdue (31 days). Requires human approval.,5647.5,0.5,0,True,"[""OVERDUE_SEVERE""]",,60.0
txn_d1a02cf7,16601.0,30,MEDIUM,PAYMENT_METHOD_FAILURE,PAYMENT_REMINDER,Base action selected for PAYMENT_METHOD_FAILURE,6640.4,0.4,2,False,[],,50.0
txn_88402115,49748.0,45,MEDIUM,OVERDUE_RECEIVABLE,HUMAN_APPROVAL,Invoice is severely overdue (33 days). Requires human approval.,24874.0,0.5,0,True,"[""OVERDUE_SEVERE""]",,60.0
txn_f0996aef,19917.0,55,MEDIUM,OVERDUE_RECEIVABLE,PAYMENT_REMINDER,Invoice is 7 days overdue (early stage),9958.5,0.5,2,False,"[""OVERDUE_EARLY""]",,40.0
txn_9cd6b84f,49535.0,30,MEDIUM,PAYMENT_METHOD_FAILURE,PAYMENT_REMINDER,Base action selected for PAYMENT_METHOD_FAILURE,19814.0,0.4,2,False,[],,40.0
txn_41a3ce43,42574.0,55,MEDIUM,OVERDUE_RECEIVABLE,RECEIVABLES_ESCALATION,Invoice is 25 days overdue (escalation stage),21287.0,0.5,50,False,"[""OVERDUE_ESCALATION""]",,50.0
txn_b26f1cce,26281.0,40,MEDIUM,INSUFFICIENT_FUNDS,PAYMENT_REMINDER,Base action selected for INSUFFICIENT_FUNDS,7884.3,0.3,2,False,[],,20.0
txn_031b4aee,21422.0,45,MEDIUM,OVERDUE_RECEIVABLE,HUMAN_APPROVAL,Invoice is severely overdue (75 days). Requires human approval.,10711.0,0.5,0,True,"[""OVERDUE_SEVERE""]",,60.0
txn_ca0307cd,30647.0,25,LOW,CHECKOUT_ABANDONMENT,PAYMENT_REMINDER,Base action selected for CHECKOUT_ABANDONMENT,10726.45,0.35,2,False,[],,45.0
txn_5a097829,49194.0,30,MEDIUM,PAYMENT_METHOD_FAILURE,PAYMENT_REMINDER,Base action selected for PAYMENT_METHOD_FAILURE,19677.6,0.4,2,False,[],,50.0
txn_d9f7c626,14351.0,35,MEDIUM,OVERDUE_RECEIVABLE,RECEIVABLES_ESCALATION,Invoice is 10 days overdue (escalation stage),7175.5,0.5,50,False,"[""OVERDUE_ESCALATION""]",,50.0
txn_cd0d12f8,16055.0,25,LOW,CHECKOUT_ABANDONMENT,PAYMENT_REMINDER,Base action selected for CHECKOUT_ABANDONMENT,5619.25,0.35,2,False,[],,35.0
txn_04f13611,18551.0,35,MEDIUM,CHECKOUT_ABANDONMENT,PAYMENT_REMINDER,Base action selected for CHECKOUT_ABANDONMENT,6492.85,0.35,2,False,[],,25.0
txn_c2886d0e,18456.0,45,MEDIUM,OVERDUE_RECEIVABLE,RECEIVABLES_ESCALATION,Invoice is 25 days overdue (escalation stage),9228.0,0.5,50,False,"[""OVERDUE_ESCALATION""]",,50.0
txn_e9ada19d,7343.0,30,MEDIUM,TEMPORARY_PAYMENT_FAILURE,SMART_RETRY,Base action selected for TEMPORARY_PAYMENT_FAILURE,5507.25,0.75,5,False,[],,75.0
txn_a2a26758,32155.0,50,MEDIUM,TEMPORARY_PAYMENT_FAILURE,SMART_RETRY,Base action selected for TEMPORARY_PAYMENT_FAILURE,24116.25,0.75,5,False,[],,65.0
txn_24de7a16,21005.0,55,MEDIUM,OVERDUE_RECEIVABLE,HUMAN_APPROVAL,Invoice is severely overdue (66 days). Requires human approval.,10502.5,0.5,0,True,"[""OVERDUE_SEVERE""]",,40.0
txn_31bcb73f,18268.0,30,MEDIUM,PAYMENT_INFRASTRUCTURE_FAILURE,SMART_RETRY,Base action selected for PAYMENT_INFRASTRUCTURE_FAILURE,12787.6,0.7,5,False,[],,80.0
txn_ff640e6f,15234.0,25,LOW,CHECKOUT_ABANDONMENT,PAYMENT_REMINDER,Base action selected for CHECKOUT_ABANDONMENT,5331.9,0.35,2,False,[],,45.0
txn_a535f794,14788.0,30,MEDIUM,AUTHENTICATION_FAILURE,PAYMENT_REMINDER,Base action selected for AUTHENTICATION_FAILURE,6654.6,0.45,2,False,[],,55.0
txn_fc00855c,43174.0,45,MEDIUM,OVERDUE_RECEIVABLE,HUMAN_APPROVAL,Invoice is severely overdue (33 days). Requires human approval.,21587.0,0.5,0,True,"[""OVERDUE_SEVERE""]",,50.0
txn_472c07f6,29087.0,45,MEDIUM,CHECKOUT_ABANDONMENT,PAYMENT_REMINDER,Base action selected for CHECKOUT_ABANDONMENT,10180.45,0.35,2,False,[],,25.0
txn_6ff62a39,6450.0,25,LOW,CHECKOUT_ABANDONMENT,PAYMENT_REMINDER,Base action selected for CHECKOUT_ABANDONMENT,2257.5,0.35,2,False,[],,45.0
txn_cce5fb16,31205.0,35,MEDIUM,OVERDUE_RECEIVABLE,RECEIVABLES_ESCALATION,Invoice is 8 days overdue (escalation stage),15602.5,0.5,50,False,"[""OVERDUE_ESCALATION""]",,60.0
txn_29ede053,10229.0,30,MEDIUM,AUTHENTICATION_FAILURE,PAYMENT_REMINDER,Base action selected for AUTHENTICATION_FAILURE,4603.05,0.45,2,False,[],,55.0
txn_3e585a62,10247.0,30,MEDIUM,TEMPORARY_PAYMENT_FAILURE,SMART_RETRY,Base action selected for TEMPORARY_PAYMENT_FAILURE,7685.25,0.75,5,False,[],,85.0
txn_3ec2cdd0,43151.0,30,MEDIUM,TEMPORARY_PAYMENT_FAILURE,SMART_RETRY,Base action selected for TEMPORARY_PAYMENT_FAILURE,32363.25,0.75,5,False,[],,85.0
txn_03ab9a50,33600.0,45,MEDIUM,CHECKOUT_ABANDONMENT,PAYMENT_REMINDER,Base action selected for CHECKOUT_ABANDONMENT,11760.0,0.35,2,False,[],,25.0
txn_863115e3,41417.0,30,MEDIUM,PAYMENT_METHOD_FAILURE,PAYMENT_REMINDER,Base action selected for PAYMENT_METHOD_FAILURE,16566.8,0.4,2,False,[],,40.0
txn_d0ff56e1,19122.0,30,MEDIUM,TEMPORARY_PAYMENT_FAILURE,SMART_RETRY,Base action selected for TEMPORARY_PAYMENT_FAILURE,14341.5,0.75,5,False,[],,85.0
txn_ea8f3907,23314.0,25,LOW,CHECKOUT_ABANDONMENT,PAYMENT_REMINDER,Base action selected for CHECKOUT_ABANDONMENT,8159.9,0.35,2,False,[],,45.0
txn_a4b113af,8576.0,30,MEDIUM,AUTHENTICATION_FAILURE,PAYMENT_REMINDER,Base action selected for AUTHENTICATION_FAILURE,3859.2,0.45,2,False,[],,55.0
txn_8ac987c5,38613.0,40,MEDIUM,PAYMENT_METHOD_FAILURE,PAYMENT_REMINDER,Base action selected for PAYMENT_METHOD_FAILURE,15445.2,0.4,2,False,[],,30.0
txn_9c71b786,14322.0,30,MEDIUM,OTHER_REVENUE_RISK,PAYMENT_REMINDER,Base action selected for OTHER_REVENUE_RISK,2864.4,0.2,2,False,[],,20.0
txn_0e76f469,38010.0,25,LOW,CHECKOUT_ABANDONMENT,PAYMENT_REMINDER,Base action selected for CHECKOUT_ABANDONMENT,13303.5,0.35,2,False,[],,45.0
txn_240e0113,45772.0,55,MEDIUM,OVERDUE_RECEIVABLE,HUMAN_APPROVAL,Invoice is severely overdue (67 days). Requires human approval.,22886.0,0.5,0,True,"[""OVERDUE_SEVERE""]",,50.0
txn_ccb00c51,8079.0,40,MEDIUM,TEMPORARY_PAYMENT_FAILURE,SMART_RETRY,Base action selected for TEMPORARY_PAYMENT_FAILURE,6059.25,0.75,5,False,[],,65.0
txn_57a16231,28787.0,25,LOW,CHECKOUT_ABANDONMENT,PAYMENT_REMINDER,Base action selected for CHECKOUT_ABANDONMENT,10075.45,0.35,2,False,[],,45.0
txn_32612c0f,17191.0,45,MEDIUM,OVERDUE_RECEIVABLE,HUMAN_APPROVAL,Invoice is severely overdue (85 days). Requires human approval.,8595.5,0.5,0,True,"[""OVERDUE_SEVERE""]",,50.0
txn_2fb6957d,29041.0,65,HIGH,OVERDUE_RECEIVABLE,HUMAN_APPROVAL,Invoice is severely overdue (72 days). Requires human approval.,14520.5,0.5,0,True,"[""OVERDUE_SEVERE""]",,40.0
txn_e224b375,14296.0,45,MEDIUM,OVERDUE_RECEIVABLE,HUMAN_APPROVAL,Invoice is severely overdue (59 days). Requires human approval.,7148.0,0.5,0,True,"[""OVERDUE_SEVERE""]",,60.0
txn_7d10019c,23455.0,30,MEDIUM,INSUFFICIENT_FUNDS,PAYMENT_REMINDER,Base action selected for INSUFFICIENT_FUNDS,7036.5,0.3,2,False,[],,40.0
txn_9dee91df,13266.0,40,MEDIUM,INSUFFICIENT_FUNDS,PAYMENT_REMINDER,Base action selected for INSUFFICIENT_FUNDS,3979.8,0.3,2,False,[],,30.0
txn_a3d72b9d,38732.0,30,MEDIUM,TEMPORARY_PAYMENT_FAILURE,SMART_RETRY,Base action selected for TEMPORARY_PAYMENT_FAILURE,29049.0,0.75,5,False,[],,85.0
txn_dfb036a1,37855.0,30,MEDIUM,PAYMENT_INFRASTRUCTURE_FAILURE,SMART_RETRY,Base action selected for PAYMENT_INFRASTRUCTURE_FAILURE,26498.5,0.7,5,False,[],,80.0
txn_72ae8a7c,28030.0,25,LOW,CHECKOUT_ABANDONMENT,PAYMENT_REMINDER,Base action selected for CHECKOUT_ABANDONMENT,9810.5,0.35,2,False,[],,45.0
txn_933bcda7,20342.0,40,MEDIUM,PAYMENT_METHOD_FAILURE,PAYMENT_REMINDER,Base action selected for PAYMENT_METHOD_FAILURE,8136.8,0.4,2,False,[],,30.0
txn_b92971e0,43472.0,45,MEDIUM,OVERDUE_RECEIVABLE,HUMAN_APPROVAL,Invoice is severely overdue (90 days). Requires human approval.,21736.0,0.5,0,True,"[""OVERDUE_SEVERE""]",,50.0
txn_adaa9f0c,43796.0,25,LOW,CHECKOUT_ABANDONMENT,PAYMENT_REMINDER,Base action selected for CHECKOUT_ABANDONMENT,15328.6,0.35,2,False,[],,45.0
txn_9d0ae3ec,32314.0,40,MEDIUM,AUTHENTICATION_FAILURE,PAYMENT_REMINDER,Base action selected for AUTHENTICATION_FAILURE,14541.3,0.45,2,False,[],,35.0
txn_2c5032aa,23811.0,50,MEDIUM,AUTHENTICATION_FAILURE,PAYMENT_REMINDER,Base action selected for AUTHENTICATION_FAILURE,10714.95,0.45,2,False,[],,35.0
txn_44a18108,43139.0,55,MEDIUM,OVERDUE_RECEIVABLE,HUMAN_APPROVAL,Invoice is severely overdue (31 days). Requires human approval.,21569.5,0.5,0,True,"[""OVERDUE_SEVERE""]",,40.0
txn_67dfd0e2,35660.0,45,MEDIUM,CHECKOUT_ABANDONMENT,PAYMENT_REMINDER,Base action selected for CHECKOUT_ABANDONMENT,12481.0,0.35,2,False,[],,25.0
txn_cec990b6,48266.0,25,LOW,CHECKOUT_ABANDONMENT,PAYMENT_REMINDER,Base action selected for CHECKOUT_ABANDONMENT,16893.1,0.35,2,False,[],,45.0
txn_00e0f32b,357.0,25,LOW,CHECKOUT_ABANDONMENT,PAYMENT_REMINDER,Base action selected for CHECKOUT_ABANDONMENT,124.95,0.35,2,False,[],,45.0
txn_ed6c0ac4,48675.0,45,MEDIUM,OVERDUE_RECEIVABLE,HUMAN_APPROVAL,Invoice is severely overdue (87 days). Requires human approval.,24337.5,0.5,0,True,"[""OVERDUE_SEVERE""]",,60.0
txn_6bf795da,888.0,45,MEDIUM,OVERDUE_RECEIVABLE,HUMAN_APPROVAL,Invoice is severely overdue (60 days). Requires human approval.,444.0,0.5,0,True,"[""OVERDUE_SEVERE""]",,60.0
txn_cf15d739,8568.0,65,HIGH,OVERDUE_RECEIVABLE,HUMAN_APPROVAL,Invoice is severely overdue (63 days). Requires human approval.,4284.0,0.5,0,True,"[""OVERDUE_SEVERE""]",,40.0
txn_f8ce8e2f,11878.0,45,MEDIUM,OVERDUE_RECEIVABLE,HUMAN_APPROVAL,Invoice is severely overdue (50 days). Requires human approval.,5939.0,0.5,0,True,"[""OVERDUE_SEVERE""]",,50.0
txn_454c51b3,14687.0,55,MEDIUM,OVERDUE_RECEIVABLE,HUMAN_APPROVAL,Invoice is severely overdue (82 days). Requires human approval.,7343.5,0.5,0,True,"[""OVERDUE_SEVERE""]",,40.0
txn_4cd6f029,33146.0,55,MEDIUM,OVERDUE_RECEIVABLE,RECEIVABLES_ESCALATION,Invoice is 24 days overdue (escalation stage),16573.0,0.5,50,False,"[""OVERDUE_ESCALATION""]",,40.0
txn_60ffa62b,27520.0,25,LOW,CHECKOUT_ABANDONMENT,PAYMENT_REMINDER,Base action selected for CHECKOUT_ABANDONMENT,9632.0,0.35,2,False,[],,45.0
txn_dd36f63b,46469.0,35,MEDIUM,OVERDUE_RECEIVABLE,PAYMENT_REMINDER,Invoice is 1 days overdue (early stage),23234.5,0.5,2,False,"[""OVERDUE_EARLY""]",,60.0
txn_53ed5502,7074.0,30,MEDIUM,PAYMENT_INFRASTRUCTURE_FAILURE,SMART_RETRY,Base action selected for PAYMENT_INFRASTRUCTURE_FAILURE,4951.8,0.7,5,False,[],,80.0
txn_38fc2476,21773.0,55,MEDIUM,OVERDUE_RECEIVABLE,HUMAN_APPROVAL,Invoice is severely overdue (37 days). Requires human approval.,10886.5,0.5,0,True,"[""OVERDUE_SEVERE""]",,40.0
txn_7aa97820,42975.0,45,MEDIUM,OVERDUE_RECEIVABLE,PAYMENT_REMINDER,Invoice is 4 days overdue (early stage),21487.5,0.5,2,False,"[""OVERDUE_EARLY""]",,40.0
txn_eb9f66da,49954.0,30,MEDIUM,PAYMENT_INFRASTRUCTURE_FAILURE,SMART_RETRY,Base action selected for PAYMENT_INFRASTRUCTURE_FAILURE,34967.8,0.7,5,False,[],,80.0
txn_26d55f1b,23625.0,30,MEDIUM,PAYMENT_INFRASTRUCTURE_FAILURE,SMART_RETRY,Base action selected for PAYMENT_INFRASTRUCTURE_FAILURE,16537.5,0.7,5,False,[],,80.0
txn_1632ee60,8480.0,55,MEDIUM,OVERDUE_RECEIVABLE,HUMAN_APPROVAL,Invoice is severely overdue (42 days). Requires human approval.,4240.0,0.5,0,True,"[""OVERDUE_SEVERE""]",,50.0
txn_9479804d,13073.0,35,MEDIUM,CHECKOUT_ABANDONMENT,PAYMENT_REMINDER,Base action selected for CHECKOUT_ABANDONMENT,4575.55,0.35,2,False,[],,35.0
txn_9825b8e5,20507.0,35,MEDIUM,CHECKOUT_ABANDONMENT,PAYMENT_REMINDER,Base action selected for CHECKOUT_ABANDONMENT,7177.45,0.35,2,False,[],,25.0
txn_781aa5ad,21623.0,50,MEDIUM,PAYMENT_INFRASTRUCTURE_FAILURE,SMART_RETRY,Base action selected for PAYMENT_INFRASTRUCTURE_FAILURE,15136.1,0.7,5,False,[],,60.0
txn_14411cbf,45177.0,50,MEDIUM,AUTHENTICATION_FAILURE,PAYMENT_REMINDER,Base action selected for AUTHENTICATION_FAILURE,20329.65,0.45,2,False,[],,35.0
txn_f3485eef,48819.0,65,HIGH,OVERDUE_RECEIVABLE,HUMAN_APPROVAL,Invoice is severely overdue (46 days). Requires human approval.,24409.5,0.5,0,True,"[""OVERDUE_SEVERE""]",,40.0
txn_5d295a13,10924.0,30,MEDIUM,PAYMENT_METHOD_FAILURE,PAYMENT_REMINDER,Base action selected for PAYMENT_METHOD_FAILURE,4369.6,0.4,2,False,[],,40.0
txn_452691db,20034.0,30,MEDIUM,PAYMENT_INFRASTRUCTURE_FAILURE,SMART_RETRY,Base action selected for PAYMENT_INFRASTRUCTURE_FAILURE,14023.8,0.7,5,False,[],,80.0
txn_c7be9e7e,5797.0,40,MEDIUM,AUTHENTICATION_FAILURE,PAYMENT_REMINDER,Base action selected for AUTHENTICATION_FAILURE,2608.65,0.45,2,False,[],,45.0
txn_e08268e1,16333.0,30,MEDIUM,TEMPORARY_PAYMENT_FAILURE,SMART_RETRY,Base action selected for TEMPORARY_PAYMENT_FAILURE,12249.75,0.75,5,False,[],,75.0
txn_cba7559a,11921.0,25,LOW,CHECKOUT_ABANDONMENT,PAYMENT_REMINDER,Base action selected for CHECKOUT_ABANDONMENT,4172.35,0.35,2,False,[],,45.0
txn_aa9eda3e,24755.0,45,MEDIUM,OVERDUE_RECEIVABLE,HUMAN_APPROVAL,Invoice is severely overdue (44 days). Requires human approval.,12377.5,0.5,0,True,"[""OVERDUE_SEVERE""]",,60.0
txn_caffdefc,33543.0,45,MEDIUM,OVERDUE_RECEIVABLE,HUMAN_APPROVAL,Invoice is severely overdue (62 days). Requires human approval.,16771.5,0.5,0,True,"[""OVERDUE_SEVERE""]",,50.0
txn_3d823a11,16779.0,55,MEDIUM,OVERDUE_RECEIVABLE,PAYMENT_REMINDER,Invoice is 7 days overdue (early stage),8389.5,0.5,2,False,"[""OVERDUE_EARLY""]",,40.0
txn_0336369c,26372.0,35,MEDIUM,CHECKOUT_ABANDONMENT,PAYMENT_REMINDER,Base action selected for CHECKOUT_ABANDONMENT,9230.2,0.35,2,False,[],,45.0
txn_62b9ed5f,18641.0,45,MEDIUM,OVERDUE_RECEIVABLE,HUMAN_APPROVAL,Invoice is severely overdue (87 days). Requires human approval.,9320.5,0.5,0,True,"[""OVERDUE_SEVERE""]",,60.0
txn_79763343,29367.0,35,MEDIUM,OVERDUE_RECEIVABLE,RECEIVABLES_ESCALATION,Invoice is 8 days overdue (escalation stage),14683.5,0.5,50,False,"[""OVERDUE_ESCALATION""]",,50.0
txn_b4dc0911,29112.0,40,MEDIUM,OTHER_REVENUE_RISK,PAYMENT_REMINDER,Base action selected for OTHER_REVENUE_RISK,5822.4,0.2,2,False,[],,10
txn_2faae895,25223.0,45,MEDIUM,OVERDUE_RECEIVABLE,HUMAN_APPROVAL,Invoice is severely overdue (69 days). Requires human approval.,12611.5,0.5,0,True,"[""OVERDUE_SEVERE""]",,60.0
txn_c7712190,35647.0,45,MEDIUM,OVERDUE_RECEIVABLE,HUMAN_APPROVAL,Invoice is severely overdue (85 days). Requires human approval.,17823.5,0.5,0,True,"[""OVERDUE_SEVERE""]",,60.0
txn_9f527831,30685.0,35,MEDIUM,OVERDUE_RECEIVABLE,PAYMENT_REMINDER,Invoice is 6 days overdue (early stage),15342.5,0.5,2,False,"[""OVERDUE_EARLY""]",,60.0
txn_2be47d4c,11332.0,45,MEDIUM,OVERDUE_RECEIVABLE,HUMAN_APPROVAL,Invoice is severely overdue (80 days). Requires human approval.,5666.0,0.5,0,True,"[""OVERDUE_SEVERE""]",,60.0
txn_bbf209c4,34736.0,30,MEDIUM,AUTHENTICATION_FAILURE,PAYMENT_REMINDER,Base action selected for AUTHENTICATION_FAILURE,15631.2,0.45,2,False,[],,45.0
txn_50c10810,25849.0,30,MEDIUM,PAYMENT_METHOD_FAILURE,PAYMENT_REMINDER,Base action selected for PAYMENT_METHOD_FAILURE,10339.6,0.4,2,False,[],,50.0
txn_dc87cd75,22603.0,40,MEDIUM,AUTHENTICATION_FAILURE,PAYMENT_REMINDER,Base action selected for AUTHENTICATION_FAILURE,10171.35,0.45,2,False,[],,35.0
txn_8cb48294,41504.0,35,MEDIUM,CHECKOUT_ABANDONMENT,PAYMENT_REMINDER,Base action selected for CHECKOUT_ABANDONMENT,14526.4,0.35,2,False,[],,35.0
txn_288211ad,40848.0,30,MEDIUM,INSUFFICIENT_FUNDS,PAYMENT_REMINDER,Base action selected for INSUFFICIENT_FUNDS,12254.4,0.3,2,False,[],,40.0
txn_f5c00e51,42758.0,45,MEDIUM,OVERDUE_RECEIVABLE,RECEIVABLES_ESCALATION,Invoice is 10 days overdue (escalation stage),21379.0,0.5,50,False,"[""OVERDUE_ESCALATION""]",,50.0
txn_acd6a3b4,24847.0,30,MEDIUM,PAYMENT_METHOD_FAILURE,PAYMENT_REMINDER,Base action selected for PAYMENT_METHOD_FAILURE,9938.8,0.4,2,False,[],,50.0
txn_6f579176,4037.0,45,MEDIUM,OVERDUE_RECEIVABLE,HUMAN_APPROVAL,Invoice is severely overdue (71 days). Requires human approval.,2018.5,0.5,0,True,"[""OVERDUE_SEVERE""]",,60.0
txn_a6590c00,35047.0,30,MEDIUM,TEMPORARY_PAYMENT_FAILURE,SMART_RETRY,Base action selected for TEMPORARY_PAYMENT_FAILURE,26285.25,0.75,5,False,[],,75.0
txn_fec42563,14081.0,30,MEDIUM,SUBSCRIPTION_PAYMENT_FAILURE,MANDATE_RETRY,Base action selected for SUBSCRIPTION_PAYMENT_FAILURE,7744.55,0.55,5,False,[],,65.0
txn_22ee685c,39475.0,40,MEDIUM,AUTHENTICATION_FAILURE,PAYMENT_REMINDER,Base action selected for AUTHENTICATION_FAILURE,17763.75,0.45,2,False,[],,35.0
txn_2837c359,25204.0,40,MEDIUM,SUBSCRIPTION_PAYMENT_FAILURE,MANDATE_RETRY,Base action selected for SUBSCRIPTION_PAYMENT_FAILURE,13862.2,0.55,5,False,[],,55.00000000000001
txn_e7357f1a,21507.0,35,MEDIUM,OVERDUE_RECEIVABLE,RECEIVABLES_ESCALATION,Invoice is 11 days overdue (escalation stage),10753.5,0.5,50,False,"[""OVERDUE_ESCALATION""]",,60.0
txn_85f5990d,21743.0,30,MEDIUM,PAYMENT_METHOD_FAILURE,PAYMENT_REMINDER,Base action selected for PAYMENT_METHOD_FAILURE,8697.2,0.4,2,False,[],,40.0
txn_5019d70d,24683.0,45,MEDIUM,OVERDUE_RECEIVABLE,HUMAN_APPROVAL,Invoice is severely overdue (32 days). Requires human approval.,12341.5,0.5,0,True,"[""OVERDUE_SEVERE""]",,60.0
txn_147945c2,1526.0,30,MEDIUM,TEMPORARY_PAYMENT_FAILURE,SMART_RETRY,Base action selected for TEMPORARY_PAYMENT_FAILURE,1144.5,0.75,5,False,[],,85.0
txn_e0887264,29913.0,35,MEDIUM,CHECKOUT_ABANDONMENT,PAYMENT_REMINDER,Base action selected for CHECKOUT_ABANDONMENT,10469.55,0.35,2,False,[],,25.0
txn_92c95ea1,43412.0,65,HIGH,OVERDUE_RECEIVABLE,RECEIVABLES_ESCALATION,Invoice is 18 days overdue (escalation stage),21706.0,0.5,50,False,"[""OVERDUE_ESCALATION""]",,40.0
txn_0761b15d,23773.0,45,MEDIUM,CHECKOUT_ABANDONMENT,PAYMENT_REMINDER,Base action selected for CHECKOUT_ABANDONMENT,8320.55,0.35,2,False,[],,25.0
txn_2ef0f9c6,21976.0,40,MEDIUM,OTHER_REVENUE_RISK,PAYMENT_REMINDER,Base action selected for OTHER_REVENUE_RISK,4395.2,0.2,2,False,[],,20.0
txn_52bd6f36,28448.0,45,MEDIUM,OVERDUE_RECEIVABLE,HUMAN_APPROVAL,Invoice is severely overdue (33 days). Requires human approval.,14224.0,0.5,0,True,"[""OVERDUE_SEVERE""]",,50.0
txn_0c36c3c9,49476.0,30,MEDIUM,AUTHENTICATION_FAILURE,PAYMENT_REMINDER,Base action selected for AUTHENTICATION_FAILURE,22264.2,0.45,2,False,[],,55.0
txn_6cf82fad,38596.0,30,MEDIUM,OTHER_REVENUE_RISK,PAYMENT_REMINDER,Base action selected for OTHER_REVENUE_RISK,7719.2,0.2,2,False,[],,30.0
txn_91b3b249,20540.0,45,MEDIUM,CHECKOUT_ABANDONMENT,PAYMENT_REMINDER,Base action selected for CHECKOUT_ABANDONMENT,7189.0,0.35,2,False,[],,25.0
txn_a9d2bd4e,754.0,30,MEDIUM,AUTHENTICATION_FAILURE,PAYMENT_REMINDER,Base action selected for AUTHENTICATION_FAILURE,339.3,0.45,2,False,[],,55.0
txn_9e3c5ca1,11488.0,25,LOW,CHECKOUT_ABANDONMENT,PAYMENT_REMINDER,Base action selected for CHECKOUT_ABANDONMENT,4020.8,0.35,2,False,[],,45.0
txn_1ea3a515,222.0,25,LOW,CHECKOUT_ABANDONMENT,PAYMENT_REMINDER,Base action selected for CHECKOUT_ABANDONMENT,77.7,0.35,2,False,[],,45.0
txn_67ffa4a3,21391.0,30,MEDIUM,OTHER_REVENUE_RISK,PAYMENT_REMINDER,Base action selected for OTHER_REVENUE_RISK,4278.2,0.2,2,False,[],,30.0
txn_467d8159,943.0,25,LOW,CHECKOUT_ABANDONMENT,PAYMENT_REMINDER,Base action selected for CHECKOUT_ABANDONMENT,330.05,0.35,2,False,[],,45.0
txn_e2fb0a09,41882.0,45,MEDIUM,OVERDUE_RECEIVABLE,HUMAN_APPROVAL,Invoice is severely overdue (51 days). Requires human approval.,20941.0,0.5,0,True,"[""OVERDUE_SEVERE""]",,50.0
txn_c9f0e82e,47097.0,40,MEDIUM,OTHER_REVENUE_RISK,PAYMENT_REMINDER,Base action selected for OTHER_REVENUE_RISK,9419.4,0.2,2,False,[],,30.0
txn_5e729a1b,43766.0,30,MEDIUM,OTHER_REVENUE_RISK,PAYMENT_REMINDER,Base action selected for OTHER_REVENUE_RISK,8753.2,0.2,2,False,[],,30.0
txn_809be84d,21596.0,40,MEDIUM,INSUFFICIENT_FUNDS,PAYMENT_REMINDER,Base action selected for INSUFFICIENT_FUNDS,6478.8,0.3,2,False,[],,20.0
txn_b877ef5e,26852.0,30,MEDIUM,AUTHENTICATION_FAILURE,PAYMENT_REMINDER,Base action selected for AUTHENTICATION_FAILURE,12083.4,0.45,2,False,[],,45.0
txn_8e0af4fe,23994.0,45,MEDIUM,OVERDUE_RECEIVABLE,HUMAN_APPROVAL,Invoice is severely overdue (76 days). Requires human approval.,11997.0,0.5,0,True,"[""OVERDUE_SEVERE""]",,60.0
txn_5e433e33,2388.0,55,MEDIUM,OVERDUE_RECEIVABLE,HUMAN_APPROVAL,Invoice is severely overdue (58 days). Requires human approval.,1194.0,0.5,0,True,"[""OVERDUE_SEVERE""]",,50.0
txn_2c1dfd34,18650.0,40,MEDIUM,AUTHENTICATION_FAILURE,PAYMENT_REMINDER,Base action selected for AUTHENTICATION_FAILURE,8392.5,0.45,2,False,[],,35.0
txn_91590cfa,23047.0,65,HIGH,OVERDUE_RECEIVABLE,HUMAN_APPROVAL,Invoice is severely overdue (38 days). Requires human approval.,11523.5,0.5,0,True,"[""OVERDUE_SEVERE""]",,40.0
txn_a7a92f58,4755.0,45,MEDIUM,OVERDUE_RECEIVABLE,RECEIVABLES_ESCALATION,Invoice is 26 days overdue (escalation stage),2377.5,0.5,50,False,"[""OVERDUE_ESCALATION""]",,50.0
txn_35425d9e,31027.0,45,MEDIUM,OVERDUE_RECEIVABLE,RECEIVABLES_ESCALATION,Invoice is 16 days overdue (escalation stage),15513.5,0.5,50,False,"[""OVERDUE_ESCALATION""]",,60.0
txn_d965e4c3,33481.0,25,LOW,CHECKOUT_ABANDONMENT,PAYMENT_REMINDER,Base action selected for CHECKOUT_ABANDONMENT,11718.35,0.35,2,False,[],,45.0
txn_c9ada4d2,13811.0,25,LOW,CHECKOUT_ABANDONMENT,PAYMENT_REMINDER,Base action selected for CHECKOUT_ABANDONMENT,4833.85,0.35,2,False,[],,45.0
txn_af5a23c9,31316.0,30,MEDIUM,PAYMENT_METHOD_FAILURE,PAYMENT_REMINDER,Base action selected for PAYMENT_METHOD_FAILURE,12526.4,0.4,2,False,[],,40.0
txn_3fbe02e6,4050.0,40,MEDIUM,PAYMENT_INFRASTRUCTURE_FAILURE,SMART_RETRY,Base action selected for PAYMENT_INFRASTRUCTURE_FAILURE,2835.0,0.7,5,False,[],,70.0
txn_cba512af,22651.0,30,MEDIUM,PAYMENT_METHOD_FAILURE,PAYMENT_REMINDER,Base action selected for PAYMENT_METHOD_FAILURE,9060.4,0.4,2,False,[],,50.0
txn_2f4017e5,29726.0,25,LOW,CHECKOUT_ABANDONMENT,PAYMENT_REMINDER,Base action selected for CHECKOUT_ABANDONMENT,10404.1,0.35,2,False,[],,35.0
txn_ad35ba07,11887.0,30,MEDIUM,OTHER_REVENUE_RISK,PAYMENT_REMINDER,Base action selected for OTHER_REVENUE_RISK,2377.4,0.2,2,False,[],,30.0
txn_2fc092a3,49389.0,45,MEDIUM,CHECKOUT_ABANDONMENT,PAYMENT_REMINDER,Base action selected for CHECKOUT_ABANDONMENT,17286.15,0.35,2,False,[],,25.0
txn_5e8c8556,23727.0,45,MEDIUM,OVERDUE_RECEIVABLE,HUMAN_APPROVAL,Invoice is severely overdue (36 days). Requires human approval.,11863.5,0.5,0,True,"[""OVERDUE_SEVERE""]",,60.0
txn_93dcb28e,10488.0,45,MEDIUM,OVERDUE_RECEIVABLE,HUMAN_APPROVAL,Invoice is severely overdue (65 days). Requires human approval.,5244.0,0.5,0,True,"[""OVERDUE_SEVERE""]",,50.0
txn_5e0d4a7c,38082.0,55,MEDIUM,OVERDUE_RECEIVABLE,HUMAN_APPROVAL,Invoice is severely overdue (70 days). Requires human approval.,19041.0,0.5,0,True,"[""OVERDUE_SEVERE""]",,40.0
txn_e82e0a67,20660.0,55,MEDIUM,OVERDUE_RECEIVABLE,HUMAN_APPROVAL,Invoice is severely overdue (50 days). Requires human approval.,10330.0,0.5,0,True,"[""OVERDUE_SEVERE""]",,50.0
txn_2a9a89fa,35375.0,25,LOW,CHECKOUT_ABANDONMENT,PAYMENT_REMINDER,Base action selected for CHECKOUT_ABANDONMENT,12381.25,0.35,2,False,[],,45.0
txn_e07d1707,19335.0,45,MEDIUM,OVERDUE_RECEIVABLE,HUMAN_APPROVAL,Invoice is severely overdue (50 days). Requires human approval.,9667.5,0.5,0,True,"[""OVERDUE_SEVERE""]",,60.0
txn_a24cf062,4101.0,45,MEDIUM,OVERDUE_RECEIVABLE,HUMAN_APPROVAL,Invoice is severely overdue (89 days). Requires human approval.,2050.5,0.5,0,True,"[""OVERDUE_SEVERE""]",,50.0
txn_02883695,23168.0,35,MEDIUM,OVERDUE_RECEIVABLE,RECEIVABLES_ESCALATION,Invoice is 10 days overdue (escalation stage),11584.0,0.5,50,False,"[""OVERDUE_ESCALATION""]",,60.0
txn_ddf54575,24986.0,25,LOW,CHECKOUT_ABANDONMENT,PAYMENT_REMINDER,Base action selected for CHECKOUT_ABANDONMENT,8745.1,0.35,2,False,[],,45.0
txn_26593d6b,10118.0,30,MEDIUM,PAYMENT_INFRASTRUCTURE_FAILURE,SMART_RETRY,Base action selected for PAYMENT_INFRASTRUCTURE_FAILURE,7082.6,0.7,5,False,[],,80.0
txn_c8c33114,42189.0,25,LOW,CHECKOUT_ABANDONMENT,PAYMENT_REMINDER,Base action selected for CHECKOUT_ABANDONMENT,14766.15,0.35,2,False,[],,45.0
txn_e50f1282,4833.0,55,MEDIUM,OVERDUE_RECEIVABLE,HUMAN_APPROVAL,Invoice is severely overdue (46 days). Requires human approval.,2416.5,0.5,0,True,"[""OVERDUE_SEVERE""]",,60.0
txn_8aed0781,21570.0,55,MEDIUM,OVERDUE_RECEIVABLE,RECEIVABLES_ESCALATION,Invoice is 8 days overdue (escalation stage),10785.0,0.5,50,False,"[""OVERDUE_ESCALATION""]",,40.0
txn_79653f88,19455.0,45,MEDIUM,OVERDUE_RECEIVABLE,HUMAN_APPROVAL,Invoice is severely overdue (31 days). Requires human approval.,9727.5,0.5,0,True,"[""OVERDUE_SEVERE""]",,60.0
txn_5557025e,10058.0,30,MEDIUM,PAYMENT_INFRASTRUCTURE_FAILURE,SMART_RETRY,Base action selected for PAYMENT_INFRASTRUCTURE_FAILURE,7040.6,0.7,5,False,[],,70.0
txn_6744a42e,23350.0,40,MEDIUM,PAYMENT_METHOD_FAILURE,PAYMENT_REMINDER,Base action selected for PAYMENT_METHOD_FAILURE,9340.0,0.4,2,False,[],,40.0
txn_758c89c7,46909.0,35,MEDIUM,OVERDUE_RECEIVABLE,PAYMENT_REMINDER,Invoice is 2 days overdue (early stage),23454.5,0.5,2,False,"[""OVERDUE_EARLY""]",,60.0
txn_07bb4fa3,46535.0,30,MEDIUM,AUTHENTICATION_FAILURE,PAYMENT_REMINDER,Base action selected for AUTHENTICATION_FAILURE,20940.75,0.45,2,False,[],,55.0
txn_a04d0465,6564.0,40,MEDIUM,PAYMENT_METHOD_FAILURE,PAYMENT_REMINDER,Base action selected for PAYMENT_METHOD_FAILURE,2625.6,0.4,2,False,[],,30.0
txn_6a2aea32,20663.0,45,MEDIUM,OVERDUE_RECEIVABLE,HUMAN_APPROVAL,Invoice is severely overdue (55 days). Requires human approval.,10331.5,0.5,0,True,"[""OVERDUE_SEVERE""]",,50.0
txn_ef2eb53c,43369.0,30,MEDIUM,SUBSCRIPTION_PAYMENT_FAILURE,MANDATE_RETRY,Base action selected for SUBSCRIPTION_PAYMENT_FAILURE,23852.95,0.55,5,False,[],,65.0
txn_413dccc1,27597.0,45,MEDIUM,OVERDUE_RECEIVABLE,HUMAN_APPROVAL,Invoice is severely overdue (58 days). Requires human approval.,13798.5,0.5,0,True,"[""OVERDUE_SEVERE""]",,60.0
txn_5c4ac7ea,22885.0,40,MEDIUM,INSUFFICIENT_FUNDS,PAYMENT_REMINDER,Base action selected for INSUFFICIENT_FUNDS,6865.5,0.3,2,False,[],,40.0
txn_ff789646,39897.0,25,LOW,CHECKOUT_ABANDONMENT,PAYMENT_REMINDER,Base action selected for CHECKOUT_ABANDONMENT,13963.95,0.35,2,False,[],,45.0
txn_df1189e3,18178.0,55,MEDIUM,OVERDUE_RECEIVABLE,HUMAN_APPROVAL,Invoice is severely overdue (58 days). Requires human approval.,9089.0,0.5,0,True,"[""OVERDUE_SEVERE""]",,40.0
txn_5b5f9a9b,48267.0,45,MEDIUM,OVERDUE_RECEIVABLE,HUMAN_APPROVAL,Invoice is severely overdue (89 days). Requires human approval.,24133.5,0.5,0,True,"[""OVERDUE_SEVERE""]",,60.0
txn_5690f84c,49977.0,55,MEDIUM,OVERDUE_RECEIVABLE,HUMAN_APPROVAL,Invoice is severely overdue (38 days). Requires human approval.,24988.5,0.5,0,True,"[""OVERDUE_SEVERE""]",,50.0
txn_afc387fd,32021.0,30,MEDIUM,AUTHENTICATION_FAILURE,PAYMENT_REMINDER,Base action selected for AUTHENTICATION_FAILURE,14409.45,0.45,2,False,[],,55.0
txn_ffa0eb68,26069.0,55,MEDIUM,OVERDUE_RECEIVABLE,HUMAN_APPROVAL,Invoice is severely overdue (82 days). Requires human approval.,13034.5,0.5,0,True,"[""OVERDUE_SEVERE""]",,50.0
txn_cb8a9f62,46775.0,45,MEDIUM,CHECKOUT_ABANDONMENT,PAYMENT_REMINDER,Base action selected for CHECKOUT_ABANDONMENT,16371.25,0.35,2,False,[],,25.0
txn_5e068b07,42928.0,45,MEDIUM,OVERDUE_RECEIVABLE,HUMAN_APPROVAL,Invoice is severely overdue (72 days). Requires human approval.,21464.0,0.5,0,True,"[""OVERDUE_SEVERE""]",,50.0
txn_38f904d5,38594.0,25,LOW,CHECKOUT_ABANDONMENT,PAYMENT_REMINDER,Base action selected for CHECKOUT_ABANDONMENT,13507.9,0.35,2,False,[],,45.0
txn_cbf14db4,43946.0,30,MEDIUM,PAYMENT_INFRASTRUCTURE_FAILURE,SMART_RETRY,Base action selected for PAYMENT_INFRASTRUCTURE_FAILURE,30762.2,0.7,5,False,[],,80.0
txn_08b3d612,17251.0,30,MEDIUM,TEMPORARY_PAYMENT_FAILURE,SMART_RETRY,Base action selected for TEMPORARY_PAYMENT_FAILURE,12938.25,0.75,5,False,[],,85.0
txn_2b44d186,42559.0,35,MEDIUM,CHECKOUT_ABANDONMENT,PAYMENT_REMINDER,Base action selected for CHECKOUT_ABANDONMENT,14895.65,0.35,2,False,[],,35.0
txn_6f85ae7c,39518.0,25,LOW,CHECKOUT_ABANDONMENT,PAYMENT_REMINDER,Base action selected for CHECKOUT_ABANDONMENT,13831.3,0.35,2,False,[],,45.0
txn_483e0a81,17026.0,35,MEDIUM,CHECKOUT_ABANDONMENT,PAYMENT_REMINDER,Base action selected for CHECKOUT_ABANDONMENT,5959.1,0.35,2,False,[],,35.0
txn_385fab62,9840.0,35,MEDIUM,OVERDUE_RECEIVABLE,PAYMENT_REMINDER,Invoice is 1 days overdue (early stage),4920.0,0.5,2,False,"[""OVERDUE_EARLY""]",,60.0
txn_7bc06e74,25367.0,45,MEDIUM,OVERDUE_RECEIVABLE,HUMAN_APPROVAL,Invoice is severely overdue (33 days). Requires human approval.,12683.5,0.5,0,True,"[""OVERDUE_SEVERE""]",,60.0
txn_1910d280,23892.0,35,MEDIUM,CHECKOUT_ABANDONMENT,PAYMENT_REMINDER,Base action selected for CHECKOUT_ABANDONMENT,8362.2,0.35,2,False,[],,25.0
txn_54231848,33130.0,30,MEDIUM,PAYMENT_INFRASTRUCTURE_FAILURE,SMART_RETRY,Base action selected for PAYMENT_INFRASTRUCTURE_FAILURE,23191.0,0.7,5,False,[],,70.0
txn_f3e53684,33848.0,30,MEDIUM,PAYMENT_INFRASTRUCTURE_FAILURE,SMART_RETRY,Base action selected for PAYMENT_INFRASTRUCTURE_FAILURE,23693.6,0.7,5,False,[],,80.0
txn_f5f1f3e7,22669.0,30,MEDIUM,SUBSCRIPTION_PAYMENT_FAILURE,MANDATE_RETRY,Base action selected for SUBSCRIPTION_PAYMENT_FAILURE,12467.95,0.55,5,False,[],,55.00000000000001
txn_341503db,49148.0,35,MEDIUM,CHECKOUT_ABANDONMENT,PAYMENT_REMINDER,Base action selected for CHECKOUT_ABANDONMENT,17201.8,0.35,2,False,[],,45.0
txn_f08b268d,16943.0,45,MEDIUM,OVERDUE_RECEIVABLE,HUMAN_APPROVAL,Invoice is severely overdue (61 days). Requires human approval.,8471.5,0.5,0,True,"[""OVERDUE_SEVERE""]",,60.0
txn_8dcd3b24,29983.0,35,MEDIUM,CHECKOUT_ABANDONMENT,PAYMENT_REMINDER,Base action selected for CHECKOUT_ABANDONMENT,10494.05,0.35,2,False,[],,25.0
txn_97d5458c,34255.0,40,MEDIUM,PAYMENT_METHOD_FAILURE,PAYMENT_REMINDER,Base action selected for PAYMENT_METHOD_FAILURE,13702.0,0.4,2,False,[],,40.0
txn_81d445ce,43822.0,50,MEDIUM,AUTHENTICATION_FAILURE,PAYMENT_REMINDER,Base action selected for AUTHENTICATION_FAILURE,19719.9,0.45,2,False,[],,35.0
txn_1b78de9c,9944.0,30,MEDIUM,INSUFFICIENT_FUNDS,PAYMENT_REMINDER,Base action selected for INSUFFICIENT_FUNDS,2983.2,0.3,2,False,[],,30.0
txn_e63c2e8f,41860.0,30,MEDIUM,PAYMENT_INFRASTRUCTURE_FAILURE,SMART_RETRY,Base action selected for PAYMENT_INFRASTRUCTURE_FAILURE,29302.0,0.7,5,False,[],,80.0
txn_0c590cbc,8956.0,30,MEDIUM,TEMPORARY_PAYMENT_FAILURE,SMART_RETRY,Base action selected for TEMPORARY_PAYMENT_FAILURE,6717.0,0.75,5,False,[],,85.0
txn_b4df0451,43865.0,35,MEDIUM,CHECKOUT_ABANDONMENT,PAYMENT_REMINDER,Base action selected for CHECKOUT_ABANDONMENT,15352.75,0.35,2,False,[],,25.0
txn_35c1090e,1018.0,40,MEDIUM,TEMPORARY_PAYMENT_FAILURE,SMART_RETRY,Base action selected for TEMPORARY_PAYMENT_FAILURE,763.5,0.75,5,False,[],,65.0
txn_042b3c5a,42115.0,65,HIGH,OVERDUE_RECEIVABLE,HUMAN_APPROVAL,Invoice is severely overdue (38 days). Requires human approval.,21057.5,0.5,0,True,"[""OVERDUE_SEVERE""]",,40.0
txn_2c6ca125,4290.0,30,MEDIUM,OTHER_REVENUE_RISK,PAYMENT_REMINDER,Base action selected for OTHER_REVENUE_RISK,858.0,0.2,2,False,[],,20.0
txn_9570a8ad,44654.0,40,MEDIUM,AUTHENTICATION_FAILURE,PAYMENT_REMINDER,Base action selected for AUTHENTICATION_FAILURE,20094.3,0.45,2,False,[],,35.0
txn_b7ca3d59,45039.0,30,MEDIUM,PAYMENT_INFRASTRUCTURE_FAILURE,SMART_RETRY,Base action selected for PAYMENT_INFRASTRUCTURE_FAILURE,31527.3,0.7,5,False,[],,80.0
txn_6d144e1f,27120.0,30,MEDIUM,SUBSCRIPTION_PAYMENT_FAILURE,MANDATE_RETRY,Base action selected for SUBSCRIPTION_PAYMENT_FAILURE,14916.0,0.55,5,False,[],,65.0
txn_e48626c3,37640.0,45,MEDIUM,OVERDUE_RECEIVABLE,HUMAN_APPROVAL,Invoice is severely overdue (48 days). Requires human approval.,18820.0,0.5,0,True,"[""OVERDUE_SEVERE""]",,60.0
txn_70397749,16855.0,30,MEDIUM,PAYMENT_INFRASTRUCTURE_FAILURE,SMART_RETRY,Base action selected for PAYMENT_INFRASTRUCTURE_FAILURE,11798.5,0.7,5,False,[],,80.0
txn_71078dd6,14367.0,45,MEDIUM,OVERDUE_RECEIVABLE,PAYMENT_REMINDER,Invoice is 3 days overdue (early stage),7183.5,0.5,2,False,"[""OVERDUE_EARLY""]",,50.0
txn_d1720a17,25583.0,30,MEDIUM,TEMPORARY_PAYMENT_FAILURE,SMART_RETRY,Base action selected for TEMPORARY_PAYMENT_FAILURE,19187.25,0.75,5,False,[],,75.0
txn_2919dfbb,10794.0,65,HIGH,OVERDUE_RECEIVABLE,HUMAN_APPROVAL,Invoice is severely overdue (77 days). Requires human approval.,5397.0,0.5,0,True,"[""OVERDUE_SEVERE""]",,40.0
txn_17425d1d,23993.0,55,MEDIUM,OVERDUE_RECEIVABLE,HUMAN_APPROVAL,Invoice is severely overdue (44 days). Requires human approval.,11996.5,0.5,0,True,"[""OVERDUE_SEVERE""]",,50.0
txn_e0061b75,6907.0,40,MEDIUM,SUBSCRIPTION_PAYMENT_FAILURE,MANDATE_RETRY,Base action selected for SUBSCRIPTION_PAYMENT_FAILURE,3798.85,0.55,5,False,[],,55.00000000000001
txn_074cdc44,10337.0,45,MEDIUM,OVERDUE_RECEIVABLE,HUMAN_APPROVAL,Invoice is severely overdue (89 days). Requires human approval.,5168.5,0.5,0,True,"[""OVERDUE_SEVERE""]",,60.0
txn_5c39228c,48556.0,45,MEDIUM,OVERDUE_RECEIVABLE,HUMAN_APPROVAL,Invoice is severely overdue (61 days). Requires human approval.,24278.0,0.5,0,True,"[""OVERDUE_SEVERE""]",,60.0
txn_4bc30d1a,29177.0,30,MEDIUM,PAYMENT_INFRASTRUCTURE_FAILURE,SMART_RETRY,Base action selected for PAYMENT_INFRASTRUCTURE_FAILURE,20423.9,0.7,5,False,[],,80.0
txn_076843b5,45302.0,30,MEDIUM,AUTHENTICATION_FAILURE,PAYMENT_REMINDER,Base action selected for AUTHENTICATION_FAILURE,20385.9,0.45,2,False,[],,55.0
txn_916ffeb3,9401.0,40,MEDIUM,PAYMENT_INFRASTRUCTURE_FAILURE,SMART_RETRY,Base action selected for PAYMENT_INFRASTRUCTURE_FAILURE,6580.7,0.7,5,False,[],,80.0
txn_65d8598d,3078.0,45,MEDIUM,CHECKOUT_ABANDONMENT,PAYMENT_REMINDER,Base action selected for CHECKOUT_ABANDONMENT,1077.3,0.35,2,False,[],,25.0
txn_c8ab8d47,32989.0,50,MEDIUM,AUTHENTICATION_FAILURE,PAYMENT_REMINDER,Base action selected for AUTHENTICATION_FAILURE,14845.05,0.45,2,False,[],,35.0
txn_d552677d,48425.0,40,MEDIUM,TEMPORARY_PAYMENT_FAILURE,SMART_RETRY,Base action selected for TEMPORARY_PAYMENT_FAILURE,36318.75,0.75,5,False,[],,75.0
txn_de527af3,5712.0,25,LOW,CHECKOUT_ABANDONMENT,PAYMENT_REMINDER,Base action selected for CHECKOUT_ABANDONMENT,1999.2,0.35,2,False,[],,45.0
txn_8f44cc35,42664.0,40,MEDIUM,OTHER_REVENUE_RISK,PAYMENT_REMINDER,Base action selected for OTHER_REVENUE_RISK,8532.8,0.2,2,False,[],,20.0
txn_59226add,47917.0,35,MEDIUM,CHECKOUT_ABANDONMENT,PAYMENT_REMINDER,Base action selected for CHECKOUT_ABANDONMENT,16770.95,0.35,2,False,[],,35.0
txn_dddb3dc6,47565.0,65,HIGH,OVERDUE_RECEIVABLE,HUMAN_APPROVAL,Invoice is severely overdue (71 days). Requires human approval.,23782.5,0.5,0,True,"[""OVERDUE_SEVERE""]",,40.0
txn_864f2501,24772.0,30,MEDIUM,OTHER_REVENUE_RISK,PAYMENT_REMINDER,Base action selected for OTHER_REVENUE_RISK,4954.4,0.2,2,False,[],,30.0
txn_2b237928,26183.0,55,MEDIUM,OVERDUE_RECEIVABLE,HUMAN_APPROVAL,Invoice is severely overdue (53 days). Requires human approval.,13091.5,0.5,0,True,"[""OVERDUE_SEVERE""]",,60.0
txn_2aa2e26d,48964.0,55,MEDIUM,OVERDUE_RECEIVABLE,HUMAN_APPROVAL,Invoice is severely overdue (82 days). Requires human approval.,24482.0,0.5,0,True,"[""OVERDUE_SEVERE""]",,50.0
txn_8a6f03c7,40528.0,30,MEDIUM,TEMPORARY_PAYMENT_FAILURE,SMART_RETRY,Base action selected for TEMPORARY_PAYMENT_FAILURE,30396.0,0.75,5,False,[],,85.0
txn_49265148,17302.0,25,LOW,CHECKOUT_ABANDONMENT,PAYMENT_REMINDER,Base action selected for CHECKOUT_ABANDONMENT,6055.7,0.35,2,False,[],,45.0
txn_2845ab5c,44807.0,65,HIGH,OVERDUE_RECEIVABLE,HUMAN_APPROVAL,Invoice is severely overdue (85 days). Requires human approval.,22403.5,0.5,0,True,"[""OVERDUE_SEVERE""]",,40.0
txn_8e22cd4c,31638.0,25,LOW,CHECKOUT_ABANDONMENT,PAYMENT_REMINDER,Base action selected for CHECKOUT_ABANDONMENT,11073.3,0.35,2,False,[],,45.0
txn_9716c82d,49419.0,40,MEDIUM,PAYMENT_INFRASTRUCTURE_FAILURE,SMART_RETRY,Base action selected for PAYMENT_INFRASTRUCTURE_FAILURE,34593.3,0.7,5,False,[],,70.0
txn_3e254052,15167.0,30,MEDIUM,SUBSCRIPTION_PAYMENT_FAILURE,MANDATE_RETRY,Base action selected for SUBSCRIPTION_PAYMENT_FAILURE,8341.85,0.55,5,False,[],,55.00000000000001
txn_e0a2361b,46711.0,45,MEDIUM,OVERDUE_RECEIVABLE,RECEIVABLES_ESCALATION,Invoice is 27 days overdue (escalation stage),23355.5,0.5,50,False,"[""OVERDUE_ESCALATION""]",,60.0
txn_2ec19eb2,39224.0,65,HIGH,OVERDUE_RECEIVABLE,RECEIVABLES_ESCALATION,Invoice is 29 days overdue (escalation stage),19612.0,0.5,50,False,"[""OVERDUE_ESCALATION""]",,40.0
txn_7d41e4ba,10845.0,35,MEDIUM,CHECKOUT_ABANDONMENT,PAYMENT_REMINDER,Base action selected for CHECKOUT_ABANDONMENT,3795.75,0.35,2,False,[],,25.0
txn_f71ba08e,22466.0,45,MEDIUM,OVERDUE_RECEIVABLE,HUMAN_APPROVAL,Invoice is severely overdue (86 days). Requires human approval.,11233.0,0.5,0,True,"[""OVERDUE_SEVERE""]",,60.0
txn_30e401e3,32372.0,45,MEDIUM,OVERDUE_RECEIVABLE,HUMAN_APPROVAL,Invoice is severely overdue (37 days). Requires human approval.,16186.0,0.5,0,True,"[""OVERDUE_SEVERE""]",,50.0
txn_752ab599,21594.0,45,MEDIUM,OVERDUE_RECEIVABLE,HUMAN_APPROVAL,Invoice is severely overdue (33 days). Requires human approval.,10797.0,0.5,0,True,"[""OVERDUE_SEVERE""]",,60.0
txn_1ea4e29d,19212.0,45,MEDIUM,OVERDUE_RECEIVABLE,HUMAN_APPROVAL,Invoice is severely overdue (31 days). Requires human approval.,9606.0,0.5,0,True,"[""OVERDUE_SEVERE""]",,60.0
txn_1b99ec52,7673.0,30,MEDIUM,PAYMENT_METHOD_FAILURE,PAYMENT_REMINDER,Base action selected for PAYMENT_METHOD_FAILURE,3069.2,0.4,2,False,[],,50.0
txn_78fc9403,25214.0,35,MEDIUM,CHECKOUT_ABANDONMENT,PAYMENT_REMINDER,Base action selected for CHECKOUT_ABANDONMENT,8824.9,0.35,2,False,[],,35.0
txn_dead182d,19439.0,25,LOW,CHECKOUT_ABANDONMENT,PAYMENT_REMINDER,Base action selected for CHECKOUT_ABANDONMENT,6803.65,0.35,2,False,[],,45.0
txn_9c2c2bf9,23822.0,30,MEDIUM,PAYMENT_INFRASTRUCTURE_FAILURE,SMART_RETRY,Base action selected for PAYMENT_INFRASTRUCTURE_FAILURE,16675.4,0.7,5,False,[],,80.0
txn_ae8cd53a,34351.0,65,HIGH,OVERDUE_RECEIVABLE,HUMAN_APPROVAL,Invoice is severely overdue (80 days). Requires human approval.,17175.5,0.5,0,True,"[""OVERDUE_SEVERE""]",,40.0
txn_b272fb77,29923.0,30,MEDIUM,TEMPORARY_PAYMENT_FAILURE,SMART_RETRY,Base action selected for TEMPORARY_PAYMENT_FAILURE,22442.25,0.75,5,False,[],,85.0
txn_a7f66bd7,36338.0,45,MEDIUM,OVERDUE_RECEIVABLE,RECEIVABLES_ESCALATION,Invoice is 20 days overdue (escalation stage),18169.0,0.5,50,False,"[""OVERDUE_ESCALATION""]",,60.0
txn_90bea39d,19954.0,30,MEDIUM,TEMPORARY_PAYMENT_FAILURE,SMART_RETRY,Base action selected for TEMPORARY_PAYMENT_FAILURE,14965.5,0.75,5,False,[],,75.0
txn_5e8f165a,9658.0,25,LOW,CHECKOUT_ABANDONMENT,PAYMENT_REMINDER,Base action selected for CHECKOUT_ABANDONMENT,3380.3,0.35,2,False,[],,45.0
txn_9b49e221,22247.0,50,MEDIUM,PAYMENT_METHOD_FAILURE,PAYMENT_REMINDER,Base action selected for PAYMENT_METHOD_FAILURE,8898.8,0.4,2,False,[],,30.0
txn_0f7a9bfb,878.0,25,LOW,CHECKOUT_ABANDONMENT,PAYMENT_REMINDER,Base action selected for CHECKOUT_ABANDONMENT,307.3,0.35,2,False,[],,45.0
txn_09c075ac,49213.0,25,LOW,CHECKOUT_ABANDONMENT,PAYMENT_REMINDER,Base action selected for CHECKOUT_ABANDONMENT,17224.55,0.35,2,False,[],,45.0
txn_10bcd6ac,18075.0,55,MEDIUM,OVERDUE_RECEIVABLE,RECEIVABLES_ESCALATION,Invoice is 14 days overdue (escalation stage),9037.5,0.5,50,False,"[""OVERDUE_ESCALATION""]",,40.0
txn_c3a2a930,37030.0,45,MEDIUM,OVERDUE_RECEIVABLE,RECEIVABLES_ESCALATION,Invoice is 28 days overdue (escalation stage),18515.0,0.5,50,False,"[""OVERDUE_ESCALATION""]",,60.0
txn_951a4706,23319.0,40,MEDIUM,PAYMENT_INFRASTRUCTURE_FAILURE,SMART_RETRY,Base action selected for PAYMENT_INFRASTRUCTURE_FAILURE,16323.3,0.7,5,False,[],,70.0
txn_5fb02e6f,48315.0,45,MEDIUM,OVERDUE_RECEIVABLE,HUMAN_APPROVAL,Invoice is severely overdue (84 days). Requires human approval.,24157.5,0.5,0,True,"[""OVERDUE_SEVERE""]",,50.0
txn_e31024ff,47445.0,45,MEDIUM,OVERDUE_RECEIVABLE,RECEIVABLES_ESCALATION,Invoice is 20 days overdue (escalation stage),23722.5,0.5,50,False,"[""OVERDUE_ESCALATION""]",,50.0
txn_8037dcca,41822.0,30,MEDIUM,PAYMENT_METHOD_FAILURE,PAYMENT_REMINDER,Base action selected for PAYMENT_METHOD_FAILURE,16728.8,0.4,2,False,[],,50.0
txn_aa32560e,44428.0,45,MEDIUM,OVERDUE_RECEIVABLE,PAYMENT_REMINDER,Invoice is 6 days overdue (early stage),22214.0,0.5,2,False,"[""OVERDUE_EARLY""]",,50.0
txn_9ec1181a,11275.0,45,MEDIUM,OVERDUE_RECEIVABLE,RECEIVABLES_ESCALATION,Invoice is 28 days overdue (escalation stage),5637.5,0.5,50,False,"[""OVERDUE_ESCALATION""]",,50.0
txn_0b1b7d54,34422.0,25,LOW,CHECKOUT_ABANDONMENT,PAYMENT_REMINDER,Base action selected for CHECKOUT_ABANDONMENT,12047.7,0.35,2,False,[],,45.0
txn_b84643b9,16389.0,25,LOW,CHECKOUT_ABANDONMENT,PAYMENT_REMINDER,Base action selected for CHECKOUT_ABANDONMENT,5736.15,0.35,2,False,[],,45.0
txn_cdb0d392,8219.0,40,MEDIUM,TEMPORARY_PAYMENT_FAILURE,SMART_RETRY,Base action selected for TEMPORARY_PAYMENT_FAILURE,6164.25,0.75,5,False,[],,75.0
txn_b5f2e5da,39163.0,30,MEDIUM,AUTHENTICATION_FAILURE,PAYMENT_REMINDER,Base action selected for AUTHENTICATION_FAILURE,17623.35,0.45,2,False,[],,45.0
txn_c3f4b387,35782.0,30,MEDIUM,PAYMENT_INFRASTRUCTURE_FAILURE,SMART_RETRY,Base action selected for PAYMENT_INFRASTRUCTURE_FAILURE,25047.4,0.7,5,False,[],,80.0
txn_e3e6b92f,23435.0,55,MEDIUM,OVERDUE_RECEIVABLE,HUMAN_APPROVAL,Invoice is severely overdue (42 days). Requires human approval.,11717.5,0.5,0,True,"[""OVERDUE_SEVERE""]",,50.0
txn_24572cbb,33600.0,30,MEDIUM,OTHER_REVENUE_RISK,PAYMENT_REMINDER,Base action selected for OTHER_REVENUE_RISK,6720.0,0.2,2,False,[],,30.0
txn_4aeae06a,18471.0,55,MEDIUM,OVERDUE_RECEIVABLE,HUMAN_APPROVAL,Invoice is severely overdue (63 days). Requires human approval.,9235.5,0.5,0,True,"[""OVERDUE_SEVERE""]",,50.0
txn_f58d78f1,651.0,65,HIGH,OVERDUE_RECEIVABLE,RECEIVABLES_ESCALATION,Invoice is 28 days overdue (escalation stage),325.5,0.5,50,False,"[""OVERDUE_ESCALATION""]",,40.0
txn_67b29122,29510.0,35,MEDIUM,CHECKOUT_ABANDONMENT,PAYMENT_REMINDER,Base action selected for CHECKOUT_ABANDONMENT,10328.5,0.35,2,False,[],,35.0
txn_787db78c,16079.0,55,MEDIUM,OVERDUE_RECEIVABLE,RECEIVABLES_ESCALATION,Invoice is 19 days overdue (escalation stage),8039.5,0.5,50,False,"[""OVERDUE_ESCALATION""]",,40.0
txn_f14c7733,47827.0,35,MEDIUM,OVERDUE_RECEIVABLE,PAYMENT_REMINDER,Invoice is 5 days overdue (early stage),23913.5,0.5,2,False,"[""OVERDUE_EARLY""]",,60.0
txn_10a13ef8,35300.0,55,MEDIUM,OVERDUE_RECEIVABLE,RECEIVABLES_ESCALATION,Invoice is 13 days overdue (escalation stage),17650.0,0.5,50,False,"[""OVERDUE_ESCALATION""]",,40.0
txn_ae173adb,3278.0,45,MEDIUM,CHECKOUT_ABANDONMENT,PAYMENT_REMINDER,Base action selected for CHECKOUT_ABANDONMENT,1147.3,0.35,2,False,[],,25.0
txn_f2236911,22979.0,45,MEDIUM,OVERDUE_RECEIVABLE,HUMAN_APPROVAL,Invoice is severely overdue (81 days). Requires human approval.,11489.5,0.5,0,True,"[""OVERDUE_SEVERE""]",,60.0
txn_7662ac1e,28502.0,25,LOW,CHECKOUT_ABANDONMENT,PAYMENT_REMINDER,Base action selected for CHECKOUT_ABANDONMENT,9975.7,0.35,2,False,[],,35.0
txn_64c4ea93,2551.0,45,MEDIUM,OVERDUE_RECEIVABLE,PAYMENT_REMINDER,Invoice is 3 days overdue (early stage),1275.5,0.5,2,False,"[""OVERDUE_EARLY""]",,50.0
txn_b86b46ad,19478.0,35,MEDIUM,CHECKOUT_ABANDONMENT,PAYMENT_REMINDER,Base action selected for CHECKOUT_ABANDONMENT,6817.3,0.35,2,False,[],,35.0
txn_9d3c407c,34856.0,35,MEDIUM,OVERDUE_RECEIVABLE,PAYMENT_REMINDER,Invoice is 6 days overdue (early stage),17428.0,0.5,2,False,"[""OVERDUE_EARLY""]",,50.0
txn_a56ba0a8,7097.0,40,MEDIUM,INSUFFICIENT_FUNDS,PAYMENT_REMINDER,Base action selected for INSUFFICIENT_FUNDS,2129.1,0.3,2,False,[],,40.0
txn_04a1d72d,46013.0,25,LOW,CHECKOUT_ABANDONMENT,PAYMENT_REMINDER,Base action selected for CHECKOUT_ABANDONMENT,16104.55,0.35,2,False,[],,45.0
txn_0447aa6a,42281.0,35,MEDIUM,CHECKOUT_ABANDONMENT,PAYMENT_REMINDER,Base action selected for CHECKOUT_ABANDONMENT,14798.35,0.35,2,False,[],,35.0
txn_d335054f,32416.0,50,MEDIUM,PAYMENT_INFRASTRUCTURE_FAILURE,SMART_RETRY,Base action selected for PAYMENT_INFRASTRUCTURE_FAILURE,22691.2,0.7,5,False,[],,60.0
txn_ff74e6f1,37799.0,45,MEDIUM,OVERDUE_RECEIVABLE,HUMAN_APPROVAL,Invoice is severely overdue (40 days). Requires human approval.,18899.5,0.5,0,True,"[""OVERDUE_SEVERE""]",,60.0
txn_a98e31bc,31453.0,45,MEDIUM,CHECKOUT_ABANDONMENT,PAYMENT_REMINDER,Base action selected for CHECKOUT_ABANDONMENT,11008.55,0.35,2,False,[],,25.0
txn_59e6cfb6,26332.0,30,MEDIUM,OTHER_REVENUE_RISK,PAYMENT_REMINDER,Base action selected for OTHER_REVENUE_RISK,5266.4,0.2,2,False,[],,30.0
txn_4bb38cf4,20977.0,45,MEDIUM,OVERDUE_RECEIVABLE,HUMAN_APPROVAL,Invoice is severely overdue (74 days). Requires human approval.,10488.5,0.5,0,True,"[""OVERDUE_SEVERE""]",,60.0
txn_cccda999,27341.0,40,MEDIUM,TEMPORARY_PAYMENT_FAILURE,SMART_RETRY,Base action selected for TEMPORARY_PAYMENT_FAILURE,20505.75,0.75,5,False,[],,65.0
txn_3172bc72,14286.0,45,MEDIUM,OVERDUE_RECEIVABLE,HUMAN_APPROVAL,Invoice is severely overdue (63 days). Requires human approval.,7143.0,0.5,0,True,"[""OVERDUE_SEVERE""]",,50.0
txn_f8072ff4,25683.0,30,MEDIUM,PAYMENT_METHOD_FAILURE,PAYMENT_REMINDER,Base action selected for PAYMENT_METHOD_FAILURE,10273.2,0.4,2,False,[],,40.0
txn_4abd392a,14243.0,45,MEDIUM,OVERDUE_RECEIVABLE,PAYMENT_REMINDER,Invoice is 2 days overdue (early stage),7121.5,0.5,2,False,"[""OVERDUE_EARLY""]",,40.0
txn_2be21c48,31216.0,45,MEDIUM,CHECKOUT_ABANDONMENT,PAYMENT_REMINDER,Base action selected for CHECKOUT_ABANDONMENT,10925.6,0.35,2,False,[],,25.0
txn_789ad8d2,36493.0,45,MEDIUM,OVERDUE_RECEIVABLE,HUMAN_APPROVAL,Invoice is severely overdue (75 days). Requires human approval.,18246.5,0.5,0,True,"[""OVERDUE_SEVERE""]",,60.0
txn_0ce7435e,2139.0,40,MEDIUM,AUTHENTICATION_FAILURE,PAYMENT_REMINDER,Base action selected for AUTHENTICATION_FAILURE,962.55,0.45,2,False,[],,45.0
txn_81b7cbf3,3126.0,40,MEDIUM,AUTHENTICATION_FAILURE,PAYMENT_REMINDER,Base action selected for AUTHENTICATION_FAILURE,1406.7,0.45,2,False,[],,35.0
txn_aa7b4256,11538.0,30,MEDIUM,AUTHENTICATION_FAILURE,PAYMENT_REMINDER,Base action selected for AUTHENTICATION_FAILURE,5192.1,0.45,2,False,[],,55.0
txn_9341cc8c,17346.0,45,MEDIUM,OVERDUE_RECEIVABLE,HUMAN_APPROVAL,Invoice is severely overdue (56 days). Requires human approval.,8673.0,0.5,0,True,"[""OVERDUE_SEVERE""]",,50.0
txn_1bfb7ad2,15205.0,35,MEDIUM,CHECKOUT_ABANDONMENT,PAYMENT_REMINDER,Base action selected for CHECKOUT_ABANDONMENT,5321.75,0.35,2,False,[],,35.0
txn_4e020166,16733.0,30,MEDIUM,PAYMENT_METHOD_FAILURE,PAYMENT_REMINDER,Base action selected for PAYMENT_METHOD_FAILURE,6693.2,0.4,2,False,[],,40.0
txn_a5ee1ae2,10521.0,45,MEDIUM,OVERDUE_RECEIVABLE,HUMAN_APPROVAL,Invoice is severely overdue (68 days). Requires human approval.,5260.5,0.5,0,True,"[""OVERDUE_SEVERE""]",,50.0
txn_73c22c7e,29849.0,25,LOW,CHECKOUT_ABANDONMENT,PAYMENT_REMINDER,Base action selected for CHECKOUT_ABANDONMENT,10447.15,0.35,2,False,[],,45.0
txn_3b9aca06,21727.0,45,MEDIUM,OVERDUE_RECEIVABLE,HUMAN_APPROVAL,Invoice is severely overdue (46 days). Requires human approval.,10863.5,0.5,0,True,"[""OVERDUE_SEVERE""]",,60.0
txn_4094eaf4,41629.0,35,MEDIUM,CHECKOUT_ABANDONMENT,PAYMENT_REMINDER,Base action selected for CHECKOUT_ABANDONMENT,14570.15,0.35,2,False,[],,35.0
txn_6f8c8130,46460.0,50,MEDIUM,PAYMENT_INFRASTRUCTURE_FAILURE,SMART_RETRY,Base action selected for PAYMENT_INFRASTRUCTURE_FAILURE,32522.0,0.7,5,False,[],,60.0
txn_f04d133d,3508.0,50,MEDIUM,TEMPORARY_PAYMENT_FAILURE,SMART_RETRY,Base action selected for TEMPORARY_PAYMENT_FAILURE,2631.0,0.75,5,False,[],,65.0
txn_ffa3606c,18561.0,45,MEDIUM,CHECKOUT_ABANDONMENT,PAYMENT_REMINDER,Base action selected for CHECKOUT_ABANDONMENT,6496.35,0.35,2,False,[],,25.0
txn_22beaae8,29283.0,30,MEDIUM,AUTHENTICATION_FAILURE,PAYMENT_REMINDER,Base action selected for AUTHENTICATION_FAILURE,13177.35,0.45,2,False,[],,55.0
txn_27462b15,19067.0,45,MEDIUM,OVERDUE_RECEIVABLE,HUMAN_APPROVAL,Invoice is severely overdue (73 days). Requires human approval.,9533.5,0.5,0,True,"[""OVERDUE_SEVERE""]",,60.0
txn_86810f38,1119.0,35,MEDIUM,OVERDUE_RECEIVABLE,PAYMENT_REMINDER,Invoice is 1 days overdue (early stage),559.5,0.5,2,False,"[""OVERDUE_EARLY""]",,60.0
txn_1f4191cf,30964.0,25,LOW,CHECKOUT_ABANDONMENT,PAYMENT_REMINDER,Base action selected for CHECKOUT_ABANDONMENT,10837.4,0.35,2,False,[],,45.0
txn_b6f2513e,10002.0,25,LOW,CHECKOUT_ABANDONMENT,PAYMENT_REMINDER,Base action selected for CHECKOUT_ABANDONMENT,3500.7,0.35,2,False,[],,35.0
txn_631d4f27,47869.0,25,LOW,CHECKOUT_ABANDONMENT,PAYMENT_REMINDER,Base action selected for CHECKOUT_ABANDONMENT,16754.15,0.35,2,False,[],,35.0
txn_aca31c1e,7267.0,25,LOW,CHECKOUT_ABANDONMENT,PAYMENT_REMINDER,Base action selected for CHECKOUT_ABANDONMENT,2543.45,0.35,2,False,[],,45.0
txn_a449d458,1480.0,35,MEDIUM,OVERDUE_RECEIVABLE,RECEIVABLES_ESCALATION,Invoice is 10 days overdue (escalation stage),740.0,0.5,50,False,"[""OVERDUE_ESCALATION""]",,50.0
txn_ba52824d,25096.0,40,MEDIUM,TEMPORARY_PAYMENT_FAILURE,SMART_RETRY,Base action selected for TEMPORARY_PAYMENT_FAILURE,18822.0,0.75,5,False,[],,85.0
txn_0f8b91fa,17177.0,30,MEDIUM,OTHER_REVENUE_RISK,PAYMENT_REMINDER,Base action selected for OTHER_REVENUE_RISK,3435.4,0.2,2,False,[],,30.0
txn_83aab9e8,43318.0,45,MEDIUM,OVERDUE_RECEIVABLE,HUMAN_APPROVAL,Invoice is severely overdue (69 days). Requires human approval.,21659.0,0.5,0,True,"[""OVERDUE_SEVERE""]",,60.0
txn_f3d7ce65,40873.0,30,MEDIUM,PAYMENT_INFRASTRUCTURE_FAILURE,SMART_RETRY,Base action selected for PAYMENT_INFRASTRUCTURE_FAILURE,28611.1,0.7,5,False,[],,70.0
txn_5952f9b9,35456.0,25,LOW,CHECKOUT_ABANDONMENT,PAYMENT_REMINDER,Base action selected for CHECKOUT_ABANDONMENT,12409.6,0.35,2,False,[],,45.0
txn_a312aa0e,4678.0,30,MEDIUM,SUBSCRIPTION_PAYMENT_FAILURE,MANDATE_RETRY,Base action selected for SUBSCRIPTION_PAYMENT_FAILURE,2572.9,0.55,5,False,[],,65.0
txn_a52660b8,1385.0,35,MEDIUM,CHECKOUT_ABANDONMENT,PAYMENT_REMINDER,Base action selected for CHECKOUT_ABANDONMENT,484.75,0.35,2,False,[],,45.0
txn_586fbf6d,18230.0,25,LOW,CHECKOUT_ABANDONMENT,PAYMENT_REMINDER,Base action selected for CHECKOUT_ABANDONMENT,6380.5,0.35,2,False,[],,45.0
txn_678a322e,21580.0,55,MEDIUM,OVERDUE_RECEIVABLE,HUMAN_APPROVAL,Invoice is severely overdue (63 days). Requires human approval.,10790.0,0.5,0,True,"[""OVERDUE_SEVERE""]",,50.0
txn_22fe1603,22744.0,35,MEDIUM,OVERDUE_RECEIVABLE,PAYMENT_REMINDER,Invoice is 2 days overdue (early stage),11372.0,0.5,2,False,"[""OVERDUE_EARLY""]",,50.0
txn_ea36da9e,2833.0,30,MEDIUM,SUBSCRIPTION_PAYMENT_FAILURE,MANDATE_RETRY,Base action selected for SUBSCRIPTION_PAYMENT_FAILURE,1558.15,0.55,5,False,[],,55.00000000000001
txn_c475f8f5,9628.0,30,MEDIUM,PAYMENT_INFRASTRUCTURE_FAILURE,SMART_RETRY,Base action selected for PAYMENT_INFRASTRUCTURE_FAILURE,6739.6,0.7,5,False,[],,80.0
txn_31461b14,5607.0,40,MEDIUM,SUBSCRIPTION_PAYMENT_FAILURE,MANDATE_RETRY,Base action selected for SUBSCRIPTION_PAYMENT_FAILURE,3083.85,0.55,5,False,[],,55.00000000000001
txn_1f45c6b5,38350.0,25,LOW,CHECKOUT_ABANDONMENT,PAYMENT_REMINDER,Base action selected for CHECKOUT_ABANDONMENT,13422.5,0.35,2,False,[],,45.0
txn_020e92d3,7164.0,30,MEDIUM,PAYMENT_INFRASTRUCTURE_FAILURE,SMART_RETRY,Base action selected for PAYMENT_INFRASTRUCTURE_FAILURE,5014.8,0.7,5,False,[],,70.0
txn_455e89fb,13875.0,25,LOW,CHECKOUT_ABANDONMENT,PAYMENT_REMINDER,Base action selected for CHECKOUT_ABANDONMENT,4856.25,0.35,2,False,[],,45.0
txn_05281a97,35900.0,35,MEDIUM,CHECKOUT_ABANDONMENT,PAYMENT_REMINDER,Base action selected for CHECKOUT_ABANDONMENT,12565.0,0.35,2,False,[],,25.0
txn_c3b380fc,42850.0,25,LOW,CHECKOUT_ABANDONMENT,PAYMENT_REMINDER,Base action selected for CHECKOUT_ABANDONMENT,14997.5,0.35,2,False,[],,35.0
txn_6c98c157,4557.0,30,MEDIUM,PAYMENT_INFRASTRUCTURE_FAILURE,SMART_RETRY,Base action selected for PAYMENT_INFRASTRUCTURE_FAILURE,3189.9,0.7,5,False,[],,80.0
txn_09a5a4d5,8979.0,30,MEDIUM,TEMPORARY_PAYMENT_FAILURE,SMART_RETRY,Base action selected for TEMPORARY_PAYMENT_FAILURE,6734.25,0.75,5,False,[],,85.0
txn_fe35d249,27298.0,50,MEDIUM,TEMPORARY_PAYMENT_FAILURE,SMART_RETRY,Base action selected for TEMPORARY_PAYMENT_FAILURE,20473.5,0.75,5,False,[],,65.0
txn_00215498,15907.0,45,MEDIUM,OVERDUE_RECEIVABLE,HUMAN_APPROVAL,Invoice is severely overdue (57 days). Requires human approval.,7953.5,0.5,0,True,"[""OVERDUE_SEVERE""]",,60.0
txn_a9095300,31399.0,45,MEDIUM,OVERDUE_RECEIVABLE,HUMAN_APPROVAL,Invoice is severely overdue (53 days). Requires human approval.,15699.5,0.5,0,True,"[""OVERDUE_SEVERE""]",,60.0
txn_e3a588c7,9910.0,65,HIGH,OVERDUE_RECEIVABLE,HUMAN_APPROVAL,Invoice is severely overdue (34 days). Requires human approval.,4955.0,0.5,0,True,"[""OVERDUE_SEVERE""]",,40.0
txn_77b65b92,48573.0,30,MEDIUM,PAYMENT_METHOD_FAILURE,PAYMENT_REMINDER,Base action selected for PAYMENT_METHOD_FAILURE,19429.2,0.4,2,False,[],,50.0
txn_a63840e5,3495.0,30,MEDIUM,PAYMENT_METHOD_FAILURE,PAYMENT_REMINDER,Base action selected for PAYMENT_METHOD_FAILURE,1398.0,0.4,2,False,[],,50.0
txn_831afd39,378.0,25,LOW,CHECKOUT_ABANDONMENT,PAYMENT_REMINDER,Base action selected for CHECKOUT_ABANDONMENT,132.3,0.35,2,False,[],,35.0
txn_8a022314,26577.0,30,MEDIUM,TEMPORARY_PAYMENT_FAILURE,SMART_RETRY,Base action selected for TEMPORARY_PAYMENT_FAILURE,19932.75,0.75,5,False,[],,75.0
txn_569f5427,26782.0,45,MEDIUM,OVERDUE_RECEIVABLE,HUMAN_APPROVAL,Invoice is severely overdue (35 days). Requires human approval.,13391.0,0.5,0,True,"[""OVERDUE_SEVERE""]",,60.0
txn_05bd2b43,42459.0,35,MEDIUM,CHECKOUT_ABANDONMENT,PAYMENT_REMINDER,Base action selected for CHECKOUT_ABANDONMENT,14860.65,0.35,2,False,[],,35.0
txn_a554fc24,4089.0,45,MEDIUM,OVERDUE_RECEIVABLE,HUMAN_APPROVAL,Invoice is severely overdue (41 days). Requires human approval.,2044.5,0.5,0,True,"[""OVERDUE_SEVERE""]",,60.0
txn_39e18da7,10825.0,45,MEDIUM,OVERDUE_RECEIVABLE,HUMAN_APPROVAL,Invoice is severely overdue (68 days). Requires human approval.,5412.5,0.5,0,True,"[""OVERDUE_SEVERE""]",,60.0
txn_090294af,47845.0,65,HIGH,OVERDUE_RECEIVABLE,RECEIVABLES_ESCALATION,Invoice is 30 days overdue (escalation stage),23922.5,0.5,50,False,"[""OVERDUE_ESCALATION""]",,40.0
txn_cc6af726,32795.0,55,MEDIUM,OVERDUE_RECEIVABLE,HUMAN_APPROVAL,Invoice is severely overdue (89 days). Requires human approval.,16397.5,0.5,0,True,"[""OVERDUE_SEVERE""]",,40.0
txn_93d619a1,6835.0,25,LOW,CHECKOUT_ABANDONMENT,PAYMENT_REMINDER,Base action selected for CHECKOUT_ABANDONMENT,2392.25,0.35,2,False,[],,45.0
txn_6baa9ab8,3397.0,45,MEDIUM,OVERDUE_RECEIVABLE,RECEIVABLES_ESCALATION,Invoice is 24 days overdue (escalation stage),1698.5,0.5,50,False,"[""OVERDUE_ESCALATION""]",,60.0
txn_0061b467,42741.0,45,MEDIUM,OVERDUE_RECEIVABLE,RECEIVABLES_ESCALATION,Invoice is 19 days overdue (escalation stage),21370.5,0.5,50,False,"[""OVERDUE_ESCALATION""]",,60.0
txn_5fd9492e,45436.0,35,MEDIUM,OVERDUE_RECEIVABLE,PAYMENT_REMINDER,Invoice is 4 days overdue (early stage),22718.0,0.5,2,False,"[""OVERDUE_EARLY""]",,60.0
txn_417634c5,19266.0,30,MEDIUM,INSUFFICIENT_FUNDS,PAYMENT_REMINDER,Base action selected for INSUFFICIENT_FUNDS,5779.8,0.3,2,False,[],,30.0
txn_98d86472,8194.0,30,MEDIUM,PAYMENT_INFRASTRUCTURE_FAILURE,SMART_RETRY,Base action selected for PAYMENT_INFRASTRUCTURE_FAILURE,5735.8,0.7,5,False,[],,80.0
txn_2ca4d852,8629.0,30,MEDIUM,SUBSCRIPTION_PAYMENT_FAILURE,MANDATE_RETRY,Base action selected for SUBSCRIPTION_PAYMENT_FAILURE,4745.95,0.55,5,False,[],,55.00000000000001
txn_126577a7,48760.0,50,MEDIUM,AUTHENTICATION_FAILURE,PAYMENT_REMINDER,Base action selected for AUTHENTICATION_FAILURE,21942.0,0.45,2,False,[],,35.0
txn_a82cc1c9,38519.0,40,MEDIUM,PAYMENT_INFRASTRUCTURE_FAILURE,SMART_RETRY,Base action selected for PAYMENT_INFRASTRUCTURE_FAILURE,26963.3,0.7,5,False,[],,70.0
txn_0403beef,48661.0,25,LOW,CHECKOUT_ABANDONMENT,PAYMENT_REMINDER,Base action selected for CHECKOUT_ABANDONMENT,17031.35,0.35,2,False,[],,45.0
txn_d850bef7,1436.0,25,LOW,CHECKOUT_ABANDONMENT,PAYMENT_REMINDER,Base action selected for CHECKOUT_ABANDONMENT,502.6,0.35,2,False,[],,45.0
txn_920dac01,37000.0,30,MEDIUM,PAYMENT_INFRASTRUCTURE_FAILURE,SMART_RETRY,Base action selected for PAYMENT_INFRASTRUCTURE_FAILURE,25900.0,0.7,5,False,[],,80.0
txn_8f5faffb,3600.0,45,MEDIUM,OVERDUE_RECEIVABLE,HUMAN_APPROVAL,Invoice is severely overdue (84 days). Requires human approval.,1800.0,0.5,0,True,"[""OVERDUE_SEVERE""]",,60.0
txn_07401ce9,39295.0,65,HIGH,OVERDUE_RECEIVABLE,RECEIVABLES_ESCALATION,Invoice is 27 days overdue (escalation stage),19647.5,0.5,50,False,"[""OVERDUE_ESCALATION""]",,40.0
txn_c8392992,25318.0,25,LOW,CHECKOUT_ABANDONMENT,PAYMENT_REMINDER,Base action selected for CHECKOUT_ABANDONMENT,8861.3,0.35,2,False,[],,45.0
txn_3033ef8c,17641.0,50,MEDIUM,PAYMENT_INFRASTRUCTURE_FAILURE,SMART_RETRY,Base action selected for PAYMENT_INFRASTRUCTURE_FAILURE,12348.7,0.7,5,False,[],,60.0
txn_d668692a,25289.0,45,MEDIUM,CHECKOUT_ABANDONMENT,PAYMENT_REMINDER,Base action selected for CHECKOUT_ABANDONMENT,8851.15,0.35,2,False,[],,25.0
txn_a8d6ef5e,47061.0,45,MEDIUM,OVERDUE_RECEIVABLE,RECEIVABLES_ESCALATION,Invoice is 19 days overdue (escalation stage),23530.5,0.5,50,False,"[""OVERDUE_ESCALATION""]",,60.0
txn_9aa576d7,7871.0,50,MEDIUM,PAYMENT_METHOD_FAILURE,PAYMENT_REMINDER,Base action selected for PAYMENT_METHOD_FAILURE,3148.4,0.4,2,False,[],,30.0
txn_91405c1b,47823.0,35,MEDIUM,CHECKOUT_ABANDONMENT,PAYMENT_REMINDER,Base action selected for CHECKOUT_ABANDONMENT,16738.05,0.35,2,False,[],,45.0
txn_6705dfba,47714.0,25,LOW,CHECKOUT_ABANDONMENT,PAYMENT_REMINDER,Base action selected for CHECKOUT_ABANDONMENT,16699.9,0.35,2,False,[],,45.0
txn_6cded9d4,49956.0,45,MEDIUM,OVERDUE_RECEIVABLE,HUMAN_APPROVAL,Invoice is severely overdue (90 days). Requires human approval.,24978.0,0.5,0,True,"[""OVERDUE_SEVERE""]",,60.0
txn_bcca50cb,30854.0,45,MEDIUM,OVERDUE_RECEIVABLE,HUMAN_APPROVAL,Invoice is severely overdue (57 days). Requires human approval.,15427.0,0.5,0,True,"[""OVERDUE_SEVERE""]",,60.0
txn_eed9eb28,44212.0,40,MEDIUM,PAYMENT_INFRASTRUCTURE_FAILURE,SMART_RETRY,Base action selected for PAYMENT_INFRASTRUCTURE_FAILURE,30948.4,0.7,5,False,[],,60.0
txn_fc30466b,14451.0,55,MEDIUM,OVERDUE_RECEIVABLE,PAYMENT_REMINDER,Invoice is 3 days overdue (early stage),7225.5,0.5,2,False,"[""OVERDUE_EARLY""]",,40.0
txn_23b1c9c6,3765.0,25,LOW,CHECKOUT_ABANDONMENT,PAYMENT_REMINDER,Base action selected for CHECKOUT_ABANDONMENT,1317.75,0.35,2,False,[],,35.0
txn_27f5ae95,30848.0,40,MEDIUM,PAYMENT_METHOD_FAILURE,PAYMENT_REMINDER,Base action selected for PAYMENT_METHOD_FAILURE,12339.2,0.4,2,False,[],,50.0
txn_06536291,46192.0,65,HIGH,OVERDUE_RECEIVABLE,HUMAN_APPROVAL,Invoice is severely overdue (81 days). Requires human approval.,23096.0,0.5,0,True,"[""OVERDUE_SEVERE""]",,40.0
txn_fef12146,28015.0,45,MEDIUM,CHECKOUT_ABANDONMENT,PAYMENT_REMINDER,Base action selected for CHECKOUT_ABANDONMENT,9805.25,0.35,2,False,[],,25.0
txn_18bd3d5e,19203.0,45,MEDIUM,OVERDUE_RECEIVABLE,HUMAN_APPROVAL,Invoice is severely overdue (40 days). Requires human approval.,9601.5,0.5,0,True,"[""OVERDUE_SEVERE""]",,60.0
txn_9163dd81,22532.0,45,MEDIUM,OVERDUE_RECEIVABLE,HUMAN_APPROVAL,Invoice is severely overdue (67 days). Requires human approval.,11266.0,0.5,0,True,"[""OVERDUE_SEVERE""]",,50.0
txn_edf4cc71,31853.0,30,MEDIUM,SUBSCRIPTION_PAYMENT_FAILURE,MANDATE_RETRY,Base action selected for SUBSCRIPTION_PAYMENT_FAILURE,17519.15,0.55,5,False,[],,65.0
txn_dba773c9,34173.0,50,MEDIUM,TEMPORARY_PAYMENT_FAILURE,SMART_RETRY,Base action selected for TEMPORARY_PAYMENT_FAILURE,25629.75,0.75,5,False,[],,65.0
txn_db9515fd,41628.0,30,MEDIUM,AUTHENTICATION_FAILURE,PAYMENT_REMINDER,Base action selected for AUTHENTICATION_FAILURE,18732.6,0.45,2,False,[],,55.0
txn_aa6c7099,6630.0,40,MEDIUM,TEMPORARY_PAYMENT_FAILURE,SMART_RETRY,Base action selected for TEMPORARY_PAYMENT_FAILURE,4972.5,0.75,5,False,[],,75.0
txn_4ea0e02e,47113.0,30,MEDIUM,PAYMENT_METHOD_FAILURE,PAYMENT_REMINDER,Base action selected for PAYMENT_METHOD_FAILURE,18845.2,0.4,2,False,[],,50.0
txn_b3053dcf,31724.0,35,MEDIUM,CHECKOUT_ABANDONMENT,PAYMENT_REMINDER,Base action selected for CHECKOUT_ABANDONMENT,11103.4,0.35,2,False,[],,35.0
txn_f31d4aa1,34281.0,30,MEDIUM,SUBSCRIPTION_PAYMENT_FAILURE,MANDATE_RETRY,Base action selected for SUBSCRIPTION_PAYMENT_FAILURE,18854.55,0.55,5,False,[],,65.0
txn_49faf225,38625.0,45,MEDIUM,OVERDUE_RECEIVABLE,HUMAN_APPROVAL,Invoice is severely overdue (69 days). Requires human approval.,19312.5,0.5,0,True,"[""OVERDUE_SEVERE""]",,60.0
txn_c57ba45d,29781.0,35,MEDIUM,CHECKOUT_ABANDONMENT,PAYMENT_REMINDER,Base action selected for CHECKOUT_ABANDONMENT,10423.35,0.35,2,False,[],,35.0
txn_2fb9a847,26828.0,25,LOW,CHECKOUT_ABANDONMENT,PAYMENT_REMINDER,Base action selected for CHECKOUT_ABANDONMENT,9389.8,0.35,2,False,[],,35.0
txn_72264759,24853.0,55,MEDIUM,OVERDUE_RECEIVABLE,PAYMENT_REMINDER,Invoice is 2 days overdue (early stage),12426.5,0.5,2,False,"[""OVERDUE_EARLY""]",,40.0
txn_0675f9e5,337.0,45,MEDIUM,OVERDUE_RECEIVABLE,HUMAN_APPROVAL,Invoice is severely overdue (59 days). Requires human approval.,168.5,0.5,0,True,"[""OVERDUE_SEVERE""]",,50.0
txn_75424bd9,33611.0,55,MEDIUM,OVERDUE_RECEIVABLE,PAYMENT_REMINDER,Invoice is 4 days overdue (early stage),16805.5,0.5,2,False,"[""OVERDUE_EARLY""]",,40.0
txn_8415d04a,8903.0,25,LOW,CHECKOUT_ABANDONMENT,PAYMENT_REMINDER,Base action selected for CHECKOUT_ABANDONMENT,3116.05,0.35,2,False,[],,45.0
txn_191f6dbf,20361.0,30,MEDIUM,TEMPORARY_PAYMENT_FAILURE,SMART_RETRY,Base action selected for TEMPORARY_PAYMENT_FAILURE,15270.75,0.75,5,False,[],,85.0
txn_93088a62,2449.0,25,LOW,CHECKOUT_ABANDONMENT,PAYMENT_REMINDER,Base action selected for CHECKOUT_ABANDONMENT,857.15,0.35,2,False,[],,35.0
txn_cc4d0477,23985.0,40,MEDIUM,OTHER_REVENUE_RISK,PAYMENT_REMINDER,Base action selected for OTHER_REVENUE_RISK,4797.0,0.2,2,False,[],,30.0
txn_6179001b,23092.0,45,MEDIUM,OVERDUE_RECEIVABLE,RECEIVABLES_ESCALATION,Invoice is 30 days overdue (escalation stage),11546.0,0.5,50,False,"[""OVERDUE_ESCALATION""]",,60.0
txn_fcbdcbf2,23901.0,55,MEDIUM,OVERDUE_RECEIVABLE,HUMAN_APPROVAL,Invoice is severely overdue (86 days). Requires human approval.,11950.5,0.5,0,True,"[""OVERDUE_SEVERE""]",,60.0
txn_b1e2097a,23817.0,45,MEDIUM,OVERDUE_RECEIVABLE,HUMAN_APPROVAL,Invoice is severely overdue (62 days). Requires human approval.,11908.5,0.5,0,True,"[""OVERDUE_SEVERE""]",,60.0
txn_e5ce4481,23742.0,65,HIGH,OVERDUE_RECEIVABLE,HUMAN_APPROVAL,Invoice is severely overdue (66 days). Requires human approval.,11871.0,0.5,0,True,"[""OVERDUE_SEVERE""]",,40.0
txn_e8e54980,7963.0,45,MEDIUM,OVERDUE_RECEIVABLE,HUMAN_APPROVAL,Invoice is severely overdue (75 days). Requires human approval.,3981.5,0.5,0,True,"[""OVERDUE_SEVERE""]",,60.0
txn_5436407e,7730.0,30,MEDIUM,SUBSCRIPTION_PAYMENT_FAILURE,MANDATE_RETRY,Base action selected for SUBSCRIPTION_PAYMENT_FAILURE,4251.5,0.55,5,False,[],,65.0
txn_9197aed9,43402.0,45,MEDIUM,OVERDUE_RECEIVABLE,HUMAN_APPROVAL,Invoice is severely overdue (85 days). Requires human approval.,21701.0,0.5,0,True,"[""OVERDUE_SEVERE""]",,60.0
txn_f4e3ed71,23296.0,30,MEDIUM,TEMPORARY_PAYMENT_FAILURE,SMART_RETRY,Base action selected for TEMPORARY_PAYMENT_FAILURE,17472.0,0.75,5,False,[],,85.0
txn_c995b989,42617.0,30,MEDIUM,PAYMENT_METHOD_FAILURE,PAYMENT_REMINDER,Base action selected for PAYMENT_METHOD_FAILURE,17046.8,0.4,2,False,[],,40.0
txn_24e87e74,12268.0,25,LOW,CHECKOUT_ABANDONMENT,PAYMENT_REMINDER,Base action selected for CHECKOUT_ABANDONMENT,4293.8,0.35,2,False,[],,45.0
txn_4bc2c760,30503.0,40,MEDIUM,PAYMENT_INFRASTRUCTURE_FAILURE,SMART_RETRY,Base action selected for PAYMENT_INFRASTRUCTURE_FAILURE,21352.1,0.7,5,False,[],,60.0
txn_580c0b6a,1705.0,40,MEDIUM,PAYMENT_INFRASTRUCTURE_FAILURE,SMART_RETRY,Base action selected for PAYMENT_INFRASTRUCTURE_FAILURE,1193.5,0.7,5,False,[],,60.0
txn_d15d45d6,12594.0,25,LOW,CHECKOUT_ABANDONMENT,PAYMENT_REMINDER,Base action selected for CHECKOUT_ABANDONMENT,4407.9,0.35,2,False,[],,45.0
txn_325d2d4c,44876.0,25,LOW,CHECKOUT_ABANDONMENT,PAYMENT_REMINDER,Base action selected for CHECKOUT_ABANDONMENT,15706.6,0.35,2,False,[],,45.0
txn_36f689ef,49156.0,40,MEDIUM,TEMPORARY_PAYMENT_FAILURE,SMART_RETRY,Base action selected for TEMPORARY_PAYMENT_FAILURE,36867.0,0.75,5,False,[],,85.0
txn_01bd84c1,47007.0,50,MEDIUM,AUTHENTICATION_FAILURE,PAYMENT_REMINDER,Base action selected for AUTHENTICATION_FAILURE,21153.15,0.45,2,False,[],,35.0
txn_2e94ae47,11278.0,35,MEDIUM,OVERDUE_RECEIVABLE,PAYMENT_REMINDER,Invoice is 4 days overdue (early stage),5639.0,0.5,2,False,"[""OVERDUE_EARLY""]",,60.0
txn_173166c8,13434.0,25,LOW,CHECKOUT_ABANDONMENT,PAYMENT_REMINDER,Base action selected for CHECKOUT_ABANDONMENT,4701.9,0.35,2,False,[],,45.0
txn_de983fda,16113.0,40,MEDIUM,TEMPORARY_PAYMENT_FAILURE,SMART_RETRY,Base action selected for TEMPORARY_PAYMENT_FAILURE,12084.75,0.75,5,False,[],,65.0
txn_d1c9c2fb,31038.0,65,HIGH,OVERDUE_RECEIVABLE,RECEIVABLES_ESCALATION,Invoice is 21 days overdue (escalation stage),15519.0,0.5,50,False,"[""OVERDUE_ESCALATION""]",,40.0
txn_f9215a8c,39535.0,30,MEDIUM,SUBSCRIPTION_PAYMENT_FAILURE,MANDATE_RETRY,Base action selected for SUBSCRIPTION_PAYMENT_FAILURE,21744.25,0.55,5,False,[],,65.0
txn_59dccd46,44142.0,25,LOW,CHECKOUT_ABANDONMENT,PAYMENT_REMINDER,Base action selected for CHECKOUT_ABANDONMENT,15449.7,0.35,2,False,[],,45.0
txn_9d00c6c5,157.0,45,MEDIUM,OVERDUE_RECEIVABLE,HUMAN_APPROVAL,Invoice is severely overdue (33 days). Requires human approval.,78.5,0.5,0,True,"[""OVERDUE_SEVERE""]",,50.0
txn_0fa3b4f1,3326.0,45,MEDIUM,OVERDUE_RECEIVABLE,HUMAN_APPROVAL,Invoice is severely overdue (55 days). Requires human approval.,1663.0,0.5,0,True,"[""OVERDUE_SEVERE""]",,60.0
txn_860f577f,27311.0,65,HIGH,OVERDUE_RECEIVABLE,HUMAN_APPROVAL,Invoice is severely overdue (52 days). Requires human approval.,13655.5,0.5,0,True,"[""OVERDUE_SEVERE""]",,40.0
txn_252aa90e,28923.0,40,MEDIUM,INSUFFICIENT_FUNDS,PAYMENT_REMINDER,Base action selected for INSUFFICIENT_FUNDS,8676.9,0.3,2,False,[],,40.0
txn_28f4511d,6763.0,35,MEDIUM,CHECKOUT_ABANDONMENT,PAYMENT_REMINDER,Base action selected for CHECKOUT_ABANDONMENT,2367.05,0.35,2,False,[],,45.0
txn_3b630132,44560.0,25,LOW,CHECKOUT_ABANDONMENT,PAYMENT_REMINDER,Base action selected for CHECKOUT_ABANDONMENT,15596.0,0.35,2,False,[],,45.0
txn_3c53c4d2,49545.0,30,MEDIUM,INSUFFICIENT_FUNDS,PAYMENT_REMINDER,Base action selected for INSUFFICIENT_FUNDS,14863.5,0.3,2,False,[],,40.0
txn_e846df0e,18702.0,25,LOW,CHECKOUT_ABANDONMENT,PAYMENT_REMINDER,Base action selected for CHECKOUT_ABANDONMENT,6545.7,0.35,2,False,[],,45.0
txn_2aeeff17,7730.0,65,HIGH,OVERDUE_RECEIVABLE,HUMAN_APPROVAL,Invoice is severely overdue (53 days). Requires human approval.,3865.0,0.5,0,True,"[""OVERDUE_SEVERE""]",,40.0
txn_d6e4eb85,25298.0,25,LOW,CHECKOUT_ABANDONMENT,PAYMENT_REMINDER,Base action selected for CHECKOUT_ABANDONMENT,8854.3,0.35,2,False,[],,45.0
txn_3542e610,21750.0,30,MEDIUM,PAYMENT_INFRASTRUCTURE_FAILURE,SMART_RETRY,Base action selected for PAYMENT_INFRASTRUCTURE_FAILURE,15225.0,0.7,5,False,[],,80.0
txn_acb48ce4,42524.0,30,MEDIUM,TEMPORARY_PAYMENT_FAILURE,SMART_RETRY,Base action selected for TEMPORARY_PAYMENT_FAILURE,31893.0,0.75,5,False,[],,85.0
txn_9d64f98b,38111.0,40,MEDIUM,OTHER_REVENUE_RISK,PAYMENT_REMINDER,Base action selected for OTHER_REVENUE_RISK,7622.2,0.2,2,False,[],,20.0
txn_5b07ab18,9160.0,40,MEDIUM,PAYMENT_INFRASTRUCTURE_FAILURE,SMART_RETRY,Base action selected for PAYMENT_INFRASTRUCTURE_FAILURE,6412.0,0.7,5,False,[],,80.0
txn_a719f107,34238.0,45,MEDIUM,CHECKOUT_ABANDONMENT,PAYMENT_REMINDER,Base action selected for CHECKOUT_ABANDONMENT,11983.3,0.35,2,False,[],,25.0
txn_4175467c,34061.0,25,LOW,CHECKOUT_ABANDONMENT,PAYMENT_REMINDER,Base action selected for CHECKOUT_ABANDONMENT,11921.35,0.35,2,False,[],,45.0
txn_2a31c161,16201.0,45,MEDIUM,OVERDUE_RECEIVABLE,HUMAN_APPROVAL,Invoice is severely overdue (79 days). Requires human approval.,8100.5,0.5,0,True,"[""OVERDUE_SEVERE""]",,60.0
txn_7d74353f,35157.0,30,MEDIUM,AUTHENTICATION_FAILURE,PAYMENT_REMINDER,Base action selected for AUTHENTICATION_FAILURE,15820.65,0.45,2,False,[],,45.0
txn_e3ed7713,39462.0,40,MEDIUM,INSUFFICIENT_FUNDS,PAYMENT_REMINDER,Base action selected for INSUFFICIENT_FUNDS,11838.6,0.3,2,False,[],,20.0
txn_c08a807d,31504.0,35,MEDIUM,CHECKOUT_ABANDONMENT,PAYMENT_REMINDER,Base action selected for CHECKOUT_ABANDONMENT,11026.4,0.35,2,False,[],,25.0
txn_a832beef,42839.0,35,MEDIUM,OVERDUE_RECEIVABLE,PAYMENT_REMINDER,Invoice is 5 days overdue (early stage),21419.5,0.5,2,False,"[""OVERDUE_EARLY""]",,60.0
txn_094c37a4,26274.0,30,MEDIUM,PAYMENT_INFRASTRUCTURE_FAILURE,SMART_RETRY,Base action selected for PAYMENT_INFRASTRUCTURE_FAILURE,18391.8,0.7,5,False,[],,80.0
txn_f8554844,20818.0,25,LOW,CHECKOUT_ABANDONMENT,PAYMENT_REMINDER,Base action selected for CHECKOUT_ABANDONMENT,7286.3,0.35,2,False,[],,35.0
txn_cfb9bf07,1405.0,35,MEDIUM,OVERDUE_RECEIVABLE,RECEIVABLES_ESCALATION,Invoice is 12 days overdue (escalation stage),702.5,0.5,50,False,"[""OVERDUE_ESCALATION""]",,50.0
txn_7fe6deb1,47108.0,45,MEDIUM,OVERDUE_RECEIVABLE,HUMAN_APPROVAL,Invoice is severely overdue (86 days). Requires human approval.,23554.0,0.5,0,True,"[""OVERDUE_SEVERE""]",,60.0
txn_363b726f,35597.0,45,MEDIUM,CHECKOUT_ABANDONMENT,PAYMENT_REMINDER,Base action selected for CHECKOUT_ABANDONMENT,12458.95,0.35,2,False,[],,25.0
txn_2694a915,5089.0,30,MEDIUM,OTHER_REVENUE_RISK,PAYMENT_REMINDER,Base action selected for OTHER_REVENUE_RISK,1017.8,0.2,2,False,[],,20.0
txn_47d3b167,17280.0,25,LOW,CHECKOUT_ABANDONMENT,PAYMENT_REMINDER,Base action selected for CHECKOUT_ABANDONMENT,6048.0,0.35,2,False,[],,45.0
txn_cafa3c6c,49117.0,45,MEDIUM,OVERDUE_RECEIVABLE,HUMAN_APPROVAL,Invoice is severely overdue (83 days). Requires human approval.,24558.5,0.5,0,True,"[""OVERDUE_SEVERE""]",,60.0
txn_ff14be01,20894.0,45,MEDIUM,OVERDUE_RECEIVABLE,PAYMENT_REMINDER,Invoice is 3 days overdue (early stage),10447.0,0.5,2,False,"[""OVERDUE_EARLY""]",,50.0
txn_b4fd1a8d,7220.0,50,MEDIUM,PAYMENT_INFRASTRUCTURE_FAILURE,SMART_RETRY,Base action selected for PAYMENT_INFRASTRUCTURE_FAILURE,5054.0,0.7,5,False,[],,60.0
txn_078ea7a6,49805.0,45,MEDIUM,OVERDUE_RECEIVABLE,RECEIVABLES_ESCALATION,Invoice is 17 days overdue (escalation stage),24902.5,0.5,50,False,"[""OVERDUE_ESCALATION""]",,60.0
txn_e08aad52,48029.0,25,LOW,CHECKOUT_ABANDONMENT,PAYMENT_REMINDER,Base action selected for CHECKOUT_ABANDONMENT,16810.15,0.35,2,False,[],,45.0
txn_12d5b80f,13808.0,25,LOW,CHECKOUT_ABANDONMENT,PAYMENT_REMINDER,Base action selected for CHECKOUT_ABANDONMENT,4832.8,0.35,2,False,[],,45.0
txn_fa9b2972,48153.0,25,LOW,CHECKOUT_ABANDONMENT,PAYMENT_REMINDER,Base action selected for CHECKOUT_ABANDONMENT,16853.55,0.35,2,False,[],,35.0
txn_c1d63f23,35944.0,35,MEDIUM,CHECKOUT_ABANDONMENT,PAYMENT_REMINDER,Base action selected for CHECKOUT_ABANDONMENT,12580.4,0.35,2,False,[],,25.0
txn_1626246d,35028.0,25,LOW,CHECKOUT_ABANDONMENT,PAYMENT_REMINDER,Base action selected for CHECKOUT_ABANDONMENT,12259.8,0.35,2,False,[],,35.0
txn_968310c6,16837.0,50,MEDIUM,TEMPORARY_PAYMENT_FAILURE,SMART_RETRY,Base action selected for TEMPORARY_PAYMENT_FAILURE,12627.75,0.75,5,False,[],,65.0
txn_e6647755,127.0,30,MEDIUM,TEMPORARY_PAYMENT_FAILURE,SMART_RETRY,Base action selected for TEMPORARY_PAYMENT_FAILURE,95.25,0.75,5,False,[],,85.0
txn_15321f6c,4819.0,55,MEDIUM,OVERDUE_RECEIVABLE,HUMAN_APPROVAL,Invoice is severely overdue (51 days). Requires human approval.,2409.5,0.5,0,True,"[""OVERDUE_SEVERE""]",,50.0
txn_2c573eca,18095.0,40,MEDIUM,TEMPORARY_PAYMENT_FAILURE,SMART_RETRY,Base action selected for TEMPORARY_PAYMENT_FAILURE,13571.25,0.75,5,False,[],,75.0
txn_0558fccd,19446.0,55,MEDIUM,OVERDUE_RECEIVABLE,RECEIVABLES_ESCALATION,Invoice is 9 days overdue (escalation stage),9723.0,0.5,50,False,"[""OVERDUE_ESCALATION""]",,40.0
txn_9a510b64,25133.0,45,MEDIUM,OVERDUE_RECEIVABLE,HUMAN_APPROVAL,Invoice is severely overdue (33 days). Requires human approval.,12566.5,0.5,0,True,"[""OVERDUE_SEVERE""]",,60.0
txn_81eef017,49275.0,30,MEDIUM,AUTHENTICATION_FAILURE,PAYMENT_REMINDER,Base action selected for AUTHENTICATION_FAILURE,22173.75,0.45,2,False,[],,55.0
txn_5aaa0b9d,1725.0,55,MEDIUM,OVERDUE_RECEIVABLE,HUMAN_APPROVAL,Invoice is severely overdue (34 days). Requires human approval.,862.5,0.5,0,True,"[""OVERDUE_SEVERE""]",,60.0
txn_471c9aed,13359.0,35,MEDIUM,OVERDUE_RECEIVABLE,PAYMENT_REMINDER,Invoice is 7 days overdue (early stage),6679.5,0.5,2,False,"[""OVERDUE_EARLY""]",,50.0
txn_6e9a024f,2012.0,30,MEDIUM,OTHER_REVENUE_RISK,PAYMENT_REMINDER,Base action selected for OTHER_REVENUE_RISK,402.4,0.2,2,False,[],,30.0
txn_5d680d2d,5282.0,35,MEDIUM,OVERDUE_RECEIVABLE,RECEIVABLES_ESCALATION,Invoice is 14 days overdue (escalation stage),2641.0,0.5,50,False,"[""OVERDUE_ESCALATION""]",,60.0
txn_1cd97173,44757.0,45,MEDIUM,OVERDUE_RECEIVABLE,HUMAN_APPROVAL,Invoice is severely overdue (60 days). Requires human approval.,22378.5,0.5,0,True,"[""OVERDUE_SEVERE""]",,60.0
txn_dfabab45,20472.0,40,MEDIUM,PAYMENT_INFRASTRUCTURE_FAILURE,SMART_RETRY,Base action selected for PAYMENT_INFRASTRUCTURE_FAILURE,14330.4,0.7,5,False,[],,70.0
txn_c22c7089,35382.0,65,HIGH,OVERDUE_RECEIVABLE,HUMAN_APPROVAL,Invoice is severely overdue (75 days). Requires human approval.,17691.0,0.5,0,True,"[""OVERDUE_SEVERE""]",,40.0
txn_95e97f6c,5125.0,45,MEDIUM,CHECKOUT_ABANDONMENT,PAYMENT_REMINDER,Base action selected for CHECKOUT_ABANDONMENT,1793.75,0.35,2,False,[],,25.0
txn_ccf8ca5a,23784.0,40,MEDIUM,SUBSCRIPTION_PAYMENT_FAILURE,MANDATE_RETRY,Base action selected for SUBSCRIPTION_PAYMENT_FAILURE,13081.2,0.55,5,False,[],,65.0
txn_416d2481,1234.0,55,MEDIUM,OVERDUE_RECEIVABLE,HUMAN_APPROVAL,Invoice is severely overdue (56 days). Requires human approval.,617.0,0.5,0,True,"[""OVERDUE_SEVERE""]",,60.0
txn_25e1669f,12749.0,30,MEDIUM,PAYMENT_INFRASTRUCTURE_FAILURE,SMART_RETRY,Base action selected for PAYMENT_INFRASTRUCTURE_FAILURE,8924.3,0.7,5,False,[],,80.0
txn_83fe6b78,9278.0,40,MEDIUM,PAYMENT_INFRASTRUCTURE_FAILURE,SMART_RETRY,Base action selected for PAYMENT_INFRASTRUCTURE_FAILURE,6494.6,0.7,5,False,[],,60.0
txn_df131ae6,6931.0,35,MEDIUM,CHECKOUT_ABANDONMENT,PAYMENT_REMINDER,Base action selected for CHECKOUT_ABANDONMENT,2425.85,0.35,2,False,[],,25.0
txn_8e5e92e0,48746.0,45,MEDIUM,OVERDUE_RECEIVABLE,HUMAN_APPROVAL,Invoice is severely overdue (33 days). Requires human approval.,24373.0,0.5,0,True,"[""OVERDUE_SEVERE""]",,50.0
txn_c3d964b7,26387.0,35,MEDIUM,CHECKOUT_ABANDONMENT,PAYMENT_REMINDER,Base action selected for CHECKOUT_ABANDONMENT,9235.45,0.35,2,False,[],,25.0
txn_87ebeee3,21536.0,30,MEDIUM,OTHER_REVENUE_RISK,PAYMENT_REMINDER,Base action selected for OTHER_REVENUE_RISK,4307.2,0.2,2,False,[],,20.0
txn_cc4e910d,20637.0,45,MEDIUM,OVERDUE_RECEIVABLE,HUMAN_APPROVAL,Invoice is severely overdue (67 days). Requires human approval.,10318.5,0.5,0,True,"[""OVERDUE_SEVERE""]",,60.0
txn_5dee0838,32202.0,45,MEDIUM,OVERDUE_RECEIVABLE,HUMAN_APPROVAL,Invoice is severely overdue (90 days). Requires human approval.,16101.0,0.5,0,True,"[""OVERDUE_SEVERE""]",,50.0
txn_cb1eb31f,25763.0,45,MEDIUM,OVERDUE_RECEIVABLE,RECEIVABLES_ESCALATION,Invoice is 22 days overdue (escalation stage),12881.5,0.5,50,False,"[""OVERDUE_ESCALATION""]",,60.0
txn_aef6353e,3999.0,55,MEDIUM,OVERDUE_RECEIVABLE,HUMAN_APPROVAL,Invoice is severely overdue (58 days). Requires human approval.,1999.5,0.5,0,True,"[""OVERDUE_SEVERE""]",,40.0
txn_d781c77e,9832.0,35,MEDIUM,CHECKOUT_ABANDONMENT,PAYMENT_REMINDER,Base action selected for CHECKOUT_ABANDONMENT,3441.2,0.35,2,False,[],,35.0
txn_8150859c,45301.0,30,MEDIUM,INSUFFICIENT_FUNDS,PAYMENT_REMINDER,Base action selected for INSUFFICIENT_FUNDS,13590.3,0.3,2,False,[],,40.0
txn_08f8d1da,33741.0,40,MEDIUM,INSUFFICIENT_FUNDS,PAYMENT_REMINDER,Base action selected for INSUFFICIENT_FUNDS,10122.3,0.3,2,False,[],,30.0
txn_dba3badd,1574.0,40,MEDIUM,AUTHENTICATION_FAILURE,PAYMENT_REMINDER,Base action selected for AUTHENTICATION_FAILURE,708.3,0.45,2,False,[],,45.0
txn_f47825f7,32882.0,40,MEDIUM,OTHER_REVENUE_RISK,PAYMENT_REMINDER,Base action selected for OTHER_REVENUE_RISK,6576.4,0.2,2,False,[],,10
txn_5d581c07,44558.0,25,LOW,CHECKOUT_ABANDONMENT,PAYMENT_REMINDER,Base action selected for CHECKOUT_ABANDONMENT,15595.3,0.35,2,False,[],,45.0
txn_d2a62429,31101.0,25,LOW,CHECKOUT_ABANDONMENT,PAYMENT_REMINDER,Base action selected for CHECKOUT_ABANDONMENT,10885.35,0.35,2,False,[],,35.0
txn_6f9011bb,44326.0,30,MEDIUM,PAYMENT_INFRASTRUCTURE_FAILURE,SMART_RETRY,Base action selected for PAYMENT_INFRASTRUCTURE_FAILURE,31028.2,0.7,5,False,[],,80.0
txn_40146f8e,31343.0,45,MEDIUM,OVERDUE_RECEIVABLE,HUMAN_APPROVAL,Invoice is severely overdue (45 days). Requires human approval.,15671.5,0.5,0,True,"[""OVERDUE_SEVERE""]",,60.0
txn_22357cf7,34347.0,35,MEDIUM,OVERDUE_RECEIVABLE,RECEIVABLES_ESCALATION,Invoice is 14 days overdue (escalation stage),17173.5,0.5,50,False,"[""OVERDUE_ESCALATION""]",,50.0
txn_4f96fee6,34163.0,45,MEDIUM,OVERDUE_RECEIVABLE,HUMAN_APPROVAL,Invoice is severely overdue (43 days). Requires human approval.,17081.5,0.5,0,True,"[""OVERDUE_SEVERE""]",,60.0
txn_e8ba84d3,48338.0,25,LOW,CHECKOUT_ABANDONMENT,PAYMENT_REMINDER,Base action selected for CHECKOUT_ABANDONMENT,16918.3,0.35,2,False,[],,35.0
txn_2f67ff0f,1400.0,45,MEDIUM,OVERDUE_RECEIVABLE,HUMAN_APPROVAL,Invoice is severely overdue (48 days). Requires human approval.,700.0,0.5,0,True,"[""OVERDUE_SEVERE""]",,50.0
txn_6e5cabb1,22120.0,65,HIGH,OVERDUE_RECEIVABLE,HUMAN_APPROVAL,Invoice is severely overdue (80 days). Requires human approval.,11060.0,0.5,0,True,"[""OVERDUE_SEVERE""]",,40.0
txn_646d49a0,22942.0,30,MEDIUM,TEMPORARY_PAYMENT_FAILURE,SMART_RETRY,Base action selected for TEMPORARY_PAYMENT_FAILURE,17206.5,0.75,5,False,[],,85.0
txn_dc7ea5f2,45518.0,25,LOW,CHECKOUT_ABANDONMENT,PAYMENT_REMINDER,Base action selected for CHECKOUT_ABANDONMENT,15931.3,0.35,2,False,[],,45.0
txn_93320fc6,8600.0,45,MEDIUM,OVERDUE_RECEIVABLE,HUMAN_APPROVAL,Invoice is severely overdue (68 days). Requires human approval.,4300.0,0.5,0,True,"[""OVERDUE_SEVERE""]",,60.0
txn_bee81575,13735.0,45,MEDIUM,OVERDUE_RECEIVABLE,HUMAN_APPROVAL,Invoice is severely overdue (32 days). Requires human approval.,6867.5,0.5,0,True,"[""OVERDUE_SEVERE""]",,50.0
txn_b31467c9,43613.0,25,LOW,CHECKOUT_ABANDONMENT,PAYMENT_REMINDER,Base action selected for CHECKOUT_ABANDONMENT,15264.55,0.35,2,False,[],,35.0
txn_ca54b27e,5876.0,40,MEDIUM,SUBSCRIPTION_PAYMENT_FAILURE,MANDATE_RETRY,Base action selected for SUBSCRIPTION_PAYMENT_FAILURE,3231.8,0.55,5,False,[],,45.00000000000001
txn_006045c4,47444.0,35,MEDIUM,CHECKOUT_ABANDONMENT,PAYMENT_REMINDER,Base action selected for CHECKOUT_ABANDONMENT,16605.4,0.35,2,False,[],,25.0
txn_ceec2f9a,47566.0,45,MEDIUM,OVERDUE_RECEIVABLE,HUMAN_APPROVAL,Invoice is severely overdue (47 days). Requires human approval.,23783.0,0.5,0,True,"[""OVERDUE_SEVERE""]",,60.0
txn_ed04c3fa,38100.0,25,LOW,CHECKOUT_ABANDONMENT,PAYMENT_REMINDER,Base action selected for CHECKOUT_ABANDONMENT,13335.0,0.35,2,False,[],,45.0
txn_5bc992fd,13367.0,45,MEDIUM,OVERDUE_RECEIVABLE,HUMAN_APPROVAL,Invoice is severely overdue (68 days). Requires human approval.,6683.5,0.5,0,True,"[""OVERDUE_SEVERE""]",,50.0
txn_bccf6b25,25769.0,40,MEDIUM,INSUFFICIENT_FUNDS,PAYMENT_REMINDER,Base action selected for INSUFFICIENT_FUNDS,7730.7,0.3,2,False,[],,20.0
txn_30e5216c,19626.0,45,MEDIUM,OVERDUE_RECEIVABLE,RECEIVABLES_ESCALATION,Invoice is 18 days overdue (escalation stage),9813.0,0.5,50,False,"[""OVERDUE_ESCALATION""]",,50.0
txn_f4c9b5d2,46136.0,30,MEDIUM,TEMPORARY_PAYMENT_FAILURE,SMART_RETRY,Base action selected for TEMPORARY_PAYMENT_FAILURE,34602.0,0.75,5,False,[],,85.0
txn_d4a99edd,10658.0,30,MEDIUM,SUBSCRIPTION_PAYMENT_FAILURE,MANDATE_RETRY,Base action selected for SUBSCRIPTION_PAYMENT_FAILURE,5861.9,0.55,5,False,[],,65.0
txn_6cfacb7c,39694.0,35,MEDIUM,CHECKOUT_ABANDONMENT,PAYMENT_REMINDER,Base action selected for CHECKOUT_ABANDONMENT,13892.9,0.35,2,False,[],,25.0
txn_2187886d,45734.0,55,MEDIUM,OVERDUE_RECEIVABLE,HUMAN_APPROVAL,Invoice is severely overdue (67 days). Requires human approval.,22867.0,0.5,0,True,"[""OVERDUE_SEVERE""]",,40.0
txn_e35c9dc2,27826.0,55,MEDIUM,OVERDUE_RECEIVABLE,HUMAN_APPROVAL,Invoice is severely overdue (61 days). Requires human approval.,13913.0,0.5,0,True,"[""OVERDUE_SEVERE""]",,40.0
txn_72b00f04,12047.0,30,MEDIUM,PAYMENT_METHOD_FAILURE,PAYMENT_REMINDER,Base action selected for PAYMENT_METHOD_FAILURE,4818.8,0.4,2,False,[],,40.0
txn_a2efb289,42372.0,30,MEDIUM,PAYMENT_INFRASTRUCTURE_FAILURE,SMART_RETRY,Base action selected for PAYMENT_INFRASTRUCTURE_FAILURE,29660.4,0.7,5,False,[],,80.0
txn_4e78c10d,12985.0,30,MEDIUM,INSUFFICIENT_FUNDS,PAYMENT_REMINDER,Base action selected for INSUFFICIENT_FUNDS,3895.5,0.3,2,False,[],,40.0
txn_93969a40,38275.0,30,MEDIUM,PAYMENT_INFRASTRUCTURE_FAILURE,SMART_RETRY,Base action selected for PAYMENT_INFRASTRUCTURE_FAILURE,26792.5,0.7,5,False,[],,70.0
txn_9c921159,8561.0,45,MEDIUM,OVERDUE_RECEIVABLE,RECEIVABLES_ESCALATION,Invoice is 29 days overdue (escalation stage),4280.5,0.5,50,False,"[""OVERDUE_ESCALATION""]",,60.0
txn_ebe1ab92,36639.0,45,MEDIUM,OVERDUE_RECEIVABLE,HUMAN_APPROVAL,Invoice is severely overdue (56 days). Requires human approval.,18319.5,0.5,0,True,"[""OVERDUE_SEVERE""]",,50.0
txn_c13c657e,23042.0,30,MEDIUM,OTHER_REVENUE_RISK,PAYMENT_REMINDER,Base action selected for OTHER_REVENUE_RISK,4608.4,0.2,2,False,[],,30.0
txn_27f211f0,2809.0,45,MEDIUM,OVERDUE_RECEIVABLE,HUMAN_APPROVAL,Invoice is severely overdue (72 days). Requires human approval.,1404.5,0.5,0,True,"[""OVERDUE_SEVERE""]",,50.0
txn_73134c9a,24214.0,35,MEDIUM,CHECKOUT_ABANDONMENT,PAYMENT_REMINDER,Base action selected for CHECKOUT_ABANDONMENT,8474.9,0.35,2,False,[],,35.0
txn_bff93e58,29309.0,40,MEDIUM,SUBSCRIPTION_PAYMENT_FAILURE,MANDATE_RETRY,Base action selected for SUBSCRIPTION_PAYMENT_FAILURE,16119.95,0.55,5,False,[],,55.00000000000001
txn_c8ee8133,13715.0,45,MEDIUM,OVERDUE_RECEIVABLE,HUMAN_APPROVAL,Invoice is severely overdue (62 days). Requires human approval.,6857.5,0.5,0,True,"[""OVERDUE_SEVERE""]",,50.0
txn_c3374b1e,45169.0,30,MEDIUM,OTHER_REVENUE_RISK,PAYMENT_REMINDER,Base action selected for OTHER_REVENUE_RISK,9033.8,0.2,2,False,[],,20.0
txn_aadd443a,27248.0,30,MEDIUM,TEMPORARY_PAYMENT_FAILURE,SMART_RETRY,Base action selected for TEMPORARY_PAYMENT_FAILURE,20436.0,0.75,5,False,[],,85.0
txn_cfc426f9,5017.0,35,MEDIUM,OVERDUE_RECEIVABLE,PAYMENT_REMINDER,Invoice is 4 days overdue (early stage),2508.5,0.5,2,False,"[""OVERDUE_EARLY""]",,60.0
txn_80154065,30104.0,40,MEDIUM,TEMPORARY_PAYMENT_FAILURE,SMART_RETRY,Base action selected for TEMPORARY_PAYMENT_FAILURE,22578.0,0.75,5,False,[],,65.0
txn_bf9c02c2,22890.0,55,MEDIUM,OVERDUE_RECEIVABLE,RECEIVABLES_ESCALATION,Invoice is 28 days overdue (escalation stage),11445.0,0.5,50,False,"[""OVERDUE_ESCALATION""]",,40.0
txn_2d79ab37,17721.0,50,MEDIUM,TEMPORARY_PAYMENT_FAILURE,SMART_RETRY,Base action selected for TEMPORARY_PAYMENT_FAILURE,13290.75,0.75,5,False,[],,65.0
txn_5b8bc4b5,9841.0,25,LOW,CHECKOUT_ABANDONMENT,PAYMENT_REMINDER,Base action selected for CHECKOUT_ABANDONMENT,3444.35,0.35,2,False,[],,35.0
txn_9f7132e2,41083.0,30,MEDIUM,AUTHENTICATION_FAILURE,PAYMENT_REMINDER,Base action selected for AUTHENTICATION_FAILURE,18487.35,0.45,2,False,[],,55.0
txn_fb3ad212,45899.0,30,MEDIUM,PAYMENT_METHOD_FAILURE,PAYMENT_REMINDER,Base action selected for PAYMENT_METHOD_FAILURE,18359.6,0.4,2,False,[],,50.0
txn_d58cda66,29952.0,30,MEDIUM,PAYMENT_INFRASTRUCTURE_FAILURE,SMART_RETRY,Base action selected for PAYMENT_INFRASTRUCTURE_FAILURE,20966.4,0.7,5,False,[],,70.0
txn_bf67fcf0,9997.0,25,LOW,CHECKOUT_ABANDONMENT,PAYMENT_REMINDER,Base action selected for CHECKOUT_ABANDONMENT,3498.95,0.35,2,False,[],,35.0
txn_885a4569,36947.0,55,MEDIUM,OVERDUE_RECEIVABLE,HUMAN_APPROVAL,Invoice is severely overdue (54 days). Requires human approval.,18473.5,0.5,0,True,"[""OVERDUE_SEVERE""]",,60.0
txn_5a304b7f,32424.0,30,MEDIUM,TEMPORARY_PAYMENT_FAILURE,SMART_RETRY,Base action selected for TEMPORARY_PAYMENT_FAILURE,24318.0,0.75,5,False,[],,85.0
txn_ad2ce334,33179.0,45,MEDIUM,CHECKOUT_ABANDONMENT,PAYMENT_REMINDER,Base action selected for CHECKOUT_ABANDONMENT,11612.65,0.35,2,False,[],,25.0
txn_91898e72,31441.0,45,MEDIUM,OVERDUE_RECEIVABLE,HUMAN_APPROVAL,Invoice is severely overdue (56 days). Requires human approval.,15720.5,0.5,0,True,"[""OVERDUE_SEVERE""]",,60.0
txn_78fc1f75,48453.0,35,MEDIUM,OVERDUE_RECEIVABLE,RECEIVABLES_ESCALATION,Invoice is 14 days overdue (escalation stage),24226.5,0.5,50,False,"[""OVERDUE_ESCALATION""]",,50.0
txn_59ada676,32461.0,30,MEDIUM,PAYMENT_METHOD_FAILURE,PAYMENT_REMINDER,Base action selected for PAYMENT_METHOD_FAILURE,12984.4,0.4,2,False,[],,50.0
txn_ae3068ea,1788.0,25,LOW,CHECKOUT_ABANDONMENT,PAYMENT_REMINDER,Base action selected for CHECKOUT_ABANDONMENT,625.8,0.35,2,False,[],,45.0
txn_49c96691,461.0,30,MEDIUM,PAYMENT_METHOD_FAILURE,PAYMENT_REMINDER,Base action selected for PAYMENT_METHOD_FAILURE,184.4,0.4,2,False,[],,50.0
txn_f350c576,2564.0,45,MEDIUM,OVERDUE_RECEIVABLE,RECEIVABLES_ESCALATION,Invoice is 22 days overdue (escalation stage),1282.0,0.5,50,False,"[""OVERDUE_ESCALATION""]",,50.0
txn_14ff4384,37857.0,45,MEDIUM,OVERDUE_RECEIVABLE,RECEIVABLES_ESCALATION,Invoice is 28 days overdue (escalation stage),18928.5,0.5,50,False,"[""OVERDUE_ESCALATION""]",,60.0
txn_7ad10c4b,43984.0,35,MEDIUM,CHECKOUT_ABANDONMENT,PAYMENT_REMINDER,Base action selected for CHECKOUT_ABANDONMENT,15394.4,0.35,2,False,[],,25.0
txn_aa32a562,42955.0,30,MEDIUM,PAYMENT_METHOD_FAILURE,PAYMENT_REMINDER,Base action selected for PAYMENT_METHOD_FAILURE,17182.0,0.4,2,False,[],,50.0
txn_1e171fba,19459.0,25,LOW,CHECKOUT_ABANDONMENT,PAYMENT_REMINDER,Base action selected for CHECKOUT_ABANDONMENT,6810.65,0.35,2,False,[],,35.0
txn_013badb7,32339.0,45,MEDIUM,CHECKOUT_ABANDONMENT,PAYMENT_REMINDER,Base action selected for CHECKOUT_ABANDONMENT,11318.65,0.35,2,False,[],,25.0
txn_295b2d6e,23727.0,25,LOW,CHECKOUT_ABANDONMENT,PAYMENT_REMINDER,Base action selected for CHECKOUT_ABANDONMENT,8304.45,0.35,2,False,[],,45.0
txn_47acd6fb,41253.0,65,HIGH,OVERDUE_RECEIVABLE,HUMAN_APPROVAL,Invoice is severely overdue (85 days). Requires human approval.,20626.5,0.5,0,True,"[""OVERDUE_SEVERE""]",,40.0
txn_a761684f,18263.0,45,MEDIUM,OVERDUE_RECEIVABLE,HUMAN_APPROVAL,Invoice is severely overdue (41 days). Requires human approval.,9131.5,0.5,0,True,"[""OVERDUE_SEVERE""]",,60.0
txn_0441a1be,20318.0,25,LOW,CHECKOUT_ABANDONMENT,PAYMENT_REMINDER,Base action selected for CHECKOUT_ABANDONMENT,7111.3,0.35,2,False,[],,45.0
txn_3a54e5f2,42722.0,40,MEDIUM,AUTHENTICATION_FAILURE,PAYMENT_REMINDER,Base action selected for AUTHENTICATION_FAILURE,19224.9,0.45,2,False,[],,35.0
txn_7568a7fb,20985.0,65,HIGH,OVERDUE_RECEIVABLE,HUMAN_APPROVAL,Invoice is severely overdue (62 days). Requires human approval.,10492.5,0.5,0,True,"[""OVERDUE_SEVERE""]",,40.0
txn_3cd3f0ce,17429.0,45,MEDIUM,OVERDUE_RECEIVABLE,HUMAN_APPROVAL,Invoice is severely overdue (84 days). Requires human approval.,8714.5,0.5,0,True,"[""OVERDUE_SEVERE""]",,50.0
txn_24be13cf,48896.0,30,MEDIUM,AUTHENTICATION_FAILURE,PAYMENT_REMINDER,Base action selected for AUTHENTICATION_FAILURE,22003.2,0.45,2,False,[],,45.0
txn_a3651e1c,39124.0,25,LOW,CHECKOUT_ABANDONMENT,PAYMENT_REMINDER,Base action selected for CHECKOUT_ABANDONMENT,13693.4,0.35,2,False,[],,45.0
txn_1f4c63d6,36594.0,30,MEDIUM,AUTHENTICATION_FAILURE,PAYMENT_REMINDER,Base action selected for AUTHENTICATION_FAILURE,16467.3,0.45,2,False,[],,55.0
txn_4bfee729,23774.0,50,MEDIUM,INSUFFICIENT_FUNDS,PAYMENT_REMINDER,Base action selected for INSUFFICIENT_FUNDS,7132.2,0.3,2,False,[],,20.0
txn_e6172901,46494.0,50,MEDIUM,TEMPORARY_PAYMENT_FAILURE,SMART_RETRY,Base action selected for TEMPORARY_PAYMENT_FAILURE,34870.5,0.75,5,False,[],,65.0
txn_61274a97,35293.0,25,LOW,CHECKOUT_ABANDONMENT,PAYMENT_REMINDER,Base action selected for CHECKOUT_ABANDONMENT,12352.55,0.35,2,False,[],,45.0
txn_5be3a6c3,33012.0,30,MEDIUM,PAYMENT_METHOD_FAILURE,PAYMENT_REMINDER,Base action selected for PAYMENT_METHOD_FAILURE,13204.8,0.4,2,False,[],,40.0
txn_391ca9ad,27861.0,55,MEDIUM,OVERDUE_RECEIVABLE,HUMAN_APPROVAL,Invoice is severely overdue (57 days). Requires human approval.,13930.5,0.5,0,True,"[""OVERDUE_SEVERE""]",,60.0
txn_8bd548bb,10017.0,45,MEDIUM,OVERDUE_RECEIVABLE,HUMAN_APPROVAL,Invoice is severely overdue (77 days). Requires human approval.,5008.5,0.5,0,True,"[""OVERDUE_SEVERE""]",,60.0
txn_21602b91,34040.0,45,MEDIUM,OVERDUE_RECEIVABLE,RECEIVABLES_ESCALATION,Invoice is 24 days overdue (escalation stage),17020.0,0.5,50,False,"[""OVERDUE_ESCALATION""]",,60.0
txn_5add9136,19780.0,65,HIGH,OVERDUE_RECEIVABLE,HUMAN_APPROVAL,Invoice is severely overdue (86 days). Requires human approval.,9890.0,0.5,0,True,"[""OVERDUE_SEVERE""]",,40.0
txn_668ab822,12813.0,45,MEDIUM,OVERDUE_RECEIVABLE,RECEIVABLES_ESCALATION,Invoice is 17 days overdue (escalation stage),6406.5,0.5,50,False,"[""OVERDUE_ESCALATION""]",,50.0
txn_88315ca3,33040.0,30,MEDIUM,PAYMENT_METHOD_FAILURE,PAYMENT_REMINDER,Base action selected for PAYMENT_METHOD_FAILURE,13216.0,0.4,2,False,[],,50.0
txn_c62c2b5a,2118.0,45,MEDIUM,OVERDUE_RECEIVABLE,PAYMENT_REMINDER,Invoice is 1 days overdue (early stage),1059.0,0.5,2,False,"[""OVERDUE_EARLY""]",,40.0
txn_151b57e6,18070.0,25,LOW,CHECKOUT_ABANDONMENT,PAYMENT_REMINDER,Base action selected for CHECKOUT_ABANDONMENT,6324.5,0.35,2,False,[],,45.0
txn_8e873aa5,7162.0,30,MEDIUM,PAYMENT_INFRASTRUCTURE_FAILURE,SMART_RETRY,Base action selected for PAYMENT_INFRASTRUCTURE_FAILURE,5013.4,0.7,5,False,[],,80.0
txn_82d2adca,32402.0,45,MEDIUM,OVERDUE_RECEIVABLE,RECEIVABLES_ESCALATION,Invoice is 27 days overdue (escalation stage),16201.0,0.5,50,False,"[""OVERDUE_ESCALATION""]",,60.0
txn_cb26604b,36838.0,55,MEDIUM,OVERDUE_RECEIVABLE,HUMAN_APPROVAL,Invoice is severely overdue (70 days). Requires human approval.,18419.0,0.5,0,True,"[""OVERDUE_SEVERE""]",,60.0
txn_1a954bc9,41025.0,50,MEDIUM,PAYMENT_METHOD_FAILURE,PAYMENT_REMINDER,Base action selected for PAYMENT_METHOD_FAILURE,16410.0,0.4,2,False,[],,30.0
txn_079825d9,39821.0,55,MEDIUM,OVERDUE_RECEIVABLE,HUMAN_APPROVAL,Invoice is severely overdue (34 days). Requires human approval.,19910.5,0.5,0,True,"[""OVERDUE_SEVERE""]",,60.0
txn_1692b980,46596.0,30,MEDIUM,TEMPORARY_PAYMENT_FAILURE,SMART_RETRY,Base action selected for TEMPORARY_PAYMENT_FAILURE,34947.0,0.75,5,False,[],,85.0
txn_c434455a,7253.0,40,MEDIUM,OTHER_REVENUE_RISK,PAYMENT_REMINDER,Base action selected for OTHER_REVENUE_RISK,1450.6,0.2,2,False,[],,10
txn_1d80f329,8040.0,30,MEDIUM,PAYMENT_METHOD_FAILURE,PAYMENT_REMINDER,Base action selected for PAYMENT_METHOD_FAILURE,3216.0,0.4,2,False,[],,50.0
txn_2b1a7ac0,27161.0,35,MEDIUM,CHECKOUT_ABANDONMENT,PAYMENT_REMINDER,Base action selected for CHECKOUT_ABANDONMENT,9506.35,0.35,2,False,[],,25.0
txn_b4702d4b,47902.0,25,LOW,CHECKOUT_ABANDONMENT,PAYMENT_REMINDER,Base action selected for CHECKOUT_ABANDONMENT,16765.7,0.35,2,False,[],,45.0
txn_badbcaf5,5610.0,25,LOW,CHECKOUT_ABANDONMENT,PAYMENT_REMINDER,Base action selected for CHECKOUT_ABANDONMENT,1963.5,0.35,2,False,[],,45.0
txn_9e9860d0,24220.0,45,MEDIUM,OVERDUE_RECEIVABLE,RECEIVABLES_ESCALATION,Invoice is 22 days overdue (escalation stage),12110.0,0.5,50,False,"[""OVERDUE_ESCALATION""]",,50.0
txn_120e5819,9642.0,30,MEDIUM,INSUFFICIENT_FUNDS,PAYMENT_REMINDER,Base action selected for INSUFFICIENT_FUNDS,2892.6,0.3,2,False,[],,40.0
txn_aabb3def,14985.0,30,MEDIUM,PAYMENT_METHOD_FAILURE,PAYMENT_REMINDER,Base action selected for PAYMENT_METHOD_FAILURE,5994.0,0.4,2,False,[],,50.0
txn_bc6bb141,44465.0,40,MEDIUM,INSUFFICIENT_FUNDS,PAYMENT_REMINDER,Base action selected for INSUFFICIENT_FUNDS,13339.5,0.3,2,False,[],,30.0
txn_de9d801e,40609.0,35,MEDIUM,CHECKOUT_ABANDONMENT,PAYMENT_REMINDER,Base action selected for CHECKOUT_ABANDONMENT,14213.15,0.35,2,False,[],,35.0
txn_dcda5a11,638.0,25,LOW,CHECKOUT_ABANDONMENT,PAYMENT_REMINDER,Base action selected for CHECKOUT_ABANDONMENT,223.3,0.35,2,False,[],,35.0
txn_92452234,48508.0,55,MEDIUM,OVERDUE_RECEIVABLE,HUMAN_APPROVAL,Invoice is severely overdue (80 days). Requires human approval.,24254.0,0.5,0,True,"[""OVERDUE_SEVERE""]",,50.0
txn_8eb7d495,26357.0,35,MEDIUM,OVERDUE_RECEIVABLE,PAYMENT_REMINDER,Invoice is 2 days overdue (early stage),13178.5,0.5,2,False,"[""OVERDUE_EARLY""]",,50.0
txn_d699682c,42345.0,40,MEDIUM,INSUFFICIENT_FUNDS,PAYMENT_REMINDER,Base action selected for INSUFFICIENT_FUNDS,12703.5,0.3,2,False,[],,30.0
txn_1bbcfc92,39236.0,40,MEDIUM,SUBSCRIPTION_PAYMENT_FAILURE,MANDATE_RETRY,Base action selected for SUBSCRIPTION_PAYMENT_FAILURE,21579.8,0.55,5,False,[],,65.0
txn_f338fb57,6937.0,45,MEDIUM,OVERDUE_RECEIVABLE,RECEIVABLES_ESCALATION,Invoice is 20 days overdue (escalation stage),3468.5,0.5,50,False,"[""OVERDUE_ESCALATION""]",,60.0
txn_57811af8,21498.0,30,MEDIUM,AUTHENTICATION_FAILURE,PAYMENT_REMINDER,Base action selected for AUTHENTICATION_FAILURE,9674.1,0.45,2,False,[],,45.0
txn_c5857875,49861.0,45,MEDIUM,OVERDUE_RECEIVABLE,HUMAN_APPROVAL,Invoice is severely overdue (35 days). Requires human approval.,24930.5,0.5,0,True,"[""OVERDUE_SEVERE""]",,50.0
txn_6c461dcf,45094.0,50,MEDIUM,OTHER_REVENUE_RISK,PAYMENT_REMINDER,Base action selected for OTHER_REVENUE_RISK,9018.8,0.2,2,False,[],,10
txn_c7c1ffb7,40871.0,25,LOW,CHECKOUT_ABANDONMENT,PAYMENT_REMINDER,Base action selected for CHECKOUT_ABANDONMENT,14304.85,0.35,2,False,[],,45.0
txn_1f4f2b18,8397.0,30,MEDIUM,AUTHENTICATION_FAILURE,PAYMENT_REMINDER,Base action selected for AUTHENTICATION_FAILURE,3778.65,0.45,2,False,[],,55.0
txn_7c5fd474,11283.0,55,MEDIUM,OVERDUE_RECEIVABLE,PAYMENT_REMINDER,Invoice is 5 days overdue (early stage),5641.5,0.5,2,False,"[""OVERDUE_EARLY""]",,40.0
txn_ce9f401b,37886.0,25,LOW,CHECKOUT_ABANDONMENT,PAYMENT_REMINDER,Base action selected for CHECKOUT_ABANDONMENT,13260.1,0.35,2,False,[],,45.0
txn_f263eb3e,39254.0,55,MEDIUM,OVERDUE_RECEIVABLE,HUMAN_APPROVAL,Invoice is severely overdue (43 days). Requires human approval.,19627.0,0.5,0,True,"[""OVERDUE_SEVERE""]",,50.0
txn_c3c3ef71,2261.0,40,MEDIUM,AUTHENTICATION_FAILURE,PAYMENT_REMINDER,Base action selected for AUTHENTICATION_FAILURE,1017.45,0.45,2,False,[],,35.0
txn_1b28c878,4874.0,50,MEDIUM,PAYMENT_METHOD_FAILURE,PAYMENT_REMINDER,Base action selected for PAYMENT_METHOD_FAILURE,1949.6,0.4,2,False,[],,30.0
txn_728aea69,39875.0,45,MEDIUM,OVERDUE_RECEIVABLE,RECEIVABLES_ESCALATION,Invoice is 19 days overdue (escalation stage),19937.5,0.5,50,False,"[""OVERDUE_ESCALATION""]",,50.0
