transaction_id,revenue_at_risk,risk_score,risk_level,root_cause,risk_factors,recommended_recovery_window
txn_8a8dab2f,1739.0,50,MEDIUM,PAYMENT_METHOD_FAILURE,"[""Payment failed"", ""Customer has 5 previous failed payments"", ""Customer lifetime value is >= 100,000""]",1-4 hours
txn_dcd95042,45853.0,25,LOW,CHECKOUT_ABANDONMENT,"[""Checkout was abandoned""]",30-60 minutes
txn_f7497309,42569.0,55,MEDIUM,OVERDUE_RECEIVABLE,"[""Invoice is overdue"", ""Customer has 4 previous failed payments"", ""Customer lifetime value is >= 100,000""]",1-3 days
txn_bb285925,36600.0,30,MEDIUM,OTHER_REVENUE_RISK,"[""Payment failed""]",24 hours
txn_98900110,34776.0,55,MEDIUM,OVERDUE_RECEIVABLE,"[""Invoice is overdue"", ""Customer has 5 previous failed payments"", ""Invoice is 33 days overdue""]",1-3 days
txn_6a8625b7,7410.0,30,MEDIUM,AUTHENTICATION_FAILURE,"[""Payment failed""]",1-4 hours
txn_79a74ce8,41974.0,30,MEDIUM,PAYMENT_METHOD_FAILURE,"[""Payment failed""]",1-4 hours
txn_bbf7152e,20253.0,45,MEDIUM,OVERDUE_RECEIVABLE,"[""Invoice is overdue"", ""Invoice is 31 days overdue""]",1-3 days
txn_d8af1b58,37862.0,45,MEDIUM,OVERDUE_RECEIVABLE,"[""Invoice is overdue"", ""Invoice is 61 days overdue""]",1-3 days
txn_048cd823,36166.0,45,MEDIUM,OVERDUE_RECEIVABLE,"[""Invoice is overdue"", ""Customer lifetime value is >= 100,000""]",1-3 days
txn_935d2bf0,29919.0,35,MEDIUM,CHECKOUT_ABANDONMENT,"[""Checkout was abandoned"", ""Customer has 3 previous failed payments""]",30-60 minutes
txn_34dd1b1f,38057.0,45,MEDIUM,OVERDUE_RECEIVABLE,"[""Invoice is overdue"", ""Invoice is 70 days overdue""]",1-3 days
txn_07150712,37434.0,55,MEDIUM,OVERDUE_RECEIVABLE,"[""Invoice is overdue"", ""Customer has 4 previous failed payments"", ""Invoice is 32 days overdue""]",1-3 days
txn_66e0e064,4608.0,55,MEDIUM,OVERDUE_RECEIVABLE,"[""Invoice is overdue"", ""Customer has 3 previous failed payments"", ""Invoice is 32 days overdue""]",1-3 days
txn_42faf4d0,26732.0,25,LOW,CHECKOUT_ABANDONMENT,"[""Checkout was abandoned""]",30-60 minutes
txn_aafbdedd,11802.0,45,MEDIUM,OVERDUE_RECEIVABLE,"[""Invoice is overdue"", ""Invoice is 75 days overdue""]",1-3 days
txn_43744cae,7678.0,45,MEDIUM,OVERDUE_RECEIVABLE,"[""Invoice is overdue"", ""Invoice is 50 days overdue""]",1-3 days
txn_64e25f0a,45113.0,35,MEDIUM,CHECKOUT_ABANDONMENT,"[""Checkout was abandoned"", ""Customer lifetime value is >= 100,000""]",30-60 minutes
txn_6642f1ed,49315.0,30,MEDIUM,AUTHENTICATION_FAILURE,"[""Payment failed""]",1-4 hours
txn_7beca169,43850.0,35,MEDIUM,CHECKOUT_ABANDONMENT,"[""Checkout was abandoned"", ""Customer lifetime value is >= 100,000""]",30-60 minutes
txn_9af30457,34263.0,35,MEDIUM,CHECKOUT_ABANDONMENT,"[""Checkout was abandoned"", ""Customer lifetime value is >= 100,000""]",30-60 minutes
txn_06ca14a3,45681.0,35,MEDIUM,CHECKOUT_ABANDONMENT,"[""Checkout was abandoned"", ""Customer has 3 previous failed payments""]",30-60 minutes
txn_cb9b8bb0,26597.0,30,MEDIUM,AUTHENTICATION_FAILURE,"[""Payment failed""]",1-4 hours
txn_62b4c684,8993.0,30,MEDIUM,PAYMENT_METHOD_FAILURE,"[""Payment failed""]",1-4 hours
txn_64d494c9,27727.0,45,MEDIUM,OVERDUE_RECEIVABLE,"[""Invoice is overdue"", ""Invoice is 33 days overdue""]",1-3 days
txn_0c4b7d35,42813.0,30,MEDIUM,TEMPORARY_PAYMENT_FAILURE,"[""Payment failed""]",15-30 minutes
txn_71218d30,37060.0,30,MEDIUM,AUTHENTICATION_FAILURE,"[""Payment failed""]",1-4 hours
txn_4ca093a9,37188.0,25,LOW,CHECKOUT_ABANDONMENT,"[""Checkout was abandoned""]",30-60 minutes
txn_d99404ea,5779.0,55,MEDIUM,OVERDUE_RECEIVABLE,"[""Invoice is overdue"", ""Customer has 3 previous failed payments"", ""Invoice is 36 days overdue""]",1-3 days
txn_3daa28a3,32119.0,40,MEDIUM,OTHER_REVENUE_RISK,"[""Payment failed"", ""Customer has 3 previous failed payments""]",24 hours
txn_7ec86ce3,17854.0,30,MEDIUM,INSUFFICIENT_FUNDS,"[""Payment failed""]",24-48 hours
txn_9f260208,41903.0,45,MEDIUM,OVERDUE_RECEIVABLE,"[""Invoice is overdue"", ""Invoice is 63 days overdue""]",1-3 days
txn_9b9c144c,13064.0,30,MEDIUM,TEMPORARY_PAYMENT_FAILURE,"[""Payment failed""]",15-30 minutes
txn_b0076ee8,37403.0,50,MEDIUM,AUTHENTICATION_FAILURE,"[""Payment failed"", ""Customer has 5 previous failed payments"", ""Customer lifetime value is >= 100,000""]",1-4 hours
txn_baefac09,44158.0,45,MEDIUM,OVERDUE_RECEIVABLE,"[""Invoice is overdue"", ""Invoice is 35 days overdue""]",1-3 days
txn_9cb5ef21,28666.0,55,MEDIUM,OVERDUE_RECEIVABLE,"[""Invoice is overdue"", ""Customer has 3 previous failed payments"", ""Invoice is 82 days overdue""]",1-3 days
txn_984f6acd,21714.0,55,MEDIUM,OVERDUE_RECEIVABLE,"[""Invoice is overdue"", ""Customer has 3 previous failed payments"", ""Invoice is 53 days overdue""]",1-3 days
txn_6dd3fbf5,30341.0,45,MEDIUM,OVERDUE_RECEIVABLE,"[""Invoice is overdue"", ""Invoice is 16 days overdue""]",1-3 days
txn_13972121,32189.0,55,MEDIUM,OVERDUE_RECEIVABLE,"[""Invoice is overdue"", ""Invoice is 20 days overdue"", ""Customer lifetime value is >= 100,000""]",1-3 days
txn_160acd62,12463.0,55,MEDIUM,OVERDUE_RECEIVABLE,"[""Invoice is overdue"", ""Invoice is 90 days overdue"", ""Customer lifetime value is >= 100,000""]",1-3 days
txn_fc270b73,25402.0,35,MEDIUM,CHECKOUT_ABANDONMENT,"[""Checkout was abandoned"", ""Customer has 3 previous failed payments""]",30-60 minutes
txn_dd2ed926,41177.0,55,MEDIUM,OVERDUE_RECEIVABLE,"[""Invoice is overdue"", ""Customer has 4 previous failed payments"", ""Invoice is 63 days overdue""]",1-3 days
txn_8504cb91,28540.0,30,MEDIUM,OTHER_REVENUE_RISK,"[""Payment failed""]",24 hours
txn_419a832e,19326.0,25,LOW,CHECKOUT_ABANDONMENT,"[""Checkout was abandoned""]",30-60 minutes
txn_71ce2339,11900.0,50,MEDIUM,PAYMENT_METHOD_FAILURE,"[""Payment failed"", ""Customer has 4 previous failed payments"", ""Customer lifetime value is >= 100,000""]",1-4 hours
txn_fc1f5cf9,38607.0,55,MEDIUM,OVERDUE_RECEIVABLE,"[""Invoice is overdue"", ""Customer has 3 previous failed payments"", ""Invoice is 39 days overdue""]",1-3 days
txn_e84d2ae0,3314.0,30,MEDIUM,INSUFFICIENT_FUNDS,"[""Payment failed""]",24-48 hours
txn_47dbae94,31678.0,25,LOW,CHECKOUT_ABANDONMENT,"[""Checkout was abandoned""]",30-60 minutes
txn_6be33f06,44423.0,55,MEDIUM,OVERDUE_RECEIVABLE,"[""Invoice is overdue"", ""Invoice is 87 days overdue"", ""Customer lifetime value is >= 100,000""]",1-3 days
txn_cffa3179,14607.0,65,HIGH,OVERDUE_RECEIVABLE,"[""Invoice is overdue"", ""Customer has 5 previous failed payments"", ""Invoice is 83 days overdue"", ""Customer lifetime value is >= 100,000""]",1-3 days
txn_f2d30c92,20046.0,45,MEDIUM,OVERDUE_RECEIVABLE,"[""Invoice is overdue"", ""Invoice is 64 days overdue""]",1-3 days
txn_388d6f21,45744.0,55,MEDIUM,OVERDUE_RECEIVABLE,"[""Invoice is overdue"", ""Customer has 3 previous failed payments"", ""Invoice is 70 days overdue""]",1-3 days
txn_06784a36,23606.0,35,MEDIUM,OVERDUE_RECEIVABLE,"[""Invoice is overdue""]",1-3 days
txn_3bda5506,26231.0,35,MEDIUM,CHECKOUT_ABANDONMENT,"[""Checkout was abandoned"", ""Customer lifetime value is >= 100,000""]",30-60 minutes
txn_c1aa6210,39448.0,45,MEDIUM,OVERDUE_RECEIVABLE,"[""Invoice is overdue"", ""Invoice is 40 days overdue""]",1-3 days
txn_1c710188,24188.0,35,MEDIUM,CHECKOUT_ABANDONMENT,"[""Checkout was abandoned"", ""Customer lifetime value is >= 100,000""]",30-60 minutes
txn_4f7cc4d6,36586.0,40,MEDIUM,PAYMENT_INFRASTRUCTURE_FAILURE,"[""Payment failed"", ""Customer lifetime value is >= 100,000""]",15-30 minutes
txn_4faa80c7,44269.0,50,MEDIUM,INSUFFICIENT_FUNDS,"[""Payment failed"", ""Customer has 3 previous failed payments"", ""Customer lifetime value is >= 100,000""]",24-48 hours
txn_c5280dd0,3690.0,35,MEDIUM,OVERDUE_RECEIVABLE,"[""Invoice is overdue""]",1-3 days
txn_692ec567,11614.0,50,MEDIUM,AUTHENTICATION_FAILURE,"[""Payment failed"", ""Customer has 4 previous failed payments"", ""Customer lifetime value is >= 100,000""]",1-4 hours
txn_697777d0,49921.0,50,MEDIUM,PAYMENT_METHOD_FAILURE,"[""Payment failed"", ""Customer has 3 previous failed payments"", ""Customer lifetime value is >= 100,000""]",1-4 hours
txn_0c71e8e1,21281.0,45,MEDIUM,OVERDUE_RECEIVABLE,"[""Invoice is overdue"", ""Invoice is 81 days overdue""]",1-3 days
txn_c27a2d43,42818.0,45,MEDIUM,CHECKOUT_ABANDONMENT,"[""Checkout was abandoned"", ""Customer has 3 previous failed payments"", ""Customer lifetime value is >= 100,000""]",30-60 minutes
txn_a2886b61,23948.0,30,MEDIUM,INSUFFICIENT_FUNDS,"[""Payment failed""]",24-48 hours
txn_56433a5d,45019.0,65,HIGH,OVERDUE_RECEIVABLE,"[""Invoice is overdue"", ""Customer has 4 previous failed payments"", ""Invoice is 68 days overdue"", ""Customer lifetime value is >= 100,000""]",1-3 days
txn_65d64ce8,10948.0,50,MEDIUM,TEMPORARY_PAYMENT_FAILURE,"[""Payment failed"", ""Customer has 3 previous failed payments"", ""Customer lifetime value is >= 100,000""]",15-30 minutes
txn_3e0db38a,24670.0,45,MEDIUM,OVERDUE_RECEIVABLE,"[""Invoice is overdue"", ""Invoice is 29 days overdue""]",1-3 days
txn_fb422101,49831.0,25,LOW,CHECKOUT_ABANDONMENT,"[""Checkout was abandoned""]",30-60 minutes
txn_a9955022,36066.0,45,MEDIUM,CHECKOUT_ABANDONMENT,"[""Checkout was abandoned"", ""Customer has 4 previous failed payments"", ""Customer lifetime value is >= 100,000""]",30-60 minutes
txn_fd1af0ee,16723.0,35,MEDIUM,OVERDUE_RECEIVABLE,"[""Invoice is overdue""]",1-3 days
txn_7d18b011,30549.0,25,LOW,CHECKOUT_ABANDONMENT,"[""Checkout was abandoned""]",30-60 minutes
txn_e2c4b1ca,32619.0,45,MEDIUM,OVERDUE_RECEIVABLE,"[""Invoice is overdue"", ""Invoice is 89 days overdue""]",1-3 days
txn_4cc9c244,11926.0,45,MEDIUM,OVERDUE_RECEIVABLE,"[""Invoice is overdue"", ""Invoice is 70 days overdue""]",1-3 days
txn_d595244f,11021.0,50,MEDIUM,INSUFFICIENT_FUNDS,"[""Payment failed"", ""Customer has 4 previous failed payments"", ""Customer lifetime value is >= 100,000""]",24-48 hours
txn_bb081a33,23909.0,40,MEDIUM,TEMPORARY_PAYMENT_FAILURE,"[""Payment failed"", ""Customer lifetime value is >= 100,000""]",15-30 minutes
txn_9aea9687,7817.0,45,MEDIUM,OVERDUE_RECEIVABLE,"[""Invoice is overdue"", ""Invoice is 34 days overdue""]",1-3 days
txn_1b935245,1822.0,35,MEDIUM,CHECKOUT_ABANDONMENT,"[""Checkout was abandoned"", ""Customer lifetime value is >= 100,000""]",30-60 minutes
txn_3007e04a,4408.0,65,HIGH,OVERDUE_RECEIVABLE,"[""Invoice is overdue"", ""Customer has 4 previous failed payments"", ""Invoice is 40 days overdue"", ""Customer lifetime value is >= 100,000""]",1-3 days
txn_5ab3448e,42196.0,35,MEDIUM,OVERDUE_RECEIVABLE,"[""Invoice is overdue""]",1-3 days
txn_d535ae79,14876.0,55,MEDIUM,OVERDUE_RECEIVABLE,"[""Invoice is overdue"", ""Invoice is 45 days overdue"", ""Customer lifetime value is >= 100,000""]",1-3 days
txn_3115de50,40367.0,30,MEDIUM,PAYMENT_INFRASTRUCTURE_FAILURE,"[""Payment failed""]",15-30 minutes
txn_13e00459,2799.0,35,MEDIUM,OVERDUE_RECEIVABLE,"[""Invoice is overdue""]",1-3 days
txn_0a3252fb,42977.0,45,MEDIUM,OVERDUE_RECEIVABLE,"[""Invoice is overdue"", ""Invoice is 87 days overdue""]",1-3 days
txn_691e51a4,24082.0,25,LOW,CHECKOUT_ABANDONMENT,"[""Checkout was abandoned""]",30-60 minutes
txn_af37a9ef,36658.0,45,MEDIUM,OVERDUE_RECEIVABLE,"[""Invoice is overdue"", ""Invoice is 47 days overdue""]",1-3 days
txn_f0c75acd,48552.0,55,MEDIUM,OVERDUE_RECEIVABLE,"[""Invoice is overdue"", ""Customer has 3 previous failed payments"", ""Invoice is 39 days overdue""]",1-3 days
txn_7f85910b,27398.0,30,MEDIUM,SUBSCRIPTION_PAYMENT_FAILURE,"[""Payment failed""]",24-48 hours
txn_ffc6a46c,25016.0,30,MEDIUM,OTHER_REVENUE_RISK,"[""Payment failed""]",24 hours
txn_534a400d,47346.0,30,MEDIUM,PAYMENT_INFRASTRUCTURE_FAILURE,"[""Payment failed""]",15-30 minutes
txn_8f29273b,25956.0,45,MEDIUM,OVERDUE_RECEIVABLE,"[""Invoice is overdue"", ""Invoice is 45 days overdue""]",1-3 days
txn_f280de2f,439.0,45,MEDIUM,CHECKOUT_ABANDONMENT,"[""Checkout was abandoned"", ""Customer has 3 previous failed payments"", ""Customer lifetime value is >= 100,000""]",30-60 minutes
txn_4d2afa4d,18924.0,25,LOW,CHECKOUT_ABANDONMENT,"[""Checkout was abandoned""]",30-60 minutes
txn_0c0787d1,2544.0,45,MEDIUM,OVERDUE_RECEIVABLE,"[""Invoice is overdue"", ""Invoice is 23 days overdue""]",1-3 days
txn_05afec16,2555.0,45,MEDIUM,OVERDUE_RECEIVABLE,"[""Invoice is overdue"", ""Customer lifetime value is >= 100,000""]",1-3 days
txn_521b9712,1023.0,50,MEDIUM,INSUFFICIENT_FUNDS,"[""Payment failed"", ""Customer has 3 previous failed payments"", ""Customer lifetime value is >= 100,000""]",24-48 hours
txn_1004d7ec,5465.0,25,LOW,CHECKOUT_ABANDONMENT,"[""Checkout was abandoned""]",30-60 minutes
txn_fe7aa9a2,33227.0,35,MEDIUM,CHECKOUT_ABANDONMENT,"[""Checkout was abandoned"", ""Customer lifetime value is >= 100,000""]",30-60 minutes
txn_dd362afa,22891.0,30,MEDIUM,PAYMENT_METHOD_FAILURE,"[""Payment failed""]",1-4 hours
txn_c1c150ee,35780.0,30,MEDIUM,PAYMENT_INFRASTRUCTURE_FAILURE,"[""Payment failed""]",15-30 minutes
txn_ea90d431,7495.0,45,MEDIUM,OVERDUE_RECEIVABLE,"[""Invoice is overdue"", ""Customer has 4 previous failed payments""]",1-3 days
txn_8d3c60c0,31132.0,25,LOW,CHECKOUT_ABANDONMENT,"[""Checkout was abandoned""]",30-60 minutes
txn_8a42d6fa,6349.0,45,MEDIUM,OVERDUE_RECEIVABLE,"[""Invoice is overdue"", ""Invoice is 68 days overdue""]",1-3 days
txn_385e6861,21840.0,55,MEDIUM,OVERDUE_RECEIVABLE,"[""Invoice is overdue"", ""Customer has 5 previous failed payments"", ""Invoice is 50 days overdue""]",1-3 days
txn_d6a51586,29246.0,45,MEDIUM,OVERDUE_RECEIVABLE,"[""Invoice is overdue"", ""Invoice is 47 days overdue""]",1-3 days
txn_04c9ce72,32592.0,30,MEDIUM,AUTHENTICATION_FAILURE,"[""Payment failed""]",1-4 hours
txn_850613af,21696.0,25,LOW,CHECKOUT_ABANDONMENT,"[""Checkout was abandoned""]",30-60 minutes
txn_979d9e6b,46973.0,50,MEDIUM,AUTHENTICATION_FAILURE,"[""Payment failed"", ""Customer has 4 previous failed payments"", ""Customer lifetime value is >= 100,000""]",1-4 hours
txn_16384a9b,26289.0,30,MEDIUM,AUTHENTICATION_FAILURE,"[""Payment failed""]",1-4 hours
txn_197ad14e,14585.0,50,MEDIUM,INSUFFICIENT_FUNDS,"[""Payment failed"", ""Customer has 5 previous failed payments"", ""Customer lifetime value is >= 100,000""]",24-48 hours
txn_ba14579f,15294.0,45,MEDIUM,OVERDUE_RECEIVABLE,"[""Invoice is overdue"", ""Invoice is 52 days overdue""]",1-3 days
txn_55ed56a2,35285.0,25,LOW,CHECKOUT_ABANDONMENT,"[""Checkout was abandoned""]",30-60 minutes
txn_c3090150,34684.0,65,HIGH,OVERDUE_RECEIVABLE,"[""Invoice is overdue"", ""Customer has 4 previous failed payments"", ""Invoice is 82 days overdue"", ""Customer lifetime value is >= 100,000""]",1-3 days
txn_8bde2d0f,42387.0,30,MEDIUM,PAYMENT_INFRASTRUCTURE_FAILURE,"[""Payment failed""]",15-30 minutes
txn_f30039a4,728.0,45,MEDIUM,OVERDUE_RECEIVABLE,"[""Invoice is overdue"", ""Invoice is 63 days overdue""]",1-3 days
txn_489cef36,2826.0,45,MEDIUM,CHECKOUT_ABANDONMENT,"[""Checkout was abandoned"", ""Customer has 4 previous failed payments"", ""Customer lifetime value is >= 100,000""]",30-60 minutes
txn_ab7b0640,49340.0,35,MEDIUM,CHECKOUT_ABANDONMENT,"[""Checkout was abandoned"", ""Customer has 3 previous failed payments""]",30-60 minutes
txn_4c3375e7,7793.0,65,HIGH,OVERDUE_RECEIVABLE,"[""Invoice is overdue"", ""Customer has 5 previous failed payments"", ""Invoice is 31 days overdue"", ""Customer lifetime value is >= 100,000""]",1-3 days
txn_ad579f82,8415.0,45,MEDIUM,OVERDUE_RECEIVABLE,"[""Invoice is overdue"", ""Invoice is 90 days overdue""]",1-3 days
txn_aa21c455,45628.0,40,MEDIUM,AUTHENTICATION_FAILURE,"[""Payment failed"", ""Customer has 5 previous failed payments""]",1-4 hours
txn_890d9924,4250.0,30,MEDIUM,PAYMENT_METHOD_FAILURE,"[""Payment failed""]",1-4 hours
txn_bf469f77,10453.0,45,MEDIUM,OVERDUE_RECEIVABLE,"[""Invoice is overdue"", ""Invoice is 57 days overdue""]",1-3 days
txn_631aea35,49458.0,25,LOW,CHECKOUT_ABANDONMENT,"[""Checkout was abandoned""]",30-60 minutes
txn_f3e4f69a,10855.0,50,MEDIUM,INSUFFICIENT_FUNDS,"[""Payment failed"", ""Customer has 3 previous failed payments"", ""Customer lifetime value is >= 100,000""]",24-48 hours
txn_ffb1d0ab,38738.0,35,MEDIUM,CHECKOUT_ABANDONMENT,"[""Checkout was abandoned"", ""Customer has 3 previous failed payments""]",30-60 minutes
txn_9e1332d7,16363.0,40,MEDIUM,SUBSCRIPTION_PAYMENT_FAILURE,"[""Payment failed"", ""Customer lifetime value is >= 100,000""]",24-48 hours
txn_674e4727,23764.0,55,MEDIUM,OVERDUE_RECEIVABLE,"[""Invoice is overdue"", ""Customer has 3 previous failed payments"", ""Invoice is 41 days overdue""]",1-3 days
txn_7c0e27c2,32936.0,50,MEDIUM,AUTHENTICATION_FAILURE,"[""Payment failed"", ""Customer has 4 previous failed payments"", ""Customer lifetime value is >= 100,000""]",1-4 hours
txn_5c2cc24f,10282.0,45,MEDIUM,OVERDUE_RECEIVABLE,"[""Invoice is overdue"", ""Invoice is 69 days overdue""]",1-3 days
txn_89e3c56b,17090.0,25,LOW,CHECKOUT_ABANDONMENT,"[""Checkout was abandoned""]",30-60 minutes
txn_552832fb,2417.0,55,MEDIUM,OVERDUE_RECEIVABLE,"[""Invoice is overdue"", ""Invoice is 71 days overdue"", ""Customer lifetime value is >= 100,000""]",1-3 days
txn_96e53d46,18601.0,45,MEDIUM,OVERDUE_RECEIVABLE,"[""Invoice is overdue"", ""Invoice is 40 days overdue""]",1-3 days
txn_c7657d79,47758.0,25,LOW,CHECKOUT_ABANDONMENT,"[""Checkout was abandoned""]",30-60 minutes
txn_e383c406,9430.0,45,MEDIUM,OVERDUE_RECEIVABLE,"[""Invoice is overdue"", ""Invoice is 36 days overdue""]",1-3 days
txn_4c98f3a4,38419.0,25,LOW,CHECKOUT_ABANDONMENT,"[""Checkout was abandoned""]",30-60 minutes
txn_f42a73c6,20037.0,35,MEDIUM,CHECKOUT_ABANDONMENT,"[""Checkout was abandoned"", ""Customer lifetime value is >= 100,000""]",30-60 minutes
txn_0e035abe,23413.0,30,MEDIUM,PAYMENT_INFRASTRUCTURE_FAILURE,"[""Payment failed""]",15-30 minutes
txn_e35f4f33,24495.0,45,MEDIUM,CHECKOUT_ABANDONMENT,"[""Checkout was abandoned"", ""Customer has 4 previous failed payments"", ""Customer lifetime value is >= 100,000""]",30-60 minutes
txn_a614fb64,28487.0,45,MEDIUM,OVERDUE_RECEIVABLE,"[""Invoice is overdue"", ""Invoice is 51 days overdue""]",1-3 days
txn_33d26768,32358.0,45,MEDIUM,OVERDUE_RECEIVABLE,"[""Invoice is overdue"", ""Invoice is 70 days overdue""]",1-3 days
txn_bf5e0064,40320.0,30,MEDIUM,PAYMENT_METHOD_FAILURE,"[""Payment failed""]",1-4 hours
txn_5c0b265c,37290.0,55,MEDIUM,OVERDUE_RECEIVABLE,"[""Invoice is overdue"", ""Customer has 4 previous failed payments"", ""Customer lifetime value is >= 100,000""]",1-3 days
txn_fcd0299d,23069.0,40,MEDIUM,TEMPORARY_PAYMENT_FAILURE,"[""Payment failed"", ""Customer has 3 previous failed payments""]",15-30 minutes
txn_56c98af5,13185.0,30,MEDIUM,TEMPORARY_PAYMENT_FAILURE,"[""Payment failed""]",15-30 minutes
txn_2ef80602,31218.0,30,MEDIUM,AUTHENTICATION_FAILURE,"[""Payment failed""]",1-4 hours
txn_e8a8b5a8,9763.0,45,MEDIUM,OVERDUE_RECEIVABLE,"[""Invoice is overdue"", ""Invoice is 16 days overdue""]",1-3 days
txn_2233e9c3,7474.0,25,LOW,CHECKOUT_ABANDONMENT,"[""Checkout was abandoned""]",30-60 minutes
txn_d2064424,39747.0,30,MEDIUM,PAYMENT_METHOD_FAILURE,"[""Payment failed""]",1-4 hours
txn_bf2ab4aa,4400.0,45,MEDIUM,CHECKOUT_ABANDONMENT,"[""Checkout was abandoned"", ""Customer has 3 previous failed payments"", ""Customer lifetime value is >= 100,000""]",30-60 minutes
txn_73fac94f,31202.0,45,MEDIUM,OVERDUE_RECEIVABLE,"[""Invoice is overdue"", ""Invoice is 76 days overdue""]",1-3 days
txn_2fd8a584,42222.0,55,MEDIUM,OVERDUE_RECEIVABLE,"[""Invoice is overdue"", ""Customer has 3 previous failed payments"", ""Invoice is 36 days overdue""]",1-3 days
txn_5043801e,26127.0,25,LOW,CHECKOUT_ABANDONMENT,"[""Checkout was abandoned""]",30-60 minutes
txn_05ec0f20,40014.0,30,MEDIUM,INSUFFICIENT_FUNDS,"[""Payment failed""]",24-48 hours
txn_2e79950a,42794.0,30,MEDIUM,PAYMENT_METHOD_FAILURE,"[""Payment failed""]",1-4 hours
txn_7affae5a,14672.0,30,MEDIUM,SUBSCRIPTION_PAYMENT_FAILURE,"[""Payment failed""]",24-48 hours
txn_8a3969e8,36736.0,30,MEDIUM,OTHER_REVENUE_RISK,"[""Payment failed""]",24 hours
txn_a290cda9,24458.0,45,MEDIUM,OVERDUE_RECEIVABLE,"[""Invoice is overdue"", ""Invoice is 34 days overdue""]",1-3 days
txn_bbaa5a1e,4767.0,45,MEDIUM,OVERDUE_RECEIVABLE,"[""Invoice is overdue"", ""Invoice is 61 days overdue""]",1-3 days
txn_40a6490a,9102.0,55,MEDIUM,OVERDUE_RECEIVABLE,"[""Invoice is overdue"", ""Customer has 3 previous failed payments"", ""Invoice is 26 days overdue""]",1-3 days
txn_159ec580,14928.0,30,MEDIUM,INSUFFICIENT_FUNDS,"[""Payment failed""]",24-48 hours
txn_6164ae9f,26536.0,35,MEDIUM,OVERDUE_RECEIVABLE,"[""Invoice is overdue""]",1-3 days
txn_95bc68ae,1393.0,40,MEDIUM,OTHER_REVENUE_RISK,"[""Payment failed"", ""Customer has 3 previous failed payments""]",24 hours
txn_2f53ffca,18627.0,30,MEDIUM,TEMPORARY_PAYMENT_FAILURE,"[""Payment failed""]",15-30 minutes
txn_de6de02d,37727.0,45,MEDIUM,OVERDUE_RECEIVABLE,"[""Invoice is overdue"", ""Invoice is 86 days overdue""]",1-3 days
txn_d5bf26c1,28018.0,30,MEDIUM,TEMPORARY_PAYMENT_FAILURE,"[""Payment failed""]",15-30 minutes
txn_fa0915a6,40850.0,55,MEDIUM,OVERDUE_RECEIVABLE,"[""Invoice is overdue"", ""Invoice is 35 days overdue"", ""Customer lifetime value is >= 100,000""]",1-3 days
txn_e055dbf8,47762.0,40,MEDIUM,AUTHENTICATION_FAILURE,"[""Payment failed"", ""Customer has 3 previous failed payments""]",1-4 hours
txn_66ec5f14,16390.0,30,MEDIUM,INSUFFICIENT_FUNDS,"[""Payment failed""]",24-48 hours
txn_ebb58a9d,29399.0,45,MEDIUM,OVERDUE_RECEIVABLE,"[""Invoice is overdue"", ""Invoice is 41 days overdue""]",1-3 days
txn_24388ed4,39697.0,45,MEDIUM,CHECKOUT_ABANDONMENT,"[""Checkout was abandoned"", ""Customer has 4 previous failed payments"", ""Customer lifetime value is >= 100,000""]",30-60 minutes
txn_21353970,23912.0,35,MEDIUM,OVERDUE_RECEIVABLE,"[""Invoice is overdue""]",1-3 days
txn_8799ea4f,23908.0,40,MEDIUM,TEMPORARY_PAYMENT_FAILURE,"[""Payment failed"", ""Customer lifetime value is >= 100,000""]",15-30 minutes
txn_b545775a,12390.0,30,MEDIUM,AUTHENTICATION_FAILURE,"[""Payment failed""]",1-4 hours
txn_9991b882,8175.0,30,MEDIUM,AUTHENTICATION_FAILURE,"[""Payment failed""]",1-4 hours
txn_2f9d1e07,11713.0,45,MEDIUM,OVERDUE_RECEIVABLE,"[""Invoice is overdue"", ""Invoice is 89 days overdue""]",1-3 days
txn_5547b296,44164.0,30,MEDIUM,OTHER_REVENUE_RISK,"[""Payment failed""]",24 hours
txn_3f2fd752,25107.0,30,MEDIUM,AUTHENTICATION_FAILURE,"[""Payment failed""]",1-4 hours
txn_b50c50d6,46600.0,40,MEDIUM,PAYMENT_INFRASTRUCTURE_FAILURE,"[""Payment failed"", ""Customer lifetime value is >= 100,000""]",15-30 minutes
txn_53d25465,48274.0,55,MEDIUM,OVERDUE_RECEIVABLE,"[""Invoice is overdue"", ""Customer has 3 previous failed payments"", ""Invoice is 66 days overdue""]",1-3 days
txn_427d2738,469.0,25,LOW,CHECKOUT_ABANDONMENT,"[""Checkout was abandoned""]",30-60 minutes
txn_175a7a71,41084.0,45,MEDIUM,CHECKOUT_ABANDONMENT,"[""Checkout was abandoned"", ""Customer has 3 previous failed payments"", ""Customer lifetime value is >= 100,000""]",30-60 minutes
txn_66dab28d,43572.0,45,MEDIUM,OVERDUE_RECEIVABLE,"[""Invoice is overdue"", ""Invoice is 43 days overdue""]",1-3 days
txn_5854831a,7530.0,55,MEDIUM,OVERDUE_RECEIVABLE,"[""Invoice is overdue"", ""Invoice is 50 days overdue"", ""Customer lifetime value is >= 100,000""]",1-3 days
txn_81a9642e,48686.0,40,MEDIUM,SUBSCRIPTION_PAYMENT_FAILURE,"[""Payment failed"", ""Customer lifetime value is >= 100,000""]",24-48 hours
txn_4f0b3ce4,47675.0,40,MEDIUM,PAYMENT_METHOD_FAILURE,"[""Payment failed"", ""Customer lifetime value is >= 100,000""]",1-4 hours
txn_5a25ee93,38038.0,35,MEDIUM,CHECKOUT_ABANDONMENT,"[""Checkout was abandoned"", ""Customer lifetime value is >= 100,000""]",30-60 minutes
txn_1ab5bdfb,9840.0,40,MEDIUM,AUTHENTICATION_FAILURE,"[""Payment failed"", ""Customer lifetime value is >= 100,000""]",1-4 hours
txn_a689d51d,9681.0,30,MEDIUM,INSUFFICIENT_FUNDS,"[""Payment failed""]",24-48 hours
txn_4d517f25,5201.0,55,MEDIUM,OVERDUE_RECEIVABLE,"[""Invoice is overdue"", ""Customer has 3 previous failed payments"", ""Invoice is 67 days overdue""]",1-3 days
txn_27c1da75,39649.0,40,MEDIUM,OTHER_REVENUE_RISK,"[""Payment failed"", ""Customer has 3 previous failed payments""]",24 hours
txn_b91fb6fa,18664.0,55,MEDIUM,OVERDUE_RECEIVABLE,"[""Invoice is overdue"", ""Invoice is 77 days overdue"", ""Customer lifetime value is >= 100,000""]",1-3 days
txn_5fe93af4,26277.0,45,MEDIUM,OVERDUE_RECEIVABLE,"[""Invoice is overdue"", ""Invoice is 46 days overdue""]",1-3 days
txn_8cfea377,1892.0,55,MEDIUM,OVERDUE_RECEIVABLE,"[""Invoice is overdue"", ""Customer has 3 previous failed payments"", ""Invoice is 62 days overdue""]",1-3 days
txn_18c419db,33949.0,55,MEDIUM,OVERDUE_RECEIVABLE,"[""Invoice is overdue"", ""Invoice is 69 days overdue"", ""Customer lifetime value is >= 100,000""]",1-3 days
txn_9e6518f2,15491.0,30,MEDIUM,INSUFFICIENT_FUNDS,"[""Payment failed""]",24-48 hours
txn_bb4e8573,37751.0,45,MEDIUM,OVERDUE_RECEIVABLE,"[""Invoice is overdue"", ""Invoice is 36 days overdue""]",1-3 days
txn_1a17b909,45860.0,45,MEDIUM,OVERDUE_RECEIVABLE,"[""Invoice is overdue"", ""Invoice is 67 days overdue""]",1-3 days
txn_fb5cd781,17119.0,30,MEDIUM,PAYMENT_INFRASTRUCTURE_FAILURE,"[""Payment failed""]",15-30 minutes
txn_ec12a6d1,6645.0,30,MEDIUM,PAYMENT_METHOD_FAILURE,"[""Payment failed""]",1-4 hours
txn_2829dbf3,16989.0,45,MEDIUM,OVERDUE_RECEIVABLE,"[""Invoice is overdue"", ""Invoice is 45 days overdue""]",1-3 days
txn_4307cc4d,5347.0,30,MEDIUM,PAYMENT_METHOD_FAILURE,"[""Payment failed""]",1-4 hours
txn_a12570d1,15357.0,30,MEDIUM,PAYMENT_METHOD_FAILURE,"[""Payment failed""]",1-4 hours
txn_da17b5c3,2179.0,30,MEDIUM,TEMPORARY_PAYMENT_FAILURE,"[""Payment failed""]",15-30 minutes
txn_a024fb81,6257.0,40,MEDIUM,AUTHENTICATION_FAILURE,"[""Payment failed"", ""Customer lifetime value is >= 100,000""]",1-4 hours
txn_fd6190c6,49878.0,50,MEDIUM,TEMPORARY_PAYMENT_FAILURE,"[""Payment failed"", ""Customer has 5 previous failed payments"", ""Customer lifetime value is >= 100,000""]",15-30 minutes
txn_9eacae7f,18143.0,30,MEDIUM,TEMPORARY_PAYMENT_FAILURE,"[""Payment failed""]",15-30 minutes
txn_a66a9b95,40531.0,30,MEDIUM,PAYMENT_INFRASTRUCTURE_FAILURE,"[""Payment failed""]",15-30 minutes
txn_dc0bcace,34942.0,50,MEDIUM,PAYMENT_METHOD_FAILURE,"[""Payment failed"", ""Customer has 4 previous failed payments"", ""Customer lifetime value is >= 100,000""]",1-4 hours
txn_351c42e3,39972.0,30,MEDIUM,PAYMENT_INFRASTRUCTURE_FAILURE,"[""Payment failed""]",15-30 minutes
txn_3255baf6,31723.0,40,MEDIUM,AUTHENTICATION_FAILURE,"[""Payment failed"", ""Customer lifetime value is >= 100,000""]",1-4 hours
txn_e72f3d81,22014.0,25,LOW,CHECKOUT_ABANDONMENT,"[""Checkout was abandoned""]",30-60 minutes
txn_b451298c,10139.0,30,MEDIUM,OTHER_REVENUE_RISK,"[""Payment failed""]",24 hours
txn_02744a89,20076.0,40,MEDIUM,INSUFFICIENT_FUNDS,"[""Payment failed"", ""Customer lifetime value is >= 100,000""]",24-48 hours
txn_b4971c41,7392.0,30,MEDIUM,AUTHENTICATION_FAILURE,"[""Payment failed""]",1-4 hours
txn_bdcf0be9,9363.0,40,MEDIUM,AUTHENTICATION_FAILURE,"[""Payment failed"", ""Customer lifetime value is >= 100,000""]",1-4 hours
txn_f818a10e,17878.0,30,MEDIUM,AUTHENTICATION_FAILURE,"[""Payment failed""]",1-4 hours
txn_b9fc6442,1350.0,55,MEDIUM,OVERDUE_RECEIVABLE,"[""Invoice is overdue"", ""Invoice is 38 days overdue"", ""Customer lifetime value is >= 100,000""]",1-3 days
txn_be1f0b4b,34936.0,35,MEDIUM,OVERDUE_RECEIVABLE,"[""Invoice is overdue""]",1-3 days
txn_f6ff59e9,9612.0,45,MEDIUM,OVERDUE_RECEIVABLE,"[""Invoice is overdue"", ""Invoice is 84 days overdue""]",1-3 days
txn_b95df7bb,9636.0,25,LOW,CHECKOUT_ABANDONMENT,"[""Checkout was abandoned""]",30-60 minutes
txn_711e2021,41836.0,30,MEDIUM,PAYMENT_METHOD_FAILURE,"[""Payment failed""]",1-4 hours
txn_116922d2,40231.0,30,MEDIUM,PAYMENT_INFRASTRUCTURE_FAILURE,"[""Payment failed""]",15-30 minutes
txn_06287645,30820.0,35,MEDIUM,CHECKOUT_ABANDONMENT,"[""Checkout was abandoned"", ""Customer lifetime value is >= 100,000""]",30-60 minutes
txn_c48ec4c7,39941.0,35,MEDIUM,CHECKOUT_ABANDONMENT,"[""Checkout was abandoned"", ""Customer has 3 previous failed payments""]",30-60 minutes
txn_28f70eef,2623.0,30,MEDIUM,AUTHENTICATION_FAILURE,"[""Payment failed""]",1-4 hours
txn_f26ad2de,45720.0,25,LOW,CHECKOUT_ABANDONMENT,"[""Checkout was abandoned""]",30-60 minutes
txn_90123705,3305.0,25,LOW,CHECKOUT_ABANDONMENT,"[""Checkout was abandoned""]",30-60 minutes
txn_08a6d8bd,4534.0,55,MEDIUM,OVERDUE_RECEIVABLE,"[""Invoice is overdue"", ""Invoice is 55 days overdue"", ""Customer lifetime value is >= 100,000""]",1-3 days
txn_2acd8138,12815.0,35,MEDIUM,CHECKOUT_ABANDONMENT,"[""Checkout was abandoned"", ""Customer has 3 previous failed payments""]",30-60 minutes
txn_5ab624ff,23273.0,30,MEDIUM,PAYMENT_METHOD_FAILURE,"[""Payment failed""]",1-4 hours
txn_d444454c,13547.0,35,MEDIUM,OVERDUE_RECEIVABLE,"[""Invoice is overdue""]",1-3 days
txn_5dd5c732,41967.0,25,LOW,CHECKOUT_ABANDONMENT,"[""Checkout was abandoned""]",30-60 minutes
txn_1badf438,22299.0,30,MEDIUM,TEMPORARY_PAYMENT_FAILURE,"[""Payment failed""]",15-30 minutes
txn_a93abbaf,38946.0,30,MEDIUM,PAYMENT_INFRASTRUCTURE_FAILURE,"[""Payment failed""]",15-30 minutes
txn_a3277e84,19899.0,50,MEDIUM,AUTHENTICATION_FAILURE,"[""Payment failed"", ""Customer has 4 previous failed payments"", ""Customer lifetime value is >= 100,000""]",1-4 hours
txn_814dde07,4661.0,65,HIGH,OVERDUE_RECEIVABLE,"[""Invoice is overdue"", ""Customer has 3 previous failed payments"", ""Invoice is 77 days overdue"", ""Customer lifetime value is >= 100,000""]",1-3 days
txn_d59377da,26589.0,45,MEDIUM,OVERDUE_RECEIVABLE,"[""Invoice is overdue"", ""Invoice is 17 days overdue""]",1-3 days
txn_e251c324,23643.0,25,LOW,CHECKOUT_ABANDONMENT,"[""Checkout was abandoned""]",30-60 minutes
txn_6afcdb88,46746.0,50,MEDIUM,AUTHENTICATION_FAILURE,"[""Payment failed"", ""Customer has 5 previous failed payments"", ""Customer lifetime value is >= 100,000""]",1-4 hours
txn_e1d4b7e0,23711.0,25,LOW,CHECKOUT_ABANDONMENT,"[""Checkout was abandoned""]",30-60 minutes
txn_b9e6d59e,9536.0,30,MEDIUM,SUBSCRIPTION_PAYMENT_FAILURE,"[""Payment failed""]",24-48 hours
txn_06f66011,39711.0,35,MEDIUM,CHECKOUT_ABANDONMENT,"[""Checkout was abandoned"", ""Customer lifetime value is >= 100,000""]",30-60 minutes
txn_29cf8233,25312.0,25,LOW,CHECKOUT_ABANDONMENT,"[""Checkout was abandoned""]",30-60 minutes
txn_6d604372,37043.0,30,MEDIUM,TEMPORARY_PAYMENT_FAILURE,"[""Payment failed""]",15-30 minutes
txn_e5f3c9ef,2268.0,25,LOW,CHECKOUT_ABANDONMENT,"[""Checkout was abandoned""]",30-60 minutes
txn_15a0be5e,14309.0,45,MEDIUM,OVERDUE_RECEIVABLE,"[""Invoice is overdue"", ""Invoice is 77 days overdue""]",1-3 days
txn_60524ac9,42561.0,25,LOW,CHECKOUT_ABANDONMENT,"[""Checkout was abandoned""]",30-60 minutes
txn_0a83f32b,5062.0,40,MEDIUM,INSUFFICIENT_FUNDS,"[""Payment failed"", ""Customer lifetime value is >= 100,000""]",24-48 hours
txn_8a0dc537,31983.0,30,MEDIUM,OTHER_REVENUE_RISK,"[""Payment failed""]",24 hours
txn_7e439248,36368.0,30,MEDIUM,AUTHENTICATION_FAILURE,"[""Payment failed""]",1-4 hours
txn_c5561f3b,1124.0,25,LOW,CHECKOUT_ABANDONMENT,"[""Checkout was abandoned""]",30-60 minutes
txn_dabf4ff8,18694.0,30,MEDIUM,SUBSCRIPTION_PAYMENT_FAILURE,"[""Payment failed""]",24-48 hours
txn_68ac7e1d,29797.0,45,MEDIUM,OVERDUE_RECEIVABLE,"[""Invoice is overdue"", ""Customer has 4 previous failed payments""]",1-3 days
txn_6b72724a,17774.0,30,MEDIUM,INSUFFICIENT_FUNDS,"[""Payment failed""]",24-48 hours
txn_8fbf9a8b,33144.0,40,MEDIUM,AUTHENTICATION_FAILURE,"[""Payment failed"", ""Customer lifetime value is >= 100,000""]",1-4 hours
txn_dae975cb,49401.0,30,MEDIUM,OTHER_REVENUE_RISK,"[""Payment failed""]",24 hours
txn_53533292,5142.0,35,MEDIUM,OVERDUE_RECEIVABLE,"[""Invoice is overdue""]",1-3 days
txn_f9db6ff6,34153.0,25,LOW,CHECKOUT_ABANDONMENT,"[""Checkout was abandoned""]",30-60 minutes
txn_d9c8cf81,36044.0,30,MEDIUM,AUTHENTICATION_FAILURE,"[""Payment failed""]",1-4 hours
txn_c927ac39,3201.0,45,MEDIUM,OVERDUE_RECEIVABLE,"[""Invoice is overdue"", ""Invoice is 19 days overdue""]",1-3 days
txn_2e804fde,45507.0,35,MEDIUM,CHECKOUT_ABANDONMENT,"[""Checkout was abandoned"", ""Customer lifetime value is >= 100,000""]",30-60 minutes
txn_63be9297,47845.0,25,LOW,CHECKOUT_ABANDONMENT,"[""Checkout was abandoned""]",30-60 minutes
txn_92dc330a,33640.0,45,MEDIUM,OVERDUE_RECEIVABLE,"[""Invoice is overdue"", ""Invoice is 51 days overdue""]",1-3 days
txn_b938e5c4,19015.0,45,MEDIUM,CHECKOUT_ABANDONMENT,"[""Checkout was abandoned"", ""Customer has 5 previous failed payments"", ""Customer lifetime value is >= 100,000""]",30-60 minutes
txn_b59468e4,41817.0,65,HIGH,OVERDUE_RECEIVABLE,"[""Invoice is overdue"", ""Customer has 3 previous failed payments"", ""Invoice is 61 days overdue"", ""Customer lifetime value is >= 100,000""]",1-3 days
txn_4b2ab0a9,44990.0,55,MEDIUM,OVERDUE_RECEIVABLE,"[""Invoice is overdue"", ""Invoice is 39 days overdue"", ""Customer lifetime value is >= 100,000""]",1-3 days
txn_d3841155,40301.0,65,HIGH,OVERDUE_RECEIVABLE,"[""Invoice is overdue"", ""Customer has 5 previous failed payments"", ""Invoice is 89 days overdue"", ""Customer lifetime value is >= 100,000""]",1-3 days
txn_8a5b5a24,11385.0,45,MEDIUM,OVERDUE_RECEIVABLE,"[""Invoice is overdue"", ""Invoice is 39 days overdue""]",1-3 days
txn_ea96d9de,22895.0,55,MEDIUM,OVERDUE_RECEIVABLE,"[""Invoice is overdue"", ""Invoice is 46 days overdue"", ""Customer lifetime value is >= 100,000""]",1-3 days
txn_1d9c0546,5490.0,30,MEDIUM,AUTHENTICATION_FAILURE,"[""Payment failed""]",1-4 hours
txn_1871d364,11157.0,35,MEDIUM,OVERDUE_RECEIVABLE,"[""Invoice is overdue""]",1-3 days
txn_71639247,47626.0,35,MEDIUM,CHECKOUT_ABANDONMENT,"[""Checkout was abandoned"", ""Customer lifetime value is >= 100,000""]",30-60 minutes
txn_a2178bd8,26605.0,30,MEDIUM,PAYMENT_INFRASTRUCTURE_FAILURE,"[""Payment failed""]",15-30 minutes
txn_bc1b84fc,16327.0,40,MEDIUM,OTHER_REVENUE_RISK,"[""Payment failed"", ""Customer has 5 previous failed payments""]",24 hours
txn_73792957,14129.0,45,MEDIUM,OVERDUE_RECEIVABLE,"[""Invoice is overdue"", ""Invoice is 37 days overdue""]",1-3 days
txn_f4e22631,37992.0,40,MEDIUM,PAYMENT_INFRASTRUCTURE_FAILURE,"[""Payment failed"", ""Customer has 3 previous failed payments""]",15-30 minutes
txn_3924a325,35985.0,40,MEDIUM,TEMPORARY_PAYMENT_FAILURE,"[""Payment failed"", ""Customer lifetime value is >= 100,000""]",15-30 minutes
txn_7b8c9286,40366.0,30,MEDIUM,PAYMENT_INFRASTRUCTURE_FAILURE,"[""Payment failed""]",15-30 minutes
txn_74d307f7,28633.0,25,LOW,CHECKOUT_ABANDONMENT,"[""Checkout was abandoned""]",30-60 minutes
txn_52cad60f,43266.0,25,LOW,CHECKOUT_ABANDONMENT,"[""Checkout was abandoned""]",30-60 minutes
txn_76d13984,20672.0,45,MEDIUM,OVERDUE_RECEIVABLE,"[""Invoice is overdue"", ""Invoice is 78 days overdue""]",1-3 days
txn_40d21cb1,9311.0,40,MEDIUM,TEMPORARY_PAYMENT_FAILURE,"[""Payment failed"", ""Customer lifetime value is >= 100,000""]",15-30 minutes
txn_f133db90,3765.0,45,MEDIUM,OVERDUE_RECEIVABLE,"[""Invoice is overdue"", ""Invoice is 63 days overdue""]",1-3 days
txn_5cd28ad0,9596.0,45,MEDIUM,OVERDUE_RECEIVABLE,"[""Invoice is overdue"", ""Invoice is 47 days overdue""]",1-3 days
txn_aaebbdcd,3683.0,30,MEDIUM,INSUFFICIENT_FUNDS,"[""Payment failed""]",24-48 hours
txn_0fa8b0e7,35995.0,30,MEDIUM,AUTHENTICATION_FAILURE,"[""Payment failed""]",1-4 hours
txn_50c04301,5931.0,30,MEDIUM,PAYMENT_METHOD_FAILURE,"[""Payment failed""]",1-4 hours
txn_2e916e43,18644.0,55,MEDIUM,OVERDUE_RECEIVABLE,"[""Invoice is overdue"", ""Customer has 3 previous failed payments"", ""Invoice is 87 days overdue""]",1-3 days
txn_a1b933de,46849.0,40,MEDIUM,SUBSCRIPTION_PAYMENT_FAILURE,"[""Payment failed"", ""Customer lifetime value is >= 100,000""]",24-48 hours
txn_5ad817c7,36771.0,35,MEDIUM,OVERDUE_RECEIVABLE,"[""Invoice is overdue""]",1-3 days
txn_cedfcc90,10013.0,55,MEDIUM,OVERDUE_RECEIVABLE,"[""Invoice is overdue"", ""Invoice is 72 days overdue"", ""Customer lifetime value is >= 100,000""]",1-3 days
txn_78529d1b,37012.0,25,LOW,CHECKOUT_ABANDONMENT,"[""Checkout was abandoned""]",30-60 minutes
txn_896a4920,17750.0,30,MEDIUM,INSUFFICIENT_FUNDS,"[""Payment failed""]",24-48 hours
txn_2eeaec8c,42281.0,45,MEDIUM,OVERDUE_RECEIVABLE,"[""Invoice is overdue"", ""Invoice is 37 days overdue""]",1-3 days
txn_2b4cf108,42964.0,25,LOW,CHECKOUT_ABANDONMENT,"[""Checkout was abandoned""]",30-60 minutes
txn_5b72ce92,44989.0,45,MEDIUM,OVERDUE_RECEIVABLE,"[""Invoice is overdue"", ""Invoice is 78 days overdue""]",1-3 days
txn_37f9f899,16705.0,40,MEDIUM,INSUFFICIENT_FUNDS,"[""Payment failed"", ""Customer lifetime value is >= 100,000""]",24-48 hours
txn_ca2119a6,12367.0,45,MEDIUM,OVERDUE_RECEIVABLE,"[""Invoice is overdue"", ""Invoice is 28 days overdue""]",1-3 days
txn_61b21f5c,45339.0,30,MEDIUM,INSUFFICIENT_FUNDS,"[""Payment failed""]",24-48 hours
txn_f3e92fa9,13812.0,45,MEDIUM,OVERDUE_RECEIVABLE,"[""Invoice is overdue"", ""Invoice is 62 days overdue""]",1-3 days
txn_39258126,27342.0,40,MEDIUM,SUBSCRIPTION_PAYMENT_FAILURE,"[""Payment failed"", ""Customer has 3 previous failed payments""]",24-48 hours
txn_8075e9b0,32075.0,35,MEDIUM,CHECKOUT_ABANDONMENT,"[""Checkout was abandoned"", ""Customer has 4 previous failed payments""]",30-60 minutes
txn_88e88f47,47482.0,55,MEDIUM,OVERDUE_RECEIVABLE,"[""Invoice is overdue"", ""Customer has 3 previous failed payments"", ""Invoice is 50 days overdue""]",1-3 days
txn_02115fa4,7039.0,25,LOW,CHECKOUT_ABANDONMENT,"[""Checkout was abandoned""]",30-60 minutes
txn_36ab4c1c,13560.0,40,MEDIUM,PAYMENT_METHOD_FAILURE,"[""Payment failed"", ""Customer has 3 previous failed payments""]",1-4 hours
txn_4ac6461f,37754.0,40,MEDIUM,OTHER_REVENUE_RISK,"[""Payment failed"", ""Customer lifetime value is >= 100,000""]",24 hours
txn_77567454,47387.0,45,MEDIUM,OVERDUE_RECEIVABLE,"[""Invoice is overdue"", ""Invoice is 41 days overdue""]",1-3 days
txn_b7d728eb,48600.0,30,MEDIUM,PAYMENT_INFRASTRUCTURE_FAILURE,"[""Payment failed""]",15-30 minutes
txn_b583e38f,1634.0,30,MEDIUM,PAYMENT_INFRASTRUCTURE_FAILURE,"[""Payment failed""]",15-30 minutes
txn_9145344c,17123.0,25,LOW,CHECKOUT_ABANDONMENT,"[""Checkout was abandoned""]",30-60 minutes
txn_776453b3,46915.0,40,MEDIUM,PAYMENT_INFRASTRUCTURE_FAILURE,"[""Payment failed"", ""Customer lifetime value is >= 100,000""]",15-30 minutes
txn_2c664791,5470.0,25,LOW,CHECKOUT_ABANDONMENT,"[""Checkout was abandoned""]",30-60 minutes
txn_63f0ee99,32182.0,30,MEDIUM,PAYMENT_METHOD_FAILURE,"[""Payment failed""]",1-4 hours
txn_9ac8740b,236.0,30,MEDIUM,PAYMENT_INFRASTRUCTURE_FAILURE,"[""Payment failed""]",15-30 minutes
txn_b17ef137,24827.0,55,MEDIUM,OVERDUE_RECEIVABLE,"[""Invoice is overdue"", ""Invoice is 61 days overdue"", ""Customer lifetime value is >= 100,000""]",1-3 days
txn_0ab4d170,29213.0,45,MEDIUM,OVERDUE_RECEIVABLE,"[""Invoice is overdue"", ""Customer lifetime value is >= 100,000""]",1-3 days
txn_277fa8a3,21418.0,30,MEDIUM,TEMPORARY_PAYMENT_FAILURE,"[""Payment failed""]",15-30 minutes
txn_8ef1bde1,9430.0,35,MEDIUM,CHECKOUT_ABANDONMENT,"[""Checkout was abandoned"", ""Customer lifetime value is >= 100,000""]",30-60 minutes
txn_1c3b198e,20960.0,55,MEDIUM,OVERDUE_RECEIVABLE,"[""Invoice is overdue"", ""Customer has 3 previous failed payments"", ""Invoice is 88 days overdue""]",1-3 days
txn_3edc49c9,15452.0,30,MEDIUM,INSUFFICIENT_FUNDS,"[""Payment failed""]",24-48 hours
txn_25b67e2a,37396.0,45,MEDIUM,OVERDUE_RECEIVABLE,"[""Invoice is overdue"", ""Invoice is 65 days overdue""]",1-3 days
txn_c71fd432,44709.0,40,MEDIUM,TEMPORARY_PAYMENT_FAILURE,"[""Payment failed"", ""Customer lifetime value is >= 100,000""]",15-30 minutes
txn_8a43e51e,30678.0,40,MEDIUM,INSUFFICIENT_FUNDS,"[""Payment failed"", ""Customer lifetime value is >= 100,000""]",24-48 hours
txn_9749f9fc,22008.0,30,MEDIUM,PAYMENT_METHOD_FAILURE,"[""Payment failed""]",1-4 hours
txn_1ee98659,40703.0,25,LOW,CHECKOUT_ABANDONMENT,"[""Checkout was abandoned""]",30-60 minutes
txn_84423118,43335.0,55,MEDIUM,OVERDUE_RECEIVABLE,"[""Invoice is overdue"", ""Customer has 3 previous failed payments"", ""Invoice is 80 days overdue""]",1-3 days
txn_fd79cee6,44387.0,30,MEDIUM,AUTHENTICATION_FAILURE,"[""Payment failed""]",1-4 hours
txn_80b1ba9a,9643.0,45,MEDIUM,OVERDUE_RECEIVABLE,"[""Invoice is overdue"", ""Invoice is 19 days overdue""]",1-3 days
txn_0be44208,9576.0,40,MEDIUM,PAYMENT_METHOD_FAILURE,"[""Payment failed"", ""Customer has 3 previous failed payments""]",1-4 hours
txn_73f4cb61,40476.0,45,MEDIUM,OVERDUE_RECEIVABLE,"[""Invoice is overdue"", ""Invoice is 39 days overdue""]",1-3 days
txn_e3327ed5,41962.0,45,MEDIUM,OVERDUE_RECEIVABLE,"[""Invoice is overdue"", ""Invoice is 29 days overdue""]",1-3 days
txn_54c2e4ba,24933.0,30,MEDIUM,INSUFFICIENT_FUNDS,"[""Payment failed""]",24-48 hours
txn_d66f56e9,40942.0,45,MEDIUM,OVERDUE_RECEIVABLE,"[""Invoice is overdue"", ""Invoice is 56 days overdue""]",1-3 days
txn_306642f3,19379.0,45,MEDIUM,OVERDUE_RECEIVABLE,"[""Invoice is overdue"", ""Invoice is 20 days overdue""]",1-3 days
txn_6632a132,20876.0,25,LOW,CHECKOUT_ABANDONMENT,"[""Checkout was abandoned""]",30-60 minutes
txn_7af363a8,9135.0,40,MEDIUM,TEMPORARY_PAYMENT_FAILURE,"[""Payment failed"", ""Customer has 3 previous failed payments""]",15-30 minutes
txn_f21ec90c,39935.0,25,LOW,CHECKOUT_ABANDONMENT,"[""Checkout was abandoned""]",30-60 minutes
txn_b894c560,39642.0,25,LOW,CHECKOUT_ABANDONMENT,"[""Checkout was abandoned""]",30-60 minutes
txn_100195bc,18042.0,45,MEDIUM,OVERDUE_RECEIVABLE,"[""Invoice is overdue"", ""Invoice is 81 days overdue""]",1-3 days
txn_49e235de,44377.0,40,MEDIUM,AUTHENTICATION_FAILURE,"[""Payment failed"", ""Customer has 3 previous failed payments""]",1-4 hours
txn_16a2d08e,10675.0,25,LOW,CHECKOUT_ABANDONMENT,"[""Checkout was abandoned""]",30-60 minutes
txn_742982fb,11139.0,30,MEDIUM,OTHER_REVENUE_RISK,"[""Payment failed""]",24 hours
txn_ef780651,29197.0,30,MEDIUM,PAYMENT_INFRASTRUCTURE_FAILURE,"[""Payment failed""]",15-30 minutes
txn_a614b57c,2984.0,30,MEDIUM,PAYMENT_INFRASTRUCTURE_FAILURE,"[""Payment failed""]",15-30 minutes
txn_04db76f6,49726.0,30,MEDIUM,PAYMENT_INFRASTRUCTURE_FAILURE,"[""Payment failed""]",15-30 minutes
txn_e0cb04c7,34235.0,25,LOW,CHECKOUT_ABANDONMENT,"[""Checkout was abandoned""]",30-60 minutes
txn_03afa3be,47965.0,55,MEDIUM,OVERDUE_RECEIVABLE,"[""Invoice is overdue"", ""Customer has 3 previous failed payments"", ""Invoice is 48 days overdue""]",1-3 days
txn_b8f92b8f,23785.0,55,MEDIUM,OVERDUE_RECEIVABLE,"[""Invoice is overdue"", ""Customer has 5 previous failed payments"", ""Invoice is 81 days overdue""]",1-3 days
txn_658d487b,27818.0,45,MEDIUM,OVERDUE_RECEIVABLE,"[""Invoice is overdue"", ""Invoice is 22 days overdue""]",1-3 days
txn_afe6548c,520.0,30,MEDIUM,AUTHENTICATION_FAILURE,"[""Payment failed""]",1-4 hours
txn_c15b2d3c,12265.0,25,LOW,CHECKOUT_ABANDONMENT,"[""Checkout was abandoned""]",30-60 minutes
txn_39af1189,41022.0,30,MEDIUM,OTHER_REVENUE_RISK,"[""Payment failed""]",24 hours
txn_ccbc1d6e,2843.0,25,LOW,CHECKOUT_ABANDONMENT,"[""Checkout was abandoned""]",30-60 minutes
txn_10ac6cf9,47628.0,30,MEDIUM,TEMPORARY_PAYMENT_FAILURE,"[""Payment failed""]",15-30 minutes
txn_a03d2891,33845.0,45,MEDIUM,OVERDUE_RECEIVABLE,"[""Invoice is overdue"", ""Invoice is 53 days overdue""]",1-3 days
txn_82828b65,44528.0,40,MEDIUM,PAYMENT_METHOD_FAILURE,"[""Payment failed"", ""Customer lifetime value is >= 100,000""]",1-4 hours
txn_fa18ae63,6683.0,30,MEDIUM,INSUFFICIENT_FUNDS,"[""Payment failed""]",24-48 hours
txn_42e02863,36062.0,30,MEDIUM,PAYMENT_METHOD_FAILURE,"[""Payment failed""]",1-4 hours
txn_b0b1f63a,45969.0,35,MEDIUM,OVERDUE_RECEIVABLE,"[""Invoice is overdue""]",1-3 days
txn_a38a770b,8377.0,30,MEDIUM,TEMPORARY_PAYMENT_FAILURE,"[""Payment failed""]",15-30 minutes
txn_602765f1,9761.0,30,MEDIUM,PAYMENT_METHOD_FAILURE,"[""Payment failed""]",1-4 hours
txn_dce348fb,14236.0,30,MEDIUM,INSUFFICIENT_FUNDS,"[""Payment failed""]",24-48 hours
txn_c6aa32b2,49757.0,45,MEDIUM,OVERDUE_RECEIVABLE,"[""Invoice is overdue"", ""Invoice is 51 days overdue""]",1-3 days
txn_2235f730,26576.0,30,MEDIUM,TEMPORARY_PAYMENT_FAILURE,"[""Payment failed""]",15-30 minutes
txn_a8f9260b,45437.0,40,MEDIUM,AUTHENTICATION_FAILURE,"[""Payment failed"", ""Customer lifetime value is >= 100,000""]",1-4 hours
txn_3baaf588,1394.0,45,MEDIUM,CHECKOUT_ABANDONMENT,"[""Checkout was abandoned"", ""Customer has 4 previous failed payments"", ""Customer lifetime value is >= 100,000""]",30-60 minutes
txn_89374ef9,33270.0,55,MEDIUM,OVERDUE_RECEIVABLE,"[""Invoice is overdue"", ""Customer has 3 previous failed payments"", ""Invoice is 39 days overdue""]",1-3 days
txn_b7124a86,43298.0,35,MEDIUM,CHECKOUT_ABANDONMENT,"[""Checkout was abandoned"", ""Customer has 3 previous failed payments""]",30-60 minutes
txn_4c0719a2,14258.0,40,MEDIUM,INSUFFICIENT_FUNDS,"[""Payment failed"", ""Customer lifetime value is >= 100,000""]",24-48 hours
txn_66eaeb1e,46921.0,30,MEDIUM,PAYMENT_INFRASTRUCTURE_FAILURE,"[""Payment failed""]",15-30 minutes
txn_188ecab5,44547.0,35,MEDIUM,CHECKOUT_ABANDONMENT,"[""Checkout was abandoned"", ""Customer lifetime value is >= 100,000""]",30-60 minutes
txn_698d3e4f,47993.0,50,MEDIUM,AUTHENTICATION_FAILURE,"[""Payment failed"", ""Customer has 5 previous failed payments"", ""Customer lifetime value is >= 100,000""]",1-4 hours
txn_5336c46b,577.0,25,LOW,CHECKOUT_ABANDONMENT,"[""Checkout was abandoned""]",30-60 minutes
txn_746038f6,39904.0,30,MEDIUM,PAYMENT_METHOD_FAILURE,"[""Payment failed""]",1-4 hours
txn_b169d02a,16492.0,25,LOW,CHECKOUT_ABANDONMENT,"[""Checkout was abandoned""]",30-60 minutes
txn_879e1a1a,46579.0,45,MEDIUM,OVERDUE_RECEIVABLE,"[""Invoice is overdue"", ""Invoice is 26 days overdue""]",1-3 days
txn_ed9ea14a,10606.0,45,MEDIUM,OVERDUE_RECEIVABLE,"[""Invoice is overdue"", ""Invoice is 86 days overdue""]",1-3 days
txn_bd4c57f4,15132.0,30,MEDIUM,PAYMENT_METHOD_FAILURE,"[""Payment failed""]",1-4 hours
txn_e63b79a5,28339.0,30,MEDIUM,INSUFFICIENT_FUNDS,"[""Payment failed""]",24-48 hours
txn_d4578bfc,6564.0,40,MEDIUM,PAYMENT_INFRASTRUCTURE_FAILURE,"[""Payment failed"", ""Customer has 3 previous failed payments""]",15-30 minutes
txn_7edc54fb,12564.0,65,HIGH,OVERDUE_RECEIVABLE,"[""Invoice is overdue"", ""Customer has 4 previous failed payments"", ""Invoice is 51 days overdue"", ""Customer lifetime value is >= 100,000""]",1-3 days
txn_e0a7b3a4,26370.0,25,LOW,CHECKOUT_ABANDONMENT,"[""Checkout was abandoned""]",30-60 minutes
txn_99221540,3476.0,45,MEDIUM,OVERDUE_RECEIVABLE,"[""Invoice is overdue"", ""Invoice is 83 days overdue""]",1-3 days
txn_30099705,25133.0,30,MEDIUM,SUBSCRIPTION_PAYMENT_FAILURE,"[""Payment failed""]",24-48 hours
txn_3b01b3f0,12477.0,65,HIGH,OVERDUE_RECEIVABLE,"[""Invoice is overdue"", ""Customer has 5 previous failed payments"", ""Invoice is 73 days overdue"", ""Customer lifetime value is >= 100,000""]",1-3 days
txn_e1705b3e,9097.0,30,MEDIUM,PAYMENT_INFRASTRUCTURE_FAILURE,"[""Payment failed""]",15-30 minutes
txn_91b09e3a,46463.0,25,LOW,CHECKOUT_ABANDONMENT,"[""Checkout was abandoned""]",30-60 minutes
txn_6fd76995,18568.0,55,MEDIUM,OVERDUE_RECEIVABLE,"[""Invoice is overdue"", ""Invoice is 46 days overdue"", ""Customer lifetime value is >= 100,000""]",1-3 days
txn_a65067e9,22931.0,25,LOW,CHECKOUT_ABANDONMENT,"[""Checkout was abandoned""]",30-60 minutes
txn_a440a2e5,31454.0,25,LOW,CHECKOUT_ABANDONMENT,"[""Checkout was abandoned""]",30-60 minutes
txn_5f5a30d5,21953.0,45,MEDIUM,CHECKOUT_ABANDONMENT,"[""Checkout was abandoned"", ""Customer has 3 previous failed payments"", ""Customer lifetime value is >= 100,000""]",30-60 minutes
txn_c8461608,15513.0,30,MEDIUM,TEMPORARY_PAYMENT_FAILURE,"[""Payment failed""]",15-30 minutes
txn_f4429734,27395.0,25,LOW,CHECKOUT_ABANDONMENT,"[""Checkout was abandoned""]",30-60 minutes
txn_fab05259,33083.0,25,LOW,CHECKOUT_ABANDONMENT,"[""Checkout was abandoned""]",30-60 minutes
txn_b17a3126,17011.0,30,MEDIUM,SUBSCRIPTION_PAYMENT_FAILURE,"[""Payment failed""]",24-48 hours
txn_93f7d692,10901.0,25,LOW,CHECKOUT_ABANDONMENT,"[""Checkout was abandoned""]",30-60 minutes
txn_42d5bc61,21813.0,30,MEDIUM,SUBSCRIPTION_PAYMENT_FAILURE,"[""Payment failed""]",24-48 hours
txn_b4a0239b,10654.0,45,MEDIUM,CHECKOUT_ABANDONMENT,"[""Checkout was abandoned"", ""Customer has 5 previous failed payments"", ""Customer lifetime value is >= 100,000""]",30-60 minutes
txn_c74122b9,37252.0,45,MEDIUM,OVERDUE_RECEIVABLE,"[""Invoice is overdue"", ""Invoice is 81 days overdue""]",1-3 days
txn_ac4c3d2a,5812.0,45,MEDIUM,OVERDUE_RECEIVABLE,"[""Invoice is overdue"", ""Invoice is 64 days overdue""]",1-3 days
txn_3335f235,3839.0,45,MEDIUM,OVERDUE_RECEIVABLE,"[""Invoice is overdue"", ""Invoice is 32 days overdue""]",1-3 days
txn_4a6dd772,14717.0,45,MEDIUM,OVERDUE_RECEIVABLE,"[""Invoice is overdue"", ""Invoice is 50 days overdue""]",1-3 days
txn_7ed2c06f,49816.0,45,MEDIUM,OVERDUE_RECEIVABLE,"[""Invoice is overdue"", ""Invoice is 88 days overdue""]",1-3 days
txn_eaa4e3b4,22514.0,45,MEDIUM,OVERDUE_RECEIVABLE,"[""Invoice is overdue"", ""Invoice is 39 days overdue""]",1-3 days
txn_86fcc56b,38011.0,40,MEDIUM,INSUFFICIENT_FUNDS,"[""Payment failed"", ""Customer lifetime value is >= 100,000""]",24-48 hours
txn_f31ba9ed,29984.0,50,MEDIUM,AUTHENTICATION_FAILURE,"[""Payment failed"", ""Customer has 4 previous failed payments"", ""Customer lifetime value is >= 100,000""]",1-4 hours
txn_3172aed4,6602.0,35,MEDIUM,OVERDUE_RECEIVABLE,"[""Invoice is overdue""]",1-3 days
txn_9dcf721e,40983.0,40,MEDIUM,OTHER_REVENUE_RISK,"[""Payment failed"", ""Customer lifetime value is >= 100,000""]",24 hours
txn_19fcd6bf,598.0,40,MEDIUM,PAYMENT_METHOD_FAILURE,"[""Payment failed"", ""Customer lifetime value is >= 100,000""]",1-4 hours
txn_c90929e8,38981.0,40,MEDIUM,TEMPORARY_PAYMENT_FAILURE,"[""Payment failed"", ""Customer lifetime value is >= 100,000""]",15-30 minutes
txn_91d642d9,23569.0,30,MEDIUM,PAYMENT_METHOD_FAILURE,"[""Payment failed""]",1-4 hours
txn_17ffb2f1,24879.0,25,LOW,CHECKOUT_ABANDONMENT,"[""Checkout was abandoned""]",30-60 minutes
txn_a29c07d5,38068.0,30,MEDIUM,TEMPORARY_PAYMENT_FAILURE,"[""Payment failed""]",15-30 minutes
txn_08428206,2161.0,30,MEDIUM,INSUFFICIENT_FUNDS,"[""Payment failed""]",24-48 hours
txn_6ccf3aba,35224.0,30,MEDIUM,PAYMENT_INFRASTRUCTURE_FAILURE,"[""Payment failed""]",15-30 minutes
txn_f7b1e52d,23545.0,25,LOW,CHECKOUT_ABANDONMENT,"[""Checkout was abandoned""]",30-60 minutes
txn_8591a693,27739.0,45,MEDIUM,OVERDUE_RECEIVABLE,"[""Invoice is overdue"", ""Invoice is 88 days overdue""]",1-3 days
txn_05963bb0,27706.0,45,MEDIUM,OVERDUE_RECEIVABLE,"[""Invoice is overdue"", ""Invoice is 16 days overdue""]",1-3 days
txn_b7159bb1,37832.0,30,MEDIUM,AUTHENTICATION_FAILURE,"[""Payment failed""]",1-4 hours
txn_20b40a7b,4651.0,30,MEDIUM,TEMPORARY_PAYMENT_FAILURE,"[""Payment failed""]",15-30 minutes
txn_7ec85160,25877.0,30,MEDIUM,SUBSCRIPTION_PAYMENT_FAILURE,"[""Payment failed""]",24-48 hours
txn_8cf651de,3540.0,45,MEDIUM,OVERDUE_RECEIVABLE,"[""Invoice is overdue"", ""Invoice is 34 days overdue""]",1-3 days
txn_52bb34c1,24974.0,30,MEDIUM,SUBSCRIPTION_PAYMENT_FAILURE,"[""Payment failed""]",24-48 hours
txn_e7551203,27185.0,65,HIGH,OVERDUE_RECEIVABLE,"[""Invoice is overdue"", ""Customer has 4 previous failed payments"", ""Invoice is 82 days overdue"", ""Customer lifetime value is >= 100,000""]",1-3 days
txn_d20821c6,21196.0,45,MEDIUM,OVERDUE_RECEIVABLE,"[""Invoice is overdue"", ""Invoice is 62 days overdue""]",1-3 days
txn_e48bbac4,43319.0,45,MEDIUM,OVERDUE_RECEIVABLE,"[""Invoice is overdue"", ""Invoice is 83 days overdue""]",1-3 days
txn_8f08c532,30780.0,30,MEDIUM,PAYMENT_METHOD_FAILURE,"[""Payment failed""]",1-4 hours
txn_e16bde6a,12357.0,55,MEDIUM,OVERDUE_RECEIVABLE,"[""Invoice is overdue"", ""Customer has 3 previous failed payments"", ""Invoice is 35 days overdue""]",1-3 days
txn_7df4809b,48072.0,30,MEDIUM,PAYMENT_METHOD_FAILURE,"[""Payment failed""]",1-4 hours
txn_67b74ec4,42458.0,30,MEDIUM,TEMPORARY_PAYMENT_FAILURE,"[""Payment failed""]",15-30 minutes
txn_d77e1d1a,46358.0,30,MEDIUM,SUBSCRIPTION_PAYMENT_FAILURE,"[""Payment failed""]",24-48 hours
txn_1a118bf5,31070.0,45,MEDIUM,OVERDUE_RECEIVABLE,"[""Invoice is overdue"", ""Invoice is 15 days overdue""]",1-3 days
txn_b5e94c66,23654.0,45,MEDIUM,OVERDUE_RECEIVABLE,"[""Invoice is overdue"", ""Invoice is 27 days overdue""]",1-3 days
txn_f84e69b7,32797.0,45,MEDIUM,OVERDUE_RECEIVABLE,"[""Invoice is overdue"", ""Invoice is 88 days overdue""]",1-3 days
txn_6b2bf82e,142.0,30,MEDIUM,INSUFFICIENT_FUNDS,"[""Payment failed""]",24-48 hours
txn_5af873b5,30322.0,45,MEDIUM,OVERDUE_RECEIVABLE,"[""Invoice is overdue"", ""Invoice is 70 days overdue""]",1-3 days
txn_f20b8b3c,46800.0,65,HIGH,OVERDUE_RECEIVABLE,"[""Invoice is overdue"", ""Customer has 3 previous failed payments"", ""Invoice is 46 days overdue"", ""Customer lifetime value is >= 100,000""]",1-3 days
txn_808b9371,32560.0,40,MEDIUM,PAYMENT_METHOD_FAILURE,"[""Payment failed"", ""Customer lifetime value is >= 100,000""]",1-4 hours
txn_1226e08d,7617.0,40,MEDIUM,TEMPORARY_PAYMENT_FAILURE,"[""Payment failed"", ""Customer has 4 previous failed payments""]",15-30 minutes
txn_ac9a22a4,29185.0,25,LOW,CHECKOUT_ABANDONMENT,"[""Checkout was abandoned""]",30-60 minutes
txn_a5990a55,35929.0,45,MEDIUM,CHECKOUT_ABANDONMENT,"[""Checkout was abandoned"", ""Customer has 5 previous failed payments"", ""Customer lifetime value is >= 100,000""]",30-60 minutes
txn_91070383,32406.0,55,MEDIUM,OVERDUE_RECEIVABLE,"[""Invoice is overdue"", ""Customer has 3 previous failed payments"", ""Invoice is 48 days overdue""]",1-3 days
txn_a01c05da,30138.0,45,MEDIUM,OVERDUE_RECEIVABLE,"[""Invoice is overdue"", ""Invoice is 36 days overdue""]",1-3 days
txn_845f665c,34510.0,45,MEDIUM,OVERDUE_RECEIVABLE,"[""Invoice is overdue"", ""Invoice is 50 days overdue""]",1-3 days
txn_8c6eff5c,9277.0,40,MEDIUM,SUBSCRIPTION_PAYMENT_FAILURE,"[""Payment failed"", ""Customer has 3 previous failed payments""]",24-48 hours
txn_b694e5ab,37343.0,25,LOW,CHECKOUT_ABANDONMENT,"[""Checkout was abandoned""]",30-60 minutes
txn_3ae8bf43,34713.0,30,MEDIUM,PAYMENT_METHOD_FAILURE,"[""Payment failed""]",1-4 hours
txn_92613ccf,18978.0,55,MEDIUM,OVERDUE_RECEIVABLE,"[""Invoice is overdue"", ""Customer has 4 previous failed payments"", ""Customer lifetime value is >= 100,000""]",1-3 days
txn_65543766,7366.0,30,MEDIUM,INSUFFICIENT_FUNDS,"[""Payment failed""]",24-48 hours
txn_81ba9d71,2417.0,25,LOW,CHECKOUT_ABANDONMENT,"[""Checkout was abandoned""]",30-60 minutes
txn_ae16abc9,1827.0,55,MEDIUM,OVERDUE_RECEIVABLE,"[""Invoice is overdue"", ""Customer has 5 previous failed payments"", ""Invoice is 26 days overdue""]",1-3 days
txn_02e72e8b,1076.0,45,MEDIUM,OVERDUE_RECEIVABLE,"[""Invoice is overdue"", ""Invoice is 32 days overdue""]",1-3 days
txn_01821977,16104.0,45,MEDIUM,OVERDUE_RECEIVABLE,"[""Invoice is overdue"", ""Invoice is 68 days overdue""]",1-3 days
txn_314486e2,9403.0,30,MEDIUM,PAYMENT_METHOD_FAILURE,"[""Payment failed""]",1-4 hours
txn_d3baa2c4,39945.0,40,MEDIUM,TEMPORARY_PAYMENT_FAILURE,"[""Payment failed"", ""Customer lifetime value is >= 100,000""]",15-30 minutes
txn_c44aaa33,20680.0,30,MEDIUM,AUTHENTICATION_FAILURE,"[""Payment failed""]",1-4 hours
txn_44279349,43090.0,35,MEDIUM,OVERDUE_RECEIVABLE,"[""Invoice is overdue""]",1-3 days
txn_7bc0956b,42828.0,45,MEDIUM,OVERDUE_RECEIVABLE,"[""Invoice is overdue"", ""Invoice is 48 days overdue""]",1-3 days
txn_4f6689bb,25075.0,30,MEDIUM,TEMPORARY_PAYMENT_FAILURE,"[""Payment failed""]",15-30 minutes
txn_7fb15af7,39785.0,30,MEDIUM,INSUFFICIENT_FUNDS,"[""Payment failed""]",24-48 hours
txn_b3e99165,13082.0,30,MEDIUM,AUTHENTICATION_FAILURE,"[""Payment failed""]",1-4 hours
txn_410913d9,25535.0,45,MEDIUM,OVERDUE_RECEIVABLE,"[""Invoice is overdue"", ""Invoice is 55 days overdue""]",1-3 days
txn_7298f134,22162.0,35,MEDIUM,CHECKOUT_ABANDONMENT,"[""Checkout was abandoned"", ""Customer lifetime value is >= 100,000""]",30-60 minutes
txn_aafca526,18404.0,30,MEDIUM,PAYMENT_METHOD_FAILURE,"[""Payment failed""]",1-4 hours
txn_9167378f,18794.0,45,MEDIUM,OVERDUE_RECEIVABLE,"[""Invoice is overdue"", ""Invoice is 42 days overdue""]",1-3 days
txn_5e60540f,19005.0,45,MEDIUM,OVERDUE_RECEIVABLE,"[""Invoice is overdue"", ""Invoice is 34 days overdue""]",1-3 days
txn_2c749b2e,7960.0,45,MEDIUM,OVERDUE_RECEIVABLE,"[""Invoice is overdue"", ""Invoice is 57 days overdue""]",1-3 days
txn_3ece00cb,33709.0,40,MEDIUM,OTHER_REVENUE_RISK,"[""Payment failed"", ""Customer has 3 previous failed payments""]",24 hours
txn_c601cadc,43427.0,35,MEDIUM,CHECKOUT_ABANDONMENT,"[""Checkout was abandoned"", ""Customer has 5 previous failed payments""]",30-60 minutes
txn_b5830f11,5913.0,30,MEDIUM,TEMPORARY_PAYMENT_FAILURE,"[""Payment failed""]",15-30 minutes
txn_668821c7,21425.0,45,MEDIUM,OVERDUE_RECEIVABLE,"[""Invoice is overdue"", ""Invoice is 32 days overdue""]",1-3 days
txn_80c0ba20,46291.0,40,MEDIUM,AUTHENTICATION_FAILURE,"[""Payment failed"", ""Customer has 3 previous failed payments""]",1-4 hours
txn_bfdba631,26904.0,35,MEDIUM,OVERDUE_RECEIVABLE,"[""Invoice is overdue""]",1-3 days
txn_bdedb5fa,35228.0,65,HIGH,OVERDUE_RECEIVABLE,"[""Invoice is overdue"", ""Customer has 4 previous failed payments"", ""Invoice is 27 days overdue"", ""Customer lifetime value is >= 100,000""]",1-3 days
txn_b559cb82,49945.0,25,LOW,CHECKOUT_ABANDONMENT,"[""Checkout was abandoned""]",30-60 minutes
txn_a283288a,32129.0,25,LOW,CHECKOUT_ABANDONMENT,"[""Checkout was abandoned""]",30-60 minutes
txn_aedd4d0d,10991.0,30,MEDIUM,AUTHENTICATION_FAILURE,"[""Payment failed""]",1-4 hours
txn_f4e1e4ad,17867.0,65,HIGH,OVERDUE_RECEIVABLE,"[""Invoice is overdue"", ""Customer has 4 previous failed payments"", ""Invoice is 67 days overdue"", ""Customer lifetime value is >= 100,000""]",1-3 days
txn_7e9ee927,46923.0,35,MEDIUM,CHECKOUT_ABANDONMENT,"[""Checkout was abandoned"", ""Customer lifetime value is >= 100,000""]",30-60 minutes
txn_82b5383e,467.0,45,MEDIUM,OVERDUE_RECEIVABLE,"[""Invoice is overdue"", ""Invoice is 40 days overdue""]",1-3 days
txn_8b7eac62,39058.0,40,MEDIUM,TEMPORARY_PAYMENT_FAILURE,"[""Payment failed"", ""Customer lifetime value is >= 100,000""]",15-30 minutes
txn_354e980f,28029.0,35,MEDIUM,CHECKOUT_ABANDONMENT,"[""Checkout was abandoned"", ""Customer lifetime value is >= 100,000""]",30-60 minutes
txn_085c790b,13376.0,30,MEDIUM,PAYMENT_INFRASTRUCTURE_FAILURE,"[""Payment failed""]",15-30 minutes
txn_84999d14,38590.0,25,LOW,CHECKOUT_ABANDONMENT,"[""Checkout was abandoned""]",30-60 minutes
txn_78a8e6f4,14284.0,25,LOW,CHECKOUT_ABANDONMENT,"[""Checkout was abandoned""]",30-60 minutes
txn_61e8c3d7,18301.0,55,MEDIUM,OVERDUE_RECEIVABLE,"[""Invoice is overdue"", ""Customer has 3 previous failed payments"", ""Invoice is 19 days overdue""]",1-3 days
txn_542f1c15,11693.0,30,MEDIUM,TEMPORARY_PAYMENT_FAILURE,"[""Payment failed""]",15-30 minutes
txn_2eb4c5f2,18284.0,45,MEDIUM,OVERDUE_RECEIVABLE,"[""Invoice is overdue"", ""Invoice is 25 days overdue""]",1-3 days
txn_722fd8c1,33938.0,55,MEDIUM,OVERDUE_RECEIVABLE,"[""Invoice is overdue"", ""Customer has 3 previous failed payments"", ""Customer lifetime value is >= 100,000""]",1-3 days
txn_5225e253,311.0,25,LOW,CHECKOUT_ABANDONMENT,"[""Checkout was abandoned""]",30-60 minutes
txn_7ba9fc6f,5742.0,25,LOW,CHECKOUT_ABANDONMENT,"[""Checkout was abandoned""]",30-60 minutes
txn_805a1923,16269.0,30,MEDIUM,SUBSCRIPTION_PAYMENT_FAILURE,"[""Payment failed""]",24-48 hours
txn_f6b8c799,12317.0,40,MEDIUM,PAYMENT_METHOD_FAILURE,"[""Payment failed"", ""Customer has 3 previous failed payments""]",1-4 hours
txn_00fbdd53,617.0,45,MEDIUM,OVERDUE_RECEIVABLE,"[""Invoice is overdue"", ""Invoice is 21 days overdue""]",1-3 days
txn_fb546726,39483.0,30,MEDIUM,AUTHENTICATION_FAILURE,"[""Payment failed""]",1-4 hours
txn_136a9bfe,3625.0,30,MEDIUM,INSUFFICIENT_FUNDS,"[""Payment failed""]",24-48 hours
txn_7426dcc4,11775.0,45,MEDIUM,OVERDUE_RECEIVABLE,"[""Invoice is overdue"", ""Invoice is 31 days overdue""]",1-3 days
txn_f937e2ca,22794.0,45,MEDIUM,CHECKOUT_ABANDONMENT,"[""Checkout was abandoned"", ""Customer has 5 previous failed payments"", ""Customer lifetime value is >= 100,000""]",30-60 minutes
txn_6cad91ce,27891.0,25,LOW,CHECKOUT_ABANDONMENT,"[""Checkout was abandoned""]",30-60 minutes
txn_e21922c9,45253.0,65,HIGH,OVERDUE_RECEIVABLE,"[""Invoice is overdue"", ""Customer has 4 previous failed payments"", ""Invoice is 80 days overdue"", ""Customer lifetime value is >= 100,000""]",1-3 days
txn_c93a7d61,16074.0,45,MEDIUM,OVERDUE_RECEIVABLE,"[""Invoice is overdue"", ""Invoice is 89 days overdue""]",1-3 days
txn_8731df88,12270.0,30,MEDIUM,PAYMENT_INFRASTRUCTURE_FAILURE,"[""Payment failed""]",15-30 minutes
txn_855dde4c,44204.0,40,MEDIUM,INSUFFICIENT_FUNDS,"[""Payment failed"", ""Customer lifetime value is >= 100,000""]",24-48 hours
txn_1a8fc00f,34807.0,40,MEDIUM,INSUFFICIENT_FUNDS,"[""Payment failed"", ""Customer has 3 previous failed payments""]",24-48 hours
txn_53c9239e,48233.0,35,MEDIUM,CHECKOUT_ABANDONMENT,"[""Checkout was abandoned"", ""Customer lifetime value is >= 100,000""]",30-60 minutes
txn_58399e06,18861.0,25,LOW,CHECKOUT_ABANDONMENT,"[""Checkout was abandoned""]",30-60 minutes
txn_83a92f24,30510.0,25,LOW,CHECKOUT_ABANDONMENT,"[""Checkout was abandoned""]",30-60 minutes
txn_59f740c0,26989.0,45,MEDIUM,OVERDUE_RECEIVABLE,"[""Invoice is overdue"", ""Invoice is 25 days overdue""]",1-3 days
txn_dbce00da,42968.0,30,MEDIUM,PAYMENT_INFRASTRUCTURE_FAILURE,"[""Payment failed""]",15-30 minutes
txn_bdc3efcc,13193.0,45,MEDIUM,OVERDUE_RECEIVABLE,"[""Invoice is overdue"", ""Invoice is 42 days overdue""]",1-3 days
txn_428edd45,15952.0,50,MEDIUM,AUTHENTICATION_FAILURE,"[""Payment failed"", ""Customer has 4 previous failed payments"", ""Customer lifetime value is >= 100,000""]",1-4 hours
txn_7913e218,4677.0,50,MEDIUM,OTHER_REVENUE_RISK,"[""Payment failed"", ""Customer has 4 previous failed payments"", ""Customer lifetime value is >= 100,000""]",24 hours
txn_9459a863,35315.0,55,MEDIUM,OVERDUE_RECEIVABLE,"[""Invoice is overdue"", ""Customer has 5 previous failed payments"", ""Invoice is 16 days overdue""]",1-3 days
txn_e9e64d85,21770.0,30,MEDIUM,SUBSCRIPTION_PAYMENT_FAILURE,"[""Payment failed""]",24-48 hours
txn_e1312a3e,37032.0,45,MEDIUM,OVERDUE_RECEIVABLE,"[""Invoice is overdue"", ""Invoice is 47 days overdue""]",1-3 days
txn_f4101b72,1032.0,45,MEDIUM,OVERDUE_RECEIVABLE,"[""Invoice is overdue"", ""Invoice is 86 days overdue""]",1-3 days
txn_2881b6f1,47860.0,40,MEDIUM,OTHER_REVENUE_RISK,"[""Payment failed"", ""Customer has 3 previous failed payments""]",24 hours
txn_95e50d2f,5306.0,40,MEDIUM,AUTHENTICATION_FAILURE,"[""Payment failed"", ""Customer lifetime value is >= 100,000""]",1-4 hours
txn_564bc8a1,16162.0,30,MEDIUM,OTHER_REVENUE_RISK,"[""Payment failed""]",24 hours
txn_3db961a2,4272.0,30,MEDIUM,PAYMENT_INFRASTRUCTURE_FAILURE,"[""Payment failed""]",15-30 minutes
txn_8663beb2,15291.0,25,LOW,CHECKOUT_ABANDONMENT,"[""Checkout was abandoned""]",30-60 minutes
txn_8f5e0064,40045.0,30,MEDIUM,PAYMENT_INFRASTRUCTURE_FAILURE,"[""Payment failed""]",15-30 minutes
txn_d206cd08,471.0,35,MEDIUM,CHECKOUT_ABANDONMENT,"[""Checkout was abandoned"", ""Customer has 3 previous failed payments""]",30-60 minutes
txn_d34fbd76,1376.0,35,MEDIUM,CHECKOUT_ABANDONMENT,"[""Checkout was abandoned"", ""Customer lifetime value is >= 100,000""]",30-60 minutes
txn_8e7d7f5d,16473.0,30,MEDIUM,PAYMENT_INFRASTRUCTURE_FAILURE,"[""Payment failed""]",15-30 minutes
txn_23f52abc,45291.0,25,LOW,CHECKOUT_ABANDONMENT,"[""Checkout was abandoned""]",30-60 minutes
txn_ed61a267,12167.0,45,MEDIUM,OVERDUE_RECEIVABLE,"[""Invoice is overdue"", ""Invoice is 42 days overdue""]",1-3 days
txn_aad6aae9,40079.0,45,MEDIUM,OVERDUE_RECEIVABLE,"[""Invoice is overdue"", ""Invoice is 84 days overdue""]",1-3 days
txn_21b88412,13228.0,30,MEDIUM,SUBSCRIPTION_PAYMENT_FAILURE,"[""Payment failed""]",24-48 hours
txn_083c1f7b,2685.0,45,MEDIUM,OVERDUE_RECEIVABLE,"[""Invoice is overdue"", ""Invoice is 17 days overdue""]",1-3 days
txn_5f7ccf4c,1766.0,55,MEDIUM,OVERDUE_RECEIVABLE,"[""Invoice is overdue"", ""Customer has 3 previous failed payments"", ""Invoice is 57 days overdue""]",1-3 days
txn_00588753,38780.0,25,LOW,CHECKOUT_ABANDONMENT,"[""Checkout was abandoned""]",30-60 minutes
txn_22fb56cb,25638.0,40,MEDIUM,TEMPORARY_PAYMENT_FAILURE,"[""Payment failed"", ""Customer lifetime value is >= 100,000""]",15-30 minutes
txn_44b6d329,10420.0,40,MEDIUM,PAYMENT_METHOD_FAILURE,"[""Payment failed"", ""Customer has 5 previous failed payments""]",1-4 hours
txn_a2687ce8,6137.0,45,MEDIUM,OVERDUE_RECEIVABLE,"[""Invoice is overdue"", ""Invoice is 54 days overdue""]",1-3 days
txn_d36a63e0,41836.0,35,MEDIUM,OVERDUE_RECEIVABLE,"[""Invoice is overdue""]",1-3 days
txn_7e0245c4,6417.0,30,MEDIUM,AUTHENTICATION_FAILURE,"[""Payment failed""]",1-4 hours
txn_7d45f554,18600.0,30,MEDIUM,PAYMENT_METHOD_FAILURE,"[""Payment failed""]",1-4 hours
txn_bdfe2ca9,2342.0,45,MEDIUM,OVERDUE_RECEIVABLE,"[""Invoice is overdue"", ""Invoice is 50 days overdue""]",1-3 days
txn_3ffe75f1,10709.0,35,MEDIUM,CHECKOUT_ABANDONMENT,"[""Checkout was abandoned"", ""Customer has 3 previous failed payments""]",30-60 minutes
txn_c99055ee,37927.0,45,MEDIUM,OVERDUE_RECEIVABLE,"[""Invoice is overdue"", ""Invoice is 52 days overdue""]",1-3 days
txn_81b30c14,33817.0,40,MEDIUM,INSUFFICIENT_FUNDS,"[""Payment failed"", ""Customer has 3 previous failed payments""]",24-48 hours
txn_3e264209,36989.0,35,MEDIUM,CHECKOUT_ABANDONMENT,"[""Checkout was abandoned"", ""Customer lifetime value is >= 100,000""]",30-60 minutes
txn_a0067ca0,34891.0,30,MEDIUM,INSUFFICIENT_FUNDS,"[""Payment failed""]",24-48 hours
txn_fc50a50c,38788.0,30,MEDIUM,PAYMENT_INFRASTRUCTURE_FAILURE,"[""Payment failed""]",15-30 minutes
txn_a433b20e,43948.0,25,LOW,CHECKOUT_ABANDONMENT,"[""Checkout was abandoned""]",30-60 minutes
txn_1960d755,21367.0,35,MEDIUM,CHECKOUT_ABANDONMENT,"[""Checkout was abandoned"", ""Customer lifetime value is >= 100,000""]",30-60 minutes
txn_9c0ecb1a,15014.0,25,LOW,CHECKOUT_ABANDONMENT,"[""Checkout was abandoned""]",30-60 minutes
txn_f1d68a25,49682.0,40,MEDIUM,PAYMENT_METHOD_FAILURE,"[""Payment failed"", ""Customer lifetime value is >= 100,000""]",1-4 hours
txn_7a5fbc33,48353.0,35,MEDIUM,CHECKOUT_ABANDONMENT,"[""Checkout was abandoned"", ""Customer lifetime value is >= 100,000""]",30-60 minutes
txn_842f04d0,28366.0,25,LOW,CHECKOUT_ABANDONMENT,"[""Checkout was abandoned""]",30-60 minutes
txn_3346556c,9791.0,35,MEDIUM,OVERDUE_RECEIVABLE,"[""Invoice is overdue""]",1-3 days
txn_5f4af77d,11853.0,25,LOW,CHECKOUT_ABANDONMENT,"[""Checkout was abandoned""]",30-60 minutes
txn_66c6b571,41584.0,35,MEDIUM,OVERDUE_RECEIVABLE,"[""Invoice is overdue""]",1-3 days
txn_6cb05172,6358.0,30,MEDIUM,TEMPORARY_PAYMENT_FAILURE,"[""Payment failed""]",15-30 minutes
txn_22834f80,10236.0,30,MEDIUM,PAYMENT_INFRASTRUCTURE_FAILURE,"[""Payment failed""]",15-30 minutes
txn_cd20c4a9,7982.0,45,MEDIUM,OVERDUE_RECEIVABLE,"[""Invoice is overdue"", ""Invoice is 40 days overdue""]",1-3 days
txn_d8e5ed51,38840.0,45,MEDIUM,CHECKOUT_ABANDONMENT,"[""Checkout was abandoned"", ""Customer has 5 previous failed payments"", ""Customer lifetime value is >= 100,000""]",30-60 minutes
txn_0aa7125f,34288.0,40,MEDIUM,PAYMENT_INFRASTRUCTURE_FAILURE,"[""Payment failed"", ""Customer has 3 previous failed payments""]",15-30 minutes
txn_47aab6a0,44930.0,25,LOW,CHECKOUT_ABANDONMENT,"[""Checkout was abandoned""]",30-60 minutes
txn_6482344f,3536.0,45,MEDIUM,OVERDUE_RECEIVABLE,"[""Invoice is overdue"", ""Invoice is 88 days overdue""]",1-3 days
txn_8c92b42f,1121.0,30,MEDIUM,AUTHENTICATION_FAILURE,"[""Payment failed""]",1-4 hours
txn_80b8e5fd,15066.0,45,MEDIUM,OVERDUE_RECEIVABLE,"[""Invoice is overdue"", ""Invoice is 48 days overdue""]",1-3 days
txn_4745a2d1,27811.0,55,MEDIUM,OVERDUE_RECEIVABLE,"[""Invoice is overdue"", ""Invoice is 88 days overdue"", ""Customer lifetime value is >= 100,000""]",1-3 days
txn_04dd8c69,32116.0,45,MEDIUM,OVERDUE_RECEIVABLE,"[""Invoice is overdue"", ""Customer lifetime value is >= 100,000""]",1-3 days
txn_de67fd36,4517.0,25,LOW,CHECKOUT_ABANDONMENT,"[""Checkout was abandoned""]",30-60 minutes
txn_f2380f2c,43542.0,35,MEDIUM,CHECKOUT_ABANDONMENT,"[""Checkout was abandoned"", ""Customer lifetime value is >= 100,000""]",30-60 minutes
txn_cb4fdd3c,22470.0,45,MEDIUM,OVERDUE_RECEIVABLE,"[""Invoice is overdue"", ""Invoice is 33 days overdue""]",1-3 days
txn_4ea805ee,22719.0,40,MEDIUM,AUTHENTICATION_FAILURE,"[""Payment failed"", ""Customer lifetime value is >= 100,000""]",1-4 hours
txn_fa10e850,24222.0,35,MEDIUM,OVERDUE_RECEIVABLE,"[""Invoice is overdue""]",1-3 days
txn_f9ead263,47895.0,65,HIGH,OVERDUE_RECEIVABLE,"[""Invoice is overdue"", ""Customer has 3 previous failed payments"", ""Invoice is 85 days overdue"", ""Customer lifetime value is >= 100,000""]",1-3 days
txn_d3b7568d,3557.0,45,MEDIUM,OVERDUE_RECEIVABLE,"[""Invoice is overdue"", ""Invoice is 43 days overdue""]",1-3 days
txn_e5b6384c,23885.0,45,MEDIUM,CHECKOUT_ABANDONMENT,"[""Checkout was abandoned"", ""Customer has 3 previous failed payments"", ""Customer lifetime value is >= 100,000""]",30-60 minutes
txn_2b5a8816,31086.0,45,MEDIUM,OVERDUE_RECEIVABLE,"[""Invoice is overdue"", ""Invoice is 49 days overdue""]",1-3 days
txn_587d057b,5544.0,35,MEDIUM,CHECKOUT_ABANDONMENT,"[""Checkout was abandoned"", ""Customer lifetime value is >= 100,000""]",30-60 minutes
txn_f59e5fbf,17343.0,30,MEDIUM,AUTHENTICATION_FAILURE,"[""Payment failed""]",1-4 hours
txn_79ec09b8,1359.0,40,MEDIUM,AUTHENTICATION_FAILURE,"[""Payment failed"", ""Customer has 3 previous failed payments""]",1-4 hours
txn_1ecd1a16,6102.0,30,MEDIUM,AUTHENTICATION_FAILURE,"[""Payment failed""]",1-4 hours
txn_eb88bf7f,29100.0,45,MEDIUM,OVERDUE_RECEIVABLE,"[""Invoice is overdue"", ""Invoice is 24 days overdue""]",1-3 days
txn_843d4e5c,38917.0,40,MEDIUM,PAYMENT_INFRASTRUCTURE_FAILURE,"[""Payment failed"", ""Customer lifetime value is >= 100,000""]",15-30 minutes
txn_d6067e88,28286.0,40,MEDIUM,OTHER_REVENUE_RISK,"[""Payment failed"", ""Customer lifetime value is >= 100,000""]",24 hours
txn_018a38fe,4417.0,30,MEDIUM,SUBSCRIPTION_PAYMENT_FAILURE,"[""Payment failed""]",24-48 hours
txn_7a535cbd,12570.0,45,MEDIUM,OVERDUE_RECEIVABLE,"[""Invoice is overdue"", ""Invoice is 30 days overdue""]",1-3 days
txn_22b44395,26526.0,25,LOW,CHECKOUT_ABANDONMENT,"[""Checkout was abandoned""]",30-60 minutes
txn_c82eb569,20856.0,65,HIGH,OVERDUE_RECEIVABLE,"[""Invoice is overdue"", ""Customer has 3 previous failed payments"", ""Invoice is 49 days overdue"", ""Customer lifetime value is >= 100,000""]",1-3 days
txn_abbc6fac,10574.0,45,MEDIUM,OVERDUE_RECEIVABLE,"[""Invoice is overdue"", ""Invoice is 63 days overdue""]",1-3 days
txn_4ef5b05d,9371.0,40,MEDIUM,PAYMENT_INFRASTRUCTURE_FAILURE,"[""Payment failed"", ""Customer has 3 previous failed payments""]",15-30 minutes
txn_d8a82e29,15102.0,40,MEDIUM,PAYMENT_METHOD_FAILURE,"[""Payment failed"", ""Customer lifetime value is >= 100,000""]",1-4 hours
txn_eff14c3d,42280.0,35,MEDIUM,CHECKOUT_ABANDONMENT,"[""Checkout was abandoned"", ""Customer lifetime value is >= 100,000""]",30-60 minutes
txn_a11cc6c9,32650.0,30,MEDIUM,TEMPORARY_PAYMENT_FAILURE,"[""Payment failed""]",15-30 minutes
txn_00b29cc0,26051.0,30,MEDIUM,PAYMENT_INFRASTRUCTURE_FAILURE,"[""Payment failed""]",15-30 minutes
txn_9c4f3d1d,27293.0,30,MEDIUM,TEMPORARY_PAYMENT_FAILURE,"[""Payment failed""]",15-30 minutes
txn_b16c0892,24533.0,30,MEDIUM,INSUFFICIENT_FUNDS,"[""Payment failed""]",24-48 hours
txn_6bda6cb3,227.0,40,MEDIUM,PAYMENT_INFRASTRUCTURE_FAILURE,"[""Payment failed"", ""Customer has 3 previous failed payments""]",15-30 minutes
txn_20fbf5a8,49360.0,45,MEDIUM,CHECKOUT_ABANDONMENT,"[""Checkout was abandoned"", ""Customer has 3 previous failed payments"", ""Customer lifetime value is >= 100,000""]",30-60 minutes
txn_59c5ae0b,48577.0,65,HIGH,OVERDUE_RECEIVABLE,"[""Invoice is overdue"", ""Customer has 3 previous failed payments"", ""Invoice is 30 days overdue"", ""Customer lifetime value is >= 100,000""]",1-3 days
txn_f8eedf5c,10304.0,40,MEDIUM,OTHER_REVENUE_RISK,"[""Payment failed"", ""Customer has 3 previous failed payments""]",24 hours
txn_2f88be81,19948.0,25,LOW,CHECKOUT_ABANDONMENT,"[""Checkout was abandoned""]",30-60 minutes
txn_220a0531,792.0,30,MEDIUM,INSUFFICIENT_FUNDS,"[""Payment failed""]",24-48 hours
txn_a5b696f3,5790.0,25,LOW,CHECKOUT_ABANDONMENT,"[""Checkout was abandoned""]",30-60 minutes
txn_71f3c6cb,6260.0,40,MEDIUM,AUTHENTICATION_FAILURE,"[""Payment failed"", ""Customer lifetime value is >= 100,000""]",1-4 hours
txn_cb59fbc8,6322.0,50,MEDIUM,OTHER_REVENUE_RISK,"[""Payment failed"", ""Customer has 4 previous failed payments"", ""Customer lifetime value is >= 100,000""]",24 hours
txn_c68989ec,25539.0,30,MEDIUM,INSUFFICIENT_FUNDS,"[""Payment failed""]",24-48 hours
txn_b97121fa,42952.0,25,LOW,CHECKOUT_ABANDONMENT,"[""Checkout was abandoned""]",30-60 minutes
txn_d2ba2dd1,39762.0,55,MEDIUM,OVERDUE_RECEIVABLE,"[""Invoice is overdue"", ""Invoice is 73 days overdue"", ""Customer lifetime value is >= 100,000""]",1-3 days
txn_98756880,7068.0,40,MEDIUM,AUTHENTICATION_FAILURE,"[""Payment failed"", ""Customer has 3 previous failed payments""]",1-4 hours
txn_89d162cb,38476.0,30,MEDIUM,INSUFFICIENT_FUNDS,"[""Payment failed""]",24-48 hours
txn_fdcb19ea,22479.0,35,MEDIUM,CHECKOUT_ABANDONMENT,"[""Checkout was abandoned"", ""Customer lifetime value is >= 100,000""]",30-60 minutes
txn_0f04cd54,38225.0,25,LOW,CHECKOUT_ABANDONMENT,"[""Checkout was abandoned""]",30-60 minutes
txn_63613415,41263.0,45,MEDIUM,OVERDUE_RECEIVABLE,"[""Invoice is overdue"", ""Invoice is 63 days overdue""]",1-3 days
txn_a62c54e0,11473.0,30,MEDIUM,INSUFFICIENT_FUNDS,"[""Payment failed""]",24-48 hours
txn_d045ffeb,29079.0,50,MEDIUM,INSUFFICIENT_FUNDS,"[""Payment failed"", ""Customer has 4 previous failed payments"", ""Customer lifetime value is >= 100,000""]",24-48 hours
txn_48b5a194,16095.0,45,MEDIUM,OVERDUE_RECEIVABLE,"[""Invoice is overdue"", ""Invoice is 83 days overdue""]",1-3 days
txn_363119ef,31460.0,45,MEDIUM,OVERDUE_RECEIVABLE,"[""Invoice is overdue"", ""Invoice is 21 days overdue""]",1-3 days
txn_3255d8a9,40794.0,45,MEDIUM,OVERDUE_RECEIVABLE,"[""Invoice is overdue"", ""Customer lifetime value is >= 100,000""]",1-3 days
txn_75fa6891,32927.0,25,LOW,CHECKOUT_ABANDONMENT,"[""Checkout was abandoned""]",30-60 minutes
txn_4f674f80,44502.0,45,MEDIUM,CHECKOUT_ABANDONMENT,"[""Checkout was abandoned"", ""Customer has 3 previous failed payments"", ""Customer lifetime value is >= 100,000""]",30-60 minutes
txn_d953967c,4431.0,30,MEDIUM,AUTHENTICATION_FAILURE,"[""Payment failed""]",1-4 hours
txn_4e198219,24487.0,50,MEDIUM,INSUFFICIENT_FUNDS,"[""Payment failed"", ""Customer has 4 previous failed payments"", ""Customer lifetime value is >= 100,000""]",24-48 hours
txn_cdc698d5,26623.0,45,MEDIUM,OVERDUE_RECEIVABLE,"[""Invoice is overdue"", ""Customer lifetime value is >= 100,000""]",1-3 days
txn_3d09c6ba,16401.0,25,LOW,CHECKOUT_ABANDONMENT,"[""Checkout was abandoned""]",30-60 minutes
txn_8fdb6a03,27578.0,30,MEDIUM,INSUFFICIENT_FUNDS,"[""Payment failed""]",24-48 hours
txn_c5ba4114,10195.0,25,LOW,CHECKOUT_ABANDONMENT,"[""Checkout was abandoned""]",30-60 minutes
txn_2acaf4f2,22127.0,45,MEDIUM,CHECKOUT_ABANDONMENT,"[""Checkout was abandoned"", ""Customer has 4 previous failed payments"", ""Customer lifetime value is >= 100,000""]",30-60 minutes
txn_060cd21e,236.0,45,MEDIUM,OVERDUE_RECEIVABLE,"[""Invoice is overdue"", ""Invoice is 61 days overdue""]",1-3 days
txn_2934e05f,45974.0,55,MEDIUM,OVERDUE_RECEIVABLE,"[""Invoice is overdue"", ""Invoice is 46 days overdue"", ""Customer lifetime value is >= 100,000""]",1-3 days
txn_58002ea3,5496.0,35,MEDIUM,OVERDUE_RECEIVABLE,"[""Invoice is overdue""]",1-3 days
txn_b395e149,33843.0,25,LOW,CHECKOUT_ABANDONMENT,"[""Checkout was abandoned""]",30-60 minutes
txn_a646e413,20371.0,45,MEDIUM,OVERDUE_RECEIVABLE,"[""Invoice is overdue"", ""Invoice is 86 days overdue""]",1-3 days
txn_566bb98c,46574.0,45,MEDIUM,OVERDUE_RECEIVABLE,"[""Invoice is overdue"", ""Invoice is 42 days overdue""]",1-3 days
txn_47c1fd96,18309.0,30,MEDIUM,OTHER_REVENUE_RISK,"[""Payment failed""]",24 hours
txn_b71a1e0f,40222.0,50,MEDIUM,AUTHENTICATION_FAILURE,"[""Payment failed"", ""Customer has 3 previous failed payments"", ""Customer lifetime value is >= 100,000""]",1-4 hours
txn_76c01dac,27412.0,45,MEDIUM,OVERDUE_RECEIVABLE,"[""Invoice is overdue"", ""Customer has 4 previous failed payments""]",1-3 days
txn_fd15f22e,18945.0,30,MEDIUM,PAYMENT_METHOD_FAILURE,"[""Payment failed""]",1-4 hours
txn_9173671b,41978.0,30,MEDIUM,TEMPORARY_PAYMENT_FAILURE,"[""Payment failed""]",15-30 minutes
txn_3c85226f,22220.0,45,MEDIUM,CHECKOUT_ABANDONMENT,"[""Checkout was abandoned"", ""Customer has 3 previous failed payments"", ""Customer lifetime value is >= 100,000""]",30-60 minutes
txn_feeb8085,5557.0,30,MEDIUM,TEMPORARY_PAYMENT_FAILURE,"[""Payment failed""]",15-30 minutes
txn_db28eb9f,13149.0,30,MEDIUM,TEMPORARY_PAYMENT_FAILURE,"[""Payment failed""]",15-30 minutes
txn_cc78ceab,38955.0,25,LOW,CHECKOUT_ABANDONMENT,"[""Checkout was abandoned""]",30-60 minutes
txn_47451a4b,20879.0,35,MEDIUM,CHECKOUT_ABANDONMENT,"[""Checkout was abandoned"", ""Customer has 3 previous failed payments""]",30-60 minutes
txn_fc1cf5d1,43669.0,45,MEDIUM,OVERDUE_RECEIVABLE,"[""Invoice is overdue"", ""Invoice is 18 days overdue""]",1-3 days
txn_310c3e02,46814.0,55,MEDIUM,OVERDUE_RECEIVABLE,"[""Invoice is overdue"", ""Invoice is 71 days overdue"", ""Customer lifetime value is >= 100,000""]",1-3 days
txn_090afa43,27636.0,35,MEDIUM,OVERDUE_RECEIVABLE,"[""Invoice is overdue""]",1-3 days
txn_0750c48b,2886.0,45,MEDIUM,OVERDUE_RECEIVABLE,"[""Invoice is overdue"", ""Invoice is 61 days overdue""]",1-3 days
txn_5a29185d,44824.0,45,MEDIUM,OVERDUE_RECEIVABLE,"[""Invoice is overdue"", ""Invoice is 66 days overdue""]",1-3 days
txn_3949edfd,8176.0,50,MEDIUM,INSUFFICIENT_FUNDS,"[""Payment failed"", ""Customer has 5 previous failed payments"", ""Customer lifetime value is >= 100,000""]",24-48 hours
txn_56fb6f8b,29548.0,40,MEDIUM,OTHER_REVENUE_RISK,"[""Payment failed"", ""Customer has 3 previous failed payments""]",24 hours
txn_ec06bcad,17913.0,30,MEDIUM,SUBSCRIPTION_PAYMENT_FAILURE,"[""Payment failed""]",24-48 hours
txn_2664ccbd,36535.0,65,HIGH,OVERDUE_RECEIVABLE,"[""Invoice is overdue"", ""Customer has 5 previous failed payments"", ""Invoice is 79 days overdue"", ""Customer lifetime value is >= 100,000""]",1-3 days
txn_84b7837a,21380.0,45,MEDIUM,OVERDUE_RECEIVABLE,"[""Invoice is overdue"", ""Customer has 3 previous failed payments""]",1-3 days
txn_64cd330b,1176.0,45,MEDIUM,OVERDUE_RECEIVABLE,"[""Invoice is overdue"", ""Invoice is 89 days overdue""]",1-3 days
txn_c70807af,45704.0,30,MEDIUM,AUTHENTICATION_FAILURE,"[""Payment failed""]",1-4 hours
txn_8fa9f33c,18297.0,45,MEDIUM,OVERDUE_RECEIVABLE,"[""Invoice is overdue"", ""Customer lifetime value is >= 100,000""]",1-3 days
txn_934947db,47552.0,30,MEDIUM,INSUFFICIENT_FUNDS,"[""Payment failed""]",24-48 hours
txn_9375a6fd,38479.0,45,MEDIUM,OVERDUE_RECEIVABLE,"[""Invoice is overdue"", ""Invoice is 43 days overdue""]",1-3 days
txn_5fbf4ec1,35729.0,45,MEDIUM,OVERDUE_RECEIVABLE,"[""Invoice is overdue"", ""Customer lifetime value is >= 100,000""]",1-3 days
txn_912ab2a5,5412.0,40,MEDIUM,OTHER_REVENUE_RISK,"[""Payment failed"", ""Customer has 3 previous failed payments""]",24 hours
txn_d3d54c45,1793.0,45,MEDIUM,OVERDUE_RECEIVABLE,"[""Invoice is overdue"", ""Invoice is 20 days overdue""]",1-3 days
txn_982a093d,20685.0,35,MEDIUM,CHECKOUT_ABANDONMENT,"[""Checkout was abandoned"", ""Customer has 3 previous failed payments""]",30-60 minutes
txn_ec8de511,24319.0,45,MEDIUM,OVERDUE_RECEIVABLE,"[""Invoice is overdue"", ""Invoice is 85 days overdue""]",1-3 days
txn_ae5d1d6d,3575.0,50,MEDIUM,PAYMENT_METHOD_FAILURE,"[""Payment failed"", ""Customer has 4 previous failed payments"", ""Customer lifetime value is >= 100,000""]",1-4 hours
txn_c9b3a6b3,34560.0,30,MEDIUM,PAYMENT_METHOD_FAILURE,"[""Payment failed""]",1-4 hours
txn_9eca9d17,33894.0,55,MEDIUM,OVERDUE_RECEIVABLE,"[""Invoice is overdue"", ""Customer has 4 previous failed payments"", ""Invoice is 25 days overdue""]",1-3 days
txn_d8ff13c2,26815.0,30,MEDIUM,PAYMENT_METHOD_FAILURE,"[""Payment failed""]",1-4 hours
txn_1a420bcd,12328.0,45,MEDIUM,OVERDUE_RECEIVABLE,"[""Invoice is overdue"", ""Invoice is 52 days overdue""]",1-3 days
txn_305810a5,47891.0,35,MEDIUM,OVERDUE_RECEIVABLE,"[""Invoice is overdue""]",1-3 days
txn_55fc20e5,3869.0,30,MEDIUM,PAYMENT_METHOD_FAILURE,"[""Payment failed""]",1-4 hours
txn_fc35ee6f,17394.0,40,MEDIUM,PAYMENT_INFRASTRUCTURE_FAILURE,"[""Payment failed"", ""Customer lifetime value is >= 100,000""]",15-30 minutes
txn_9f669329,5097.0,45,MEDIUM,OVERDUE_RECEIVABLE,"[""Invoice is overdue"", ""Invoice is 40 days overdue""]",1-3 days
txn_9b1399eb,10433.0,25,LOW,CHECKOUT_ABANDONMENT,"[""Checkout was abandoned""]",30-60 minutes
txn_92fa7bf3,41419.0,35,MEDIUM,CHECKOUT_ABANDONMENT,"[""Checkout was abandoned"", ""Customer has 3 previous failed payments""]",30-60 minutes
txn_5f2e0816,34135.0,30,MEDIUM,TEMPORARY_PAYMENT_FAILURE,"[""Payment failed""]",15-30 minutes
txn_e73c543a,23779.0,55,MEDIUM,OVERDUE_RECEIVABLE,"[""Invoice is overdue"", ""Invoice is 50 days overdue"", ""Customer lifetime value is >= 100,000""]",1-3 days
txn_ea8202a7,14049.0,35,MEDIUM,OVERDUE_RECEIVABLE,"[""Invoice is overdue""]",1-3 days
txn_9507bb2d,40372.0,40,MEDIUM,TEMPORARY_PAYMENT_FAILURE,"[""Payment failed"", ""Customer has 3 previous failed payments""]",15-30 minutes
txn_7dfdf264,38166.0,35,MEDIUM,OVERDUE_RECEIVABLE,"[""Invoice is overdue""]",1-3 days
txn_98963bc4,26501.0,45,MEDIUM,CHECKOUT_ABANDONMENT,"[""Checkout was abandoned"", ""Customer has 4 previous failed payments"", ""Customer lifetime value is >= 100,000""]",30-60 minutes
txn_033d3ae6,30061.0,40,MEDIUM,TEMPORARY_PAYMENT_FAILURE,"[""Payment failed"", ""Customer lifetime value is >= 100,000""]",15-30 minutes
txn_7e8ffea8,23811.0,40,MEDIUM,PAYMENT_INFRASTRUCTURE_FAILURE,"[""Payment failed"", ""Customer lifetime value is >= 100,000""]",15-30 minutes
txn_a1a1027f,9436.0,30,MEDIUM,INSUFFICIENT_FUNDS,"[""Payment failed""]",24-48 hours
txn_591933bf,17601.0,35,MEDIUM,CHECKOUT_ABANDONMENT,"[""Checkout was abandoned"", ""Customer lifetime value is >= 100,000""]",30-60 minutes
txn_6593a82a,2030.0,45,MEDIUM,OVERDUE_RECEIVABLE,"[""Invoice is overdue"", ""Invoice is 22 days overdue""]",1-3 days
txn_abd1e42a,22044.0,25,LOW,CHECKOUT_ABANDONMENT,"[""Checkout was abandoned""]",30-60 minutes
txn_cea88ae5,18400.0,50,MEDIUM,INSUFFICIENT_FUNDS,"[""Payment failed"", ""Customer has 5 previous failed payments"", ""Customer lifetime value is >= 100,000""]",24-48 hours
txn_9f4c637c,12938.0,30,MEDIUM,SUBSCRIPTION_PAYMENT_FAILURE,"[""Payment failed""]",24-48 hours
txn_72daa1b3,28978.0,45,MEDIUM,OVERDUE_RECEIVABLE,"[""Invoice is overdue"", ""Invoice is 57 days overdue""]",1-3 days
txn_3ad093e8,44312.0,45,MEDIUM,OVERDUE_RECEIVABLE,"[""Invoice is overdue"", ""Invoice is 69 days overdue""]",1-3 days
txn_fc86ee3e,21269.0,35,MEDIUM,OVERDUE_RECEIVABLE,"[""Invoice is overdue""]",1-3 days
txn_68291fb8,43830.0,25,LOW,CHECKOUT_ABANDONMENT,"[""Checkout was abandoned""]",30-60 minutes
txn_13bea128,33870.0,55,MEDIUM,OVERDUE_RECEIVABLE,"[""Invoice is overdue"", ""Customer has 3 previous failed payments"", ""Invoice is 23 days overdue""]",1-3 days
txn_855951a9,34065.0,45,MEDIUM,OVERDUE_RECEIVABLE,"[""Invoice is overdue"", ""Invoice is 19 days overdue""]",1-3 days
txn_9462f053,11925.0,35,MEDIUM,CHECKOUT_ABANDONMENT,"[""Checkout was abandoned"", ""Customer lifetime value is >= 100,000""]",30-60 minutes
txn_25b5dc17,24088.0,45,MEDIUM,OVERDUE_RECEIVABLE,"[""Invoice is overdue"", ""Customer has 3 previous failed payments""]",1-3 days
txn_b4b77c0e,34364.0,30,MEDIUM,TEMPORARY_PAYMENT_FAILURE,"[""Payment failed""]",15-30 minutes
txn_131f840e,21784.0,55,MEDIUM,OVERDUE_RECEIVABLE,"[""Invoice is overdue"", ""Customer has 5 previous failed payments"", ""Customer lifetime value is >= 100,000""]",1-3 days
txn_31fa7d11,40340.0,45,MEDIUM,CHECKOUT_ABANDONMENT,"[""Checkout was abandoned"", ""Customer has 5 previous failed payments"", ""Customer lifetime value is >= 100,000""]",30-60 minutes
txn_2366fac3,15663.0,30,MEDIUM,TEMPORARY_PAYMENT_FAILURE,"[""Payment failed""]",15-30 minutes
txn_6195b2f3,17684.0,65,HIGH,OVERDUE_RECEIVABLE,"[""Invoice is overdue"", ""Customer has 3 previous failed payments"", ""Invoice is 33 days overdue"", ""Customer lifetime value is >= 100,000""]",1-3 days
txn_30d97b63,37625.0,35,MEDIUM,OVERDUE_RECEIVABLE,"[""Invoice is overdue""]",1-3 days
txn_3aba6940,47444.0,25,LOW,CHECKOUT_ABANDONMENT,"[""Checkout was abandoned""]",30-60 minutes
txn_39d35e2a,29416.0,25,LOW,CHECKOUT_ABANDONMENT,"[""Checkout was abandoned""]",30-60 minutes
txn_e569d074,7250.0,40,MEDIUM,TEMPORARY_PAYMENT_FAILURE,"[""Payment failed"", ""Customer has 3 previous failed payments""]",15-30 minutes
txn_220759cc,38344.0,55,MEDIUM,OVERDUE_RECEIVABLE,"[""Invoice is overdue"", ""Customer has 3 previous failed payments"", ""Invoice is 65 days overdue""]",1-3 days
txn_0e65ba8f,33537.0,50,MEDIUM,SUBSCRIPTION_PAYMENT_FAILURE,"[""Payment failed"", ""Customer has 5 previous failed payments"", ""Customer lifetime value is >= 100,000""]",24-48 hours
txn_750fb6ec,11750.0,40,MEDIUM,INSUFFICIENT_FUNDS,"[""Payment failed"", ""Customer lifetime value is >= 100,000""]",24-48 hours
txn_c6fe6c32,2682.0,35,MEDIUM,OVERDUE_RECEIVABLE,"[""Invoice is overdue""]",1-3 days
txn_8a37d665,7684.0,45,MEDIUM,OVERDUE_RECEIVABLE,"[""Invoice is overdue"", ""Invoice is 42 days overdue""]",1-3 days
txn_a7bea0e3,25385.0,50,MEDIUM,PAYMENT_METHOD_FAILURE,"[""Payment failed"", ""Customer has 3 previous failed payments"", ""Customer lifetime value is >= 100,000""]",1-4 hours
txn_a478a566,9911.0,40,MEDIUM,PAYMENT_METHOD_FAILURE,"[""Payment failed"", ""Customer lifetime value is >= 100,000""]",1-4 hours
txn_b871bf00,11429.0,35,MEDIUM,CHECKOUT_ABANDONMENT,"[""Checkout was abandoned"", ""Customer has 5 previous failed payments""]",30-60 minutes
txn_c3de49e9,43994.0,25,LOW,CHECKOUT_ABANDONMENT,"[""Checkout was abandoned""]",30-60 minutes
txn_20446ec2,47173.0,45,MEDIUM,OVERDUE_RECEIVABLE,"[""Invoice is overdue"", ""Invoice is 57 days overdue""]",1-3 days
txn_bf5159ad,40392.0,45,MEDIUM,OVERDUE_RECEIVABLE,"[""Invoice is overdue"", ""Invoice is 28 days overdue""]",1-3 days
txn_30561b3f,15584.0,30,MEDIUM,PAYMENT_METHOD_FAILURE,"[""Payment failed""]",1-4 hours
txn_89c20da7,13416.0,55,MEDIUM,OVERDUE_RECEIVABLE,"[""Invoice is overdue"", ""Customer has 3 previous failed payments"", ""Invoice is 41 days overdue""]",1-3 days
txn_dd9397f8,32415.0,30,MEDIUM,PAYMENT_METHOD_FAILURE,"[""Payment failed""]",1-4 hours
txn_ea53ecc5,32744.0,35,MEDIUM,CHECKOUT_ABANDONMENT,"[""Checkout was abandoned"", ""Customer lifetime value is >= 100,000""]",30-60 minutes
txn_83518ca8,32717.0,25,LOW,CHECKOUT_ABANDONMENT,"[""Checkout was abandoned""]",30-60 minutes
txn_9a5f5f6b,34109.0,45,MEDIUM,OVERDUE_RECEIVABLE,"[""Invoice is overdue"", ""Invoice is 32 days overdue""]",1-3 days
txn_61a8bed4,3657.0,25,LOW,CHECKOUT_ABANDONMENT,"[""Checkout was abandoned""]",30-60 minutes
txn_67c7ebee,24492.0,30,MEDIUM,PAYMENT_METHOD_FAILURE,"[""Payment failed""]",1-4 hours
txn_979cd3bc,42397.0,45,MEDIUM,OVERDUE_RECEIVABLE,"[""Invoice is overdue"", ""Customer lifetime value is >= 100,000""]",1-3 days
txn_2fd4311a,37489.0,35,MEDIUM,OVERDUE_RECEIVABLE,"[""Invoice is overdue""]",1-3 days
txn_01a41e90,46001.0,30,MEDIUM,AUTHENTICATION_FAILURE,"[""Payment failed""]",1-4 hours
txn_883d4a43,43466.0,40,MEDIUM,PAYMENT_METHOD_FAILURE,"[""Payment failed"", ""Customer lifetime value is >= 100,000""]",1-4 hours
txn_819d1dee,4426.0,25,LOW,CHECKOUT_ABANDONMENT,"[""Checkout was abandoned""]",30-60 minutes
txn_0adf7d91,1566.0,45,MEDIUM,OVERDUE_RECEIVABLE,"[""Invoice is overdue"", ""Invoice is 53 days overdue""]",1-3 days
txn_8b9b4b1b,26677.0,55,MEDIUM,OVERDUE_RECEIVABLE,"[""Invoice is overdue"", ""Invoice is 64 days overdue"", ""Customer lifetime value is >= 100,000""]",1-3 days
txn_05e66314,30360.0,25,LOW,CHECKOUT_ABANDONMENT,"[""Checkout was abandoned""]",30-60 minutes
txn_70bf5550,18956.0,45,MEDIUM,CHECKOUT_ABANDONMENT,"[""Checkout was abandoned"", ""Customer has 3 previous failed payments"", ""Customer lifetime value is >= 100,000""]",30-60 minutes
txn_97c4c8ca,13231.0,45,MEDIUM,OVERDUE_RECEIVABLE,"[""Invoice is overdue"", ""Invoice is 78 days overdue""]",1-3 days
txn_9f651625,36991.0,45,MEDIUM,CHECKOUT_ABANDONMENT,"[""Checkout was abandoned"", ""Customer has 5 previous failed payments"", ""Customer lifetime value is >= 100,000""]",30-60 minutes
txn_fe58ca24,10922.0,45,MEDIUM,OVERDUE_RECEIVABLE,"[""Invoice is overdue"", ""Invoice is 56 days overdue""]",1-3 days
txn_e6beeb10,11341.0,35,MEDIUM,OVERDUE_RECEIVABLE,"[""Invoice is overdue""]",1-3 days
txn_b88f3ffd,35325.0,30,MEDIUM,SUBSCRIPTION_PAYMENT_FAILURE,"[""Payment failed""]",24-48 hours
txn_e08657ea,17106.0,25,LOW,CHECKOUT_ABANDONMENT,"[""Checkout was abandoned""]",30-60 minutes
txn_12e261a5,33582.0,55,MEDIUM,OVERDUE_RECEIVABLE,"[""Invoice is overdue"", ""Invoice is 64 days overdue"", ""Customer lifetime value is >= 100,000""]",1-3 days
txn_5ab1192a,25796.0,30,MEDIUM,SUBSCRIPTION_PAYMENT_FAILURE,"[""Payment failed""]",24-48 hours
txn_ba4bc08d,36355.0,25,LOW,CHECKOUT_ABANDONMENT,"[""Checkout was abandoned""]",30-60 minutes
txn_d9bba28c,38178.0,55,MEDIUM,OVERDUE_RECEIVABLE,"[""Invoice is overdue"", ""Invoice is 85 days overdue"", ""Customer lifetime value is >= 100,000""]",1-3 days
txn_65c2f1d9,40065.0,40,MEDIUM,AUTHENTICATION_FAILURE,"[""Payment failed"", ""Customer has 3 previous failed payments""]",1-4 hours
txn_5eabc8e3,49441.0,55,MEDIUM,OVERDUE_RECEIVABLE,"[""Invoice is overdue"", ""Invoice is 68 days overdue"", ""Customer lifetime value is >= 100,000""]",1-3 days
txn_ac1a304c,30904.0,45,MEDIUM,CHECKOUT_ABANDONMENT,"[""Checkout was abandoned"", ""Customer has 5 previous failed payments"", ""Customer lifetime value is >= 100,000""]",30-60 minutes
txn_d2f1f434,35877.0,65,HIGH,OVERDUE_RECEIVABLE,"[""Invoice is overdue"", ""Customer has 4 previous failed payments"", ""Invoice is 55 days overdue"", ""Customer lifetime value is >= 100,000""]",1-3 days
txn_fffa46c9,28958.0,30,MEDIUM,PAYMENT_INFRASTRUCTURE_FAILURE,"[""Payment failed""]",15-30 minutes
txn_04217f0a,19835.0,30,MEDIUM,INSUFFICIENT_FUNDS,"[""Payment failed""]",24-48 hours
txn_39cbe865,48633.0,65,HIGH,OVERDUE_RECEIVABLE,"[""Invoice is overdue"", ""Customer has 3 previous failed payments"", ""Invoice is 72 days overdue"", ""Customer lifetime value is >= 100,000""]",1-3 days
txn_79279306,20319.0,25,LOW,CHECKOUT_ABANDONMENT,"[""Checkout was abandoned""]",30-60 minutes
txn_937a3f05,7860.0,55,MEDIUM,OVERDUE_RECEIVABLE,"[""Invoice is overdue"", ""Customer has 3 previous failed payments"", ""Invoice is 23 days overdue""]",1-3 days
txn_f726cd64,6648.0,50,MEDIUM,INSUFFICIENT_FUNDS,"[""Payment failed"", ""Customer has 4 previous failed payments"", ""Customer lifetime value is >= 100,000""]",24-48 hours
txn_839e13d4,35283.0,55,MEDIUM,OVERDUE_RECEIVABLE,"[""Invoice is overdue"", ""Customer has 3 previous failed payments"", ""Customer lifetime value is >= 100,000""]",1-3 days
txn_ae87fc23,11430.0,45,MEDIUM,OVERDUE_RECEIVABLE,"[""Invoice is overdue"", ""Invoice is 74 days overdue""]",1-3 days
txn_467b8da4,31473.0,25,LOW,CHECKOUT_ABANDONMENT,"[""Checkout was abandoned""]",30-60 minutes
txn_3764e991,10203.0,65,HIGH,OVERDUE_RECEIVABLE,"[""Invoice is overdue"", ""Customer has 5 previous failed payments"", ""Invoice is 58 days overdue"", ""Customer lifetime value is >= 100,000""]",1-3 days
txn_75dce72b,29640.0,45,MEDIUM,OVERDUE_RECEIVABLE,"[""Invoice is overdue"", ""Invoice is 57 days overdue""]",1-3 days
txn_81c8cec4,2275.0,50,MEDIUM,PAYMENT_INFRASTRUCTURE_FAILURE,"[""Payment failed"", ""Customer has 4 previous failed payments"", ""Customer lifetime value is >= 100,000""]",15-30 minutes
txn_3d4c8b61,36306.0,40,MEDIUM,TEMPORARY_PAYMENT_FAILURE,"[""Payment failed"", ""Customer lifetime value is >= 100,000""]",15-30 minutes
txn_5bd5db7d,35415.0,40,MEDIUM,PAYMENT_INFRASTRUCTURE_FAILURE,"[""Payment failed"", ""Customer lifetime value is >= 100,000""]",15-30 minutes
txn_5131ce39,31514.0,30,MEDIUM,INSUFFICIENT_FUNDS,"[""Payment failed""]",24-48 hours
txn_b0b6e6ac,33987.0,45,MEDIUM,OVERDUE_RECEIVABLE,"[""Invoice is overdue"", ""Invoice is 66 days overdue""]",1-3 days
txn_37bee997,38742.0,45,MEDIUM,OVERDUE_RECEIVABLE,"[""Invoice is overdue"", ""Invoice is 66 days overdue""]",1-3 days
txn_4816d47c,30052.0,45,MEDIUM,OVERDUE_RECEIVABLE,"[""Invoice is overdue"", ""Invoice is 52 days overdue""]",1-3 days
txn_3a3320dd,14832.0,45,MEDIUM,OVERDUE_RECEIVABLE,"[""Invoice is overdue"", ""Invoice is 37 days overdue""]",1-3 days
txn_3e0ea41f,2849.0,50,MEDIUM,INSUFFICIENT_FUNDS,"[""Payment failed"", ""Customer has 3 previous failed payments"", ""Customer lifetime value is >= 100,000""]",24-48 hours
txn_a0d86904,23595.0,65,HIGH,OVERDUE_RECEIVABLE,"[""Invoice is overdue"", ""Customer has 4 previous failed payments"", ""Invoice is 59 days overdue"", ""Customer lifetime value is >= 100,000""]",1-3 days
txn_fcc2ec76,49976.0,45,MEDIUM,OVERDUE_RECEIVABLE,"[""Invoice is overdue"", ""Invoice is 74 days overdue""]",1-3 days
txn_790ae553,31395.0,30,MEDIUM,PAYMENT_INFRASTRUCTURE_FAILURE,"[""Payment failed""]",15-30 minutes
txn_2726749f,22524.0,30,MEDIUM,INSUFFICIENT_FUNDS,"[""Payment failed""]",24-48 hours
txn_e76df8b7,12077.0,45,MEDIUM,CHECKOUT_ABANDONMENT,"[""Checkout was abandoned"", ""Customer has 5 previous failed payments"", ""Customer lifetime value is >= 100,000""]",30-60 minutes
txn_0eba78b1,4850.0,55,MEDIUM,OVERDUE_RECEIVABLE,"[""Invoice is overdue"", ""Invoice is 50 days overdue"", ""Customer lifetime value is >= 100,000""]",1-3 days
txn_87e50911,3966.0,30,MEDIUM,TEMPORARY_PAYMENT_FAILURE,"[""Payment failed""]",15-30 minutes
txn_1028086e,42937.0,45,MEDIUM,OVERDUE_RECEIVABLE,"[""Invoice is overdue"", ""Customer lifetime value is >= 100,000""]",1-3 days
txn_2cbb4111,34303.0,35,MEDIUM,CHECKOUT_ABANDONMENT,"[""Checkout was abandoned"", ""Customer lifetime value is >= 100,000""]",30-60 minutes
txn_74b60e43,7121.0,25,LOW,CHECKOUT_ABANDONMENT,"[""Checkout was abandoned""]",30-60 minutes
txn_4c6a4cdb,30423.0,45,MEDIUM,OVERDUE_RECEIVABLE,"[""Invoice is overdue"", ""Invoice is 65 days overdue""]",1-3 days
txn_b499f365,3637.0,30,MEDIUM,PAYMENT_METHOD_FAILURE,"[""Payment failed""]",1-4 hours
txn_fad8b64f,44834.0,45,MEDIUM,OVERDUE_RECEIVABLE,"[""Invoice is overdue"", ""Invoice is 23 days overdue""]",1-3 days
txn_8b64ed40,4000.0,35,MEDIUM,OVERDUE_RECEIVABLE,"[""Invoice is overdue""]",1-3 days
txn_b0cc4461,46249.0,25,LOW,CHECKOUT_ABANDONMENT,"[""Checkout was abandoned""]",30-60 minutes
txn_193bd0e2,20027.0,40,MEDIUM,PAYMENT_METHOD_FAILURE,"[""Payment failed"", ""Customer lifetime value is >= 100,000""]",1-4 hours
txn_89c25d71,11520.0,30,MEDIUM,INSUFFICIENT_FUNDS,"[""Payment failed""]",24-48 hours
txn_125127cb,14374.0,30,MEDIUM,PAYMENT_INFRASTRUCTURE_FAILURE,"[""Payment failed""]",15-30 minutes
txn_ed93885d,2193.0,30,MEDIUM,OTHER_REVENUE_RISK,"[""Payment failed""]",24 hours
txn_63864e04,29666.0,55,MEDIUM,OVERDUE_RECEIVABLE,"[""Invoice is overdue"", ""Invoice is 42 days overdue"", ""Customer lifetime value is >= 100,000""]",1-3 days
txn_d70775cd,37163.0,30,MEDIUM,AUTHENTICATION_FAILURE,"[""Payment failed""]",1-4 hours
txn_618801a6,46047.0,50,MEDIUM,OTHER_REVENUE_RISK,"[""Payment failed"", ""Customer has 5 previous failed payments"", ""Customer lifetime value is >= 100,000""]",24 hours
txn_92ebf229,45043.0,35,MEDIUM,OVERDUE_RECEIVABLE,"[""Invoice is overdue""]",1-3 days
txn_7dd6759d,2011.0,45,MEDIUM,OVERDUE_RECEIVABLE,"[""Invoice is overdue"", ""Invoice is 34 days overdue""]",1-3 days
txn_196ebde3,25872.0,45,MEDIUM,OVERDUE_RECEIVABLE,"[""Invoice is overdue"", ""Invoice is 59 days overdue""]",1-3 days
txn_078df7d6,8880.0,25,LOW,CHECKOUT_ABANDONMENT,"[""Checkout was abandoned""]",30-60 minutes
txn_dad0ac36,32835.0,40,MEDIUM,TEMPORARY_PAYMENT_FAILURE,"[""Payment failed"", ""Customer has 3 previous failed payments""]",15-30 minutes
txn_9f5f3d02,42741.0,45,MEDIUM,OVERDUE_RECEIVABLE,"[""Invoice is overdue"", ""Invoice is 70 days overdue""]",1-3 days
txn_52727739,44708.0,55,MEDIUM,OVERDUE_RECEIVABLE,"[""Invoice is overdue"", ""Customer has 3 previous failed payments"", ""Customer lifetime value is >= 100,000""]",1-3 days
txn_a37c8fd9,28473.0,45,MEDIUM,OVERDUE_RECEIVABLE,"[""Invoice is overdue"", ""Invoice is 65 days overdue""]",1-3 days
txn_444c97fc,42574.0,65,HIGH,OVERDUE_RECEIVABLE,"[""Invoice is overdue"", ""Customer has 3 previous failed payments"", ""Invoice is 87 days overdue"", ""Customer lifetime value is >= 100,000""]",1-3 days
txn_35a6b547,21430.0,45,MEDIUM,OVERDUE_RECEIVABLE,"[""Invoice is overdue"", ""Invoice is 84 days overdue""]",1-3 days
txn_9477984d,4406.0,40,MEDIUM,PAYMENT_METHOD_FAILURE,"[""Payment failed"", ""Customer lifetime value is >= 100,000""]",1-4 hours
txn_ec4804e0,8188.0,40,MEDIUM,AUTHENTICATION_FAILURE,"[""Payment failed"", ""Customer has 3 previous failed payments""]",1-4 hours
txn_5e20153d,43306.0,45,MEDIUM,OVERDUE_RECEIVABLE,"[""Invoice is overdue"", ""Invoice is 88 days overdue""]",1-3 days
txn_9d16278f,12558.0,30,MEDIUM,TEMPORARY_PAYMENT_FAILURE,"[""Payment failed""]",15-30 minutes
txn_b4fe9de9,28591.0,45,MEDIUM,CHECKOUT_ABANDONMENT,"[""Checkout was abandoned"", ""Customer has 4 previous failed payments"", ""Customer lifetime value is >= 100,000""]",30-60 minutes
txn_e8631a98,33415.0,35,MEDIUM,OVERDUE_RECEIVABLE,"[""Invoice is overdue""]",1-3 days
txn_4339e1ea,37198.0,55,MEDIUM,OVERDUE_RECEIVABLE,"[""Invoice is overdue"", ""Invoice is 20 days overdue"", ""Customer lifetime value is >= 100,000""]",1-3 days
txn_0c91f52a,16132.0,45,MEDIUM,OVERDUE_RECEIVABLE,"[""Invoice is overdue"", ""Customer has 4 previous failed payments""]",1-3 days
txn_ecaf1afd,12248.0,25,LOW,CHECKOUT_ABANDONMENT,"[""Checkout was abandoned""]",30-60 minutes
txn_658a4350,35146.0,65,HIGH,OVERDUE_RECEIVABLE,"[""Invoice is overdue"", ""Customer has 3 previous failed payments"", ""Invoice is 80 days overdue"", ""Customer lifetime value is >= 100,000""]",1-3 days
txn_0f75e7e1,45862.0,30,MEDIUM,PAYMENT_METHOD_FAILURE,"[""Payment failed""]",1-4 hours
txn_d1dbffd8,37994.0,30,MEDIUM,PAYMENT_METHOD_FAILURE,"[""Payment failed""]",1-4 hours
txn_3a29aaf8,178.0,50,MEDIUM,AUTHENTICATION_FAILURE,"[""Payment failed"", ""Customer has 3 previous failed payments"", ""Customer lifetime value is >= 100,000""]",1-4 hours
txn_cca89443,2313.0,30,MEDIUM,INSUFFICIENT_FUNDS,"[""Payment failed""]",24-48 hours
txn_fe3ba3b5,9101.0,30,MEDIUM,PAYMENT_METHOD_FAILURE,"[""Payment failed""]",1-4 hours
txn_37f481b7,19246.0,25,LOW,CHECKOUT_ABANDONMENT,"[""Checkout was abandoned""]",30-60 minutes
txn_6d639bd9,29299.0,25,LOW,CHECKOUT_ABANDONMENT,"[""Checkout was abandoned""]",30-60 minutes
txn_fae92b5b,2543.0,25,LOW,CHECKOUT_ABANDONMENT,"[""Checkout was abandoned""]",30-60 minutes
txn_ed1de275,25102.0,25,LOW,CHECKOUT_ABANDONMENT,"[""Checkout was abandoned""]",30-60 minutes
txn_b1482b3e,12584.0,55,MEDIUM,OVERDUE_RECEIVABLE,"[""Invoice is overdue"", ""Invoice is 53 days overdue"", ""Customer lifetime value is >= 100,000""]",1-3 days
txn_d19b210c,35507.0,50,MEDIUM,TEMPORARY_PAYMENT_FAILURE,"[""Payment failed"", ""Customer has 5 previous failed payments"", ""Customer lifetime value is >= 100,000""]",15-30 minutes
txn_cc39882e,44030.0,30,MEDIUM,AUTHENTICATION_FAILURE,"[""Payment failed""]",1-4 hours
txn_22aa0b90,11440.0,55,MEDIUM,OVERDUE_RECEIVABLE,"[""Invoice is overdue"", ""Invoice is 30 days overdue"", ""Customer lifetime value is >= 100,000""]",1-3 days
txn_d2702897,8738.0,30,MEDIUM,PAYMENT_METHOD_FAILURE,"[""Payment failed""]",1-4 hours
txn_5552cbc3,19280.0,35,MEDIUM,CHECKOUT_ABANDONMENT,"[""Checkout was abandoned"", ""Customer has 3 previous failed payments""]",30-60 minutes
txn_aa79d1a4,17382.0,45,MEDIUM,OVERDUE_RECEIVABLE,"[""Invoice is overdue"", ""Customer lifetime value is >= 100,000""]",1-3 days
txn_547e9117,41317.0,30,MEDIUM,INSUFFICIENT_FUNDS,"[""Payment failed""]",24-48 hours
txn_fcb0fd59,25349.0,30,MEDIUM,PAYMENT_INFRASTRUCTURE_FAILURE,"[""Payment failed""]",15-30 minutes
txn_a7749a94,2850.0,55,MEDIUM,OVERDUE_RECEIVABLE,"[""Invoice is overdue"", ""Customer has 3 previous failed payments"", ""Invoice is 31 days overdue""]",1-3 days
txn_8ee5e146,16469.0,30,MEDIUM,PAYMENT_INFRASTRUCTURE_FAILURE,"[""Payment failed""]",15-30 minutes
txn_fc1c896e,13361.0,25,LOW,CHECKOUT_ABANDONMENT,"[""Checkout was abandoned""]",30-60 minutes
txn_c57f622d,32808.0,25,LOW,CHECKOUT_ABANDONMENT,"[""Checkout was abandoned""]",30-60 minutes
txn_ca57893d,776.0,35,MEDIUM,CHECKOUT_ABANDONMENT,"[""Checkout was abandoned"", ""Customer has 3 previous failed payments""]",30-60 minutes
txn_0ca78c14,20627.0,30,MEDIUM,OTHER_REVENUE_RISK,"[""Payment failed""]",24 hours
txn_43962e80,39273.0,45,MEDIUM,OVERDUE_RECEIVABLE,"[""Invoice is overdue"", ""Invoice is 41 days overdue""]",1-3 days
txn_aec51fc0,10586.0,25,LOW,CHECKOUT_ABANDONMENT,"[""Checkout was abandoned""]",30-60 minutes
txn_9eee1caa,2901.0,45,MEDIUM,OVERDUE_RECEIVABLE,"[""Invoice is overdue"", ""Invoice is 56 days overdue""]",1-3 days
txn_ee3b89f8,33612.0,50,MEDIUM,OTHER_REVENUE_RISK,"[""Payment failed"", ""Customer has 3 previous failed payments"", ""Customer lifetime value is >= 100,000""]",24 hours
txn_8d41c0b3,6914.0,55,MEDIUM,OVERDUE_RECEIVABLE,"[""Invoice is overdue"", ""Invoice is 75 days overdue"", ""Customer lifetime value is >= 100,000""]",1-3 days
txn_34e14c35,14367.0,50,MEDIUM,SUBSCRIPTION_PAYMENT_FAILURE,"[""Payment failed"", ""Customer has 5 previous failed payments"", ""Customer lifetime value is >= 100,000""]",24-48 hours
txn_24d72b00,44217.0,55,MEDIUM,OVERDUE_RECEIVABLE,"[""Invoice is overdue"", ""Invoice is 27 days overdue"", ""Customer lifetime value is >= 100,000""]",1-3 days
txn_4588227d,49254.0,45,MEDIUM,OVERDUE_RECEIVABLE,"[""Invoice is overdue"", ""Invoice is 52 days overdue""]",1-3 days
txn_e026fdfc,12543.0,55,MEDIUM,OVERDUE_RECEIVABLE,"[""Invoice is overdue"", ""Invoice is 20 days overdue"", ""Customer lifetime value is >= 100,000""]",1-3 days
txn_5aceadbf,45995.0,40,MEDIUM,AUTHENTICATION_FAILURE,"[""Payment failed"", ""Customer has 3 previous failed payments""]",1-4 hours
txn_f88a29c4,27559.0,65,HIGH,OVERDUE_RECEIVABLE,"[""Invoice is overdue"", ""Customer has 4 previous failed payments"", ""Invoice is 75 days overdue"", ""Customer lifetime value is >= 100,000""]",1-3 days
txn_ff051c7a,47036.0,50,MEDIUM,OTHER_REVENUE_RISK,"[""Payment failed"", ""Customer has 3 previous failed payments"", ""Customer lifetime value is >= 100,000""]",24 hours
txn_1ff302bf,18727.0,45,MEDIUM,OVERDUE_RECEIVABLE,"[""Invoice is overdue"", ""Invoice is 52 days overdue""]",1-3 days
txn_87464c77,1284.0,45,MEDIUM,OVERDUE_RECEIVABLE,"[""Invoice is overdue"", ""Invoice is 70 days overdue""]",1-3 days
txn_3d2b8595,37660.0,55,MEDIUM,OVERDUE_RECEIVABLE,"[""Invoice is overdue"", ""Invoice is 72 days overdue"", ""Customer lifetime value is >= 100,000""]",1-3 days
txn_4e5745d5,48393.0,30,MEDIUM,INSUFFICIENT_FUNDS,"[""Payment failed""]",24-48 hours
txn_e23fa440,39188.0,45,MEDIUM,OVERDUE_RECEIVABLE,"[""Invoice is overdue"", ""Invoice is 46 days overdue""]",1-3 days
txn_6cd8bfc7,12655.0,25,LOW,CHECKOUT_ABANDONMENT,"[""Checkout was abandoned""]",30-60 minutes
txn_aa6219dc,9073.0,45,MEDIUM,OVERDUE_RECEIVABLE,"[""Invoice is overdue"", ""Invoice is 41 days overdue""]",1-3 days
txn_efbd0b1e,39155.0,30,MEDIUM,TEMPORARY_PAYMENT_FAILURE,"[""Payment failed""]",15-30 minutes
txn_dce51b8a,31052.0,50,MEDIUM,OTHER_REVENUE_RISK,"[""Payment failed"", ""Customer has 3 previous failed payments"", ""Customer lifetime value is >= 100,000""]",24 hours
txn_d651f1d2,22793.0,40,MEDIUM,OTHER_REVENUE_RISK,"[""Payment failed"", ""Customer has 3 previous failed payments""]",24 hours
txn_f5d94ac2,29501.0,30,MEDIUM,TEMPORARY_PAYMENT_FAILURE,"[""Payment failed""]",15-30 minutes
txn_b6685c52,19485.0,45,MEDIUM,OVERDUE_RECEIVABLE,"[""Invoice is overdue"", ""Invoice is 15 days overdue""]",1-3 days
txn_1edc3709,29112.0,30,MEDIUM,PAYMENT_METHOD_FAILURE,"[""Payment failed""]",1-4 hours
txn_17c54313,16939.0,30,MEDIUM,SUBSCRIPTION_PAYMENT_FAILURE,"[""Payment failed""]",24-48 hours
txn_b341bd52,44008.0,30,MEDIUM,PAYMENT_INFRASTRUCTURE_FAILURE,"[""Payment failed""]",15-30 minutes
txn_3a625b2c,5470.0,45,MEDIUM,OVERDUE_RECEIVABLE,"[""Invoice is overdue"", ""Invoice is 60 days overdue""]",1-3 days
txn_953e7d1c,27982.0,45,MEDIUM,OVERDUE_RECEIVABLE,"[""Invoice is overdue"", ""Invoice is 64 days overdue""]",1-3 days
txn_4ff08adc,13857.0,30,MEDIUM,AUTHENTICATION_FAILURE,"[""Payment failed""]",1-4 hours
txn_8db75881,20618.0,35,MEDIUM,CHECKOUT_ABANDONMENT,"[""Checkout was abandoned"", ""Customer lifetime value is >= 100,000""]",30-60 minutes
txn_77e849e3,35006.0,55,MEDIUM,OVERDUE_RECEIVABLE,"[""Invoice is overdue"", ""Invoice is 17 days overdue"", ""Customer lifetime value is >= 100,000""]",1-3 days
txn_a669104d,45789.0,45,MEDIUM,OVERDUE_RECEIVABLE,"[""Invoice is overdue"", ""Invoice is 68 days overdue""]",1-3 days
txn_4f0af965,33500.0,30,MEDIUM,PAYMENT_INFRASTRUCTURE_FAILURE,"[""Payment failed""]",15-30 minutes
txn_8502c1c9,28293.0,55,MEDIUM,OVERDUE_RECEIVABLE,"[""Invoice is overdue"", ""Customer has 3 previous failed payments"", ""Customer lifetime value is >= 100,000""]",1-3 days
txn_e6f4cf73,43306.0,55,MEDIUM,OVERDUE_RECEIVABLE,"[""Invoice is overdue"", ""Customer has 4 previous failed payments"", ""Invoice is 78 days overdue""]",1-3 days
txn_a1237cb6,7487.0,30,MEDIUM,PAYMENT_METHOD_FAILURE,"[""Payment failed""]",1-4 hours
txn_95d269db,2689.0,25,LOW,CHECKOUT_ABANDONMENT,"[""Checkout was abandoned""]",30-60 minutes
txn_6c401d8f,23437.0,30,MEDIUM,AUTHENTICATION_FAILURE,"[""Payment failed""]",1-4 hours
txn_6653469e,19665.0,45,MEDIUM,OVERDUE_RECEIVABLE,"[""Invoice is overdue"", ""Invoice is 19 days overdue""]",1-3 days
txn_12880414,3482.0,25,LOW,CHECKOUT_ABANDONMENT,"[""Checkout was abandoned""]",30-60 minutes
txn_8323aae6,14197.0,30,MEDIUM,AUTHENTICATION_FAILURE,"[""Payment failed""]",1-4 hours
txn_ce41efe4,2403.0,45,MEDIUM,OVERDUE_RECEIVABLE,"[""Invoice is overdue"", ""Customer has 3 previous failed payments""]",1-3 days
txn_6da62a50,32604.0,35,MEDIUM,CHECKOUT_ABANDONMENT,"[""Checkout was abandoned"", ""Customer has 4 previous failed payments""]",30-60 minutes
txn_e2171cc6,35294.0,45,MEDIUM,OVERDUE_RECEIVABLE,"[""Invoice is overdue"", ""Invoice is 75 days overdue""]",1-3 days
txn_1fb5bb50,35218.0,40,MEDIUM,INSUFFICIENT_FUNDS,"[""Payment failed"", ""Customer has 3 previous failed payments""]",24-48 hours
txn_595a7eab,37098.0,45,MEDIUM,OVERDUE_RECEIVABLE,"[""Invoice is overdue"", ""Invoice is 15 days overdue""]",1-3 days
txn_0cf95bcf,13161.0,55,MEDIUM,OVERDUE_RECEIVABLE,"[""Invoice is overdue"", ""Invoice is 63 days overdue"", ""Customer lifetime value is >= 100,000""]",1-3 days
txn_6f93ff59,5487.0,55,MEDIUM,OVERDUE_RECEIVABLE,"[""Invoice is overdue"", ""Customer has 3 previous failed payments"", ""Invoice is 71 days overdue""]",1-3 days
txn_67d8073b,38732.0,25,LOW,CHECKOUT_ABANDONMENT,"[""Checkout was abandoned""]",30-60 minutes
txn_6f17a956,29307.0,25,LOW,CHECKOUT_ABANDONMENT,"[""Checkout was abandoned""]",30-60 minutes
txn_d855999f,32663.0,55,MEDIUM,OVERDUE_RECEIVABLE,"[""Invoice is overdue"", ""Customer has 3 previous failed payments"", ""Invoice is 34 days overdue""]",1-3 days
txn_533a341f,21554.0,30,MEDIUM,PAYMENT_INFRASTRUCTURE_FAILURE,"[""Payment failed""]",15-30 minutes
txn_d59b1937,34988.0,55,MEDIUM,OVERDUE_RECEIVABLE,"[""Invoice is overdue"", ""Customer has 3 previous failed payments"", ""Invoice is 48 days overdue""]",1-3 days
txn_74e33436,20118.0,30,MEDIUM,PAYMENT_METHOD_FAILURE,"[""Payment failed""]",1-4 hours
txn_3bd1b91f,26326.0,30,MEDIUM,PAYMENT_METHOD_FAILURE,"[""Payment failed""]",1-4 hours
txn_266d4a59,40964.0,25,LOW,CHECKOUT_ABANDONMENT,"[""Checkout was abandoned""]",30-60 minutes
txn_02a1745d,9983.0,45,MEDIUM,OVERDUE_RECEIVABLE,"[""Invoice is overdue"", ""Customer lifetime value is >= 100,000""]",1-3 days
txn_af4a136f,3343.0,30,MEDIUM,TEMPORARY_PAYMENT_FAILURE,"[""Payment failed""]",15-30 minutes
txn_84bab238,41789.0,25,LOW,CHECKOUT_ABANDONMENT,"[""Checkout was abandoned""]",30-60 minutes
txn_c77dbb41,29174.0,30,MEDIUM,AUTHENTICATION_FAILURE,"[""Payment failed""]",1-4 hours
txn_16f98b00,41632.0,35,MEDIUM,CHECKOUT_ABANDONMENT,"[""Checkout was abandoned"", ""Customer has 3 previous failed payments""]",30-60 minutes
txn_67aef44c,47044.0,30,MEDIUM,INSUFFICIENT_FUNDS,"[""Payment failed""]",24-48 hours
txn_5c2b3b2d,8944.0,25,LOW,CHECKOUT_ABANDONMENT,"[""Checkout was abandoned""]",30-60 minutes
txn_0e9ad219,25295.0,45,MEDIUM,CHECKOUT_ABANDONMENT,"[""Checkout was abandoned"", ""Customer has 4 previous failed payments"", ""Customer lifetime value is >= 100,000""]",30-60 minutes
txn_74a231d2,1405.0,30,MEDIUM,AUTHENTICATION_FAILURE,"[""Payment failed""]",1-4 hours
txn_fddf6969,9408.0,35,MEDIUM,OVERDUE_RECEIVABLE,"[""Invoice is overdue""]",1-3 days
txn_9c9c68c1,40732.0,40,MEDIUM,PAYMENT_INFRASTRUCTURE_FAILURE,"[""Payment failed"", ""Customer lifetime value is >= 100,000""]",15-30 minutes
txn_4db56377,48504.0,45,MEDIUM,OVERDUE_RECEIVABLE,"[""Invoice is overdue"", ""Invoice is 55 days overdue""]",1-3 days
txn_6286138a,32780.0,35,MEDIUM,CHECKOUT_ABANDONMENT,"[""Checkout was abandoned"", ""Customer has 3 previous failed payments""]",30-60 minutes
txn_597043eb,21075.0,55,MEDIUM,OVERDUE_RECEIVABLE,"[""Invoice is overdue"", ""Invoice is 61 days overdue"", ""Customer lifetime value is >= 100,000""]",1-3 days
txn_7293bccd,34839.0,35,MEDIUM,OVERDUE_RECEIVABLE,"[""Invoice is overdue""]",1-3 days
txn_95158916,11658.0,30,MEDIUM,OTHER_REVENUE_RISK,"[""Payment failed""]",24 hours
txn_bc1c6218,39682.0,45,MEDIUM,OVERDUE_RECEIVABLE,"[""Invoice is overdue"", ""Invoice is 19 days overdue""]",1-3 days
txn_df727943,32855.0,55,MEDIUM,OVERDUE_RECEIVABLE,"[""Invoice is overdue"", ""Customer has 3 previous failed payments"", ""Invoice is 44 days overdue""]",1-3 days
txn_50ebcb25,17117.0,25,LOW,CHECKOUT_ABANDONMENT,"[""Checkout was abandoned""]",30-60 minutes
txn_dfe047e6,49047.0,55,MEDIUM,OVERDUE_RECEIVABLE,"[""Invoice is overdue"", ""Invoice is 53 days overdue"", ""Customer lifetime value is >= 100,000""]",1-3 days
txn_5565d176,26318.0,45,MEDIUM,OVERDUE_RECEIVABLE,"[""Invoice is overdue"", ""Invoice is 25 days overdue""]",1-3 days
txn_70c6dfb9,21405.0,25,LOW,CHECKOUT_ABANDONMENT,"[""Checkout was abandoned""]",30-60 minutes
txn_77bf2140,36147.0,25,LOW,CHECKOUT_ABANDONMENT,"[""Checkout was abandoned""]",30-60 minutes
txn_ade6ceeb,49340.0,25,LOW,CHECKOUT_ABANDONMENT,"[""Checkout was abandoned""]",30-60 minutes
txn_f3d7012b,26411.0,45,MEDIUM,OVERDUE_RECEIVABLE,"[""Invoice is overdue"", ""Invoice is 26 days overdue""]",1-3 days
txn_9c0ca186,18061.0,45,MEDIUM,OVERDUE_RECEIVABLE,"[""Invoice is overdue"", ""Invoice is 61 days overdue""]",1-3 days
txn_c858e8ae,28000.0,45,MEDIUM,OVERDUE_RECEIVABLE,"[""Invoice is overdue"", ""Invoice is 16 days overdue""]",1-3 days
txn_19fb5725,17701.0,45,MEDIUM,OVERDUE_RECEIVABLE,"[""Invoice is overdue"", ""Invoice is 41 days overdue""]",1-3 days
txn_7bdba664,19728.0,30,MEDIUM,OTHER_REVENUE_RISK,"[""Payment failed""]",24 hours
txn_8200dd03,16770.0,30,MEDIUM,SUBSCRIPTION_PAYMENT_FAILURE,"[""Payment failed""]",24-48 hours
txn_1da402e5,18118.0,55,MEDIUM,OVERDUE_RECEIVABLE,"[""Invoice is overdue"", ""Customer has 5 previous failed payments"", ""Customer lifetime value is >= 100,000""]",1-3 days
txn_0e86c3be,45636.0,35,MEDIUM,OVERDUE_RECEIVABLE,"[""Invoice is overdue""]",1-3 days
txn_6c6e5ea6,46842.0,40,MEDIUM,TEMPORARY_PAYMENT_FAILURE,"[""Payment failed"", ""Customer has 3 previous failed payments""]",15-30 minutes
txn_96b34ec0,43290.0,25,LOW,CHECKOUT_ABANDONMENT,"[""Checkout was abandoned""]",30-60 minutes
txn_e6c6939f,37625.0,25,LOW,CHECKOUT_ABANDONMENT,"[""Checkout was abandoned""]",30-60 minutes
txn_9b01fff6,2230.0,25,LOW,CHECKOUT_ABANDONMENT,"[""Checkout was abandoned""]",30-60 minutes
txn_f7646354,4500.0,35,MEDIUM,CHECKOUT_ABANDONMENT,"[""Checkout was abandoned"", ""Customer has 5 previous failed payments""]",30-60 minutes
txn_cb05eaab,826.0,25,LOW,CHECKOUT_ABANDONMENT,"[""Checkout was abandoned""]",30-60 minutes
txn_92915dad,36937.0,25,LOW,CHECKOUT_ABANDONMENT,"[""Checkout was abandoned""]",30-60 minutes
txn_f5418f66,2280.0,45,MEDIUM,OVERDUE_RECEIVABLE,"[""Invoice is overdue"", ""Invoice is 44 days overdue""]",1-3 days
txn_77fb2c43,7980.0,25,LOW,CHECKOUT_ABANDONMENT,"[""Checkout was abandoned""]",30-60 minutes
txn_8c0266f8,37759.0,45,MEDIUM,OVERDUE_RECEIVABLE,"[""Invoice is overdue"", ""Invoice is 83 days overdue""]",1-3 days
txn_4107e5af,10568.0,25,LOW,CHECKOUT_ABANDONMENT,"[""Checkout was abandoned""]",30-60 minutes
txn_d6d29a2d,15394.0,25,LOW,CHECKOUT_ABANDONMENT,"[""Checkout was abandoned""]",30-60 minutes
txn_cfa8b8c7,40125.0,25,LOW,CHECKOUT_ABANDONMENT,"[""Checkout was abandoned""]",30-60 minutes
txn_35cccfee,38855.0,30,MEDIUM,TEMPORARY_PAYMENT_FAILURE,"[""Payment failed""]",15-30 minutes
txn_e0887d7b,30633.0,50,MEDIUM,AUTHENTICATION_FAILURE,"[""Payment failed"", ""Customer has 3 previous failed payments"", ""Customer lifetime value is >= 100,000""]",1-4 hours
txn_b28dedb1,22627.0,50,MEDIUM,TEMPORARY_PAYMENT_FAILURE,"[""Payment failed"", ""Customer has 4 previous failed payments"", ""Customer lifetime value is >= 100,000""]",15-30 minutes
txn_ff584654,2887.0,40,MEDIUM,TEMPORARY_PAYMENT_FAILURE,"[""Payment failed"", ""Customer has 4 previous failed payments""]",15-30 minutes
txn_d58b9396,43387.0,35,MEDIUM,OVERDUE_RECEIVABLE,"[""Invoice is overdue""]",1-3 days
txn_0632e266,11583.0,25,LOW,CHECKOUT_ABANDONMENT,"[""Checkout was abandoned""]",30-60 minutes
txn_ea0ae895,25101.0,45,MEDIUM,CHECKOUT_ABANDONMENT,"[""Checkout was abandoned"", ""Customer has 5 previous failed payments"", ""Customer lifetime value is >= 100,000""]",30-60 minutes
txn_9d66b769,31855.0,25,LOW,CHECKOUT_ABANDONMENT,"[""Checkout was abandoned""]",30-60 minutes
txn_6db6f0ec,10337.0,45,MEDIUM,OVERDUE_RECEIVABLE,"[""Invoice is overdue"", ""Invoice is 29 days overdue""]",1-3 days
txn_d7b0e8dd,24165.0,25,LOW,CHECKOUT_ABANDONMENT,"[""Checkout was abandoned""]",30-60 minutes
txn_c6cac672,33524.0,45,MEDIUM,OVERDUE_RECEIVABLE,"[""Invoice is overdue"", ""Invoice is 70 days overdue""]",1-3 days
txn_c00fb9d6,39704.0,45,MEDIUM,CHECKOUT_ABANDONMENT,"[""Checkout was abandoned"", ""Customer has 3 previous failed payments"", ""Customer lifetime value is >= 100,000""]",30-60 minutes
txn_040e71b5,39388.0,30,MEDIUM,PAYMENT_METHOD_FAILURE,"[""Payment failed""]",1-4 hours
txn_1a7b2e14,43237.0,40,MEDIUM,AUTHENTICATION_FAILURE,"[""Payment failed"", ""Customer lifetime value is >= 100,000""]",1-4 hours
txn_961e6778,35723.0,45,MEDIUM,OVERDUE_RECEIVABLE,"[""Invoice is overdue"", ""Invoice is 61 days overdue""]",1-3 days
txn_2b95ce2d,43820.0,30,MEDIUM,INSUFFICIENT_FUNDS,"[""Payment failed""]",24-48 hours
txn_adc693c9,2130.0,35,MEDIUM,CHECKOUT_ABANDONMENT,"[""Checkout was abandoned"", ""Customer has 3 previous failed payments""]",30-60 minutes
txn_3c47186e,26358.0,55,MEDIUM,OVERDUE_RECEIVABLE,"[""Invoice is overdue"", ""Invoice is 17 days overdue"", ""Customer lifetime value is >= 100,000""]",1-3 days
txn_fec3258d,18126.0,55,MEDIUM,OVERDUE_RECEIVABLE,"[""Invoice is overdue"", ""Invoice is 58 days overdue"", ""Customer lifetime value is >= 100,000""]",1-3 days
txn_22e7b91f,27361.0,45,MEDIUM,OVERDUE_RECEIVABLE,"[""Invoice is overdue"", ""Invoice is 17 days overdue""]",1-3 days
txn_360b5a4b,23514.0,25,LOW,CHECKOUT_ABANDONMENT,"[""Checkout was abandoned""]",30-60 minutes
txn_078c4033,47870.0,30,MEDIUM,INSUFFICIENT_FUNDS,"[""Payment failed""]",24-48 hours
txn_e77220c4,925.0,25,LOW,CHECKOUT_ABANDONMENT,"[""Checkout was abandoned""]",30-60 minutes
txn_848db85e,16395.0,55,MEDIUM,OVERDUE_RECEIVABLE,"[""Invoice is overdue"", ""Invoice is 78 days overdue"", ""Customer lifetime value is >= 100,000""]",1-3 days
txn_ea94ee92,18364.0,40,MEDIUM,OTHER_REVENUE_RISK,"[""Payment failed"", ""Customer lifetime value is >= 100,000""]",24 hours
txn_1d3996ee,28411.0,25,LOW,CHECKOUT_ABANDONMENT,"[""Checkout was abandoned""]",30-60 minutes
txn_f8d92916,47000.0,55,MEDIUM,OVERDUE_RECEIVABLE,"[""Invoice is overdue"", ""Invoice is 16 days overdue"", ""Customer lifetime value is >= 100,000""]",1-3 days
txn_7885ec45,14672.0,35,MEDIUM,OVERDUE_RECEIVABLE,"[""Invoice is overdue""]",1-3 days
txn_a60965dc,2219.0,30,MEDIUM,AUTHENTICATION_FAILURE,"[""Payment failed""]",1-4 hours
txn_83649159,37886.0,30,MEDIUM,AUTHENTICATION_FAILURE,"[""Payment failed""]",1-4 hours
txn_04b09ce1,28210.0,30,MEDIUM,TEMPORARY_PAYMENT_FAILURE,"[""Payment failed""]",15-30 minutes
txn_2295fca7,9482.0,30,MEDIUM,PAYMENT_METHOD_FAILURE,"[""Payment failed""]",1-4 hours
txn_7d9ba6ae,10382.0,55,MEDIUM,OVERDUE_RECEIVABLE,"[""Invoice is overdue"", ""Invoice is 22 days overdue"", ""Customer lifetime value is >= 100,000""]",1-3 days
txn_cd145a01,24996.0,40,MEDIUM,PAYMENT_METHOD_FAILURE,"[""Payment failed"", ""Customer has 3 previous failed payments""]",1-4 hours
txn_d02146d5,27832.0,45,MEDIUM,OVERDUE_RECEIVABLE,"[""Invoice is overdue"", ""Invoice is 64 days overdue""]",1-3 days
txn_f955e5e2,19783.0,45,MEDIUM,OVERDUE_RECEIVABLE,"[""Invoice is overdue"", ""Invoice is 52 days overdue""]",1-3 days
txn_92151dc0,37040.0,50,MEDIUM,PAYMENT_METHOD_FAILURE,"[""Payment failed"", ""Customer has 3 previous failed payments"", ""Customer lifetime value is >= 100,000""]",1-4 hours
txn_1c83a081,45883.0,40,MEDIUM,PAYMENT_METHOD_FAILURE,"[""Payment failed"", ""Customer lifetime value is >= 100,000""]",1-4 hours
txn_d611423e,10549.0,65,HIGH,OVERDUE_RECEIVABLE,"[""Invoice is overdue"", ""Customer has 5 previous failed payments"", ""Invoice is 29 days overdue"", ""Customer lifetime value is >= 100,000""]",1-3 days
txn_e2026e2a,21818.0,30,MEDIUM,TEMPORARY_PAYMENT_FAILURE,"[""Payment failed""]",15-30 minutes
txn_e1a8b099,27242.0,45,MEDIUM,OVERDUE_RECEIVABLE,"[""Invoice is overdue"", ""Invoice is 65 days overdue""]",1-3 days
txn_52168a0c,326.0,35,MEDIUM,CHECKOUT_ABANDONMENT,"[""Checkout was abandoned"", ""Customer lifetime value is >= 100,000""]",30-60 minutes
txn_39bc88b4,11206.0,50,MEDIUM,PAYMENT_METHOD_FAILURE,"[""Payment failed"", ""Customer has 5 previous failed payments"", ""Customer lifetime value is >= 100,000""]",1-4 hours
txn_b3bf5b15,39300.0,25,LOW,CHECKOUT_ABANDONMENT,"[""Checkout was abandoned""]",30-60 minutes
txn_c80ffe79,20743.0,40,MEDIUM,TEMPORARY_PAYMENT_FAILURE,"[""Payment failed"", ""Customer lifetime value is >= 100,000""]",15-30 minutes
txn_a2a33203,20035.0,40,MEDIUM,INSUFFICIENT_FUNDS,"[""Payment failed"", ""Customer lifetime value is >= 100,000""]",24-48 hours
txn_c3be6e33,38682.0,25,LOW,CHECKOUT_ABANDONMENT,"[""Checkout was abandoned""]",30-60 minutes
txn_bd6ca3f5,26852.0,55,MEDIUM,OVERDUE_RECEIVABLE,"[""Invoice is overdue"", ""Invoice is 25 days overdue"", ""Customer lifetime value is >= 100,000""]",1-3 days
txn_79ae1457,22161.0,35,MEDIUM,CHECKOUT_ABANDONMENT,"[""Checkout was abandoned"", ""Customer lifetime value is >= 100,000""]",30-60 minutes
txn_4525d156,36046.0,30,MEDIUM,PAYMENT_METHOD_FAILURE,"[""Payment failed""]",1-4 hours
txn_521f42c2,45105.0,45,MEDIUM,OVERDUE_RECEIVABLE,"[""Invoice is overdue"", ""Invoice is 67 days overdue""]",1-3 days
txn_428e450b,34178.0,25,LOW,CHECKOUT_ABANDONMENT,"[""Checkout was abandoned""]",30-60 minutes
txn_3292604f,39010.0,30,MEDIUM,AUTHENTICATION_FAILURE,"[""Payment failed""]",1-4 hours
txn_19db666a,28176.0,40,MEDIUM,INSUFFICIENT_FUNDS,"[""Payment failed"", ""Customer lifetime value is >= 100,000""]",24-48 hours
txn_5c309644,2707.0,30,MEDIUM,SUBSCRIPTION_PAYMENT_FAILURE,"[""Payment failed""]",24-48 hours
txn_3d5d1cde,11923.0,40,MEDIUM,OTHER_REVENUE_RISK,"[""Payment failed"", ""Customer lifetime value is >= 100,000""]",24 hours
txn_583f8eab,38732.0,25,LOW,CHECKOUT_ABANDONMENT,"[""Checkout was abandoned""]",30-60 minutes
txn_803b3b2c,43534.0,30,MEDIUM,SUBSCRIPTION_PAYMENT_FAILURE,"[""Payment failed""]",24-48 hours
txn_1c1d6376,20959.0,25,LOW,CHECKOUT_ABANDONMENT,"[""Checkout was abandoned""]",30-60 minutes
txn_be1526fb,41227.0,45,MEDIUM,OVERDUE_RECEIVABLE,"[""Invoice is overdue"", ""Invoice is 35 days overdue""]",1-3 days
txn_591aebed,10596.0,30,MEDIUM,OTHER_REVENUE_RISK,"[""Payment failed""]",24 hours
txn_b82adab9,9059.0,30,MEDIUM,INSUFFICIENT_FUNDS,"[""Payment failed""]",24-48 hours
txn_91a06a4a,48359.0,65,HIGH,OVERDUE_RECEIVABLE,"[""Invoice is overdue"", ""Customer has 5 previous failed payments"", ""Invoice is 48 days overdue"", ""Customer lifetime value is >= 100,000""]",1-3 days
txn_d25e5555,23479.0,40,MEDIUM,SUBSCRIPTION_PAYMENT_FAILURE,"[""Payment failed"", ""Customer lifetime value is >= 100,000""]",24-48 hours
txn_48fe30fd,19751.0,35,MEDIUM,CHECKOUT_ABANDONMENT,"[""Checkout was abandoned"", ""Customer has 3 previous failed payments""]",30-60 minutes
txn_48e603d8,13429.0,25,LOW,CHECKOUT_ABANDONMENT,"[""Checkout was abandoned""]",30-60 minutes
txn_0182f6b4,8316.0,30,MEDIUM,INSUFFICIENT_FUNDS,"[""Payment failed""]",24-48 hours
txn_181ed320,37792.0,50,MEDIUM,SUBSCRIPTION_PAYMENT_FAILURE,"[""Payment failed"", ""Customer has 3 previous failed payments"", ""Customer lifetime value is >= 100,000""]",24-48 hours
txn_99e4abbb,48790.0,45,MEDIUM,OVERDUE_RECEIVABLE,"[""Invoice is overdue"", ""Invoice is 43 days overdue""]",1-3 days
txn_b55fb26c,21076.0,40,MEDIUM,INSUFFICIENT_FUNDS,"[""Payment failed"", ""Customer has 3 previous failed payments""]",24-48 hours
txn_e649469d,44355.0,40,MEDIUM,PAYMENT_METHOD_FAILURE,"[""Payment failed"", ""Customer lifetime value is >= 100,000""]",1-4 hours
txn_917a43b8,8651.0,45,MEDIUM,OVERDUE_RECEIVABLE,"[""Invoice is overdue"", ""Invoice is 24 days overdue""]",1-3 days
txn_9f717198,48541.0,45,MEDIUM,OVERDUE_RECEIVABLE,"[""Invoice is overdue"", ""Invoice is 79 days overdue""]",1-3 days
txn_377bf37d,15992.0,40,MEDIUM,SUBSCRIPTION_PAYMENT_FAILURE,"[""Payment failed"", ""Customer lifetime value is >= 100,000""]",24-48 hours
txn_d7d9f9b7,42015.0,25,LOW,CHECKOUT_ABANDONMENT,"[""Checkout was abandoned""]",30-60 minutes
txn_9ea92e6b,28562.0,25,LOW,CHECKOUT_ABANDONMENT,"[""Checkout was abandoned""]",30-60 minutes
txn_3f9f330f,26820.0,40,MEDIUM,OTHER_REVENUE_RISK,"[""Payment failed"", ""Customer lifetime value is >= 100,000""]",24 hours
txn_636802bf,32465.0,45,MEDIUM,OVERDUE_RECEIVABLE,"[""Invoice is overdue"", ""Invoice is 76 days overdue""]",1-3 days
txn_2b2cd9c9,27516.0,40,MEDIUM,OTHER_REVENUE_RISK,"[""Payment failed"", ""Customer lifetime value is >= 100,000""]",24 hours
txn_f6174808,31163.0,35,MEDIUM,CHECKOUT_ABANDONMENT,"[""Checkout was abandoned"", ""Customer has 3 previous failed payments""]",30-60 minutes
txn_0274608e,49164.0,45,MEDIUM,CHECKOUT_ABANDONMENT,"[""Checkout was abandoned"", ""Customer has 3 previous failed payments"", ""Customer lifetime value is >= 100,000""]",30-60 minutes
txn_a9b8b6cb,12634.0,45,MEDIUM,OVERDUE_RECEIVABLE,"[""Invoice is overdue"", ""Invoice is 77 days overdue""]",1-3 days
txn_efb92c07,5337.0,25,LOW,CHECKOUT_ABANDONMENT,"[""Checkout was abandoned""]",30-60 minutes
txn_25303f0c,35778.0,35,MEDIUM,OVERDUE_RECEIVABLE,"[""Invoice is overdue""]",1-3 days
txn_c84128f1,10687.0,55,MEDIUM,OVERDUE_RECEIVABLE,"[""Invoice is overdue"", ""Customer has 3 previous failed payments"", ""Customer lifetime value is >= 100,000""]",1-3 days
txn_b7487833,4841.0,30,MEDIUM,PAYMENT_METHOD_FAILURE,"[""Payment failed""]",1-4 hours
txn_d5ed4aaa,5762.0,30,MEDIUM,TEMPORARY_PAYMENT_FAILURE,"[""Payment failed""]",15-30 minutes
txn_d3e13e14,43944.0,55,MEDIUM,OVERDUE_RECEIVABLE,"[""Invoice is overdue"", ""Customer has 5 previous failed payments"", ""Customer lifetime value is >= 100,000""]",1-3 days
txn_35b5a82e,2558.0,45,MEDIUM,OVERDUE_RECEIVABLE,"[""Invoice is overdue"", ""Invoice is 82 days overdue""]",1-3 days
txn_e5ecb34c,18086.0,45,MEDIUM,OVERDUE_RECEIVABLE,"[""Invoice is overdue"", ""Invoice is 15 days overdue""]",1-3 days
txn_6d9d4853,6770.0,45,MEDIUM,OVERDUE_RECEIVABLE,"[""Invoice is overdue"", ""Invoice is 15 days overdue""]",1-3 days
txn_17c05119,29132.0,65,HIGH,OVERDUE_RECEIVABLE,"[""Invoice is overdue"", ""Customer has 4 previous failed payments"", ""Invoice is 19 days overdue"", ""Customer lifetime value is >= 100,000""]",1-3 days
txn_08e294c0,8373.0,45,MEDIUM,OVERDUE_RECEIVABLE,"[""Invoice is overdue"", ""Invoice is 66 days overdue""]",1-3 days
txn_7a663ead,41309.0,30,MEDIUM,PAYMENT_INFRASTRUCTURE_FAILURE,"[""Payment failed""]",15-30 minutes
txn_62942a53,32408.0,55,MEDIUM,OVERDUE_RECEIVABLE,"[""Invoice is overdue"", ""Customer has 5 previous failed payments"", ""Invoice is 48 days overdue""]",1-3 days
txn_2313fa9e,143.0,45,MEDIUM,OVERDUE_RECEIVABLE,"[""Invoice is overdue"", ""Invoice is 54 days overdue""]",1-3 days
txn_a5b86fb1,28224.0,25,LOW,CHECKOUT_ABANDONMENT,"[""Checkout was abandoned""]",30-60 minutes
txn_1ad07263,27510.0,45,MEDIUM,OVERDUE_RECEIVABLE,"[""Invoice is overdue"", ""Invoice is 85 days overdue""]",1-3 days
txn_53313362,11919.0,25,LOW,CHECKOUT_ABANDONMENT,"[""Checkout was abandoned""]",30-60 minutes
txn_90cd6982,11510.0,45,MEDIUM,OVERDUE_RECEIVABLE,"[""Invoice is overdue"", ""Invoice is 28 days overdue""]",1-3 days
txn_af021e85,22513.0,30,MEDIUM,AUTHENTICATION_FAILURE,"[""Payment failed""]",1-4 hours
txn_a9a0ea14,1987.0,55,MEDIUM,OVERDUE_RECEIVABLE,"[""Invoice is overdue"", ""Customer has 3 previous failed payments"", ""Invoice is 50 days overdue""]",1-3 days
txn_30c324fd,9229.0,30,MEDIUM,PAYMENT_METHOD_FAILURE,"[""Payment failed""]",1-4 hours
txn_1261911e,24779.0,45,MEDIUM,CHECKOUT_ABANDONMENT,"[""Checkout was abandoned"", ""Customer has 5 previous failed payments"", ""Customer lifetime value is >= 100,000""]",30-60 minutes
txn_46717ba8,14334.0,35,MEDIUM,CHECKOUT_ABANDONMENT,"[""Checkout was abandoned"", ""Customer lifetime value is >= 100,000""]",30-60 minutes
txn_d6f04627,7850.0,25,LOW,CHECKOUT_ABANDONMENT,"[""Checkout was abandoned""]",30-60 minutes
txn_90cc7249,28143.0,45,MEDIUM,OVERDUE_RECEIVABLE,"[""Invoice is overdue"", ""Invoice is 54 days overdue""]",1-3 days
txn_18196b8f,4484.0,25,LOW,CHECKOUT_ABANDONMENT,"[""Checkout was abandoned""]",30-60 minutes
txn_e6080967,8167.0,30,MEDIUM,PAYMENT_INFRASTRUCTURE_FAILURE,"[""Payment failed""]",15-30 minutes
txn_10ed99c9,35186.0,35,MEDIUM,CHECKOUT_ABANDONMENT,"[""Checkout was abandoned"", ""Customer has 3 previous failed payments""]",30-60 minutes
txn_6a0bc465,4268.0,45,MEDIUM,OVERDUE_RECEIVABLE,"[""Invoice is overdue"", ""Invoice is 19 days overdue""]",1-3 days
txn_a993dc82,24048.0,55,MEDIUM,OVERDUE_RECEIVABLE,"[""Invoice is overdue"", ""Customer has 3 previous failed payments"", ""Invoice is 87 days overdue""]",1-3 days
txn_902d99a6,20737.0,30,MEDIUM,AUTHENTICATION_FAILURE,"[""Payment failed""]",1-4 hours
txn_bdc5ed7e,3654.0,35,MEDIUM,CHECKOUT_ABANDONMENT,"[""Checkout was abandoned"", ""Customer has 3 previous failed payments""]",30-60 minutes
txn_b7142bb7,48576.0,45,MEDIUM,OVERDUE_RECEIVABLE,"[""Invoice is overdue"", ""Invoice is 41 days overdue""]",1-3 days
txn_7cd55fd8,30178.0,50,MEDIUM,PAYMENT_METHOD_FAILURE,"[""Payment failed"", ""Customer has 4 previous failed payments"", ""Customer lifetime value is >= 100,000""]",1-4 hours
txn_9cd1d331,9538.0,25,LOW,CHECKOUT_ABANDONMENT,"[""Checkout was abandoned""]",30-60 minutes
txn_bc862dac,10031.0,25,LOW,CHECKOUT_ABANDONMENT,"[""Checkout was abandoned""]",30-60 minutes
txn_454a171d,35695.0,25,LOW,CHECKOUT_ABANDONMENT,"[""Checkout was abandoned""]",30-60 minutes
txn_f0e50bbd,37057.0,45,MEDIUM,OVERDUE_RECEIVABLE,"[""Invoice is overdue"", ""Invoice is 28 days overdue""]",1-3 days
txn_a38df466,2441.0,30,MEDIUM,INSUFFICIENT_FUNDS,"[""Payment failed""]",24-48 hours
txn_9eddee01,43160.0,55,MEDIUM,OVERDUE_RECEIVABLE,"[""Invoice is overdue"", ""Customer has 5 previous failed payments"", ""Customer lifetime value is >= 100,000""]",1-3 days
txn_9df5e2ff,21912.0,45,MEDIUM,OVERDUE_RECEIVABLE,"[""Invoice is overdue"", ""Invoice is 69 days overdue""]",1-3 days
txn_46f3d97f,33469.0,35,MEDIUM,CHECKOUT_ABANDONMENT,"[""Checkout was abandoned"", ""Customer has 3 previous failed payments""]",30-60 minutes
txn_a1cd13c3,30379.0,45,MEDIUM,OVERDUE_RECEIVABLE,"[""Invoice is overdue"", ""Invoice is 23 days overdue""]",1-3 days
txn_842773ae,4112.0,40,MEDIUM,INSUFFICIENT_FUNDS,"[""Payment failed"", ""Customer lifetime value is >= 100,000""]",24-48 hours
txn_029622d6,11039.0,40,MEDIUM,AUTHENTICATION_FAILURE,"[""Payment failed"", ""Customer lifetime value is >= 100,000""]",1-4 hours
txn_76d816c7,42860.0,40,MEDIUM,PAYMENT_METHOD_FAILURE,"[""Payment failed"", ""Customer lifetime value is >= 100,000""]",1-4 hours
txn_f9bf1cdc,47045.0,25,LOW,CHECKOUT_ABANDONMENT,"[""Checkout was abandoned""]",30-60 minutes
txn_6aa5adbf,46749.0,45,MEDIUM,OVERDUE_RECEIVABLE,"[""Invoice is overdue"", ""Invoice is 55 days overdue""]",1-3 days
txn_6c979dd2,26487.0,25,LOW,CHECKOUT_ABANDONMENT,"[""Checkout was abandoned""]",30-60 minutes
txn_cfad6c17,34441.0,30,MEDIUM,PAYMENT_METHOD_FAILURE,"[""Payment failed""]",1-4 hours
txn_f779900d,16082.0,35,MEDIUM,CHECKOUT_ABANDONMENT,"[""Checkout was abandoned"", ""Customer has 3 previous failed payments""]",30-60 minutes
txn_a49b7571,21645.0,35,MEDIUM,OVERDUE_RECEIVABLE,"[""Invoice is overdue""]",1-3 days
txn_0b7ee856,13423.0,45,MEDIUM,OVERDUE_RECEIVABLE,"[""Invoice is overdue"", ""Invoice is 29 days overdue""]",1-3 days
txn_4a8b4e27,26816.0,25,LOW,CHECKOUT_ABANDONMENT,"[""Checkout was abandoned""]",30-60 minutes
txn_81bf6544,43211.0,30,MEDIUM,TEMPORARY_PAYMENT_FAILURE,"[""Payment failed""]",15-30 minutes
txn_65014da0,42368.0,40,MEDIUM,PAYMENT_METHOD_FAILURE,"[""Payment failed"", ""Customer has 3 previous failed payments""]",1-4 hours
txn_808df51e,38722.0,40,MEDIUM,PAYMENT_INFRASTRUCTURE_FAILURE,"[""Payment failed"", ""Customer lifetime value is >= 100,000""]",15-30 minutes
txn_a094792d,28220.0,50,MEDIUM,INSUFFICIENT_FUNDS,"[""Payment failed"", ""Customer has 3 previous failed payments"", ""Customer lifetime value is >= 100,000""]",24-48 hours
txn_d0788370,4926.0,40,MEDIUM,TEMPORARY_PAYMENT_FAILURE,"[""Payment failed"", ""Customer lifetime value is >= 100,000""]",15-30 minutes
txn_65a718c8,39727.0,55,MEDIUM,OVERDUE_RECEIVABLE,"[""Invoice is overdue"", ""Invoice is 58 days overdue"", ""Customer lifetime value is >= 100,000""]",1-3 days
txn_758e3acb,6541.0,30,MEDIUM,AUTHENTICATION_FAILURE,"[""Payment failed""]",1-4 hours
txn_27b98cbd,43797.0,45,MEDIUM,OVERDUE_RECEIVABLE,"[""Invoice is overdue"", ""Invoice is 46 days overdue""]",1-3 days
txn_7d03b7ae,21390.0,65,HIGH,OVERDUE_RECEIVABLE,"[""Invoice is overdue"", ""Customer has 5 previous failed payments"", ""Invoice is 22 days overdue"", ""Customer lifetime value is >= 100,000""]",1-3 days
txn_8b4de9be,20309.0,25,LOW,CHECKOUT_ABANDONMENT,"[""Checkout was abandoned""]",30-60 minutes
txn_150a6bae,17263.0,40,MEDIUM,PAYMENT_INFRASTRUCTURE_FAILURE,"[""Payment failed"", ""Customer has 3 previous failed payments""]",15-30 minutes
txn_e1adabc2,9359.0,30,MEDIUM,TEMPORARY_PAYMENT_FAILURE,"[""Payment failed""]",15-30 minutes
txn_e666819b,10720.0,45,MEDIUM,OVERDUE_RECEIVABLE,"[""Invoice is overdue"", ""Invoice is 30 days overdue""]",1-3 days
txn_b4493d91,9202.0,30,MEDIUM,SUBSCRIPTION_PAYMENT_FAILURE,"[""Payment failed""]",24-48 hours
txn_93091ea2,45344.0,45,MEDIUM,OVERDUE_RECEIVABLE,"[""Invoice is overdue"", ""Customer lifetime value is >= 100,000""]",1-3 days
txn_a2a717a0,23295.0,45,MEDIUM,CHECKOUT_ABANDONMENT,"[""Checkout was abandoned"", ""Customer has 5 previous failed payments"", ""Customer lifetime value is >= 100,000""]",30-60 minutes
txn_1df46877,19742.0,45,MEDIUM,OVERDUE_RECEIVABLE,"[""Invoice is overdue"", ""Invoice is 67 days overdue""]",1-3 days
txn_c6142d7b,20726.0,45,MEDIUM,OVERDUE_RECEIVABLE,"[""Invoice is overdue"", ""Invoice is 35 days overdue""]",1-3 days
txn_df851a42,7304.0,55,MEDIUM,OVERDUE_RECEIVABLE,"[""Invoice is overdue"", ""Customer has 5 previous failed payments"", ""Invoice is 46 days overdue""]",1-3 days
txn_1a6e2ea4,41113.0,30,MEDIUM,PAYMENT_INFRASTRUCTURE_FAILURE,"[""Payment failed""]",15-30 minutes
txn_01cb21fb,49066.0,30,MEDIUM,AUTHENTICATION_FAILURE,"[""Payment failed""]",1-4 hours
txn_ddff796a,15861.0,25,LOW,CHECKOUT_ABANDONMENT,"[""Checkout was abandoned""]",30-60 minutes
txn_ddc6e01c,20466.0,65,HIGH,OVERDUE_RECEIVABLE,"[""Invoice is overdue"", ""Customer has 5 previous failed payments"", ""Invoice is 43 days overdue"", ""Customer lifetime value is >= 100,000""]",1-3 days
txn_a7d034a0,28982.0,30,MEDIUM,OTHER_REVENUE_RISK,"[""Payment failed""]",24 hours
txn_e3650f7f,19289.0,30,MEDIUM,OTHER_REVENUE_RISK,"[""Payment failed""]",24 hours
txn_031dcf9e,485.0,65,HIGH,OVERDUE_RECEIVABLE,"[""Invoice is overdue"", ""Customer has 5 previous failed payments"", ""Invoice is 17 days overdue"", ""Customer lifetime value is >= 100,000""]",1-3 days
txn_4567b293,13679.0,30,MEDIUM,INSUFFICIENT_FUNDS,"[""Payment failed""]",24-48 hours
txn_ec02c382,42088.0,30,MEDIUM,AUTHENTICATION_FAILURE,"[""Payment failed""]",1-4 hours
txn_d1992dea,46430.0,45,MEDIUM,CHECKOUT_ABANDONMENT,"[""Checkout was abandoned"", ""Customer has 5 previous failed payments"", ""Customer lifetime value is >= 100,000""]",30-60 minutes
txn_bfb3a792,8935.0,35,MEDIUM,OVERDUE_RECEIVABLE,"[""Invoice is overdue""]",1-3 days
txn_a16ae244,24451.0,40,MEDIUM,PAYMENT_INFRASTRUCTURE_FAILURE,"[""Payment failed"", ""Customer lifetime value is >= 100,000""]",15-30 minutes
txn_6bf57888,48106.0,55,MEDIUM,OVERDUE_RECEIVABLE,"[""Invoice is overdue"", ""Invoice is 28 days overdue"", ""Customer lifetime value is >= 100,000""]",1-3 days
txn_b9720297,4670.0,25,LOW,CHECKOUT_ABANDONMENT,"[""Checkout was abandoned""]",30-60 minutes
txn_8ac13a16,16750.0,45,MEDIUM,OVERDUE_RECEIVABLE,"[""Invoice is overdue"", ""Invoice is 64 days overdue""]",1-3 days
txn_cab10869,25997.0,30,MEDIUM,PAYMENT_INFRASTRUCTURE_FAILURE,"[""Payment failed""]",15-30 minutes
txn_3efdc199,35383.0,25,LOW,CHECKOUT_ABANDONMENT,"[""Checkout was abandoned""]",30-60 minutes
txn_e1fd641b,11623.0,30,MEDIUM,AUTHENTICATION_FAILURE,"[""Payment failed""]",1-4 hours
txn_cffc5cdb,14242.0,45,MEDIUM,OVERDUE_RECEIVABLE,"[""Invoice is overdue"", ""Invoice is 80 days overdue""]",1-3 days
txn_1dc717a5,17819.0,40,MEDIUM,OTHER_REVENUE_RISK,"[""Payment failed"", ""Customer lifetime value is >= 100,000""]",24 hours
txn_6cd840cd,28884.0,50,MEDIUM,INSUFFICIENT_FUNDS,"[""Payment failed"", ""Customer has 3 previous failed payments"", ""Customer lifetime value is >= 100,000""]",24-48 hours
txn_ac674fa4,37845.0,30,MEDIUM,TEMPORARY_PAYMENT_FAILURE,"[""Payment failed""]",15-30 minutes
txn_79da12d1,19766.0,30,MEDIUM,TEMPORARY_PAYMENT_FAILURE,"[""Payment failed""]",15-30 minutes
txn_ece9feca,16965.0,55,MEDIUM,OVERDUE_RECEIVABLE,"[""Invoice is overdue"", ""Customer has 3 previous failed payments"", ""Invoice is 27 days overdue""]",1-3 days
txn_98233384,40828.0,45,MEDIUM,OVERDUE_RECEIVABLE,"[""Invoice is overdue"", ""Invoice is 48 days overdue""]",1-3 days
txn_c7ee0ea0,26443.0,40,MEDIUM,PAYMENT_INFRASTRUCTURE_FAILURE,"[""Payment failed"", ""Customer lifetime value is >= 100,000""]",15-30 minutes
txn_66f0dbff,42205.0,30,MEDIUM,AUTHENTICATION_FAILURE,"[""Payment failed""]",1-4 hours
txn_a450f862,14183.0,55,MEDIUM,OVERDUE_RECEIVABLE,"[""Invoice is overdue"", ""Invoice is 68 days overdue"", ""Customer lifetime value is >= 100,000""]",1-3 days
txn_3111387a,103.0,30,MEDIUM,TEMPORARY_PAYMENT_FAILURE,"[""Payment failed""]",15-30 minutes
txn_a4fbf932,44867.0,45,MEDIUM,OVERDUE_RECEIVABLE,"[""Invoice is overdue"", ""Invoice is 24 days overdue""]",1-3 days
txn_076be2a4,18334.0,45,MEDIUM,OVERDUE_RECEIVABLE,"[""Invoice is overdue"", ""Invoice is 42 days overdue""]",1-3 days
txn_d1905f76,16442.0,45,MEDIUM,CHECKOUT_ABANDONMENT,"[""Checkout was abandoned"", ""Customer has 4 previous failed payments"", ""Customer lifetime value is >= 100,000""]",30-60 minutes
txn_29da8388,12956.0,45,MEDIUM,OVERDUE_RECEIVABLE,"[""Invoice is overdue"", ""Invoice is 29 days overdue""]",1-3 days
txn_28ad4492,25536.0,45,MEDIUM,OVERDUE_RECEIVABLE,"[""Invoice is overdue"", ""Invoice is 32 days overdue""]",1-3 days
txn_1fc09db9,17464.0,25,LOW,CHECKOUT_ABANDONMENT,"[""Checkout was abandoned""]",30-60 minutes
txn_d3bc6448,46818.0,25,LOW,CHECKOUT_ABANDONMENT,"[""Checkout was abandoned""]",30-60 minutes
txn_f55e746a,1902.0,25,LOW,CHECKOUT_ABANDONMENT,"[""Checkout was abandoned""]",30-60 minutes
txn_7846163f,24050.0,30,MEDIUM,INSUFFICIENT_FUNDS,"[""Payment failed""]",24-48 hours
txn_a72db67f,44081.0,30,MEDIUM,TEMPORARY_PAYMENT_FAILURE,"[""Payment failed""]",15-30 minutes
txn_cb3a1fc4,43725.0,45,MEDIUM,OVERDUE_RECEIVABLE,"[""Invoice is overdue"", ""Invoice is 47 days overdue""]",1-3 days
txn_f4a19e9b,24273.0,40,MEDIUM,INSUFFICIENT_FUNDS,"[""Payment failed"", ""Customer lifetime value is >= 100,000""]",24-48 hours
txn_fb5b56d4,44691.0,45,MEDIUM,CHECKOUT_ABANDONMENT,"[""Checkout was abandoned"", ""Customer has 3 previous failed payments"", ""Customer lifetime value is >= 100,000""]",30-60 minutes
txn_40680102,14073.0,45,MEDIUM,OVERDUE_RECEIVABLE,"[""Invoice is overdue"", ""Invoice is 71 days overdue""]",1-3 days
txn_f1d07cbc,44792.0,55,MEDIUM,OVERDUE_RECEIVABLE,"[""Invoice is overdue"", ""Invoice is 90 days overdue"", ""Customer lifetime value is >= 100,000""]",1-3 days
txn_7d359263,24116.0,35,MEDIUM,OVERDUE_RECEIVABLE,"[""Invoice is overdue""]",1-3 days
txn_3f2348fb,27520.0,45,MEDIUM,OVERDUE_RECEIVABLE,"[""Invoice is overdue"", ""Invoice is 41 days overdue""]",1-3 days
txn_19a84c64,45566.0,40,MEDIUM,AUTHENTICATION_FAILURE,"[""Payment failed"", ""Customer lifetime value is >= 100,000""]",1-4 hours
txn_83e167ee,5079.0,55,MEDIUM,OVERDUE_RECEIVABLE,"[""Invoice is overdue"", ""Invoice is 22 days overdue"", ""Customer lifetime value is >= 100,000""]",1-3 days
txn_66608cc7,2790.0,45,MEDIUM,OVERDUE_RECEIVABLE,"[""Invoice is overdue"", ""Customer lifetime value is >= 100,000""]",1-3 days
txn_7ebac803,11440.0,45,MEDIUM,OVERDUE_RECEIVABLE,"[""Invoice is overdue"", ""Invoice is 40 days overdue""]",1-3 days
txn_e2dadb67,4213.0,25,LOW,CHECKOUT_ABANDONMENT,"[""Checkout was abandoned""]",30-60 minutes
txn_ff4bc56f,21056.0,25,LOW,CHECKOUT_ABANDONMENT,"[""Checkout was abandoned""]",30-60 minutes
txn_9bfb2c1d,48726.0,25,LOW,CHECKOUT_ABANDONMENT,"[""Checkout was abandoned""]",30-60 minutes
txn_1752a2fb,17591.0,45,MEDIUM,OVERDUE_RECEIVABLE,"[""Invoice is overdue"", ""Invoice is 44 days overdue""]",1-3 days
txn_c930a46e,46127.0,45,MEDIUM,OVERDUE_RECEIVABLE,"[""Invoice is overdue"", ""Invoice is 68 days overdue""]",1-3 days
txn_9441d5a7,25071.0,30,MEDIUM,PAYMENT_METHOD_FAILURE,"[""Payment failed""]",1-4 hours
txn_ce81f601,48270.0,30,MEDIUM,INSUFFICIENT_FUNDS,"[""Payment failed""]",24-48 hours
txn_cc96d54e,28373.0,25,LOW,CHECKOUT_ABANDONMENT,"[""Checkout was abandoned""]",30-60 minutes
txn_5bd241b8,15393.0,45,MEDIUM,OVERDUE_RECEIVABLE,"[""Invoice is overdue"", ""Invoice is 40 days overdue""]",1-3 days
txn_ff9f4ee2,37088.0,40,MEDIUM,SUBSCRIPTION_PAYMENT_FAILURE,"[""Payment failed"", ""Customer has 3 previous failed payments""]",24-48 hours
txn_d57239b5,10510.0,30,MEDIUM,OTHER_REVENUE_RISK,"[""Payment failed""]",24 hours
txn_c254fef1,31225.0,25,LOW,CHECKOUT_ABANDONMENT,"[""Checkout was abandoned""]",30-60 minutes
txn_69d1dd91,18216.0,50,MEDIUM,OTHER_REVENUE_RISK,"[""Payment failed"", ""Customer has 4 previous failed payments"", ""Customer lifetime value is >= 100,000""]",24 hours
txn_1558d332,31948.0,35,MEDIUM,OVERDUE_RECEIVABLE,"[""Invoice is overdue""]",1-3 days
txn_ef575712,18275.0,30,MEDIUM,TEMPORARY_PAYMENT_FAILURE,"[""Payment failed""]",15-30 minutes
txn_83bcee1e,13878.0,35,MEDIUM,CHECKOUT_ABANDONMENT,"[""Checkout was abandoned"", ""Customer has 3 previous failed payments""]",30-60 minutes
txn_07fe9787,45577.0,45,MEDIUM,OVERDUE_RECEIVABLE,"[""Invoice is overdue"", ""Invoice is 31 days overdue""]",1-3 days
txn_c544a688,43615.0,35,MEDIUM,OVERDUE_RECEIVABLE,"[""Invoice is overdue""]",1-3 days
txn_592c2dbd,15854.0,65,HIGH,OVERDUE_RECEIVABLE,"[""Invoice is overdue"", ""Customer has 5 previous failed payments"", ""Invoice is 85 days overdue"", ""Customer lifetime value is >= 100,000""]",1-3 days
txn_00e5297f,35253.0,45,MEDIUM,OVERDUE_RECEIVABLE,"[""Invoice is overdue"", ""Invoice is 47 days overdue""]",1-3 days
txn_97f469c5,12775.0,40,MEDIUM,PAYMENT_METHOD_FAILURE,"[""Payment failed"", ""Customer has 3 previous failed payments""]",1-4 hours
txn_414181fd,45551.0,25,LOW,CHECKOUT_ABANDONMENT,"[""Checkout was abandoned""]",30-60 minutes
txn_60478e5f,6704.0,25,LOW,CHECKOUT_ABANDONMENT,"[""Checkout was abandoned""]",30-60 minutes
txn_9626a80b,2676.0,30,MEDIUM,AUTHENTICATION_FAILURE,"[""Payment failed""]",1-4 hours
txn_2b9082e6,7298.0,50,MEDIUM,PAYMENT_INFRASTRUCTURE_FAILURE,"[""Payment failed"", ""Customer has 3 previous failed payments"", ""Customer lifetime value is >= 100,000""]",15-30 minutes
txn_4b5e2f2b,32003.0,35,MEDIUM,CHECKOUT_ABANDONMENT,"[""Checkout was abandoned"", ""Customer has 3 previous failed payments""]",30-60 minutes
txn_ffa38a67,41314.0,35,MEDIUM,CHECKOUT_ABANDONMENT,"[""Checkout was abandoned"", ""Customer lifetime value is >= 100,000""]",30-60 minutes
txn_3aec8210,22559.0,55,MEDIUM,OVERDUE_RECEIVABLE,"[""Invoice is overdue"", ""Invoice is 24 days overdue"", ""Customer lifetime value is >= 100,000""]",1-3 days
txn_84a03427,9372.0,45,MEDIUM,CHECKOUT_ABANDONMENT,"[""Checkout was abandoned"", ""Customer has 3 previous failed payments"", ""Customer lifetime value is >= 100,000""]",30-60 minutes
txn_ed0d4966,44154.0,25,LOW,CHECKOUT_ABANDONMENT,"[""Checkout was abandoned""]",30-60 minutes
txn_83361ec8,20162.0,40,MEDIUM,INSUFFICIENT_FUNDS,"[""Payment failed"", ""Customer has 3 previous failed payments""]",24-48 hours
txn_36632cf6,18460.0,25,LOW,CHECKOUT_ABANDONMENT,"[""Checkout was abandoned""]",30-60 minutes
txn_be67bd49,45731.0,30,MEDIUM,TEMPORARY_PAYMENT_FAILURE,"[""Payment failed""]",15-30 minutes
txn_4edbbe81,35481.0,30,MEDIUM,OTHER_REVENUE_RISK,"[""Payment failed""]",24 hours
txn_47e8ae67,32648.0,35,MEDIUM,OVERDUE_RECEIVABLE,"[""Invoice is overdue""]",1-3 days
txn_ba358326,848.0,65,HIGH,OVERDUE_RECEIVABLE,"[""Invoice is overdue"", ""Customer has 3 previous failed payments"", ""Invoice is 26 days overdue"", ""Customer lifetime value is >= 100,000""]",1-3 days
txn_cc5cb1ad,47241.0,45,MEDIUM,OVERDUE_RECEIVABLE,"[""Invoice is overdue"", ""Invoice is 63 days overdue""]",1-3 days
txn_a04aa74c,29632.0,45,MEDIUM,OVERDUE_RECEIVABLE,"[""Invoice is overdue"", ""Invoice is 88 days overdue""]",1-3 days
txn_7f1af86a,9419.0,55,MEDIUM,OVERDUE_RECEIVABLE,"[""Invoice is overdue"", ""Customer has 3 previous failed payments"", ""Invoice is 75 days overdue""]",1-3 days
txn_78d13d4e,39649.0,55,MEDIUM,OVERDUE_RECEIVABLE,"[""Invoice is overdue"", ""Invoice is 30 days overdue"", ""Customer lifetime value is >= 100,000""]",1-3 days
txn_ff4ae880,5518.0,30,MEDIUM,AUTHENTICATION_FAILURE,"[""Payment failed""]",1-4 hours
txn_f60384ea,26557.0,25,LOW,CHECKOUT_ABANDONMENT,"[""Checkout was abandoned""]",30-60 minutes
txn_3b82b9c7,19904.0,25,LOW,CHECKOUT_ABANDONMENT,"[""Checkout was abandoned""]",30-60 minutes
txn_f44607fc,7772.0,25,LOW,CHECKOUT_ABANDONMENT,"[""Checkout was abandoned""]",30-60 minutes
txn_d0ca1484,13542.0,35,MEDIUM,CHECKOUT_ABANDONMENT,"[""Checkout was abandoned"", ""Customer lifetime value is >= 100,000""]",30-60 minutes
txn_2cab4064,42984.0,40,MEDIUM,PAYMENT_METHOD_FAILURE,"[""Payment failed"", ""Customer has 3 previous failed payments""]",1-4 hours
txn_a6b41ffd,36517.0,55,MEDIUM,OVERDUE_RECEIVABLE,"[""Invoice is overdue"", ""Invoice is 44 days overdue"", ""Customer lifetime value is >= 100,000""]",1-3 days
txn_0129c972,34197.0,25,LOW,CHECKOUT_ABANDONMENT,"[""Checkout was abandoned""]",30-60 minutes
txn_36ac743d,34795.0,35,MEDIUM,OVERDUE_RECEIVABLE,"[""Invoice is overdue""]",1-3 days
txn_14fe0ba2,21466.0,45,MEDIUM,OVERDUE_RECEIVABLE,"[""Invoice is overdue"", ""Invoice is 72 days overdue""]",1-3 days
txn_868ddd44,32153.0,40,MEDIUM,INSUFFICIENT_FUNDS,"[""Payment failed"", ""Customer has 3 previous failed payments""]",24-48 hours
txn_ad4d198e,4566.0,45,MEDIUM,OVERDUE_RECEIVABLE,"[""Invoice is overdue"", ""Customer has 3 previous failed payments""]",1-3 days
txn_d494febf,3730.0,40,MEDIUM,PAYMENT_INFRASTRUCTURE_FAILURE,"[""Payment failed"", ""Customer lifetime value is >= 100,000""]",15-30 minutes
txn_f1eea6fd,10161.0,45,MEDIUM,OVERDUE_RECEIVABLE,"[""Invoice is overdue"", ""Invoice is 30 days overdue""]",1-3 days
txn_665d574d,40795.0,30,MEDIUM,TEMPORARY_PAYMENT_FAILURE,"[""Payment failed""]",15-30 minutes
txn_79807dd2,8379.0,30,MEDIUM,PAYMENT_METHOD_FAILURE,"[""Payment failed""]",1-4 hours
txn_159d9177,22005.0,25,LOW,CHECKOUT_ABANDONMENT,"[""Checkout was abandoned""]",30-60 minutes
txn_4884065b,15712.0,35,MEDIUM,CHECKOUT_ABANDONMENT,"[""Checkout was abandoned"", ""Customer has 3 previous failed payments""]",30-60 minutes
txn_f76597f7,22553.0,40,MEDIUM,PAYMENT_INFRASTRUCTURE_FAILURE,"[""Payment failed"", ""Customer has 3 previous failed payments""]",15-30 minutes
txn_3bd4eedb,20244.0,30,MEDIUM,PAYMENT_INFRASTRUCTURE_FAILURE,"[""Payment failed""]",15-30 minutes
txn_ec0c88e2,40130.0,45,MEDIUM,OVERDUE_RECEIVABLE,"[""Invoice is overdue"", ""Invoice is 68 days overdue""]",1-3 days
txn_e0d03048,42526.0,45,MEDIUM,CHECKOUT_ABANDONMENT,"[""Checkout was abandoned"", ""Customer has 3 previous failed payments"", ""Customer lifetime value is >= 100,000""]",30-60 minutes
txn_904e0ee1,16713.0,45,MEDIUM,CHECKOUT_ABANDONMENT,"[""Checkout was abandoned"", ""Customer has 4 previous failed payments"", ""Customer lifetime value is >= 100,000""]",30-60 minutes
txn_a1e71460,25811.0,45,MEDIUM,OVERDUE_RECEIVABLE,"[""Invoice is overdue"", ""Invoice is 56 days overdue""]",1-3 days
txn_cb0c64c8,45498.0,30,MEDIUM,TEMPORARY_PAYMENT_FAILURE,"[""Payment failed""]",15-30 minutes
txn_a1d1b5a5,17153.0,45,MEDIUM,OVERDUE_RECEIVABLE,"[""Invoice is overdue"", ""Invoice is 50 days overdue""]",1-3 days
txn_0ba63262,24049.0,30,MEDIUM,PAYMENT_METHOD_FAILURE,"[""Payment failed""]",1-4 hours
txn_2ddf05bf,6615.0,40,MEDIUM,AUTHENTICATION_FAILURE,"[""Payment failed"", ""Customer has 3 previous failed payments""]",1-4 hours
txn_269405de,37219.0,55,MEDIUM,OVERDUE_RECEIVABLE,"[""Invoice is overdue"", ""Customer has 3 previous failed payments"", ""Invoice is 83 days overdue""]",1-3 days
txn_855e5782,17296.0,40,MEDIUM,PAYMENT_INFRASTRUCTURE_FAILURE,"[""Payment failed"", ""Customer has 4 previous failed payments""]",15-30 minutes
txn_109e87a1,36253.0,30,MEDIUM,INSUFFICIENT_FUNDS,"[""Payment failed""]",24-48 hours
txn_cd51cbc4,17373.0,25,LOW,CHECKOUT_ABANDONMENT,"[""Checkout was abandoned""]",30-60 minutes
txn_17516591,24896.0,30,MEDIUM,INSUFFICIENT_FUNDS,"[""Payment failed""]",24-48 hours
txn_bf74ceeb,25422.0,65,HIGH,OVERDUE_RECEIVABLE,"[""Invoice is overdue"", ""Customer has 3 previous failed payments"", ""Invoice is 59 days overdue"", ""Customer lifetime value is >= 100,000""]",1-3 days
txn_c7406b3d,38151.0,50,MEDIUM,TEMPORARY_PAYMENT_FAILURE,"[""Payment failed"", ""Customer has 5 previous failed payments"", ""Customer lifetime value is >= 100,000""]",15-30 minutes
txn_424347ed,23076.0,25,LOW,CHECKOUT_ABANDONMENT,"[""Checkout was abandoned""]",30-60 minutes
txn_907d04fd,29231.0,25,LOW,CHECKOUT_ABANDONMENT,"[""Checkout was abandoned""]",30-60 minutes
txn_cc7a68f9,15524.0,25,LOW,CHECKOUT_ABANDONMENT,"[""Checkout was abandoned""]",30-60 minutes
txn_3032337d,10155.0,35,MEDIUM,CHECKOUT_ABANDONMENT,"[""Checkout was abandoned"", ""Customer has 3 previous failed payments""]",30-60 minutes
txn_8da4346f,15922.0,45,MEDIUM,OVERDUE_RECEIVABLE,"[""Invoice is overdue"", ""Invoice is 36 days overdue""]",1-3 days
txn_33989675,43525.0,55,MEDIUM,OVERDUE_RECEIVABLE,"[""Invoice is overdue"", ""Customer has 3 previous failed payments"", ""Invoice is 81 days overdue""]",1-3 days
txn_23e013da,23831.0,45,MEDIUM,OVERDUE_RECEIVABLE,"[""Invoice is overdue"", ""Invoice is 42 days overdue""]",1-3 days
txn_31a217c6,46557.0,30,MEDIUM,AUTHENTICATION_FAILURE,"[""Payment failed""]",1-4 hours
txn_d487668e,34854.0,25,LOW,CHECKOUT_ABANDONMENT,"[""Checkout was abandoned""]",30-60 minutes
txn_d6037fc9,26466.0,45,MEDIUM,OVERDUE_RECEIVABLE,"[""Invoice is overdue"", ""Invoice is 59 days overdue""]",1-3 days
txn_e900a137,37537.0,45,MEDIUM,OVERDUE_RECEIVABLE,"[""Invoice is overdue"", ""Invoice is 26 days overdue""]",1-3 days
txn_ca716d5f,17757.0,40,MEDIUM,TEMPORARY_PAYMENT_FAILURE,"[""Payment failed"", ""Customer has 3 previous failed payments""]",15-30 minutes
txn_fba9ba2f,25852.0,45,MEDIUM,OVERDUE_RECEIVABLE,"[""Invoice is overdue"", ""Invoice is 84 days overdue""]",1-3 days
txn_93586c42,13553.0,45,MEDIUM,OVERDUE_RECEIVABLE,"[""Invoice is overdue"", ""Invoice is 27 days overdue""]",1-3 days
txn_88900bab,45937.0,45,MEDIUM,OVERDUE_RECEIVABLE,"[""Invoice is overdue"", ""Invoice is 19 days overdue""]",1-3 days
txn_c9319198,41337.0,45,MEDIUM,OVERDUE_RECEIVABLE,"[""Invoice is overdue"", ""Invoice is 51 days overdue""]",1-3 days
txn_6b96e4c1,42026.0,30,MEDIUM,PAYMENT_METHOD_FAILURE,"[""Payment failed""]",1-4 hours
txn_ad556fc8,7430.0,45,MEDIUM,OVERDUE_RECEIVABLE,"[""Invoice is overdue"", ""Invoice is 54 days overdue""]",1-3 days
txn_f4fd47bb,30983.0,35,MEDIUM,CHECKOUT_ABANDONMENT,"[""Checkout was abandoned"", ""Customer lifetime value is >= 100,000""]",30-60 minutes
txn_3809c5d3,46522.0,25,LOW,CHECKOUT_ABANDONMENT,"[""Checkout was abandoned""]",30-60 minutes
txn_53161f5d,3245.0,65,HIGH,OVERDUE_RECEIVABLE,"[""Invoice is overdue"", ""Customer has 3 previous failed payments"", ""Invoice is 42 days overdue"", ""Customer lifetime value is >= 100,000""]",1-3 days
txn_5828cb5c,14530.0,50,MEDIUM,SUBSCRIPTION_PAYMENT_FAILURE,"[""Payment failed"", ""Customer has 5 previous failed payments"", ""Customer lifetime value is >= 100,000""]",24-48 hours
txn_dd0b61a4,23209.0,30,MEDIUM,AUTHENTICATION_FAILURE,"[""Payment failed""]",1-4 hours
txn_ed645078,6920.0,35,MEDIUM,OVERDUE_RECEIVABLE,"[""Invoice is overdue""]",1-3 days
txn_2d0e5081,37602.0,30,MEDIUM,PAYMENT_INFRASTRUCTURE_FAILURE,"[""Payment failed""]",15-30 minutes
txn_a615627a,49131.0,50,MEDIUM,PAYMENT_METHOD_FAILURE,"[""Payment failed"", ""Customer has 4 previous failed payments"", ""Customer lifetime value is >= 100,000""]",1-4 hours
txn_2599bf8b,17021.0,25,LOW,CHECKOUT_ABANDONMENT,"[""Checkout was abandoned""]",30-60 minutes
txn_8d452057,37355.0,40,MEDIUM,OTHER_REVENUE_RISK,"[""Payment failed"", ""Customer has 3 previous failed payments""]",24 hours
txn_ff71c069,18233.0,25,LOW,CHECKOUT_ABANDONMENT,"[""Checkout was abandoned""]",30-60 minutes
txn_9681ee05,21686.0,50,MEDIUM,AUTHENTICATION_FAILURE,"[""Payment failed"", ""Customer has 3 previous failed payments"", ""Customer lifetime value is >= 100,000""]",1-4 hours
txn_36eabeb9,44135.0,25,LOW,CHECKOUT_ABANDONMENT,"[""Checkout was abandoned""]",30-60 minutes
txn_7cd1ab3f,14392.0,45,MEDIUM,OVERDUE_RECEIVABLE,"[""Invoice is overdue"", ""Invoice is 40 days overdue""]",1-3 days
txn_8e6157e8,46691.0,30,MEDIUM,TEMPORARY_PAYMENT_FAILURE,"[""Payment failed""]",15-30 minutes
txn_a6b0d14c,2846.0,40,MEDIUM,TEMPORARY_PAYMENT_FAILURE,"[""Payment failed"", ""Customer has 3 previous failed payments""]",15-30 minutes
txn_7912e35f,23722.0,45,MEDIUM,OVERDUE_RECEIVABLE,"[""Invoice is overdue"", ""Invoice is 73 days overdue""]",1-3 days
txn_b27ee333,6210.0,40,MEDIUM,AUTHENTICATION_FAILURE,"[""Payment failed"", ""Customer has 3 previous failed payments""]",1-4 hours
txn_d586c61f,16374.0,30,MEDIUM,INSUFFICIENT_FUNDS,"[""Payment failed""]",24-48 hours
txn_e0e269a3,12662.0,55,MEDIUM,OVERDUE_RECEIVABLE,"[""Invoice is overdue"", ""Invoice is 74 days overdue"", ""Customer lifetime value is >= 100,000""]",1-3 days
txn_17484bc7,16103.0,40,MEDIUM,PAYMENT_INFRASTRUCTURE_FAILURE,"[""Payment failed"", ""Customer has 3 previous failed payments""]",15-30 minutes
txn_0f20929c,30392.0,30,MEDIUM,OTHER_REVENUE_RISK,"[""Payment failed""]",24 hours
txn_50c67b39,20780.0,35,MEDIUM,CHECKOUT_ABANDONMENT,"[""Checkout was abandoned"", ""Customer lifetime value is >= 100,000""]",30-60 minutes
txn_c2060b0c,5287.0,40,MEDIUM,AUTHENTICATION_FAILURE,"[""Payment failed"", ""Customer lifetime value is >= 100,000""]",1-4 hours
txn_0d5cb733,10137.0,30,MEDIUM,PAYMENT_METHOD_FAILURE,"[""Payment failed""]",1-4 hours
txn_197ccfce,46463.0,30,MEDIUM,INSUFFICIENT_FUNDS,"[""Payment failed""]",24-48 hours
txn_075215b8,7866.0,65,HIGH,OVERDUE_RECEIVABLE,"[""Invoice is overdue"", ""Customer has 5 previous failed payments"", ""Invoice is 61 days overdue"", ""Customer lifetime value is >= 100,000""]",1-3 days
txn_8a0185f0,38044.0,65,HIGH,OVERDUE_RECEIVABLE,"[""Invoice is overdue"", ""Customer has 3 previous failed payments"", ""Invoice is 48 days overdue"", ""Customer lifetime value is >= 100,000""]",1-3 days
txn_5576ca9a,3442.0,40,MEDIUM,AUTHENTICATION_FAILURE,"[""Payment failed"", ""Customer lifetime value is >= 100,000""]",1-4 hours
txn_aca2c312,37150.0,40,MEDIUM,PAYMENT_METHOD_FAILURE,"[""Payment failed"", ""Customer lifetime value is >= 100,000""]",1-4 hours
txn_348d9d3f,30945.0,65,HIGH,OVERDUE_RECEIVABLE,"[""Invoice is overdue"", ""Customer has 3 previous failed payments"", ""Invoice is 47 days overdue"", ""Customer lifetime value is >= 100,000""]",1-3 days
txn_695944a9,21973.0,40,MEDIUM,PAYMENT_INFRASTRUCTURE_FAILURE,"[""Payment failed"", ""Customer has 3 previous failed payments""]",15-30 minutes
txn_acdbab66,13940.0,25,LOW,CHECKOUT_ABANDONMENT,"[""Checkout was abandoned""]",30-60 minutes
txn_171fa7cd,40247.0,55,MEDIUM,OVERDUE_RECEIVABLE,"[""Invoice is overdue"", ""Customer has 3 previous failed payments"", ""Invoice is 30 days overdue""]",1-3 days
txn_dfd20518,414.0,45,MEDIUM,OVERDUE_RECEIVABLE,"[""Invoice is overdue"", ""Invoice is 68 days overdue""]",1-3 days
txn_b52ca9e4,36658.0,30,MEDIUM,PAYMENT_METHOD_FAILURE,"[""Payment failed""]",1-4 hours
txn_d0929686,6032.0,45,MEDIUM,OVERDUE_RECEIVABLE,"[""Invoice is overdue"", ""Invoice is 89 days overdue""]",1-3 days
txn_b7af9ab0,2713.0,55,MEDIUM,OVERDUE_RECEIVABLE,"[""Invoice is overdue"", ""Invoice is 20 days overdue"", ""Customer lifetime value is >= 100,000""]",1-3 days
txn_39d7b407,16619.0,40,MEDIUM,PAYMENT_METHOD_FAILURE,"[""Payment failed"", ""Customer has 3 previous failed payments""]",1-4 hours
txn_c5c3d198,47419.0,45,MEDIUM,OVERDUE_RECEIVABLE,"[""Invoice is overdue"", ""Invoice is 75 days overdue""]",1-3 days
txn_e520f173,21915.0,30,MEDIUM,OTHER_REVENUE_RISK,"[""Payment failed""]",24 hours
txn_490ae7b0,42735.0,35,MEDIUM,CHECKOUT_ABANDONMENT,"[""Checkout was abandoned"", ""Customer has 3 previous failed payments""]",30-60 minutes
txn_cf194523,23178.0,45,MEDIUM,OVERDUE_RECEIVABLE,"[""Invoice is overdue"", ""Invoice is 54 days overdue""]",1-3 days
txn_baab1f75,10929.0,55,MEDIUM,OVERDUE_RECEIVABLE,"[""Invoice is overdue"", ""Invoice is 81 days overdue"", ""Customer lifetime value is >= 100,000""]",1-3 days
txn_436ba9f6,25084.0,30,MEDIUM,PAYMENT_INFRASTRUCTURE_FAILURE,"[""Payment failed""]",15-30 minutes
txn_6a6d3d69,44304.0,40,MEDIUM,PAYMENT_INFRASTRUCTURE_FAILURE,"[""Payment failed"", ""Customer lifetime value is >= 100,000""]",15-30 minutes
txn_315ad6d6,25110.0,55,MEDIUM,OVERDUE_RECEIVABLE,"[""Invoice is overdue"", ""Customer has 3 previous failed payments"", ""Invoice is 67 days overdue""]",1-3 days
txn_4a7274be,22246.0,50,MEDIUM,AUTHENTICATION_FAILURE,"[""Payment failed"", ""Customer has 5 previous failed payments"", ""Customer lifetime value is >= 100,000""]",1-4 hours
txn_2123fbba,15013.0,50,MEDIUM,INSUFFICIENT_FUNDS,"[""Payment failed"", ""Customer has 5 previous failed payments"", ""Customer lifetime value is >= 100,000""]",24-48 hours
txn_97cf1a5e,26296.0,45,MEDIUM,OVERDUE_RECEIVABLE,"[""Invoice is overdue"", ""Invoice is 83 days overdue""]",1-3 days
txn_1c12bf53,37843.0,55,MEDIUM,OVERDUE_RECEIVABLE,"[""Invoice is overdue"", ""Invoice is 66 days overdue"", ""Customer lifetime value is >= 100,000""]",1-3 days
txn_a5cf50af,7765.0,30,MEDIUM,PAYMENT_METHOD_FAILURE,"[""Payment failed""]",1-4 hours
txn_9eaa7e16,43864.0,45,MEDIUM,OVERDUE_RECEIVABLE,"[""Invoice is overdue"", ""Invoice is 38 days overdue""]",1-3 days
txn_6583a19a,15828.0,45,MEDIUM,OVERDUE_RECEIVABLE,"[""Invoice is overdue"", ""Invoice is 89 days overdue""]",1-3 days
txn_ea844a90,18858.0,35,MEDIUM,OVERDUE_RECEIVABLE,"[""Invoice is overdue""]",1-3 days
txn_b53f3357,24149.0,30,MEDIUM,TEMPORARY_PAYMENT_FAILURE,"[""Payment failed""]",15-30 minutes
txn_c16bbb23,2745.0,45,MEDIUM,CHECKOUT_ABANDONMENT,"[""Checkout was abandoned"", ""Customer has 3 previous failed payments"", ""Customer lifetime value is >= 100,000""]",30-60 minutes
txn_6c96def1,11144.0,45,MEDIUM,OVERDUE_RECEIVABLE,"[""Invoice is overdue"", ""Invoice is 37 days overdue""]",1-3 days
txn_a45e2bd6,1545.0,40,MEDIUM,TEMPORARY_PAYMENT_FAILURE,"[""Payment failed"", ""Customer has 4 previous failed payments""]",15-30 minutes
txn_9751e420,43052.0,25,LOW,CHECKOUT_ABANDONMENT,"[""Checkout was abandoned""]",30-60 minutes
txn_9fe7f103,46483.0,45,MEDIUM,OVERDUE_RECEIVABLE,"[""Invoice is overdue"", ""Invoice is 27 days overdue""]",1-3 days
txn_5d46e65c,10440.0,25,LOW,CHECKOUT_ABANDONMENT,"[""Checkout was abandoned""]",30-60 minutes
txn_47b9bca3,12695.0,30,MEDIUM,AUTHENTICATION_FAILURE,"[""Payment failed""]",1-4 hours
txn_d4798050,16419.0,25,LOW,CHECKOUT_ABANDONMENT,"[""Checkout was abandoned""]",30-60 minutes
txn_dc61205e,42896.0,30,MEDIUM,PAYMENT_METHOD_FAILURE,"[""Payment failed""]",1-4 hours
txn_6d1c1590,33118.0,45,MEDIUM,OVERDUE_RECEIVABLE,"[""Invoice is overdue"", ""Customer lifetime value is >= 100,000""]",1-3 days
txn_10d37b56,40211.0,45,MEDIUM,OVERDUE_RECEIVABLE,"[""Invoice is overdue"", ""Invoice is 49 days overdue""]",1-3 days
txn_ee4442c6,3984.0,40,MEDIUM,AUTHENTICATION_FAILURE,"[""Payment failed"", ""Customer has 4 previous failed payments""]",1-4 hours
txn_c4e56259,18079.0,55,MEDIUM,OVERDUE_RECEIVABLE,"[""Invoice is overdue"", ""Invoice is 84 days overdue"", ""Customer lifetime value is >= 100,000""]",1-3 days
txn_c944aebf,37855.0,25,LOW,CHECKOUT_ABANDONMENT,"[""Checkout was abandoned""]",30-60 minutes
txn_926d9156,28173.0,35,MEDIUM,CHECKOUT_ABANDONMENT,"[""Checkout was abandoned"", ""Customer lifetime value is >= 100,000""]",30-60 minutes
txn_8e0d755d,41709.0,45,MEDIUM,OVERDUE_RECEIVABLE,"[""Invoice is overdue"", ""Invoice is 25 days overdue""]",1-3 days
txn_80d30ee2,17021.0,45,MEDIUM,OVERDUE_RECEIVABLE,"[""Invoice is overdue"", ""Invoice is 23 days overdue""]",1-3 days
txn_82d14a84,38171.0,65,HIGH,OVERDUE_RECEIVABLE,"[""Invoice is overdue"", ""Customer has 3 previous failed payments"", ""Invoice is 42 days overdue"", ""Customer lifetime value is >= 100,000""]",1-3 days
txn_4810defc,17114.0,40,MEDIUM,PAYMENT_METHOD_FAILURE,"[""Payment failed"", ""Customer lifetime value is >= 100,000""]",1-4 hours
txn_b92c7a54,45668.0,30,MEDIUM,AUTHENTICATION_FAILURE,"[""Payment failed""]",1-4 hours
txn_0a1dfe15,45113.0,40,MEDIUM,TEMPORARY_PAYMENT_FAILURE,"[""Payment failed"", ""Customer has 3 previous failed payments""]",15-30 minutes
txn_80bfafec,29491.0,30,MEDIUM,TEMPORARY_PAYMENT_FAILURE,"[""Payment failed""]",15-30 minutes
txn_9a517dc7,41852.0,30,MEDIUM,INSUFFICIENT_FUNDS,"[""Payment failed""]",24-48 hours
txn_857cfbc7,4343.0,40,MEDIUM,TEMPORARY_PAYMENT_FAILURE,"[""Payment failed"", ""Customer has 3 previous failed payments""]",15-30 minutes
txn_be7fea09,11402.0,25,LOW,CHECKOUT_ABANDONMENT,"[""Checkout was abandoned""]",30-60 minutes
txn_84b16050,36467.0,30,MEDIUM,PAYMENT_INFRASTRUCTURE_FAILURE,"[""Payment failed""]",15-30 minutes
txn_ea30aeef,42474.0,35,MEDIUM,CHECKOUT_ABANDONMENT,"[""Checkout was abandoned"", ""Customer has 3 previous failed payments""]",30-60 minutes
txn_b5206515,32324.0,40,MEDIUM,PAYMENT_INFRASTRUCTURE_FAILURE,"[""Payment failed"", ""Customer has 3 previous failed payments""]",15-30 minutes
txn_1270d3c4,22402.0,55,MEDIUM,OVERDUE_RECEIVABLE,"[""Invoice is overdue"", ""Customer has 3 previous failed payments"", ""Invoice is 51 days overdue""]",1-3 days
txn_9109a8d6,33512.0,45,MEDIUM,CHECKOUT_ABANDONMENT,"[""Checkout was abandoned"", ""Customer has 3 previous failed payments"", ""Customer lifetime value is >= 100,000""]",30-60 minutes
txn_7e7794d7,14895.0,35,MEDIUM,OVERDUE_RECEIVABLE,"[""Invoice is overdue""]",1-3 days
txn_8ecd6a92,37767.0,25,LOW,CHECKOUT_ABANDONMENT,"[""Checkout was abandoned""]",30-60 minutes
txn_b7effd73,26851.0,45,MEDIUM,OVERDUE_RECEIVABLE,"[""Invoice is overdue"", ""Invoice is 77 days overdue""]",1-3 days
txn_4e302201,8480.0,45,MEDIUM,OVERDUE_RECEIVABLE,"[""Invoice is overdue"", ""Invoice is 47 days overdue""]",1-3 days
txn_2cfbba19,42865.0,45,MEDIUM,OVERDUE_RECEIVABLE,"[""Invoice is overdue"", ""Invoice is 81 days overdue""]",1-3 days
txn_19623c53,29611.0,50,MEDIUM,OTHER_REVENUE_RISK,"[""Payment failed"", ""Customer has 4 previous failed payments"", ""Customer lifetime value is >= 100,000""]",24 hours
txn_fdfe4514,34583.0,55,MEDIUM,OVERDUE_RECEIVABLE,"[""Invoice is overdue"", ""Invoice is 72 days overdue"", ""Customer lifetime value is >= 100,000""]",1-3 days
txn_01baa697,44463.0,45,MEDIUM,OVERDUE_RECEIVABLE,"[""Invoice is overdue"", ""Invoice is 87 days overdue""]",1-3 days
txn_8fd250df,47988.0,30,MEDIUM,PAYMENT_METHOD_FAILURE,"[""Payment failed""]",1-4 hours
txn_881d416c,40410.0,30,MEDIUM,PAYMENT_INFRASTRUCTURE_FAILURE,"[""Payment failed""]",15-30 minutes
txn_5dd9defe,11093.0,30,MEDIUM,SUBSCRIPTION_PAYMENT_FAILURE,"[""Payment failed""]",24-48 hours
txn_c6c60b00,46450.0,45,MEDIUM,OVERDUE_RECEIVABLE,"[""Invoice is overdue"", ""Invoice is 85 days overdue""]",1-3 days
txn_79514513,46731.0,25,LOW,CHECKOUT_ABANDONMENT,"[""Checkout was abandoned""]",30-60 minutes
txn_5fab6083,5859.0,45,MEDIUM,OVERDUE_RECEIVABLE,"[""Invoice is overdue"", ""Invoice is 71 days overdue""]",1-3 days
txn_32988f94,33029.0,25,LOW,CHECKOUT_ABANDONMENT,"[""Checkout was abandoned""]",30-60 minutes
txn_3309cd06,33399.0,35,MEDIUM,CHECKOUT_ABANDONMENT,"[""Checkout was abandoned"", ""Customer has 4 previous failed payments""]",30-60 minutes
txn_3b1a4293,12333.0,35,MEDIUM,OVERDUE_RECEIVABLE,"[""Invoice is overdue""]",1-3 days
txn_247c21aa,5468.0,30,MEDIUM,TEMPORARY_PAYMENT_FAILURE,"[""Payment failed""]",15-30 minutes
txn_3cfbf745,26646.0,35,MEDIUM,CHECKOUT_ABANDONMENT,"[""Checkout was abandoned"", ""Customer has 3 previous failed payments""]",30-60 minutes
txn_f2d73f5d,1798.0,30,MEDIUM,PAYMENT_INFRASTRUCTURE_FAILURE,"[""Payment failed""]",15-30 minutes
txn_95ea8e52,23287.0,45,MEDIUM,OVERDUE_RECEIVABLE,"[""Invoice is overdue"", ""Invoice is 60 days overdue""]",1-3 days
txn_7a23087b,38970.0,45,MEDIUM,CHECKOUT_ABANDONMENT,"[""Checkout was abandoned"", ""Customer has 4 previous failed payments"", ""Customer lifetime value is >= 100,000""]",30-60 minutes
txn_af3ab4dd,32373.0,25,LOW,CHECKOUT_ABANDONMENT,"[""Checkout was abandoned""]",30-60 minutes
txn_9a63bc35,46442.0,55,MEDIUM,OVERDUE_RECEIVABLE,"[""Invoice is overdue"", ""Invoice is 21 days overdue"", ""Customer lifetime value is >= 100,000""]",1-3 days
txn_de1ab5b1,24387.0,35,MEDIUM,OVERDUE_RECEIVABLE,"[""Invoice is overdue""]",1-3 days
txn_e25c7c3d,4259.0,25,LOW,CHECKOUT_ABANDONMENT,"[""Checkout was abandoned""]",30-60 minutes
txn_969d6d4b,44634.0,25,LOW,CHECKOUT_ABANDONMENT,"[""Checkout was abandoned""]",30-60 minutes
txn_c192795a,15572.0,25,LOW,CHECKOUT_ABANDONMENT,"[""Checkout was abandoned""]",30-60 minutes
txn_85a80979,29873.0,30,MEDIUM,AUTHENTICATION_FAILURE,"[""Payment failed""]",1-4 hours
txn_1bff14f1,22735.0,45,MEDIUM,OVERDUE_RECEIVABLE,"[""Invoice is overdue"", ""Invoice is 25 days overdue""]",1-3 days
txn_bd8aa3f7,29328.0,30,MEDIUM,TEMPORARY_PAYMENT_FAILURE,"[""Payment failed""]",15-30 minutes
txn_88c44bef,25677.0,25,LOW,CHECKOUT_ABANDONMENT,"[""Checkout was abandoned""]",30-60 minutes
txn_9977dfb2,46703.0,30,MEDIUM,TEMPORARY_PAYMENT_FAILURE,"[""Payment failed""]",15-30 minutes
txn_bffc6582,18264.0,25,LOW,CHECKOUT_ABANDONMENT,"[""Checkout was abandoned""]",30-60 minutes
txn_64aa1e13,48979.0,40,MEDIUM,PAYMENT_INFRASTRUCTURE_FAILURE,"[""Payment failed"", ""Customer lifetime value is >= 100,000""]",15-30 minutes
txn_f9d065f7,22829.0,45,MEDIUM,OVERDUE_RECEIVABLE,"[""Invoice is overdue"", ""Invoice is 17 days overdue""]",1-3 days
txn_44c57e3a,32474.0,30,MEDIUM,INSUFFICIENT_FUNDS,"[""Payment failed""]",24-48 hours
txn_fef4bfc0,46538.0,35,MEDIUM,OVERDUE_RECEIVABLE,"[""Invoice is overdue""]",1-3 days
txn_43cb2e5b,46753.0,25,LOW,CHECKOUT_ABANDONMENT,"[""Checkout was abandoned""]",30-60 minutes
txn_ca7e9f40,1097.0,25,LOW,CHECKOUT_ABANDONMENT,"[""Checkout was abandoned""]",30-60 minutes
txn_6b866e5d,39257.0,35,MEDIUM,CHECKOUT_ABANDONMENT,"[""Checkout was abandoned"", ""Customer has 3 previous failed payments""]",30-60 minutes
txn_df52b3f1,19927.0,35,MEDIUM,CHECKOUT_ABANDONMENT,"[""Checkout was abandoned"", ""Customer has 3 previous failed payments""]",30-60 minutes
txn_b0979c76,47085.0,45,MEDIUM,CHECKOUT_ABANDONMENT,"[""Checkout was abandoned"", ""Customer has 5 previous failed payments"", ""Customer lifetime value is >= 100,000""]",30-60 minutes
txn_fc5f1bae,31305.0,25,LOW,CHECKOUT_ABANDONMENT,"[""Checkout was abandoned""]",30-60 minutes
txn_6643bd96,10235.0,45,MEDIUM,OVERDUE_RECEIVABLE,"[""Invoice is overdue"", ""Invoice is 16 days overdue""]",1-3 days
txn_45501fca,35304.0,65,HIGH,OVERDUE_RECEIVABLE,"[""Invoice is overdue"", ""Customer has 3 previous failed payments"", ""Invoice is 22 days overdue"", ""Customer lifetime value is >= 100,000""]",1-3 days
txn_7c618fc5,26123.0,30,MEDIUM,INSUFFICIENT_FUNDS,"[""Payment failed""]",24-48 hours
txn_5d1a4bd0,34247.0,55,MEDIUM,OVERDUE_RECEIVABLE,"[""Invoice is overdue"", ""Invoice is 36 days overdue"", ""Customer lifetime value is >= 100,000""]",1-3 days
txn_7090b8bd,1343.0,45,MEDIUM,CHECKOUT_ABANDONMENT,"[""Checkout was abandoned"", ""Customer has 3 previous failed payments"", ""Customer lifetime value is >= 100,000""]",30-60 minutes
txn_f07d0fe0,20324.0,25,LOW,CHECKOUT_ABANDONMENT,"[""Checkout was abandoned""]",30-60 minutes
txn_6573dd0d,42852.0,55,MEDIUM,OVERDUE_RECEIVABLE,"[""Invoice is overdue"", ""Customer has 3 previous failed payments"", ""Invoice is 70 days overdue""]",1-3 days
txn_11b4f11f,44636.0,30,MEDIUM,AUTHENTICATION_FAILURE,"[""Payment failed""]",1-4 hours
txn_b6470acf,17240.0,25,LOW,CHECKOUT_ABANDONMENT,"[""Checkout was abandoned""]",30-60 minutes
txn_a6820d89,25296.0,25,LOW,CHECKOUT_ABANDONMENT,"[""Checkout was abandoned""]",30-60 minutes
txn_254e24f3,25469.0,30,MEDIUM,PAYMENT_METHOD_FAILURE,"[""Payment failed""]",1-4 hours
txn_78a8a709,6886.0,55,MEDIUM,OVERDUE_RECEIVABLE,"[""Invoice is overdue"", ""Invoice is 86 days overdue"", ""Customer lifetime value is >= 100,000""]",1-3 days
txn_6d1fa1ad,45101.0,45,MEDIUM,OVERDUE_RECEIVABLE,"[""Invoice is overdue"", ""Invoice is 71 days overdue""]",1-3 days
txn_8ef3e6a6,32930.0,45,MEDIUM,OVERDUE_RECEIVABLE,"[""Invoice is overdue"", ""Invoice is 49 days overdue""]",1-3 days
txn_a0127216,23080.0,55,MEDIUM,OVERDUE_RECEIVABLE,"[""Invoice is overdue"", ""Customer has 3 previous failed payments"", ""Invoice is 77 days overdue""]",1-3 days
txn_3f978ced,8600.0,30,MEDIUM,TEMPORARY_PAYMENT_FAILURE,"[""Payment failed""]",15-30 minutes
txn_729c9031,40151.0,30,MEDIUM,INSUFFICIENT_FUNDS,"[""Payment failed""]",24-48 hours
txn_a590b1ef,2232.0,45,MEDIUM,OVERDUE_RECEIVABLE,"[""Invoice is overdue"", ""Invoice is 62 days overdue""]",1-3 days
txn_59b21c7c,37480.0,25,LOW,CHECKOUT_ABANDONMENT,"[""Checkout was abandoned""]",30-60 minutes
txn_500fc79c,31280.0,45,MEDIUM,OVERDUE_RECEIVABLE,"[""Invoice is overdue"", ""Invoice is 73 days overdue""]",1-3 days
txn_55fe968b,22640.0,55,MEDIUM,OVERDUE_RECEIVABLE,"[""Invoice is overdue"", ""Customer has 3 previous failed payments"", ""Invoice is 86 days overdue""]",1-3 days
txn_2837a0e7,10580.0,45,MEDIUM,OVERDUE_RECEIVABLE,"[""Invoice is overdue"", ""Invoice is 77 days overdue""]",1-3 days
txn_bd9d3f16,16383.0,55,MEDIUM,OVERDUE_RECEIVABLE,"[""Invoice is overdue"", ""Invoice is 64 days overdue"", ""Customer lifetime value is >= 100,000""]",1-3 days
txn_59e1d370,17291.0,45,MEDIUM,OVERDUE_RECEIVABLE,"[""Invoice is overdue"", ""Invoice is 80 days overdue""]",1-3 days
txn_d91aa7fa,16147.0,35,MEDIUM,CHECKOUT_ABANDONMENT,"[""Checkout was abandoned"", ""Customer lifetime value is >= 100,000""]",30-60 minutes
txn_a6487e0e,21439.0,30,MEDIUM,INSUFFICIENT_FUNDS,"[""Payment failed""]",24-48 hours
txn_0b97d9e9,16214.0,45,MEDIUM,OVERDUE_RECEIVABLE,"[""Invoice is overdue"", ""Invoice is 46 days overdue""]",1-3 days
txn_88b86229,7789.0,30,MEDIUM,INSUFFICIENT_FUNDS,"[""Payment failed""]",24-48 hours
txn_4bc69eac,41253.0,45,MEDIUM,OVERDUE_RECEIVABLE,"[""Invoice is overdue"", ""Invoice is 78 days overdue""]",1-3 days
txn_626e3a0f,45524.0,35,MEDIUM,OVERDUE_RECEIVABLE,"[""Invoice is overdue""]",1-3 days
txn_c08346ab,33159.0,55,MEDIUM,OVERDUE_RECEIVABLE,"[""Invoice is overdue"", ""Customer has 3 previous failed payments"", ""Invoice is 44 days overdue""]",1-3 days
txn_053d0c9f,7798.0,55,MEDIUM,OVERDUE_RECEIVABLE,"[""Invoice is overdue"", ""Invoice is 17 days overdue"", ""Customer lifetime value is >= 100,000""]",1-3 days
txn_e2196ae2,37402.0,45,MEDIUM,CHECKOUT_ABANDONMENT,"[""Checkout was abandoned"", ""Customer has 3 previous failed payments"", ""Customer lifetime value is >= 100,000""]",30-60 minutes
txn_7d1be096,11159.0,45,MEDIUM,OVERDUE_RECEIVABLE,"[""Invoice is overdue"", ""Invoice is 58 days overdue""]",1-3 days
txn_46048d4a,43587.0,65,HIGH,OVERDUE_RECEIVABLE,"[""Invoice is overdue"", ""Customer has 3 previous failed payments"", ""Invoice is 28 days overdue"", ""Customer lifetime value is >= 100,000""]",1-3 days
txn_6609ba1d,19860.0,25,LOW,CHECKOUT_ABANDONMENT,"[""Checkout was abandoned""]",30-60 minutes
txn_f263e1ec,19348.0,30,MEDIUM,TEMPORARY_PAYMENT_FAILURE,"[""Payment failed""]",15-30 minutes
txn_83aa9620,4593.0,45,MEDIUM,OVERDUE_RECEIVABLE,"[""Invoice is overdue"", ""Invoice is 86 days overdue""]",1-3 days
txn_b73fb08d,36267.0,25,LOW,CHECKOUT_ABANDONMENT,"[""Checkout was abandoned""]",30-60 minutes
txn_4421288e,4214.0,65,HIGH,OVERDUE_RECEIVABLE,"[""Invoice is overdue"", ""Customer has 4 previous failed payments"", ""Invoice is 72 days overdue"", ""Customer lifetime value is >= 100,000""]",1-3 days
txn_6b259dce,27114.0,35,MEDIUM,CHECKOUT_ABANDONMENT,"[""Checkout was abandoned"", ""Customer has 3 previous failed payments""]",30-60 minutes
txn_d56ba09e,16958.0,65,HIGH,OVERDUE_RECEIVABLE,"[""Invoice is overdue"", ""Customer has 4 previous failed payments"", ""Invoice is 50 days overdue"", ""Customer lifetime value is >= 100,000""]",1-3 days
txn_551fe136,17551.0,30,MEDIUM,PAYMENT_INFRASTRUCTURE_FAILURE,"[""Payment failed""]",15-30 minutes
txn_bbc50ab1,21515.0,45,MEDIUM,OVERDUE_RECEIVABLE,"[""Invoice is overdue"", ""Invoice is 64 days overdue""]",1-3 days
txn_fb627f58,21435.0,50,MEDIUM,SUBSCRIPTION_PAYMENT_FAILURE,"[""Payment failed"", ""Customer has 3 previous failed payments"", ""Customer lifetime value is >= 100,000""]",24-48 hours
txn_c4a634c8,22206.0,55,MEDIUM,OVERDUE_RECEIVABLE,"[""Invoice is overdue"", ""Customer has 3 previous failed payments"", ""Customer lifetime value is >= 100,000""]",1-3 days
txn_b226e435,17399.0,45,MEDIUM,OVERDUE_RECEIVABLE,"[""Invoice is overdue"", ""Invoice is 28 days overdue""]",1-3 days
txn_0796b7ae,23373.0,45,MEDIUM,OVERDUE_RECEIVABLE,"[""Invoice is overdue"", ""Invoice is 25 days overdue""]",1-3 days
txn_ebfa1271,8544.0,25,LOW,CHECKOUT_ABANDONMENT,"[""Checkout was abandoned""]",30-60 minutes
txn_2eb00237,33222.0,45,MEDIUM,OVERDUE_RECEIVABLE,"[""Invoice is overdue"", ""Invoice is 79 days overdue""]",1-3 days
txn_8dab9fb8,31103.0,35,MEDIUM,CHECKOUT_ABANDONMENT,"[""Checkout was abandoned"", ""Customer lifetime value is >= 100,000""]",30-60 minutes
txn_9fca4ca6,45004.0,35,MEDIUM,CHECKOUT_ABANDONMENT,"[""Checkout was abandoned"", ""Customer has 3 previous failed payments""]",30-60 minutes
txn_3bc05f6f,13378.0,30,MEDIUM,PAYMENT_METHOD_FAILURE,"[""Payment failed""]",1-4 hours
txn_c9ec139a,12575.0,30,MEDIUM,AUTHENTICATION_FAILURE,"[""Payment failed""]",1-4 hours
txn_a45deb05,15388.0,45,MEDIUM,OVERDUE_RECEIVABLE,"[""Invoice is overdue"", ""Invoice is 58 days overdue""]",1-3 days
txn_16306ac3,32447.0,30,MEDIUM,OTHER_REVENUE_RISK,"[""Payment failed""]",24 hours
txn_bbad9e6d,19499.0,25,LOW,CHECKOUT_ABANDONMENT,"[""Checkout was abandoned""]",30-60 minutes
txn_bc4dbf1c,25147.0,30,MEDIUM,TEMPORARY_PAYMENT_FAILURE,"[""Payment failed""]",15-30 minutes
txn_a1fee527,14536.0,45,MEDIUM,OVERDUE_RECEIVABLE,"[""Invoice is overdue"", ""Invoice is 56 days overdue""]",1-3 days
txn_913b7fb9,3308.0,30,MEDIUM,PAYMENT_METHOD_FAILURE,"[""Payment failed""]",1-4 hours
txn_182e7968,18591.0,55,MEDIUM,OVERDUE_RECEIVABLE,"[""Invoice is overdue"", ""Invoice is 64 days overdue"", ""Customer lifetime value is >= 100,000""]",1-3 days
txn_65cb7a00,33568.0,30,MEDIUM,INSUFFICIENT_FUNDS,"[""Payment failed""]",24-48 hours
txn_48e63159,9322.0,45,MEDIUM,OVERDUE_RECEIVABLE,"[""Invoice is overdue"", ""Invoice is 59 days overdue""]",1-3 days
txn_ac0fd252,24555.0,30,MEDIUM,SUBSCRIPTION_PAYMENT_FAILURE,"[""Payment failed""]",24-48 hours
txn_26b9ccdc,38059.0,25,LOW,CHECKOUT_ABANDONMENT,"[""Checkout was abandoned""]",30-60 minutes
txn_f538b1d7,7099.0,45,MEDIUM,OVERDUE_RECEIVABLE,"[""Invoice is overdue"", ""Invoice is 68 days overdue""]",1-3 days
txn_b6a7f088,45130.0,45,MEDIUM,OVERDUE_RECEIVABLE,"[""Invoice is overdue"", ""Invoice is 21 days overdue""]",1-3 days
txn_38ebf9e4,32055.0,50,MEDIUM,AUTHENTICATION_FAILURE,"[""Payment failed"", ""Customer has 4 previous failed payments"", ""Customer lifetime value is >= 100,000""]",1-4 hours
txn_ab503f88,22105.0,50,MEDIUM,TEMPORARY_PAYMENT_FAILURE,"[""Payment failed"", ""Customer has 3 previous failed payments"", ""Customer lifetime value is >= 100,000""]",15-30 minutes
txn_b692e05d,36066.0,40,MEDIUM,PAYMENT_INFRASTRUCTURE_FAILURE,"[""Payment failed"", ""Customer lifetime value is >= 100,000""]",15-30 minutes
txn_dcd83c75,14281.0,45,MEDIUM,CHECKOUT_ABANDONMENT,"[""Checkout was abandoned"", ""Customer has 5 previous failed payments"", ""Customer lifetime value is >= 100,000""]",30-60 minutes
txn_dbd6a594,45572.0,45,MEDIUM,OVERDUE_RECEIVABLE,"[""Invoice is overdue"", ""Invoice is 82 days overdue""]",1-3 days
txn_5df58b1e,11295.0,45,MEDIUM,OVERDUE_RECEIVABLE,"[""Invoice is overdue"", ""Invoice is 31 days overdue""]",1-3 days
txn_d1a02cf7,16601.0,30,MEDIUM,PAYMENT_METHOD_FAILURE,"[""Payment failed""]",1-4 hours
txn_88402115,49748.0,45,MEDIUM,OVERDUE_RECEIVABLE,"[""Invoice is overdue"", ""Invoice is 33 days overdue""]",1-3 days
txn_f0996aef,19917.0,55,MEDIUM,OVERDUE_RECEIVABLE,"[""Invoice is overdue"", ""Customer has 3 previous failed payments"", ""Customer lifetime value is >= 100,000""]",1-3 days
txn_9cd6b84f,49535.0,30,MEDIUM,PAYMENT_METHOD_FAILURE,"[""Payment failed""]",1-4 hours
txn_41a3ce43,42574.0,55,MEDIUM,OVERDUE_RECEIVABLE,"[""Invoice is overdue"", ""Invoice is 25 days overdue"", ""Customer lifetime value is >= 100,000""]",1-3 days
txn_b26f1cce,26281.0,40,MEDIUM,INSUFFICIENT_FUNDS,"[""Payment failed"", ""Customer has 3 previous failed payments""]",24-48 hours
txn_031b4aee,21422.0,45,MEDIUM,OVERDUE_RECEIVABLE,"[""Invoice is overdue"", ""Invoice is 75 days overdue""]",1-3 days
txn_ca0307cd,30647.0,25,LOW,CHECKOUT_ABANDONMENT,"[""Checkout was abandoned""]",30-60 minutes
txn_5a097829,49194.0,30,MEDIUM,PAYMENT_METHOD_FAILURE,"[""Payment failed""]",1-4 hours
txn_d9f7c626,14351.0,35,MEDIUM,OVERDUE_RECEIVABLE,"[""Invoice is overdue""]",1-3 days
txn_cd0d12f8,16055.0,25,LOW,CHECKOUT_ABANDONMENT,"[""Checkout was abandoned""]",30-60 minutes
txn_04f13611,18551.0,35,MEDIUM,CHECKOUT_ABANDONMENT,"[""Checkout was abandoned"", ""Customer has 3 previous failed payments""]",30-60 minutes
txn_c2886d0e,18456.0,45,MEDIUM,OVERDUE_RECEIVABLE,"[""Invoice is overdue"", ""Invoice is 25 days overdue""]",1-3 days
txn_e9ada19d,7343.0,30,MEDIUM,TEMPORARY_PAYMENT_FAILURE,"[""Payment failed""]",15-30 minutes
txn_a2a26758,32155.0,50,MEDIUM,TEMPORARY_PAYMENT_FAILURE,"[""Payment failed"", ""Customer has 3 previous failed payments"", ""Customer lifetime value is >= 100,000""]",15-30 minutes
txn_24de7a16,21005.0,55,MEDIUM,OVERDUE_RECEIVABLE,"[""Invoice is overdue"", ""Customer has 4 previous failed payments"", ""Invoice is 66 days overdue""]",1-3 days
txn_31bcb73f,18268.0,30,MEDIUM,PAYMENT_INFRASTRUCTURE_FAILURE,"[""Payment failed""]",15-30 minutes
txn_ff640e6f,15234.0,25,LOW,CHECKOUT_ABANDONMENT,"[""Checkout was abandoned""]",30-60 minutes
txn_a535f794,14788.0,30,MEDIUM,AUTHENTICATION_FAILURE,"[""Payment failed""]",1-4 hours
txn_fc00855c,43174.0,45,MEDIUM,OVERDUE_RECEIVABLE,"[""Invoice is overdue"", ""Invoice is 33 days overdue""]",1-3 days
txn_472c07f6,29087.0,45,MEDIUM,CHECKOUT_ABANDONMENT,"[""Checkout was abandoned"", ""Customer has 4 previous failed payments"", ""Customer lifetime value is >= 100,000""]",30-60 minutes
txn_6ff62a39,6450.0,25,LOW,CHECKOUT_ABANDONMENT,"[""Checkout was abandoned""]",30-60 minutes
txn_cce5fb16,31205.0,35,MEDIUM,OVERDUE_RECEIVABLE,"[""Invoice is overdue""]",1-3 days
txn_29ede053,10229.0,30,MEDIUM,AUTHENTICATION_FAILURE,"[""Payment failed""]",1-4 hours
txn_3e585a62,10247.0,30,MEDIUM,TEMPORARY_PAYMENT_FAILURE,"[""Payment failed""]",15-30 minutes
txn_3ec2cdd0,43151.0,30,MEDIUM,TEMPORARY_PAYMENT_FAILURE,"[""Payment failed""]",15-30 minutes
txn_03ab9a50,33600.0,45,MEDIUM,CHECKOUT_ABANDONMENT,"[""Checkout was abandoned"", ""Customer has 5 previous failed payments"", ""Customer lifetime value is >= 100,000""]",30-60 minutes
txn_863115e3,41417.0,30,MEDIUM,PAYMENT_METHOD_FAILURE,"[""Payment failed""]",1-4 hours
txn_d0ff56e1,19122.0,30,MEDIUM,TEMPORARY_PAYMENT_FAILURE,"[""Payment failed""]",15-30 minutes
txn_ea8f3907,23314.0,25,LOW,CHECKOUT_ABANDONMENT,"[""Checkout was abandoned""]",30-60 minutes
txn_a4b113af,8576.0,30,MEDIUM,AUTHENTICATION_FAILURE,"[""Payment failed""]",1-4 hours
txn_8ac987c5,38613.0,40,MEDIUM,PAYMENT_METHOD_FAILURE,"[""Payment failed"", ""Customer has 3 previous failed payments""]",1-4 hours
txn_9c71b786,14322.0,30,MEDIUM,OTHER_REVENUE_RISK,"[""Payment failed""]",24 hours
txn_0e76f469,38010.0,25,LOW,CHECKOUT_ABANDONMENT,"[""Checkout was abandoned""]",30-60 minutes
txn_240e0113,45772.0,55,MEDIUM,OVERDUE_RECEIVABLE,"[""Invoice is overdue"", ""Invoice is 67 days overdue"", ""Customer lifetime value is >= 100,000""]",1-3 days
txn_ccb00c51,8079.0,40,MEDIUM,TEMPORARY_PAYMENT_FAILURE,"[""Payment failed"", ""Customer has 3 previous failed payments""]",15-30 minutes
txn_57a16231,28787.0,25,LOW,CHECKOUT_ABANDONMENT,"[""Checkout was abandoned""]",30-60 minutes
txn_32612c0f,17191.0,45,MEDIUM,OVERDUE_RECEIVABLE,"[""Invoice is overdue"", ""Invoice is 85 days overdue""]",1-3 days
txn_2fb6957d,29041.0,65,HIGH,OVERDUE_RECEIVABLE,"[""Invoice is overdue"", ""Customer has 5 previous failed payments"", ""Invoice is 72 days overdue"", ""Customer lifetime value is >= 100,000""]",1-3 days
txn_e224b375,14296.0,45,MEDIUM,OVERDUE_RECEIVABLE,"[""Invoice is overdue"", ""Invoice is 59 days overdue""]",1-3 days
txn_7d10019c,23455.0,30,MEDIUM,INSUFFICIENT_FUNDS,"[""Payment failed""]",24-48 hours
txn_9dee91df,13266.0,40,MEDIUM,INSUFFICIENT_FUNDS,"[""Payment failed"", ""Customer lifetime value is >= 100,000""]",24-48 hours
txn_a3d72b9d,38732.0,30,MEDIUM,TEMPORARY_PAYMENT_FAILURE,"[""Payment failed""]",15-30 minutes
txn_dfb036a1,37855.0,30,MEDIUM,PAYMENT_INFRASTRUCTURE_FAILURE,"[""Payment failed""]",15-30 minutes
txn_72ae8a7c,28030.0,25,LOW,CHECKOUT_ABANDONMENT,"[""Checkout was abandoned""]",30-60 minutes
txn_933bcda7,20342.0,40,MEDIUM,PAYMENT_METHOD_FAILURE,"[""Payment failed"", ""Customer has 3 previous failed payments""]",1-4 hours
txn_b92971e0,43472.0,45,MEDIUM,OVERDUE_RECEIVABLE,"[""Invoice is overdue"", ""Invoice is 90 days overdue""]",1-3 days
txn_adaa9f0c,43796.0,25,LOW,CHECKOUT_ABANDONMENT,"[""Checkout was abandoned""]",30-60 minutes
txn_9d0ae3ec,32314.0,40,MEDIUM,AUTHENTICATION_FAILURE,"[""Payment failed"", ""Customer has 3 previous failed payments""]",1-4 hours
txn_2c5032aa,23811.0,50,MEDIUM,AUTHENTICATION_FAILURE,"[""Payment failed"", ""Customer has 4 previous failed payments"", ""Customer lifetime value is >= 100,000""]",1-4 hours
txn_44a18108,43139.0,55,MEDIUM,OVERDUE_RECEIVABLE,"[""Invoice is overdue"", ""Customer has 3 previous failed payments"", ""Invoice is 31 days overdue""]",1-3 days
txn_67dfd0e2,35660.0,45,MEDIUM,CHECKOUT_ABANDONMENT,"[""Checkout was abandoned"", ""Customer has 5 previous failed payments"", ""Customer lifetime value is >= 100,000""]",30-60 minutes
txn_cec990b6,48266.0,25,LOW,CHECKOUT_ABANDONMENT,"[""Checkout was abandoned""]",30-60 minutes
txn_00e0f32b,357.0,25,LOW,CHECKOUT_ABANDONMENT,"[""Checkout was abandoned""]",30-60 minutes
txn_ed6c0ac4,48675.0,45,MEDIUM,OVERDUE_RECEIVABLE,"[""Invoice is overdue"", ""Invoice is 87 days overdue""]",1-3 days
txn_6bf795da,888.0,45,MEDIUM,OVERDUE_RECEIVABLE,"[""Invoice is overdue"", ""Invoice is 60 days overdue""]",1-3 days
txn_cf15d739,8568.0,65,HIGH,OVERDUE_RECEIVABLE,"[""Invoice is overdue"", ""Customer has 3 previous failed payments"", ""Invoice is 63 days overdue"", ""Customer lifetime value is >= 100,000""]",1-3 days
txn_f8ce8e2f,11878.0,45,MEDIUM,OVERDUE_RECEIVABLE,"[""Invoice is overdue"", ""Invoice is 50 days overdue""]",1-3 days
txn_454c51b3,14687.0,55,MEDIUM,OVERDUE_RECEIVABLE,"[""Invoice is overdue"", ""Customer has 3 previous failed payments"", ""Invoice is 82 days overdue""]",1-3 days
txn_4cd6f029,33146.0,55,MEDIUM,OVERDUE_RECEIVABLE,"[""Invoice is overdue"", ""Customer has 3 previous failed payments"", ""Invoice is 24 days overdue""]",1-3 days
txn_60ffa62b,27520.0,25,LOW,CHECKOUT_ABANDONMENT,"[""Checkout was abandoned""]",30-60 minutes
txn_dd36f63b,46469.0,35,MEDIUM,OVERDUE_RECEIVABLE,"[""Invoice is overdue""]",1-3 days
txn_53ed5502,7074.0,30,MEDIUM,PAYMENT_INFRASTRUCTURE_FAILURE,"[""Payment failed""]",15-30 minutes
txn_38fc2476,21773.0,55,MEDIUM,OVERDUE_RECEIVABLE,"[""Invoice is overdue"", ""Customer has 3 previous failed payments"", ""Invoice is 37 days overdue""]",1-3 days
txn_7aa97820,42975.0,45,MEDIUM,OVERDUE_RECEIVABLE,"[""Invoice is overdue"", ""Customer has 3 previous failed payments""]",1-3 days
txn_eb9f66da,49954.0,30,MEDIUM,PAYMENT_INFRASTRUCTURE_FAILURE,"[""Payment failed""]",15-30 minutes
txn_26d55f1b,23625.0,30,MEDIUM,PAYMENT_INFRASTRUCTURE_FAILURE,"[""Payment failed""]",15-30 minutes
txn_1632ee60,8480.0,55,MEDIUM,OVERDUE_RECEIVABLE,"[""Invoice is overdue"", ""Invoice is 42 days overdue"", ""Customer lifetime value is >= 100,000""]",1-3 days
txn_9479804d,13073.0,35,MEDIUM,CHECKOUT_ABANDONMENT,"[""Checkout was abandoned"", ""Customer lifetime value is >= 100,000""]",30-60 minutes
txn_9825b8e5,20507.0,35,MEDIUM,CHECKOUT_ABANDONMENT,"[""Checkout was abandoned"", ""Customer has 4 previous failed payments""]",30-60 minutes
txn_781aa5ad,21623.0,50,MEDIUM,PAYMENT_INFRASTRUCTURE_FAILURE,"[""Payment failed"", ""Customer has 4 previous failed payments"", ""Customer lifetime value is >= 100,000""]",15-30 minutes
txn_14411cbf,45177.0,50,MEDIUM,AUTHENTICATION_FAILURE,"[""Payment failed"", ""Customer has 5 previous failed payments"", ""Customer lifetime value is >= 100,000""]",1-4 hours
txn_f3485eef,48819.0,65,HIGH,OVERDUE_RECEIVABLE,"[""Invoice is overdue"", ""Customer has 4 previous failed payments"", ""Invoice is 46 days overdue"", ""Customer lifetime value is >= 100,000""]",1-3 days
txn_5d295a13,10924.0,30,MEDIUM,PAYMENT_METHOD_FAILURE,"[""Payment failed""]",1-4 hours
txn_452691db,20034.0,30,MEDIUM,PAYMENT_INFRASTRUCTURE_FAILURE,"[""Payment failed""]",15-30 minutes
txn_c7be9e7e,5797.0,40,MEDIUM,AUTHENTICATION_FAILURE,"[""Payment failed"", ""Customer lifetime value is >= 100,000""]",1-4 hours
txn_e08268e1,16333.0,30,MEDIUM,TEMPORARY_PAYMENT_FAILURE,"[""Payment failed""]",15-30 minutes
txn_cba7559a,11921.0,25,LOW,CHECKOUT_ABANDONMENT,"[""Checkout was abandoned""]",30-60 minutes
txn_aa9eda3e,24755.0,45,MEDIUM,OVERDUE_RECEIVABLE,"[""Invoice is overdue"", ""Invoice is 44 days overdue""]",1-3 days
txn_caffdefc,33543.0,45,MEDIUM,OVERDUE_RECEIVABLE,"[""Invoice is overdue"", ""Invoice is 62 days overdue""]",1-3 days
txn_3d823a11,16779.0,55,MEDIUM,OVERDUE_RECEIVABLE,"[""Invoice is overdue"", ""Customer has 5 previous failed payments"", ""Customer lifetime value is >= 100,000""]",1-3 days
txn_0336369c,26372.0,35,MEDIUM,CHECKOUT_ABANDONMENT,"[""Checkout was abandoned"", ""Customer lifetime value is >= 100,000""]",30-60 minutes
txn_62b9ed5f,18641.0,45,MEDIUM,OVERDUE_RECEIVABLE,"[""Invoice is overdue"", ""Invoice is 87 days overdue""]",1-3 days
txn_79763343,29367.0,35,MEDIUM,OVERDUE_RECEIVABLE,"[""Invoice is overdue""]",1-3 days
txn_b4dc0911,29112.0,40,MEDIUM,OTHER_REVENUE_RISK,"[""Payment failed"", ""Customer has 4 previous failed payments""]",24 hours
txn_2faae895,25223.0,45,MEDIUM,OVERDUE_RECEIVABLE,"[""Invoice is overdue"", ""Invoice is 69 days overdue""]",1-3 days
txn_c7712190,35647.0,45,MEDIUM,OVERDUE_RECEIVABLE,"[""Invoice is overdue"", ""Invoice is 85 days overdue""]",1-3 days
txn_9f527831,30685.0,35,MEDIUM,OVERDUE_RECEIVABLE,"[""Invoice is overdue""]",1-3 days
txn_2be47d4c,11332.0,45,MEDIUM,OVERDUE_RECEIVABLE,"[""Invoice is overdue"", ""Invoice is 80 days overdue""]",1-3 days
txn_bbf209c4,34736.0,30,MEDIUM,AUTHENTICATION_FAILURE,"[""Payment failed""]",1-4 hours
txn_50c10810,25849.0,30,MEDIUM,PAYMENT_METHOD_FAILURE,"[""Payment failed""]",1-4 hours
txn_dc87cd75,22603.0,40,MEDIUM,AUTHENTICATION_FAILURE,"[""Payment failed"", ""Customer has 3 previous failed payments""]",1-4 hours
txn_8cb48294,41504.0,35,MEDIUM,CHECKOUT_ABANDONMENT,"[""Checkout was abandoned"", ""Customer lifetime value is >= 100,000""]",30-60 minutes
txn_288211ad,40848.0,30,MEDIUM,INSUFFICIENT_FUNDS,"[""Payment failed""]",24-48 hours
txn_f5c00e51,42758.0,45,MEDIUM,OVERDUE_RECEIVABLE,"[""Invoice is overdue"", ""Customer lifetime value is >= 100,000""]",1-3 days
txn_acd6a3b4,24847.0,30,MEDIUM,PAYMENT_METHOD_FAILURE,"[""Payment failed""]",1-4 hours
txn_6f579176,4037.0,45,MEDIUM,OVERDUE_RECEIVABLE,"[""Invoice is overdue"", ""Invoice is 71 days overdue""]",1-3 days
txn_a6590c00,35047.0,30,MEDIUM,TEMPORARY_PAYMENT_FAILURE,"[""Payment failed""]",15-30 minutes
txn_fec42563,14081.0,30,MEDIUM,SUBSCRIPTION_PAYMENT_FAILURE,"[""Payment failed""]",24-48 hours
txn_22ee685c,39475.0,40,MEDIUM,AUTHENTICATION_FAILURE,"[""Payment failed"", ""Customer has 3 previous failed payments""]",1-4 hours
txn_2837c359,25204.0,40,MEDIUM,SUBSCRIPTION_PAYMENT_FAILURE,"[""Payment failed"", ""Customer lifetime value is >= 100,000""]",24-48 hours
txn_e7357f1a,21507.0,35,MEDIUM,OVERDUE_RECEIVABLE,"[""Invoice is overdue""]",1-3 days
txn_85f5990d,21743.0,30,MEDIUM,PAYMENT_METHOD_FAILURE,"[""Payment failed""]",1-4 hours
txn_5019d70d,24683.0,45,MEDIUM,OVERDUE_RECEIVABLE,"[""Invoice is overdue"", ""Invoice is 32 days overdue""]",1-3 days
txn_147945c2,1526.0,30,MEDIUM,TEMPORARY_PAYMENT_FAILURE,"[""Payment failed""]",15-30 minutes
txn_e0887264,29913.0,35,MEDIUM,CHECKOUT_ABANDONMENT,"[""Checkout was abandoned"", ""Customer has 3 previous failed payments""]",30-60 minutes
txn_92c95ea1,43412.0,65,HIGH,OVERDUE_RECEIVABLE,"[""Invoice is overdue"", ""Customer has 3 previous failed payments"", ""Invoice is 18 days overdue"", ""Customer lifetime value is >= 100,000""]",1-3 days
txn_0761b15d,23773.0,45,MEDIUM,CHECKOUT_ABANDONMENT,"[""Checkout was abandoned"", ""Customer has 3 previous failed payments"", ""Customer lifetime value is >= 100,000""]",30-60 minutes
txn_2ef0f9c6,21976.0,40,MEDIUM,OTHER_REVENUE_RISK,"[""Payment failed"", ""Customer lifetime value is >= 100,000""]",24 hours
txn_52bd6f36,28448.0,45,MEDIUM,OVERDUE_RECEIVABLE,"[""Invoice is overdue"", ""Invoice is 33 days overdue""]",1-3 days
txn_0c36c3c9,49476.0,30,MEDIUM,AUTHENTICATION_FAILURE,"[""Payment failed""]",1-4 hours
txn_6cf82fad,38596.0,30,MEDIUM,OTHER_REVENUE_RISK,"[""Payment failed""]",24 hours
txn_91b3b249,20540.0,45,MEDIUM,CHECKOUT_ABANDONMENT,"[""Checkout was abandoned"", ""Customer has 4 previous failed payments"", ""Customer lifetime value is >= 100,000""]",30-60 minutes
txn_a9d2bd4e,754.0,30,MEDIUM,AUTHENTICATION_FAILURE,"[""Payment failed""]",1-4 hours
txn_9e3c5ca1,11488.0,25,LOW,CHECKOUT_ABANDONMENT,"[""Checkout was abandoned""]",30-60 minutes
txn_1ea3a515,222.0,25,LOW,CHECKOUT_ABANDONMENT,"[""Checkout was abandoned""]",30-60 minutes
txn_67ffa4a3,21391.0,30,MEDIUM,OTHER_REVENUE_RISK,"[""Payment failed""]",24 hours
txn_467d8159,943.0,25,LOW,CHECKOUT_ABANDONMENT,"[""Checkout was abandoned""]",30-60 minutes
txn_e2fb0a09,41882.0,45,MEDIUM,OVERDUE_RECEIVABLE,"[""Invoice is overdue"", ""Invoice is 51 days overdue""]",1-3 days
txn_c9f0e82e,47097.0,40,MEDIUM,OTHER_REVENUE_RISK,"[""Payment failed"", ""Customer lifetime value is >= 100,000""]",24 hours
txn_5e729a1b,43766.0,30,MEDIUM,OTHER_REVENUE_RISK,"[""Payment failed""]",24 hours
txn_809be84d,21596.0,40,MEDIUM,INSUFFICIENT_FUNDS,"[""Payment failed"", ""Customer has 3 previous failed payments""]",24-48 hours
txn_b877ef5e,26852.0,30,MEDIUM,AUTHENTICATION_FAILURE,"[""Payment failed""]",1-4 hours
txn_8e0af4fe,23994.0,45,MEDIUM,OVERDUE_RECEIVABLE,"[""Invoice is overdue"", ""Invoice is 76 days overdue""]",1-3 days
txn_5e433e33,2388.0,55,MEDIUM,OVERDUE_RECEIVABLE,"[""Invoice is overdue"", ""Invoice is 58 days overdue"", ""Customer lifetime value is >= 100,000""]",1-3 days
txn_2c1dfd34,18650.0,40,MEDIUM,AUTHENTICATION_FAILURE,"[""Payment failed"", ""Customer has 4 previous failed payments""]",1-4 hours
txn_91590cfa,23047.0,65,HIGH,OVERDUE_RECEIVABLE,"[""Invoice is overdue"", ""Customer has 5 previous failed payments"", ""Invoice is 38 days overdue"", ""Customer lifetime value is >= 100,000""]",1-3 days
txn_a7a92f58,4755.0,45,MEDIUM,OVERDUE_RECEIVABLE,"[""Invoice is overdue"", ""Invoice is 26 days overdue""]",1-3 days
txn_35425d9e,31027.0,45,MEDIUM,OVERDUE_RECEIVABLE,"[""Invoice is overdue"", ""Invoice is 16 days overdue""]",1-3 days
txn_d965e4c3,33481.0,25,LOW,CHECKOUT_ABANDONMENT,"[""Checkout was abandoned""]",30-60 minutes
txn_c9ada4d2,13811.0,25,LOW,CHECKOUT_ABANDONMENT,"[""Checkout was abandoned""]",30-60 minutes
txn_af5a23c9,31316.0,30,MEDIUM,PAYMENT_METHOD_FAILURE,"[""Payment failed""]",1-4 hours
txn_3fbe02e6,4050.0,40,MEDIUM,PAYMENT_INFRASTRUCTURE_FAILURE,"[""Payment failed"", ""Customer lifetime value is >= 100,000""]",15-30 minutes
txn_cba512af,22651.0,30,MEDIUM,PAYMENT_METHOD_FAILURE,"[""Payment failed""]",1-4 hours
txn_2f4017e5,29726.0,25,LOW,CHECKOUT_ABANDONMENT,"[""Checkout was abandoned""]",30-60 minutes
txn_ad35ba07,11887.0,30,MEDIUM,OTHER_REVENUE_RISK,"[""Payment failed""]",24 hours
txn_2fc092a3,49389.0,45,MEDIUM,CHECKOUT_ABANDONMENT,"[""Checkout was abandoned"", ""Customer has 3 previous failed payments"", ""Customer lifetime value is >= 100,000""]",30-60 minutes
txn_5e8c8556,23727.0,45,MEDIUM,OVERDUE_RECEIVABLE,"[""Invoice is overdue"", ""Invoice is 36 days overdue""]",1-3 days
txn_93dcb28e,10488.0,45,MEDIUM,OVERDUE_RECEIVABLE,"[""Invoice is overdue"", ""Invoice is 65 days overdue""]",1-3 days
txn_5e0d4a7c,38082.0,55,MEDIUM,OVERDUE_RECEIVABLE,"[""Invoice is overdue"", ""Customer has 3 previous failed payments"", ""Invoice is 70 days overdue""]",1-3 days
txn_e82e0a67,20660.0,55,MEDIUM,OVERDUE_RECEIVABLE,"[""Invoice is overdue"", ""Invoice is 50 days overdue"", ""Customer lifetime value is >= 100,000""]",1-3 days
txn_2a9a89fa,35375.0,25,LOW,CHECKOUT_ABANDONMENT,"[""Checkout was abandoned""]",30-60 minutes
txn_e07d1707,19335.0,45,MEDIUM,OVERDUE_RECEIVABLE,"[""Invoice is overdue"", ""Invoice is 50 days overdue""]",1-3 days
txn_a24cf062,4101.0,45,MEDIUM,OVERDUE_RECEIVABLE,"[""Invoice is overdue"", ""Invoice is 89 days overdue""]",1-3 days
txn_02883695,23168.0,35,MEDIUM,OVERDUE_RECEIVABLE,"[""Invoice is overdue""]",1-3 days
txn_ddf54575,24986.0,25,LOW,CHECKOUT_ABANDONMENT,"[""Checkout was abandoned""]",30-60 minutes
txn_26593d6b,10118.0,30,MEDIUM,PAYMENT_INFRASTRUCTURE_FAILURE,"[""Payment failed""]",15-30 minutes
txn_c8c33114,42189.0,25,LOW,CHECKOUT_ABANDONMENT,"[""Checkout was abandoned""]",30-60 minutes
txn_e50f1282,4833.0,55,MEDIUM,OVERDUE_RECEIVABLE,"[""Invoice is overdue"", ""Invoice is 46 days overdue"", ""Customer lifetime value is >= 100,000""]",1-3 days
txn_8aed0781,21570.0,55,MEDIUM,OVERDUE_RECEIVABLE,"[""Invoice is overdue"", ""Customer has 5 previous failed payments"", ""Customer lifetime value is >= 100,000""]",1-3 days
txn_79653f88,19455.0,45,MEDIUM,OVERDUE_RECEIVABLE,"[""Invoice is overdue"", ""Invoice is 31 days overdue""]",1-3 days
txn_5557025e,10058.0,30,MEDIUM,PAYMENT_INFRASTRUCTURE_FAILURE,"[""Payment failed""]",15-30 minutes
txn_6744a42e,23350.0,40,MEDIUM,PAYMENT_METHOD_FAILURE,"[""Payment failed"", ""Customer lifetime value is >= 100,000""]",1-4 hours
txn_758c89c7,46909.0,35,MEDIUM,OVERDUE_RECEIVABLE,"[""Invoice is overdue""]",1-3 days
txn_07bb4fa3,46535.0,30,MEDIUM,AUTHENTICATION_FAILURE,"[""Payment failed""]",1-4 hours
txn_a04d0465,6564.0,40,MEDIUM,PAYMENT_METHOD_FAILURE,"[""Payment failed"", ""Customer has 3 previous failed payments""]",1-4 hours
txn_6a2aea32,20663.0,45,MEDIUM,OVERDUE_RECEIVABLE,"[""Invoice is overdue"", ""Invoice is 55 days overdue""]",1-3 days
txn_ef2eb53c,43369.0,30,MEDIUM,SUBSCRIPTION_PAYMENT_FAILURE,"[""Payment failed""]",24-48 hours
txn_413dccc1,27597.0,45,MEDIUM,OVERDUE_RECEIVABLE,"[""Invoice is overdue"", ""Invoice is 58 days overdue""]",1-3 days
txn_5c4ac7ea,22885.0,40,MEDIUM,INSUFFICIENT_FUNDS,"[""Payment failed"", ""Customer lifetime value is >= 100,000""]",24-48 hours
txn_ff789646,39897.0,25,LOW,CHECKOUT_ABANDONMENT,"[""Checkout was abandoned""]",30-60 minutes
txn_df1189e3,18178.0,55,MEDIUM,OVERDUE_RECEIVABLE,"[""Invoice is overdue"", ""Customer has 3 previous failed payments"", ""Invoice is 58 days overdue""]",1-3 days
txn_5b5f9a9b,48267.0,45,MEDIUM,OVERDUE_RECEIVABLE,"[""Invoice is overdue"", ""Invoice is 89 days overdue""]",1-3 days
txn_5690f84c,49977.0,55,MEDIUM,OVERDUE_RECEIVABLE,"[""Invoice is overdue"", ""Invoice is 38 days overdue"", ""Customer lifetime value is >= 100,000""]",1-3 days
txn_afc387fd,32021.0,30,MEDIUM,AUTHENTICATION_FAILURE,"[""Payment failed""]",1-4 hours
txn_ffa0eb68,26069.0,55,MEDIUM,OVERDUE_RECEIVABLE,"[""Invoice is overdue"", ""Invoice is 82 days overdue"", ""Customer lifetime value is >= 100,000""]",1-3 days
txn_cb8a9f62,46775.0,45,MEDIUM,CHECKOUT_ABANDONMENT,"[""Checkout was abandoned"", ""Customer has 3 previous failed payments"", ""Customer lifetime value is >= 100,000""]",30-60 minutes
txn_5e068b07,42928.0,45,MEDIUM,OVERDUE_RECEIVABLE,"[""Invoice is overdue"", ""Invoice is 72 days overdue""]",1-3 days
txn_38f904d5,38594.0,25,LOW,CHECKOUT_ABANDONMENT,"[""Checkout was abandoned""]",30-60 minutes
txn_cbf14db4,43946.0,30,MEDIUM,PAYMENT_INFRASTRUCTURE_FAILURE,"[""Payment failed""]",15-30 minutes
txn_08b3d612,17251.0,30,MEDIUM,TEMPORARY_PAYMENT_FAILURE,"[""Payment failed""]",15-30 minutes
txn_2b44d186,42559.0,35,MEDIUM,CHECKOUT_ABANDONMENT,"[""Checkout was abandoned"", ""Customer lifetime value is >= 100,000""]",30-60 minutes
txn_6f85ae7c,39518.0,25,LOW,CHECKOUT_ABANDONMENT,"[""Checkout was abandoned""]",30-60 minutes
txn_483e0a81,17026.0,35,MEDIUM,CHECKOUT_ABANDONMENT,"[""Checkout was abandoned"", ""Customer lifetime value is >= 100,000""]",30-60 minutes
txn_385fab62,9840.0,35,MEDIUM,OVERDUE_RECEIVABLE,"[""Invoice is overdue""]",1-3 days
txn_7bc06e74,25367.0,45,MEDIUM,OVERDUE_RECEIVABLE,"[""Invoice is overdue"", ""Invoice is 33 days overdue""]",1-3 days
txn_1910d280,23892.0,35,MEDIUM,CHECKOUT_ABANDONMENT,"[""Checkout was abandoned"", ""Customer has 3 previous failed payments""]",30-60 minutes
txn_54231848,33130.0,30,MEDIUM,PAYMENT_INFRASTRUCTURE_FAILURE,"[""Payment failed""]",15-30 minutes
txn_f3e53684,33848.0,30,MEDIUM,PAYMENT_INFRASTRUCTURE_FAILURE,"[""Payment failed""]",15-30 minutes
txn_f5f1f3e7,22669.0,30,MEDIUM,SUBSCRIPTION_PAYMENT_FAILURE,"[""Payment failed""]",24-48 hours
txn_341503db,49148.0,35,MEDIUM,CHECKOUT_ABANDONMENT,"[""Checkout was abandoned"", ""Customer lifetime value is >= 100,000""]",30-60 minutes
txn_f08b268d,16943.0,45,MEDIUM,OVERDUE_RECEIVABLE,"[""Invoice is overdue"", ""Invoice is 61 days overdue""]",1-3 days
txn_8dcd3b24,29983.0,35,MEDIUM,CHECKOUT_ABANDONMENT,"[""Checkout was abandoned"", ""Customer has 3 previous failed payments""]",30-60 minutes
txn_97d5458c,34255.0,40,MEDIUM,PAYMENT_METHOD_FAILURE,"[""Payment failed"", ""Customer lifetime value is >= 100,000""]",1-4 hours
txn_81d445ce,43822.0,50,MEDIUM,AUTHENTICATION_FAILURE,"[""Payment failed"", ""Customer has 5 previous failed payments"", ""Customer lifetime value is >= 100,000""]",1-4 hours
txn_1b78de9c,9944.0,30,MEDIUM,INSUFFICIENT_FUNDS,"[""Payment failed""]",24-48 hours
txn_e63c2e8f,41860.0,30,MEDIUM,PAYMENT_INFRASTRUCTURE_FAILURE,"[""Payment failed""]",15-30 minutes
txn_0c590cbc,8956.0,30,MEDIUM,TEMPORARY_PAYMENT_FAILURE,"[""Payment failed""]",15-30 minutes
txn_b4df0451,43865.0,35,MEDIUM,CHECKOUT_ABANDONMENT,"[""Checkout was abandoned"", ""Customer has 3 previous failed payments""]",30-60 minutes
txn_35c1090e,1018.0,40,MEDIUM,TEMPORARY_PAYMENT_FAILURE,"[""Payment failed"", ""Customer has 3 previous failed payments""]",15-30 minutes
txn_042b3c5a,42115.0,65,HIGH,OVERDUE_RECEIVABLE,"[""Invoice is overdue"", ""Customer has 3 previous failed payments"", ""Invoice is 38 days overdue"", ""Customer lifetime value is >= 100,000""]",1-3 days
txn_2c6ca125,4290.0,30,MEDIUM,OTHER_REVENUE_RISK,"[""Payment failed""]",24 hours
txn_9570a8ad,44654.0,40,MEDIUM,AUTHENTICATION_FAILURE,"[""Payment failed"", ""Customer has 3 previous failed payments""]",1-4 hours
txn_b7ca3d59,45039.0,30,MEDIUM,PAYMENT_INFRASTRUCTURE_FAILURE,"[""Payment failed""]",15-30 minutes
txn_6d144e1f,27120.0,30,MEDIUM,SUBSCRIPTION_PAYMENT_FAILURE,"[""Payment failed""]",24-48 hours
txn_e48626c3,37640.0,45,MEDIUM,OVERDUE_RECEIVABLE,"[""Invoice is overdue"", ""Invoice is 48 days overdue""]",1-3 days
txn_70397749,16855.0,30,MEDIUM,PAYMENT_INFRASTRUCTURE_FAILURE,"[""Payment failed""]",15-30 minutes
txn_71078dd6,14367.0,45,MEDIUM,OVERDUE_RECEIVABLE,"[""Invoice is overdue"", ""Customer lifetime value is >= 100,000""]",1-3 days
txn_d1720a17,25583.0,30,MEDIUM,TEMPORARY_PAYMENT_FAILURE,"[""Payment failed""]",15-30 minutes
txn_2919dfbb,10794.0,65,HIGH,OVERDUE_RECEIVABLE,"[""Invoice is overdue"", ""Customer has 3 previous failed payments"", ""Invoice is 77 days overdue"", ""Customer lifetime value is >= 100,000""]",1-3 days
txn_17425d1d,23993.0,55,MEDIUM,OVERDUE_RECEIVABLE,"[""Invoice is overdue"", ""Invoice is 44 days overdue"", ""Customer lifetime value is >= 100,000""]",1-3 days
txn_e0061b75,6907.0,40,MEDIUM,SUBSCRIPTION_PAYMENT_FAILURE,"[""Payment failed"", ""Customer lifetime value is >= 100,000""]",24-48 hours
txn_074cdc44,10337.0,45,MEDIUM,OVERDUE_RECEIVABLE,"[""Invoice is overdue"", ""Invoice is 89 days overdue""]",1-3 days
txn_5c39228c,48556.0,45,MEDIUM,OVERDUE_RECEIVABLE,"[""Invoice is overdue"", ""Invoice is 61 days overdue""]",1-3 days
txn_4bc30d1a,29177.0,30,MEDIUM,PAYMENT_INFRASTRUCTURE_FAILURE,"[""Payment failed""]",15-30 minutes
txn_076843b5,45302.0,30,MEDIUM,AUTHENTICATION_FAILURE,"[""Payment failed""]",1-4 hours
txn_916ffeb3,9401.0,40,MEDIUM,PAYMENT_INFRASTRUCTURE_FAILURE,"[""Payment failed"", ""Customer lifetime value is >= 100,000""]",15-30 minutes
txn_65d8598d,3078.0,45,MEDIUM,CHECKOUT_ABANDONMENT,"[""Checkout was abandoned"", ""Customer has 3 previous failed payments"", ""Customer lifetime value is >= 100,000""]",30-60 minutes
txn_c8ab8d47,32989.0,50,MEDIUM,AUTHENTICATION_FAILURE,"[""Payment failed"", ""Customer has 3 previous failed payments"", ""Customer lifetime value is >= 100,000""]",1-4 hours
txn_d552677d,48425.0,40,MEDIUM,TEMPORARY_PAYMENT_FAILURE,"[""Payment failed"", ""Customer lifetime value is >= 100,000""]",15-30 minutes
txn_de527af3,5712.0,25,LOW,CHECKOUT_ABANDONMENT,"[""Checkout was abandoned""]",30-60 minutes
txn_8f44cc35,42664.0,40,MEDIUM,OTHER_REVENUE_RISK,"[""Payment failed"", ""Customer lifetime value is >= 100,000""]",24 hours
txn_59226add,47917.0,35,MEDIUM,CHECKOUT_ABANDONMENT,"[""Checkout was abandoned"", ""Customer lifetime value is >= 100,000""]",30-60 minutes
txn_dddb3dc6,47565.0,65,HIGH,OVERDUE_RECEIVABLE,"[""Invoice is overdue"", ""Customer has 3 previous failed payments"", ""Invoice is 71 days overdue"", ""Customer lifetime value is >= 100,000""]",1-3 days
txn_864f2501,24772.0,30,MEDIUM,OTHER_REVENUE_RISK,"[""Payment failed""]",24 hours
txn_2b237928,26183.0,55,MEDIUM,OVERDUE_RECEIVABLE,"[""Invoice is overdue"", ""Invoice is 53 days overdue"", ""Customer lifetime value is >= 100,000""]",1-3 days
txn_2aa2e26d,48964.0,55,MEDIUM,OVERDUE_RECEIVABLE,"[""Invoice is overdue"", ""Invoice is 82 days overdue"", ""Customer lifetime value is >= 100,000""]",1-3 days
txn_8a6f03c7,40528.0,30,MEDIUM,TEMPORARY_PAYMENT_FAILURE,"[""Payment failed""]",15-30 minutes
txn_49265148,17302.0,25,LOW,CHECKOUT_ABANDONMENT,"[""Checkout was abandoned""]",30-60 minutes
txn_2845ab5c,44807.0,65,HIGH,OVERDUE_RECEIVABLE,"[""Invoice is overdue"", ""Customer has 4 previous failed payments"", ""Invoice is 85 days overdue"", ""Customer lifetime value is >= 100,000""]",1-3 days
txn_8e22cd4c,31638.0,25,LOW,CHECKOUT_ABANDONMENT,"[""Checkout was abandoned""]",30-60 minutes
txn_9716c82d,49419.0,40,MEDIUM,PAYMENT_INFRASTRUCTURE_FAILURE,"[""Payment failed"", ""Customer lifetime value is >= 100,000""]",15-30 minutes
txn_3e254052,15167.0,30,MEDIUM,SUBSCRIPTION_PAYMENT_FAILURE,"[""Payment failed""]",24-48 hours
txn_e0a2361b,46711.0,45,MEDIUM,OVERDUE_RECEIVABLE,"[""Invoice is overdue"", ""Invoice is 27 days overdue""]",1-3 days
txn_2ec19eb2,39224.0,65,HIGH,OVERDUE_RECEIVABLE,"[""Invoice is overdue"", ""Customer has 5 previous failed payments"", ""Invoice is 29 days overdue"", ""Customer lifetime value is >= 100,000""]",1-3 days
txn_7d41e4ba,10845.0,35,MEDIUM,CHECKOUT_ABANDONMENT,"[""Checkout was abandoned"", ""Customer has 3 previous failed payments""]",30-60 minutes
txn_f71ba08e,22466.0,45,MEDIUM,OVERDUE_RECEIVABLE,"[""Invoice is overdue"", ""Invoice is 86 days overdue""]",1-3 days
txn_30e401e3,32372.0,45,MEDIUM,OVERDUE_RECEIVABLE,"[""Invoice is overdue"", ""Invoice is 37 days overdue""]",1-3 days
txn_752ab599,21594.0,45,MEDIUM,OVERDUE_RECEIVABLE,"[""Invoice is overdue"", ""Invoice is 33 days overdue""]",1-3 days
txn_1ea4e29d,19212.0,45,MEDIUM,OVERDUE_RECEIVABLE,"[""Invoice is overdue"", ""Invoice is 31 days overdue""]",1-3 days
txn_1b99ec52,7673.0,30,MEDIUM,PAYMENT_METHOD_FAILURE,"[""Payment failed""]",1-4 hours
txn_78fc9403,25214.0,35,MEDIUM,CHECKOUT_ABANDONMENT,"[""Checkout was abandoned"", ""Customer lifetime value is >= 100,000""]",30-60 minutes
txn_dead182d,19439.0,25,LOW,CHECKOUT_ABANDONMENT,"[""Checkout was abandoned""]",30-60 minutes
txn_9c2c2bf9,23822.0,30,MEDIUM,PAYMENT_INFRASTRUCTURE_FAILURE,"[""Payment failed""]",15-30 minutes
txn_ae8cd53a,34351.0,65,HIGH,OVERDUE_RECEIVABLE,"[""Invoice is overdue"", ""Customer has 5 previous failed payments"", ""Invoice is 80 days overdue"", ""Customer lifetime value is >= 100,000""]",1-3 days
txn_b272fb77,29923.0,30,MEDIUM,TEMPORARY_PAYMENT_FAILURE,"[""Payment failed""]",15-30 minutes
txn_a7f66bd7,36338.0,45,MEDIUM,OVERDUE_RECEIVABLE,"[""Invoice is overdue"", ""Invoice is 20 days overdue""]",1-3 days
txn_90bea39d,19954.0,30,MEDIUM,TEMPORARY_PAYMENT_FAILURE,"[""Payment failed""]",15-30 minutes
txn_5e8f165a,9658.0,25,LOW,CHECKOUT_ABANDONMENT,"[""Checkout was abandoned""]",30-60 minutes
txn_9b49e221,22247.0,50,MEDIUM,PAYMENT_METHOD_FAILURE,"[""Payment failed"", ""Customer has 3 previous failed payments"", ""Customer lifetime value is >= 100,000""]",1-4 hours
txn_0f7a9bfb,878.0,25,LOW,CHECKOUT_ABANDONMENT,"[""Checkout was abandoned""]",30-60 minutes
txn_09c075ac,49213.0,25,LOW,CHECKOUT_ABANDONMENT,"[""Checkout was abandoned""]",30-60 minutes
txn_10bcd6ac,18075.0,55,MEDIUM,OVERDUE_RECEIVABLE,"[""Invoice is overdue"", ""Customer has 5 previous failed payments"", ""Customer lifetime value is >= 100,000""]",1-3 days
txn_c3a2a930,37030.0,45,MEDIUM,OVERDUE_RECEIVABLE,"[""Invoice is overdue"", ""Invoice is 28 days overdue""]",1-3 days
txn_951a4706,23319.0,40,MEDIUM,PAYMENT_INFRASTRUCTURE_FAILURE,"[""Payment failed"", ""Customer lifetime value is >= 100,000""]",15-30 minutes
txn_5fb02e6f,48315.0,45,MEDIUM,OVERDUE_RECEIVABLE,"[""Invoice is overdue"", ""Invoice is 84 days overdue""]",1-3 days
txn_e31024ff,47445.0,45,MEDIUM,OVERDUE_RECEIVABLE,"[""Invoice is overdue"", ""Invoice is 20 days overdue""]",1-3 days
txn_8037dcca,41822.0,30,MEDIUM,PAYMENT_METHOD_FAILURE,"[""Payment failed""]",1-4 hours
txn_aa32560e,44428.0,45,MEDIUM,OVERDUE_RECEIVABLE,"[""Invoice is overdue"", ""Customer lifetime value is >= 100,000""]",1-3 days
txn_9ec1181a,11275.0,45,MEDIUM,OVERDUE_RECEIVABLE,"[""Invoice is overdue"", ""Invoice is 28 days overdue""]",1-3 days
txn_0b1b7d54,34422.0,25,LOW,CHECKOUT_ABANDONMENT,"[""Checkout was abandoned""]",30-60 minutes
txn_b84643b9,16389.0,25,LOW,CHECKOUT_ABANDONMENT,"[""Checkout was abandoned""]",30-60 minutes
txn_cdb0d392,8219.0,40,MEDIUM,TEMPORARY_PAYMENT_FAILURE,"[""Payment failed"", ""Customer lifetime value is >= 100,000""]",15-30 minutes
txn_b5f2e5da,39163.0,30,MEDIUM,AUTHENTICATION_FAILURE,"[""Payment failed""]",1-4 hours
txn_c3f4b387,35782.0,30,MEDIUM,PAYMENT_INFRASTRUCTURE_FAILURE,"[""Payment failed""]",15-30 minutes
txn_e3e6b92f,23435.0,55,MEDIUM,OVERDUE_RECEIVABLE,"[""Invoice is overdue"", ""Invoice is 42 days overdue"", ""Customer lifetime value is >= 100,000""]",1-3 days
txn_24572cbb,33600.0,30,MEDIUM,OTHER_REVENUE_RISK,"[""Payment failed""]",24 hours
txn_4aeae06a,18471.0,55,MEDIUM,OVERDUE_RECEIVABLE,"[""Invoice is overdue"", ""Invoice is 63 days overdue"", ""Customer lifetime value is >= 100,000""]",1-3 days
txn_f58d78f1,651.0,65,HIGH,OVERDUE_RECEIVABLE,"[""Invoice is overdue"", ""Customer has 5 previous failed payments"", ""Invoice is 28 days overdue"", ""Customer lifetime value is >= 100,000""]",1-3 days
txn_67b29122,29510.0,35,MEDIUM,CHECKOUT_ABANDONMENT,"[""Checkout was abandoned"", ""Customer lifetime value is >= 100,000""]",30-60 minutes
txn_787db78c,16079.0,55,MEDIUM,OVERDUE_RECEIVABLE,"[""Invoice is overdue"", ""Customer has 3 previous failed payments"", ""Invoice is 19 days overdue""]",1-3 days
txn_f14c7733,47827.0,35,MEDIUM,OVERDUE_RECEIVABLE,"[""Invoice is overdue""]",1-3 days
txn_10a13ef8,35300.0,55,MEDIUM,OVERDUE_RECEIVABLE,"[""Invoice is overdue"", ""Customer has 4 previous failed payments"", ""Customer lifetime value is >= 100,000""]",1-3 days
txn_ae173adb,3278.0,45,MEDIUM,CHECKOUT_ABANDONMENT,"[""Checkout was abandoned"", ""Customer has 5 previous failed payments"", ""Customer lifetime value is >= 100,000""]",30-60 minutes
txn_f2236911,22979.0,45,MEDIUM,OVERDUE_RECEIVABLE,"[""Invoice is overdue"", ""Invoice is 81 days overdue""]",1-3 days
txn_7662ac1e,28502.0,25,LOW,CHECKOUT_ABANDONMENT,"[""Checkout was abandoned""]",30-60 minutes
txn_64c4ea93,2551.0,45,MEDIUM,OVERDUE_RECEIVABLE,"[""Invoice is overdue"", ""Customer lifetime value is >= 100,000""]",1-3 days
txn_b86b46ad,19478.0,35,MEDIUM,CHECKOUT_ABANDONMENT,"[""Checkout was abandoned"", ""Customer lifetime value is >= 100,000""]",30-60 minutes
txn_9d3c407c,34856.0,35,MEDIUM,OVERDUE_RECEIVABLE,"[""Invoice is overdue""]",1-3 days
txn_a56ba0a8,7097.0,40,MEDIUM,INSUFFICIENT_FUNDS,"[""Payment failed"", ""Customer lifetime value is >= 100,000""]",24-48 hours
txn_04a1d72d,46013.0,25,LOW,CHECKOUT_ABANDONMENT,"[""Checkout was abandoned""]",30-60 minutes
txn_0447aa6a,42281.0,35,MEDIUM,CHECKOUT_ABANDONMENT,"[""Checkout was abandoned"", ""Customer lifetime value is >= 100,000""]",30-60 minutes
txn_d335054f,32416.0,50,MEDIUM,PAYMENT_INFRASTRUCTURE_FAILURE,"[""Payment failed"", ""Customer has 4 previous failed payments"", ""Customer lifetime value is >= 100,000""]",15-30 minutes
txn_ff74e6f1,37799.0,45,MEDIUM,OVERDUE_RECEIVABLE,"[""Invoice is overdue"", ""Invoice is 40 days overdue""]",1-3 days
txn_a98e31bc,31453.0,45,MEDIUM,CHECKOUT_ABANDONMENT,"[""Checkout was abandoned"", ""Customer has 3 previous failed payments"", ""Customer lifetime value is >= 100,000""]",30-60 minutes
txn_59e6cfb6,26332.0,30,MEDIUM,OTHER_REVENUE_RISK,"[""Payment failed""]",24 hours
txn_4bb38cf4,20977.0,45,MEDIUM,OVERDUE_RECEIVABLE,"[""Invoice is overdue"", ""Invoice is 74 days overdue""]",1-3 days
txn_cccda999,27341.0,40,MEDIUM,TEMPORARY_PAYMENT_FAILURE,"[""Payment failed"", ""Customer has 3 previous failed payments""]",15-30 minutes
txn_3172bc72,14286.0,45,MEDIUM,OVERDUE_RECEIVABLE,"[""Invoice is overdue"", ""Invoice is 63 days overdue""]",1-3 days
txn_f8072ff4,25683.0,30,MEDIUM,PAYMENT_METHOD_FAILURE,"[""Payment failed""]",1-4 hours
txn_4abd392a,14243.0,45,MEDIUM,OVERDUE_RECEIVABLE,"[""Invoice is overdue"", ""Customer has 3 previous failed payments""]",1-3 days
txn_2be21c48,31216.0,45,MEDIUM,CHECKOUT_ABANDONMENT,"[""Checkout was abandoned"", ""Customer has 5 previous failed payments"", ""Customer lifetime value is >= 100,000""]",30-60 minutes
txn_789ad8d2,36493.0,45,MEDIUM,OVERDUE_RECEIVABLE,"[""Invoice is overdue"", ""Invoice is 75 days overdue""]",1-3 days
txn_0ce7435e,2139.0,40,MEDIUM,AUTHENTICATION_FAILURE,"[""Payment failed"", ""Customer lifetime value is >= 100,000""]",1-4 hours
txn_81b7cbf3,3126.0,40,MEDIUM,AUTHENTICATION_FAILURE,"[""Payment failed"", ""Customer has 3 previous failed payments""]",1-4 hours
txn_aa7b4256,11538.0,30,MEDIUM,AUTHENTICATION_FAILURE,"[""Payment failed""]",1-4 hours
txn_9341cc8c,17346.0,45,MEDIUM,OVERDUE_RECEIVABLE,"[""Invoice is overdue"", ""Invoice is 56 days overdue""]",1-3 days
txn_1bfb7ad2,15205.0,35,MEDIUM,CHECKOUT_ABANDONMENT,"[""Checkout was abandoned"", ""Customer lifetime value is >= 100,000""]",30-60 minutes
txn_4e020166,16733.0,30,MEDIUM,PAYMENT_METHOD_FAILURE,"[""Payment failed""]",1-4 hours
txn_a5ee1ae2,10521.0,45,MEDIUM,OVERDUE_RECEIVABLE,"[""Invoice is overdue"", ""Invoice is 68 days overdue""]",1-3 days
txn_73c22c7e,29849.0,25,LOW,CHECKOUT_ABANDONMENT,"[""Checkout was abandoned""]",30-60 minutes
txn_3b9aca06,21727.0,45,MEDIUM,OVERDUE_RECEIVABLE,"[""Invoice is overdue"", ""Invoice is 46 days overdue""]",1-3 days
txn_4094eaf4,41629.0,35,MEDIUM,CHECKOUT_ABANDONMENT,"[""Checkout was abandoned"", ""Customer lifetime value is >= 100,000""]",30-60 minutes
txn_6f8c8130,46460.0,50,MEDIUM,PAYMENT_INFRASTRUCTURE_FAILURE,"[""Payment failed"", ""Customer has 4 previous failed payments"", ""Customer lifetime value is >= 100,000""]",15-30 minutes
txn_f04d133d,3508.0,50,MEDIUM,TEMPORARY_PAYMENT_FAILURE,"[""Payment failed"", ""Customer has 4 previous failed payments"", ""Customer lifetime value is >= 100,000""]",15-30 minutes
txn_ffa3606c,18561.0,45,MEDIUM,CHECKOUT_ABANDONMENT,"[""Checkout was abandoned"", ""Customer has 3 previous failed payments"", ""Customer lifetime value is >= 100,000""]",30-60 minutes
txn_22beaae8,29283.0,30,MEDIUM,AUTHENTICATION_FAILURE,"[""Payment failed""]",1-4 hours
txn_27462b15,19067.0,45,MEDIUM,OVERDUE_RECEIVABLE,"[""Invoice is overdue"", ""Invoice is 73 days overdue""]",1-3 days
txn_86810f38,1119.0,35,MEDIUM,OVERDUE_RECEIVABLE,"[""Invoice is overdue""]",1-3 days
txn_1f4191cf,30964.0,25,LOW,CHECKOUT_ABANDONMENT,"[""Checkout was abandoned""]",30-60 minutes
txn_b6f2513e,10002.0,25,LOW,CHECKOUT_ABANDONMENT,"[""Checkout was abandoned""]",30-60 minutes
txn_631d4f27,47869.0,25,LOW,CHECKOUT_ABANDONMENT,"[""Checkout was abandoned""]",30-60 minutes
txn_aca31c1e,7267.0,25,LOW,CHECKOUT_ABANDONMENT,"[""Checkout was abandoned""]",30-60 minutes
txn_a449d458,1480.0,35,MEDIUM,OVERDUE_RECEIVABLE,"[""Invoice is overdue""]",1-3 days
txn_ba52824d,25096.0,40,MEDIUM,TEMPORARY_PAYMENT_FAILURE,"[""Payment failed"", ""Customer lifetime value is >= 100,000""]",15-30 minutes
txn_0f8b91fa,17177.0,30,MEDIUM,OTHER_REVENUE_RISK,"[""Payment failed""]",24 hours
txn_83aab9e8,43318.0,45,MEDIUM,OVERDUE_RECEIVABLE,"[""Invoice is overdue"", ""Invoice is 69 days overdue""]",1-3 days
txn_f3d7ce65,40873.0,30,MEDIUM,PAYMENT_INFRASTRUCTURE_FAILURE,"[""Payment failed""]",15-30 minutes
txn_5952f9b9,35456.0,25,LOW,CHECKOUT_ABANDONMENT,"[""Checkout was abandoned""]",30-60 minutes
txn_a312aa0e,4678.0,30,MEDIUM,SUBSCRIPTION_PAYMENT_FAILURE,"[""Payment failed""]",24-48 hours
txn_a52660b8,1385.0,35,MEDIUM,CHECKOUT_ABANDONMENT,"[""Checkout was abandoned"", ""Customer lifetime value is >= 100,000""]",30-60 minutes
txn_586fbf6d,18230.0,25,LOW,CHECKOUT_ABANDONMENT,"[""Checkout was abandoned""]",30-60 minutes
txn_678a322e,21580.0,55,MEDIUM,OVERDUE_RECEIVABLE,"[""Invoice is overdue"", ""Invoice is 63 days overdue"", ""Customer lifetime value is >= 100,000""]",1-3 days
txn_22fe1603,22744.0,35,MEDIUM,OVERDUE_RECEIVABLE,"[""Invoice is overdue""]",1-3 days
txn_ea36da9e,2833.0,30,MEDIUM,SUBSCRIPTION_PAYMENT_FAILURE,"[""Payment failed""]",24-48 hours
txn_c475f8f5,9628.0,30,MEDIUM,PAYMENT_INFRASTRUCTURE_FAILURE,"[""Payment failed""]",15-30 minutes
txn_31461b14,5607.0,40,MEDIUM,SUBSCRIPTION_PAYMENT_FAILURE,"[""Payment failed"", ""Customer lifetime value is >= 100,000""]",24-48 hours
txn_1f45c6b5,38350.0,25,LOW,CHECKOUT_ABANDONMENT,"[""Checkout was abandoned""]",30-60 minutes
txn_020e92d3,7164.0,30,MEDIUM,PAYMENT_INFRASTRUCTURE_FAILURE,"[""Payment failed""]",15-30 minutes
txn_455e89fb,13875.0,25,LOW,CHECKOUT_ABANDONMENT,"[""Checkout was abandoned""]",30-60 minutes
txn_05281a97,35900.0,35,MEDIUM,CHECKOUT_ABANDONMENT,"[""Checkout was abandoned"", ""Customer has 3 previous failed payments""]",30-60 minutes
txn_c3b380fc,42850.0,25,LOW,CHECKOUT_ABANDONMENT,"[""Checkout was abandoned""]",30-60 minutes
txn_6c98c157,4557.0,30,MEDIUM,PAYMENT_INFRASTRUCTURE_FAILURE,"[""Payment failed""]",15-30 minutes
txn_09a5a4d5,8979.0,30,MEDIUM,TEMPORARY_PAYMENT_FAILURE,"[""Payment failed""]",15-30 minutes
txn_fe35d249,27298.0,50,MEDIUM,TEMPORARY_PAYMENT_FAILURE,"[""Payment failed"", ""Customer has 4 previous failed payments"", ""Customer lifetime value is >= 100,000""]",15-30 minutes
txn_00215498,15907.0,45,MEDIUM,OVERDUE_RECEIVABLE,"[""Invoice is overdue"", ""Invoice is 57 days overdue""]",1-3 days
txn_a9095300,31399.0,45,MEDIUM,OVERDUE_RECEIVABLE,"[""Invoice is overdue"", ""Invoice is 53 days overdue""]",1-3 days
txn_e3a588c7,9910.0,65,HIGH,OVERDUE_RECEIVABLE,"[""Invoice is overdue"", ""Customer has 3 previous failed payments"", ""Invoice is 34 days overdue"", ""Customer lifetime value is >= 100,000""]",1-3 days
txn_77b65b92,48573.0,30,MEDIUM,PAYMENT_METHOD_FAILURE,"[""Payment failed""]",1-4 hours
txn_a63840e5,3495.0,30,MEDIUM,PAYMENT_METHOD_FAILURE,"[""Payment failed""]",1-4 hours
txn_831afd39,378.0,25,LOW,CHECKOUT_ABANDONMENT,"[""Checkout was abandoned""]",30-60 minutes
txn_8a022314,26577.0,30,MEDIUM,TEMPORARY_PAYMENT_FAILURE,"[""Payment failed""]",15-30 minutes
txn_569f5427,26782.0,45,MEDIUM,OVERDUE_RECEIVABLE,"[""Invoice is overdue"", ""Invoice is 35 days overdue""]",1-3 days
txn_05bd2b43,42459.0,35,MEDIUM,CHECKOUT_ABANDONMENT,"[""Checkout was abandoned"", ""Customer lifetime value is >= 100,000""]",30-60 minutes
txn_a554fc24,4089.0,45,MEDIUM,OVERDUE_RECEIVABLE,"[""Invoice is overdue"", ""Invoice is 41 days overdue""]",1-3 days
txn_39e18da7,10825.0,45,MEDIUM,OVERDUE_RECEIVABLE,"[""Invoice is overdue"", ""Invoice is 68 days overdue""]",1-3 days
txn_090294af,47845.0,65,HIGH,OVERDUE_RECEIVABLE,"[""Invoice is overdue"", ""Customer has 5 previous failed payments"", ""Invoice is 30 days overdue"", ""Customer lifetime value is >= 100,000""]",1-3 days
txn_cc6af726,32795.0,55,MEDIUM,OVERDUE_RECEIVABLE,"[""Invoice is overdue"", ""Customer has 5 previous failed payments"", ""Invoice is 89 days overdue""]",1-3 days
txn_93d619a1,6835.0,25,LOW,CHECKOUT_ABANDONMENT,"[""Checkout was abandoned""]",30-60 minutes
txn_6baa9ab8,3397.0,45,MEDIUM,OVERDUE_RECEIVABLE,"[""Invoice is overdue"", ""Invoice is 24 days overdue""]",1-3 days
txn_0061b467,42741.0,45,MEDIUM,OVERDUE_RECEIVABLE,"[""Invoice is overdue"", ""Invoice is 19 days overdue""]",1-3 days
txn_5fd9492e,45436.0,35,MEDIUM,OVERDUE_RECEIVABLE,"[""Invoice is overdue""]",1-3 days
txn_417634c5,19266.0,30,MEDIUM,INSUFFICIENT_FUNDS,"[""Payment failed""]",24-48 hours
txn_98d86472,8194.0,30,MEDIUM,PAYMENT_INFRASTRUCTURE_FAILURE,"[""Payment failed""]",15-30 minutes
txn_2ca4d852,8629.0,30,MEDIUM,SUBSCRIPTION_PAYMENT_FAILURE,"[""Payment failed""]",24-48 hours
txn_126577a7,48760.0,50,MEDIUM,AUTHENTICATION_FAILURE,"[""Payment failed"", ""Customer has 3 previous failed payments"", ""Customer lifetime value is >= 100,000""]",1-4 hours
txn_a82cc1c9,38519.0,40,MEDIUM,PAYMENT_INFRASTRUCTURE_FAILURE,"[""Payment failed"", ""Customer lifetime value is >= 100,000""]",15-30 minutes
txn_0403beef,48661.0,25,LOW,CHECKOUT_ABANDONMENT,"[""Checkout was abandoned""]",30-60 minutes
txn_d850bef7,1436.0,25,LOW,CHECKOUT_ABANDONMENT,"[""Checkout was abandoned""]",30-60 minutes
txn_920dac01,37000.0,30,MEDIUM,PAYMENT_INFRASTRUCTURE_FAILURE,"[""Payment failed""]",15-30 minutes
txn_8f5faffb,3600.0,45,MEDIUM,OVERDUE_RECEIVABLE,"[""Invoice is overdue"", ""Invoice is 84 days overdue""]",1-3 days
txn_07401ce9,39295.0,65,HIGH,OVERDUE_RECEIVABLE,"[""Invoice is overdue"", ""Customer has 3 previous failed payments"", ""Invoice is 27 days overdue"", ""Customer lifetime value is >= 100,000""]",1-3 days
txn_c8392992,25318.0,25,LOW,CHECKOUT_ABANDONMENT,"[""Checkout was abandoned""]",30-60 minutes
txn_3033ef8c,17641.0,50,MEDIUM,PAYMENT_INFRASTRUCTURE_FAILURE,"[""Payment failed"", ""Customer has 5 previous failed payments"", ""Customer lifetime value is >= 100,000""]",15-30 minutes
txn_d668692a,25289.0,45,MEDIUM,CHECKOUT_ABANDONMENT,"[""Checkout was abandoned"", ""Customer has 5 previous failed payments"", ""Customer lifetime value is >= 100,000""]",30-60 minutes
txn_a8d6ef5e,47061.0,45,MEDIUM,OVERDUE_RECEIVABLE,"[""Invoice is overdue"", ""Invoice is 19 days overdue""]",1-3 days
txn_9aa576d7,7871.0,50,MEDIUM,PAYMENT_METHOD_FAILURE,"[""Payment failed"", ""Customer has 3 previous failed payments"", ""Customer lifetime value is >= 100,000""]",1-4 hours
txn_91405c1b,47823.0,35,MEDIUM,CHECKOUT_ABANDONMENT,"[""Checkout was abandoned"", ""Customer lifetime value is >= 100,000""]",30-60 minutes
txn_6705dfba,47714.0,25,LOW,CHECKOUT_ABANDONMENT,"[""Checkout was abandoned""]",30-60 minutes
txn_6cded9d4,49956.0,45,MEDIUM,OVERDUE_RECEIVABLE,"[""Invoice is overdue"", ""Invoice is 90 days overdue""]",1-3 days
txn_bcca50cb,30854.0,45,MEDIUM,OVERDUE_RECEIVABLE,"[""Invoice is overdue"", ""Invoice is 57 days overdue""]",1-3 days
txn_eed9eb28,44212.0,40,MEDIUM,PAYMENT_INFRASTRUCTURE_FAILURE,"[""Payment failed"", ""Customer has 3 previous failed payments""]",15-30 minutes
txn_fc30466b,14451.0,55,MEDIUM,OVERDUE_RECEIVABLE,"[""Invoice is overdue"", ""Customer has 4 previous failed payments"", ""Customer lifetime value is >= 100,000""]",1-3 days
txn_23b1c9c6,3765.0,25,LOW,CHECKOUT_ABANDONMENT,"[""Checkout was abandoned""]",30-60 minutes
txn_27f5ae95,30848.0,40,MEDIUM,PAYMENT_METHOD_FAILURE,"[""Payment failed"", ""Customer lifetime value is >= 100,000""]",1-4 hours
txn_06536291,46192.0,65,HIGH,OVERDUE_RECEIVABLE,"[""Invoice is overdue"", ""Customer has 3 previous failed payments"", ""Invoice is 81 days overdue"", ""Customer lifetime value is >= 100,000""]",1-3 days
txn_fef12146,28015.0,45,MEDIUM,CHECKOUT_ABANDONMENT,"[""Checkout was abandoned"", ""Customer has 5 previous failed payments"", ""Customer lifetime value is >= 100,000""]",30-60 minutes
txn_18bd3d5e,19203.0,45,MEDIUM,OVERDUE_RECEIVABLE,"[""Invoice is overdue"", ""Invoice is 40 days overdue""]",1-3 days
txn_9163dd81,22532.0,45,MEDIUM,OVERDUE_RECEIVABLE,"[""Invoice is overdue"", ""Invoice is 67 days overdue""]",1-3 days
txn_edf4cc71,31853.0,30,MEDIUM,SUBSCRIPTION_PAYMENT_FAILURE,"[""Payment failed""]",24-48 hours
txn_dba773c9,34173.0,50,MEDIUM,TEMPORARY_PAYMENT_FAILURE,"[""Payment failed"", ""Customer has 4 previous failed payments"", ""Customer lifetime value is >= 100,000""]",15-30 minutes
txn_db9515fd,41628.0,30,MEDIUM,AUTHENTICATION_FAILURE,"[""Payment failed""]",1-4 hours
txn_aa6c7099,6630.0,40,MEDIUM,TEMPORARY_PAYMENT_FAILURE,"[""Payment failed"", ""Customer lifetime value is >= 100,000""]",15-30 minutes
txn_4ea0e02e,47113.0,30,MEDIUM,PAYMENT_METHOD_FAILURE,"[""Payment failed""]",1-4 hours
txn_b3053dcf,31724.0,35,MEDIUM,CHECKOUT_ABANDONMENT,"[""Checkout was abandoned"", ""Customer lifetime value is >= 100,000""]",30-60 minutes
txn_f31d4aa1,34281.0,30,MEDIUM,SUBSCRIPTION_PAYMENT_FAILURE,"[""Payment failed""]",24-48 hours
txn_49faf225,38625.0,45,MEDIUM,OVERDUE_RECEIVABLE,"[""Invoice is overdue"", ""Invoice is 69 days overdue""]",1-3 days
txn_c57ba45d,29781.0,35,MEDIUM,CHECKOUT_ABANDONMENT,"[""Checkout was abandoned"", ""Customer lifetime value is >= 100,000""]",30-60 minutes
txn_2fb9a847,26828.0,25,LOW,CHECKOUT_ABANDONMENT,"[""Checkout was abandoned""]",30-60 minutes
txn_72264759,24853.0,55,MEDIUM,OVERDUE_RECEIVABLE,"[""Invoice is overdue"", ""Customer has 3 previous failed payments"", ""Customer lifetime value is >= 100,000""]",1-3 days
txn_0675f9e5,337.0,45,MEDIUM,OVERDUE_RECEIVABLE,"[""Invoice is overdue"", ""Invoice is 59 days overdue""]",1-3 days
txn_75424bd9,33611.0,55,MEDIUM,OVERDUE_RECEIVABLE,"[""Invoice is overdue"", ""Customer has 4 previous failed payments"", ""Customer lifetime value is >= 100,000""]",1-3 days
txn_8415d04a,8903.0,25,LOW,CHECKOUT_ABANDONMENT,"[""Checkout was abandoned""]",30-60 minutes
txn_191f6dbf,20361.0,30,MEDIUM,TEMPORARY_PAYMENT_FAILURE,"[""Payment failed""]",15-30 minutes
txn_93088a62,2449.0,25,LOW,CHECKOUT_ABANDONMENT,"[""Checkout was abandoned""]",30-60 minutes
txn_cc4d0477,23985.0,40,MEDIUM,OTHER_REVENUE_RISK,"[""Payment failed"", ""Customer lifetime value is >= 100,000""]",24 hours
txn_6179001b,23092.0,45,MEDIUM,OVERDUE_RECEIVABLE,"[""Invoice is overdue"", ""Invoice is 30 days overdue""]",1-3 days
txn_fcbdcbf2,23901.0,55,MEDIUM,OVERDUE_RECEIVABLE,"[""Invoice is overdue"", ""Invoice is 86 days overdue"", ""Customer lifetime value is >= 100,000""]",1-3 days
txn_b1e2097a,23817.0,45,MEDIUM,OVERDUE_RECEIVABLE,"[""Invoice is overdue"", ""Invoice is 62 days overdue""]",1-3 days
txn_e5ce4481,23742.0,65,HIGH,OVERDUE_RECEIVABLE,"[""Invoice is overdue"", ""Customer has 3 previous failed payments"", ""Invoice is 66 days overdue"", ""Customer lifetime value is >= 100,000""]",1-3 days
txn_e8e54980,7963.0,45,MEDIUM,OVERDUE_RECEIVABLE,"[""Invoice is overdue"", ""Invoice is 75 days overdue""]",1-3 days
txn_5436407e,7730.0,30,MEDIUM,SUBSCRIPTION_PAYMENT_FAILURE,"[""Payment failed""]",24-48 hours
txn_9197aed9,43402.0,45,MEDIUM,OVERDUE_RECEIVABLE,"[""Invoice is overdue"", ""Invoice is 85 days overdue""]",1-3 days
txn_f4e3ed71,23296.0,30,MEDIUM,TEMPORARY_PAYMENT_FAILURE,"[""Payment failed""]",15-30 minutes
txn_c995b989,42617.0,30,MEDIUM,PAYMENT_METHOD_FAILURE,"[""Payment failed""]",1-4 hours
txn_24e87e74,12268.0,25,LOW,CHECKOUT_ABANDONMENT,"[""Checkout was abandoned""]",30-60 minutes
txn_4bc2c760,30503.0,40,MEDIUM,PAYMENT_INFRASTRUCTURE_FAILURE,"[""Payment failed"", ""Customer has 4 previous failed payments""]",15-30 minutes
txn_580c0b6a,1705.0,40,MEDIUM,PAYMENT_INFRASTRUCTURE_FAILURE,"[""Payment failed"", ""Customer has 3 previous failed payments""]",15-30 minutes
txn_d15d45d6,12594.0,25,LOW,CHECKOUT_ABANDONMENT,"[""Checkout was abandoned""]",30-60 minutes
txn_325d2d4c,44876.0,25,LOW,CHECKOUT_ABANDONMENT,"[""Checkout was abandoned""]",30-60 minutes
txn_36f689ef,49156.0,40,MEDIUM,TEMPORARY_PAYMENT_FAILURE,"[""Payment failed"", ""Customer lifetime value is >= 100,000""]",15-30 minutes
txn_01bd84c1,47007.0,50,MEDIUM,AUTHENTICATION_FAILURE,"[""Payment failed"", ""Customer has 3 previous failed payments"", ""Customer lifetime value is >= 100,000""]",1-4 hours
txn_2e94ae47,11278.0,35,MEDIUM,OVERDUE_RECEIVABLE,"[""Invoice is overdue""]",1-3 days
txn_173166c8,13434.0,25,LOW,CHECKOUT_ABANDONMENT,"[""Checkout was abandoned""]",30-60 minutes
txn_de983fda,16113.0,40,MEDIUM,TEMPORARY_PAYMENT_FAILURE,"[""Payment failed"", ""Customer has 3 previous failed payments""]",15-30 minutes
txn_d1c9c2fb,31038.0,65,HIGH,OVERDUE_RECEIVABLE,"[""Invoice is overdue"", ""Customer has 4 previous failed payments"", ""Invoice is 21 days overdue"", ""Customer lifetime value is >= 100,000""]",1-3 days
txn_f9215a8c,39535.0,30,MEDIUM,SUBSCRIPTION_PAYMENT_FAILURE,"[""Payment failed""]",24-48 hours
txn_59dccd46,44142.0,25,LOW,CHECKOUT_ABANDONMENT,"[""Checkout was abandoned""]",30-60 minutes
txn_9d00c6c5,157.0,45,MEDIUM,OVERDUE_RECEIVABLE,"[""Invoice is overdue"", ""Invoice is 33 days overdue""]",1-3 days
txn_0fa3b4f1,3326.0,45,MEDIUM,OVERDUE_RECEIVABLE,"[""Invoice is overdue"", ""Invoice is 55 days overdue""]",1-3 days
txn_860f577f,27311.0,65,HIGH,OVERDUE_RECEIVABLE,"[""Invoice is overdue"", ""Customer has 5 previous failed payments"", ""Invoice is 52 days overdue"", ""Customer lifetime value is >= 100,000""]",1-3 days
txn_252aa90e,28923.0,40,MEDIUM,INSUFFICIENT_FUNDS,"[""Payment failed"", ""Customer lifetime value is >= 100,000""]",24-48 hours
txn_28f4511d,6763.0,35,MEDIUM,CHECKOUT_ABANDONMENT,"[""Checkout was abandoned"", ""Customer lifetime value is >= 100,000""]",30-60 minutes
txn_3b630132,44560.0,25,LOW,CHECKOUT_ABANDONMENT,"[""Checkout was abandoned""]",30-60 minutes
txn_3c53c4d2,49545.0,30,MEDIUM,INSUFFICIENT_FUNDS,"[""Payment failed""]",24-48 hours
txn_e846df0e,18702.0,25,LOW,CHECKOUT_ABANDONMENT,"[""Checkout was abandoned""]",30-60 minutes
txn_2aeeff17,7730.0,65,HIGH,OVERDUE_RECEIVABLE,"[""Invoice is overdue"", ""Customer has 5 previous failed payments"", ""Invoice is 53 days overdue"", ""Customer lifetime value is >= 100,000""]",1-3 days
txn_d6e4eb85,25298.0,25,LOW,CHECKOUT_ABANDONMENT,"[""Checkout was abandoned""]",30-60 minutes
txn_3542e610,21750.0,30,MEDIUM,PAYMENT_INFRASTRUCTURE_FAILURE,"[""Payment failed""]",15-30 minutes
txn_acb48ce4,42524.0,30,MEDIUM,TEMPORARY_PAYMENT_FAILURE,"[""Payment failed""]",15-30 minutes
txn_9d64f98b,38111.0,40,MEDIUM,OTHER_REVENUE_RISK,"[""Payment failed"", ""Customer lifetime value is >= 100,000""]",24 hours
txn_5b07ab18,9160.0,40,MEDIUM,PAYMENT_INFRASTRUCTURE_FAILURE,"[""Payment failed"", ""Customer lifetime value is >= 100,000""]",15-30 minutes
txn_a719f107,34238.0,45,MEDIUM,CHECKOUT_ABANDONMENT,"[""Checkout was abandoned"", ""Customer has 4 previous failed payments"", ""Customer lifetime value is >= 100,000""]",30-60 minutes
txn_4175467c,34061.0,25,LOW,CHECKOUT_ABANDONMENT,"[""Checkout was abandoned""]",30-60 minutes
txn_2a31c161,16201.0,45,MEDIUM,OVERDUE_RECEIVABLE,"[""Invoice is overdue"", ""Invoice is 79 days overdue""]",1-3 days
txn_7d74353f,35157.0,30,MEDIUM,AUTHENTICATION_FAILURE,"[""Payment failed""]",1-4 hours
txn_e3ed7713,39462.0,40,MEDIUM,INSUFFICIENT_FUNDS,"[""Payment failed"", ""Customer has 3 previous failed payments""]",24-48 hours
txn_c08a807d,31504.0,35,MEDIUM,CHECKOUT_ABANDONMENT,"[""Checkout was abandoned"", ""Customer has 3 previous failed payments""]",30-60 minutes
txn_a832beef,42839.0,35,MEDIUM,OVERDUE_RECEIVABLE,"[""Invoice is overdue""]",1-3 days
txn_094c37a4,26274.0,30,MEDIUM,PAYMENT_INFRASTRUCTURE_FAILURE,"[""Payment failed""]",15-30 minutes
txn_f8554844,20818.0,25,LOW,CHECKOUT_ABANDONMENT,"[""Checkout was abandoned""]",30-60 minutes
txn_cfb9bf07,1405.0,35,MEDIUM,OVERDUE_RECEIVABLE,"[""Invoice is overdue""]",1-3 days
txn_7fe6deb1,47108.0,45,MEDIUM,OVERDUE_RECEIVABLE,"[""Invoice is overdue"", ""Invoice is 86 days overdue""]",1-3 days
txn_363b726f,35597.0,45,MEDIUM,CHECKOUT_ABANDONMENT,"[""Checkout was abandoned"", ""Customer has 3 previous failed payments"", ""Customer lifetime value is >= 100,000""]",30-60 minutes
txn_2694a915,5089.0,30,MEDIUM,OTHER_REVENUE_RISK,"[""Payment failed""]",24 hours
txn_47d3b167,17280.0,25,LOW,CHECKOUT_ABANDONMENT,"[""Checkout was abandoned""]",30-60 minutes
txn_cafa3c6c,49117.0,45,MEDIUM,OVERDUE_RECEIVABLE,"[""Invoice is overdue"", ""Invoice is 83 days overdue""]",1-3 days
txn_ff14be01,20894.0,45,MEDIUM,OVERDUE_RECEIVABLE,"[""Invoice is overdue"", ""Customer lifetime value is >= 100,000""]",1-3 days
txn_b4fd1a8d,7220.0,50,MEDIUM,PAYMENT_INFRASTRUCTURE_FAILURE,"[""Payment failed"", ""Customer has 4 previous failed payments"", ""Customer lifetime value is >= 100,000""]",15-30 minutes
txn_078ea7a6,49805.0,45,MEDIUM,OVERDUE_RECEIVABLE,"[""Invoice is overdue"", ""Invoice is 17 days overdue""]",1-3 days
txn_e08aad52,48029.0,25,LOW,CHECKOUT_ABANDONMENT,"[""Checkout was abandoned""]",30-60 minutes
txn_12d5b80f,13808.0,25,LOW,CHECKOUT_ABANDONMENT,"[""Checkout was abandoned""]",30-60 minutes
txn_fa9b2972,48153.0,25,LOW,CHECKOUT_ABANDONMENT,"[""Checkout was abandoned""]",30-60 minutes
txn_c1d63f23,35944.0,35,MEDIUM,CHECKOUT_ABANDONMENT,"[""Checkout was abandoned"", ""Customer has 4 previous failed payments""]",30-60 minutes
txn_1626246d,35028.0,25,LOW,CHECKOUT_ABANDONMENT,"[""Checkout was abandoned""]",30-60 minutes
txn_968310c6,16837.0,50,MEDIUM,TEMPORARY_PAYMENT_FAILURE,"[""Payment failed"", ""Customer has 4 previous failed payments"", ""Customer lifetime value is >= 100,000""]",15-30 minutes
txn_e6647755,127.0,30,MEDIUM,TEMPORARY_PAYMENT_FAILURE,"[""Payment failed""]",15-30 minutes
txn_15321f6c,4819.0,55,MEDIUM,OVERDUE_RECEIVABLE,"[""Invoice is overdue"", ""Invoice is 51 days overdue"", ""Customer lifetime value is >= 100,000""]",1-3 days
txn_2c573eca,18095.0,40,MEDIUM,TEMPORARY_PAYMENT_FAILURE,"[""Payment failed"", ""Customer lifetime value is >= 100,000""]",15-30 minutes
txn_0558fccd,19446.0,55,MEDIUM,OVERDUE_RECEIVABLE,"[""Invoice is overdue"", ""Customer has 3 previous failed payments"", ""Customer lifetime value is >= 100,000""]",1-3 days
txn_9a510b64,25133.0,45,MEDIUM,OVERDUE_RECEIVABLE,"[""Invoice is overdue"", ""Invoice is 33 days overdue""]",1-3 days
txn_81eef017,49275.0,30,MEDIUM,AUTHENTICATION_FAILURE,"[""Payment failed""]",1-4 hours
txn_5aaa0b9d,1725.0,55,MEDIUM,OVERDUE_RECEIVABLE,"[""Invoice is overdue"", ""Invoice is 34 days overdue"", ""Customer lifetime value is >= 100,000""]",1-3 days
txn_471c9aed,13359.0,35,MEDIUM,OVERDUE_RECEIVABLE,"[""Invoice is overdue""]",1-3 days
txn_6e9a024f,2012.0,30,MEDIUM,OTHER_REVENUE_RISK,"[""Payment failed""]",24 hours
txn_5d680d2d,5282.0,35,MEDIUM,OVERDUE_RECEIVABLE,"[""Invoice is overdue""]",1-3 days
txn_1cd97173,44757.0,45,MEDIUM,OVERDUE_RECEIVABLE,"[""Invoice is overdue"", ""Invoice is 60 days overdue""]",1-3 days
txn_dfabab45,20472.0,40,MEDIUM,PAYMENT_INFRASTRUCTURE_FAILURE,"[""Payment failed"", ""Customer lifetime value is >= 100,000""]",15-30 minutes
txn_c22c7089,35382.0,65,HIGH,OVERDUE_RECEIVABLE,"[""Invoice is overdue"", ""Customer has 5 previous failed payments"", ""Invoice is 75 days overdue"", ""Customer lifetime value is >= 100,000""]",1-3 days
txn_95e97f6c,5125.0,45,MEDIUM,CHECKOUT_ABANDONMENT,"[""Checkout was abandoned"", ""Customer has 4 previous failed payments"", ""Customer lifetime value is >= 100,000""]",30-60 minutes
txn_ccf8ca5a,23784.0,40,MEDIUM,SUBSCRIPTION_PAYMENT_FAILURE,"[""Payment failed"", ""Customer lifetime value is >= 100,000""]",24-48 hours
txn_416d2481,1234.0,55,MEDIUM,OVERDUE_RECEIVABLE,"[""Invoice is overdue"", ""Invoice is 56 days overdue"", ""Customer lifetime value is >= 100,000""]",1-3 days
txn_25e1669f,12749.0,30,MEDIUM,PAYMENT_INFRASTRUCTURE_FAILURE,"[""Payment failed""]",15-30 minutes
txn_83fe6b78,9278.0,40,MEDIUM,PAYMENT_INFRASTRUCTURE_FAILURE,"[""Payment failed"", ""Customer has 3 previous failed payments""]",15-30 minutes
txn_df131ae6,6931.0,35,MEDIUM,CHECKOUT_ABANDONMENT,"[""Checkout was abandoned"", ""Customer has 4 previous failed payments""]",30-60 minutes
txn_8e5e92e0,48746.0,45,MEDIUM,OVERDUE_RECEIVABLE,"[""Invoice is overdue"", ""Invoice is 33 days overdue""]",1-3 days
txn_c3d964b7,26387.0,35,MEDIUM,CHECKOUT_ABANDONMENT,"[""Checkout was abandoned"", ""Customer has 3 previous failed payments""]",30-60 minutes
txn_87ebeee3,21536.0,30,MEDIUM,OTHER_REVENUE_RISK,"[""Payment failed""]",24 hours
txn_cc4e910d,20637.0,45,MEDIUM,OVERDUE_RECEIVABLE,"[""Invoice is overdue"", ""Invoice is 67 days overdue""]",1-3 days
txn_5dee0838,32202.0,45,MEDIUM,OVERDUE_RECEIVABLE,"[""Invoice is overdue"", ""Invoice is 90 days overdue""]",1-3 days
txn_cb1eb31f,25763.0,45,MEDIUM,OVERDUE_RECEIVABLE,"[""Invoice is overdue"", ""Invoice is 22 days overdue""]",1-3 days
txn_aef6353e,3999.0,55,MEDIUM,OVERDUE_RECEIVABLE,"[""Invoice is overdue"", ""Customer has 3 previous failed payments"", ""Invoice is 58 days overdue""]",1-3 days
txn_d781c77e,9832.0,35,MEDIUM,CHECKOUT_ABANDONMENT,"[""Checkout was abandoned"", ""Customer lifetime value is >= 100,000""]",30-60 minutes
txn_8150859c,45301.0,30,MEDIUM,INSUFFICIENT_FUNDS,"[""Payment failed""]",24-48 hours
txn_08f8d1da,33741.0,40,MEDIUM,INSUFFICIENT_FUNDS,"[""Payment failed"", ""Customer lifetime value is >= 100,000""]",24-48 hours
txn_dba3badd,1574.0,40,MEDIUM,AUTHENTICATION_FAILURE,"[""Payment failed"", ""Customer lifetime value is >= 100,000""]",1-4 hours
txn_f47825f7,32882.0,40,MEDIUM,OTHER_REVENUE_RISK,"[""Payment failed"", ""Customer has 3 previous failed payments""]",24 hours
txn_5d581c07,44558.0,25,LOW,CHECKOUT_ABANDONMENT,"[""Checkout was abandoned""]",30-60 minutes
txn_d2a62429,31101.0,25,LOW,CHECKOUT_ABANDONMENT,"[""Checkout was abandoned""]",30-60 minutes
txn_6f9011bb,44326.0,30,MEDIUM,PAYMENT_INFRASTRUCTURE_FAILURE,"[""Payment failed""]",15-30 minutes
txn_40146f8e,31343.0,45,MEDIUM,OVERDUE_RECEIVABLE,"[""Invoice is overdue"", ""Invoice is 45 days overdue""]",1-3 days
txn_22357cf7,34347.0,35,MEDIUM,OVERDUE_RECEIVABLE,"[""Invoice is overdue""]",1-3 days
txn_4f96fee6,34163.0,45,MEDIUM,OVERDUE_RECEIVABLE,"[""Invoice is overdue"", ""Invoice is 43 days overdue""]",1-3 days
txn_e8ba84d3,48338.0,25,LOW,CHECKOUT_ABANDONMENT,"[""Checkout was abandoned""]",30-60 minutes
txn_2f67ff0f,1400.0,45,MEDIUM,OVERDUE_RECEIVABLE,"[""Invoice is overdue"", ""Invoice is 48 days overdue""]",1-3 days
txn_6e5cabb1,22120.0,65,HIGH,OVERDUE_RECEIVABLE,"[""Invoice is overdue"", ""Customer has 3 previous failed payments"", ""Invoice is 80 days overdue"", ""Customer lifetime value is >= 100,000""]",1-3 days
txn_646d49a0,22942.0,30,MEDIUM,TEMPORARY_PAYMENT_FAILURE,"[""Payment failed""]",15-30 minutes
txn_dc7ea5f2,45518.0,25,LOW,CHECKOUT_ABANDONMENT,"[""Checkout was abandoned""]",30-60 minutes
txn_93320fc6,8600.0,45,MEDIUM,OVERDUE_RECEIVABLE,"[""Invoice is overdue"", ""Invoice is 68 days overdue""]",1-3 days
txn_bee81575,13735.0,45,MEDIUM,OVERDUE_RECEIVABLE,"[""Invoice is overdue"", ""Invoice is 32 days overdue""]",1-3 days
txn_b31467c9,43613.0,25,LOW,CHECKOUT_ABANDONMENT,"[""Checkout was abandoned""]",30-60 minutes
txn_ca54b27e,5876.0,40,MEDIUM,SUBSCRIPTION_PAYMENT_FAILURE,"[""Payment failed"", ""Customer has 3 previous failed payments""]",24-48 hours
txn_006045c4,47444.0,35,MEDIUM,CHECKOUT_ABANDONMENT,"[""Checkout was abandoned"", ""Customer has 3 previous failed payments""]",30-60 minutes
txn_ceec2f9a,47566.0,45,MEDIUM,OVERDUE_RECEIVABLE,"[""Invoice is overdue"", ""Invoice is 47 days overdue""]",1-3 days
txn_ed04c3fa,38100.0,25,LOW,CHECKOUT_ABANDONMENT,"[""Checkout was abandoned""]",30-60 minutes
txn_5bc992fd,13367.0,45,MEDIUM,OVERDUE_RECEIVABLE,"[""Invoice is overdue"", ""Invoice is 68 days overdue""]",1-3 days
txn_bccf6b25,25769.0,40,MEDIUM,INSUFFICIENT_FUNDS,"[""Payment failed"", ""Customer has 3 previous failed payments""]",24-48 hours
txn_30e5216c,19626.0,45,MEDIUM,OVERDUE_RECEIVABLE,"[""Invoice is overdue"", ""Invoice is 18 days overdue""]",1-3 days
txn_f4c9b5d2,46136.0,30,MEDIUM,TEMPORARY_PAYMENT_FAILURE,"[""Payment failed""]",15-30 minutes
txn_d4a99edd,10658.0,30,MEDIUM,SUBSCRIPTION_PAYMENT_FAILURE,"[""Payment failed""]",24-48 hours
txn_6cfacb7c,39694.0,35,MEDIUM,CHECKOUT_ABANDONMENT,"[""Checkout was abandoned"", ""Customer has 3 previous failed payments""]",30-60 minutes
txn_2187886d,45734.0,55,MEDIUM,OVERDUE_RECEIVABLE,"[""Invoice is overdue"", ""Customer has 3 previous failed payments"", ""Invoice is 67 days overdue""]",1-3 days
txn_e35c9dc2,27826.0,55,MEDIUM,OVERDUE_RECEIVABLE,"[""Invoice is overdue"", ""Customer has 3 previous failed payments"", ""Invoice is 61 days overdue""]",1-3 days
txn_72b00f04,12047.0,30,MEDIUM,PAYMENT_METHOD_FAILURE,"[""Payment failed""]",1-4 hours
txn_a2efb289,42372.0,30,MEDIUM,PAYMENT_INFRASTRUCTURE_FAILURE,"[""Payment failed""]",15-30 minutes
txn_4e78c10d,12985.0,30,MEDIUM,INSUFFICIENT_FUNDS,"[""Payment failed""]",24-48 hours
txn_93969a40,38275.0,30,MEDIUM,PAYMENT_INFRASTRUCTURE_FAILURE,"[""Payment failed""]",15-30 minutes
txn_9c921159,8561.0,45,MEDIUM,OVERDUE_RECEIVABLE,"[""Invoice is overdue"", ""Invoice is 29 days overdue""]",1-3 days
txn_ebe1ab92,36639.0,45,MEDIUM,OVERDUE_RECEIVABLE,"[""Invoice is overdue"", ""Invoice is 56 days overdue""]",1-3 days
txn_c13c657e,23042.0,30,MEDIUM,OTHER_REVENUE_RISK,"[""Payment failed""]",24 hours
txn_27f211f0,2809.0,45,MEDIUM,OVERDUE_RECEIVABLE,"[""Invoice is overdue"", ""Invoice is 72 days overdue""]",1-3 days
txn_73134c9a,24214.0,35,MEDIUM,CHECKOUT_ABANDONMENT,"[""Checkout was abandoned"", ""Customer lifetime value is >= 100,000""]",30-60 minutes
txn_bff93e58,29309.0,40,MEDIUM,SUBSCRIPTION_PAYMENT_FAILURE,"[""Payment failed"", ""Customer lifetime value is >= 100,000""]",24-48 hours
txn_c8ee8133,13715.0,45,MEDIUM,OVERDUE_RECEIVABLE,"[""Invoice is overdue"", ""Invoice is 62 days overdue""]",1-3 days
txn_c3374b1e,45169.0,30,MEDIUM,OTHER_REVENUE_RISK,"[""Payment failed""]",24 hours
txn_aadd443a,27248.0,30,MEDIUM,TEMPORARY_PAYMENT_FAILURE,"[""Payment failed""]",15-30 minutes
txn_cfc426f9,5017.0,35,MEDIUM,OVERDUE_RECEIVABLE,"[""Invoice is overdue""]",1-3 days
txn_80154065,30104.0,40,MEDIUM,TEMPORARY_PAYMENT_FAILURE,"[""Payment failed"", ""Customer has 3 previous failed payments""]",15-30 minutes
txn_bf9c02c2,22890.0,55,MEDIUM,OVERDUE_RECEIVABLE,"[""Invoice is overdue"", ""Customer has 3 previous failed payments"", ""Invoice is 28 days overdue""]",1-3 days
txn_2d79ab37,17721.0,50,MEDIUM,TEMPORARY_PAYMENT_FAILURE,"[""Payment failed"", ""Customer has 5 previous failed payments"", ""Customer lifetime value is >= 100,000""]",15-30 minutes
txn_5b8bc4b5,9841.0,25,LOW,CHECKOUT_ABANDONMENT,"[""Checkout was abandoned""]",30-60 minutes
txn_9f7132e2,41083.0,30,MEDIUM,AUTHENTICATION_FAILURE,"[""Payment failed""]",1-4 hours
txn_fb3ad212,45899.0,30,MEDIUM,PAYMENT_METHOD_FAILURE,"[""Payment failed""]",1-4 hours
txn_d58cda66,29952.0,30,MEDIUM,PAYMENT_INFRASTRUCTURE_FAILURE,"[""Payment failed""]",15-30 minutes
txn_bf67fcf0,9997.0,25,LOW,CHECKOUT_ABANDONMENT,"[""Checkout was abandoned""]",30-60 minutes
txn_885a4569,36947.0,55,MEDIUM,OVERDUE_RECEIVABLE,"[""Invoice is overdue"", ""Invoice is 54 days overdue"", ""Customer lifetime value is >= 100,000""]",1-3 days
txn_5a304b7f,32424.0,30,MEDIUM,TEMPORARY_PAYMENT_FAILURE,"[""Payment failed""]",15-30 minutes
txn_ad2ce334,33179.0,45,MEDIUM,CHECKOUT_ABANDONMENT,"[""Checkout was abandoned"", ""Customer has 4 previous failed payments"", ""Customer lifetime value is >= 100,000""]",30-60 minutes
txn_91898e72,31441.0,45,MEDIUM,OVERDUE_RECEIVABLE,"[""Invoice is overdue"", ""Invoice is 56 days overdue""]",1-3 days
txn_78fc1f75,48453.0,35,MEDIUM,OVERDUE_RECEIVABLE,"[""Invoice is overdue""]",1-3 days
txn_59ada676,32461.0,30,MEDIUM,PAYMENT_METHOD_FAILURE,"[""Payment failed""]",1-4 hours
txn_ae3068ea,1788.0,25,LOW,CHECKOUT_ABANDONMENT,"[""Checkout was abandoned""]",30-60 minutes
txn_49c96691,461.0,30,MEDIUM,PAYMENT_METHOD_FAILURE,"[""Payment failed""]",1-4 hours
txn_f350c576,2564.0,45,MEDIUM,OVERDUE_RECEIVABLE,"[""Invoice is overdue"", ""Invoice is 22 days overdue""]",1-3 days
txn_14ff4384,37857.0,45,MEDIUM,OVERDUE_RECEIVABLE,"[""Invoice is overdue"", ""Invoice is 28 days overdue""]",1-3 days
txn_7ad10c4b,43984.0,35,MEDIUM,CHECKOUT_ABANDONMENT,"[""Checkout was abandoned"", ""Customer has 3 previous failed payments""]",30-60 minutes
txn_aa32a562,42955.0,30,MEDIUM,PAYMENT_METHOD_FAILURE,"[""Payment failed""]",1-4 hours
txn_1e171fba,19459.0,25,LOW,CHECKOUT_ABANDONMENT,"[""Checkout was abandoned""]",30-60 minutes
txn_013badb7,32339.0,45,MEDIUM,CHECKOUT_ABANDONMENT,"[""Checkout was abandoned"", ""Customer has 4 previous failed payments"", ""Customer lifetime value is >= 100,000""]",30-60 minutes
txn_295b2d6e,23727.0,25,LOW,CHECKOUT_ABANDONMENT,"[""Checkout was abandoned""]",30-60 minutes
txn_47acd6fb,41253.0,65,HIGH,OVERDUE_RECEIVABLE,"[""Invoice is overdue"", ""Customer has 5 previous failed payments"", ""Invoice is 85 days overdue"", ""Customer lifetime value is >= 100,000""]",1-3 days
txn_a761684f,18263.0,45,MEDIUM,OVERDUE_RECEIVABLE,"[""Invoice is overdue"", ""Invoice is 41 days overdue""]",1-3 days
txn_0441a1be,20318.0,25,LOW,CHECKOUT_ABANDONMENT,"[""Checkout was abandoned""]",30-60 minutes
txn_3a54e5f2,42722.0,40,MEDIUM,AUTHENTICATION_FAILURE,"[""Payment failed"", ""Customer has 3 previous failed payments""]",1-4 hours
txn_7568a7fb,20985.0,65,HIGH,OVERDUE_RECEIVABLE,"[""Invoice is overdue"", ""Customer has 3 previous failed payments"", ""Invoice is 62 days overdue"", ""Customer lifetime value is >= 100,000""]",1-3 days
txn_3cd3f0ce,17429.0,45,MEDIUM,OVERDUE_RECEIVABLE,"[""Invoice is overdue"", ""Invoice is 84 days overdue""]",1-3 days
txn_24be13cf,48896.0,30,MEDIUM,AUTHENTICATION_FAILURE,"[""Payment failed""]",1-4 hours
txn_a3651e1c,39124.0,25,LOW,CHECKOUT_ABANDONMENT,"[""Checkout was abandoned""]",30-60 minutes
txn_1f4c63d6,36594.0,30,MEDIUM,AUTHENTICATION_FAILURE,"[""Payment failed""]",1-4 hours
txn_4bfee729,23774.0,50,MEDIUM,INSUFFICIENT_FUNDS,"[""Payment failed"", ""Customer has 5 previous failed payments"", ""Customer lifetime value is >= 100,000""]",24-48 hours
txn_e6172901,46494.0,50,MEDIUM,TEMPORARY_PAYMENT_FAILURE,"[""Payment failed"", ""Customer has 3 previous failed payments"", ""Customer lifetime value is >= 100,000""]",15-30 minutes
txn_61274a97,35293.0,25,LOW,CHECKOUT_ABANDONMENT,"[""Checkout was abandoned""]",30-60 minutes
txn_5be3a6c3,33012.0,30,MEDIUM,PAYMENT_METHOD_FAILURE,"[""Payment failed""]",1-4 hours
txn_391ca9ad,27861.0,55,MEDIUM,OVERDUE_RECEIVABLE,"[""Invoice is overdue"", ""Invoice is 57 days overdue"", ""Customer lifetime value is >= 100,000""]",1-3 days
txn_8bd548bb,10017.0,45,MEDIUM,OVERDUE_RECEIVABLE,"[""Invoice is overdue"", ""Invoice is 77 days overdue""]",1-3 days
txn_21602b91,34040.0,45,MEDIUM,OVERDUE_RECEIVABLE,"[""Invoice is overdue"", ""Invoice is 24 days overdue""]",1-3 days
txn_5add9136,19780.0,65,HIGH,OVERDUE_RECEIVABLE,"[""Invoice is overdue"", ""Customer has 4 previous failed payments"", ""Invoice is 86 days overdue"", ""Customer lifetime value is >= 100,000""]",1-3 days
txn_668ab822,12813.0,45,MEDIUM,OVERDUE_RECEIVABLE,"[""Invoice is overdue"", ""Invoice is 17 days overdue""]",1-3 days
txn_88315ca3,33040.0,30,MEDIUM,PAYMENT_METHOD_FAILURE,"[""Payment failed""]",1-4 hours
txn_c62c2b5a,2118.0,45,MEDIUM,OVERDUE_RECEIVABLE,"[""Invoice is overdue"", ""Customer has 3 previous failed payments""]",1-3 days
txn_151b57e6,18070.0,25,LOW,CHECKOUT_ABANDONMENT,"[""Checkout was abandoned""]",30-60 minutes
txn_8e873aa5,7162.0,30,MEDIUM,PAYMENT_INFRASTRUCTURE_FAILURE,"[""Payment failed""]",15-30 minutes
txn_82d2adca,32402.0,45,MEDIUM,OVERDUE_RECEIVABLE,"[""Invoice is overdue"", ""Invoice is 27 days overdue""]",1-3 days
txn_cb26604b,36838.0,55,MEDIUM,OVERDUE_RECEIVABLE,"[""Invoice is overdue"", ""Invoice is 70 days overdue"", ""Customer lifetime value is >= 100,000""]",1-3 days
txn_1a954bc9,41025.0,50,MEDIUM,PAYMENT_METHOD_FAILURE,"[""Payment failed"", ""Customer has 3 previous failed payments"", ""Customer lifetime value is >= 100,000""]",1-4 hours
txn_079825d9,39821.0,55,MEDIUM,OVERDUE_RECEIVABLE,"[""Invoice is overdue"", ""Invoice is 34 days overdue"", ""Customer lifetime value is >= 100,000""]",1-3 days
txn_1692b980,46596.0,30,MEDIUM,TEMPORARY_PAYMENT_FAILURE,"[""Payment failed""]",15-30 minutes
txn_c434455a,7253.0,40,MEDIUM,OTHER_REVENUE_RISK,"[""Payment failed"", ""Customer has 4 previous failed payments""]",24 hours
txn_1d80f329,8040.0,30,MEDIUM,PAYMENT_METHOD_FAILURE,"[""Payment failed""]",1-4 hours
txn_2b1a7ac0,27161.0,35,MEDIUM,CHECKOUT_ABANDONMENT,"[""Checkout was abandoned"", ""Customer has 4 previous failed payments""]",30-60 minutes
txn_b4702d4b,47902.0,25,LOW,CHECKOUT_ABANDONMENT,"[""Checkout was abandoned""]",30-60 minutes
txn_badbcaf5,5610.0,25,LOW,CHECKOUT_ABANDONMENT,"[""Checkout was abandoned""]",30-60 minutes
txn_9e9860d0,24220.0,45,MEDIUM,OVERDUE_RECEIVABLE,"[""Invoice is overdue"", ""Invoice is 22 days overdue""]",1-3 days
txn_120e5819,9642.0,30,MEDIUM,INSUFFICIENT_FUNDS,"[""Payment failed""]",24-48 hours
txn_aabb3def,14985.0,30,MEDIUM,PAYMENT_METHOD_FAILURE,"[""Payment failed""]",1-4 hours
txn_bc6bb141,44465.0,40,MEDIUM,INSUFFICIENT_FUNDS,"[""Payment failed"", ""Customer lifetime value is >= 100,000""]",24-48 hours
txn_de9d801e,40609.0,35,MEDIUM,CHECKOUT_ABANDONMENT,"[""Checkout was abandoned"", ""Customer lifetime value is >= 100,000""]",30-60 minutes
txn_dcda5a11,638.0,25,LOW,CHECKOUT_ABANDONMENT,"[""Checkout was abandoned""]",30-60 minutes
txn_92452234,48508.0,55,MEDIUM,OVERDUE_RECEIVABLE,"[""Invoice is overdue"", ""Invoice is 80 days overdue"", ""Customer lifetime value is >= 100,000""]",1-3 days
txn_8eb7d495,26357.0,35,MEDIUM,OVERDUE_RECEIVABLE,"[""Invoice is overdue""]",1-3 days
txn_d699682c,42345.0,40,MEDIUM,INSUFFICIENT_FUNDS,"[""Payment failed"", ""Customer lifetime value is >= 100,000""]",24-48 hours
txn_1bbcfc92,39236.0,40,MEDIUM,SUBSCRIPTION_PAYMENT_FAILURE,"[""Payment failed"", ""Customer lifetime value is >= 100,000""]",24-48 hours
txn_f338fb57,6937.0,45,MEDIUM,OVERDUE_RECEIVABLE,"[""Invoice is overdue"", ""Invoice is 20 days overdue""]",1-3 days
txn_57811af8,21498.0,30,MEDIUM,AUTHENTICATION_FAILURE,"[""Payment failed""]",1-4 hours
txn_c5857875,49861.0,45,MEDIUM,OVERDUE_RECEIVABLE,"[""Invoice is overdue"", ""Invoice is 35 days overdue""]",1-3 days
txn_6c461dcf,45094.0,50,MEDIUM,OTHER_REVENUE_RISK,"[""Payment failed"", ""Customer has 3 previous failed payments"", ""Customer lifetime value is >= 100,000""]",24 hours
txn_c7c1ffb7,40871.0,25,LOW,CHECKOUT_ABANDONMENT,"[""Checkout was abandoned""]",30-60 minutes
txn_1f4f2b18,8397.0,30,MEDIUM,AUTHENTICATION_FAILURE,"[""Payment failed""]",1-4 hours
txn_7c5fd474,11283.0,55,MEDIUM,OVERDUE_RECEIVABLE,"[""Invoice is overdue"", ""Customer has 3 previous failed payments"", ""Customer lifetime value is >= 100,000""]",1-3 days
txn_ce9f401b,37886.0,25,LOW,CHECKOUT_ABANDONMENT,"[""Checkout was abandoned""]",30-60 minutes
txn_f263eb3e,39254.0,55,MEDIUM,OVERDUE_RECEIVABLE,"[""Invoice is overdue"", ""Invoice is 43 days overdue"", ""Customer lifetime value is >= 100,000""]",1-3 days
txn_c3c3ef71,2261.0,40,MEDIUM,AUTHENTICATION_FAILURE,"[""Payment failed"", ""Customer has 3 previous failed payments""]",1-4 hours
txn_1b28c878,4874.0,50,MEDIUM,PAYMENT_METHOD_FAILURE,"[""Payment failed"", ""Customer has 5 previous failed payments"", ""Customer lifetime value is >= 100,000""]",1-4 hours
txn_728aea69,39875.0,45,MEDIUM,OVERDUE_RECEIVABLE,"[""Invoice is overdue"", ""Invoice is 19 days overdue""]",1-3 days
