transaction_id,customer_id,amount,currency,transaction_date,transaction_type,status,failure_reason,customer_type,previous_successful_payments,previous_failed_payments,checkout_abandoned,subscription_status,invoice_due_days,customer_lifetime_value,recovery_attempts,recovered,recovered_amount
txn_8a8dab2f,cust_0143,1739,INR,2026-05-11 18:25:38,subscription,failed,card_declined,VIP,33,5,False,past_due,0,165650,0,False,0
txn_29e5053b,cust_0575,15347,INR,2026-06-17 18:38:38,payment,successful,none,new,1,0,False,none,0,17652,0,True,15347
txn_dcd95042,cust_0433,45853,INR,2026-06-02 16:21:38,checkout,abandoned,none,returning,9,1,True,none,0,66220,0,False,0
txn_55ae1403,cust_0619,23626,INR,2026-05-23 16:51:38,checkout,successful,none,returning,2,3,False,none,0,33410,0,True,23626
txn_3acb34aa,cust_0592,41298,INR,2026-06-14 16:32:38,checkout,successful,none,new,0,0,False,none,0,41298,0,True,41298
txn_a57e1ff9,cust_0285,6719,INR,2026-03-09 10:42:38,invoice,successful,none,returning,12,1,False,none,0,49103,0,True,6719
txn_f7497309,cust_0624,42569,INR,2026-05-22 10:27:38,invoice,overdue,none,VIP,41,4,False,none,10,145274,0,False,0
txn_bb285925,cust_0333,36600,INR,2026-05-17 11:22:38,payment,failed,unknown,new,0,0,False,none,0,36600,0,False,0
txn_80fafbaf,cust_0218,37270,INR,2026-07-23 11:39:38,checkout,successful,none,VIP,83,3,False,none,0,390684,0,True,37270
txn_1c35d6e9,cust_0920,17319,INR,2026-07-23 02:55:38,invoice,successful,none,VIP,71,2,False,none,0,180335,0,True,17319
txn_49f1102d,cust_0157,3187,INR,2026-05-21 06:48:38,payment,successful,none,VIP,40,5,False,none,0,161507,0,True,3187
txn_98900110,cust_0995,34776,INR,2026-04-12 10:37:38,invoice,overdue,none,VIP,21,5,False,none,33,64974,0,False,0
txn_6a8625b7,cust_0465,7410,INR,2026-04-20 15:31:38,subscription,failed,authentication_failure,new,1,0,False,past_due,0,12010,0,False,0
txn_79a74ce8,cust_0383,41974,INR,2026-07-30 07:30:38,payment,failed,card_declined,new,0,0,False,none,0,41974,0,False,0
txn_bbf7152e,cust_0060,20253,INR,2026-08-10 01:37:38,invoice,overdue,none,new,0,0,False,none,31,20253,0,False,0
txn_d7241fe5,cust_0970,43337,INR,2026-05-11 12:27:38,invoice,successful,none,VIP,41,2,False,none,0,241039,0,True,43337
txn_1a4eb801,cust_0731,47936,INR,2026-05-04 16:11:38,subscription,successful,none,returning,13,2,False,active,0,101080,0,True,47936
txn_c377afea,cust_0603,22256,INR,2026-03-19 18:12:38,payment,successful,none,VIP,49,4,True,none,0,135152,0,True,22256
txn_863f537a,cust_0073,2158,INR,2026-07-24 19:27:38,checkout,successful,none,VIP,50,2,False,none,0,225958,0,True,2158
txn_d8af1b58,cust_0249,37862,INR,2026-05-09 07:59:38,invoice,overdue,none,returning,14,1,False,none,61,55670,0,False,0
txn_a18c555a,cust_0690,47880,INR,2026-07-31 12:14:38,payment,successful,none,VIP,32,0,False,none,0,169416,0,True,47880
txn_9f354fab,cust_0433,29500,INR,2026-08-08 04:35:38,subscription,successful,none,new,1,0,False,active,0,33789,0,True,29500
txn_048cd823,cust_0052,36166,INR,2026-06-28 14:00:38,invoice,overdue,none,VIP,89,0,False,none,13,148662,0,False,0
txn_e6a32fb9,cust_0925,14108,INR,2026-05-20 10:27:38,invoice,successful,none,new,0,0,True,none,0,14108,0,True,14108
txn_935d2bf0,cust_0293,29919,INR,2026-07-10 10:13:38,checkout,abandoned,none,returning,18,3,True,none,0,61743,0,False,0
txn_34dd1b1f,cust_0063,38057,INR,2026-04-21 03:16:38,invoice,overdue,none,VIP,60,0,False,none,70,92657,0,False,0
txn_7d661499,cust_0872,33381,INR,2026-06-28 07:19:38,payment,successful,none,new,0,0,False,none,0,33381,0,True,33381
txn_07150712,cust_0593,37434,INR,2026-03-31 00:53:38,invoice,overdue,none,VIP,25,4,False,none,32,66709,0,False,0
txn_fa8a4dd8,cust_0686,17189,INR,2026-03-08 23:07:38,subscription,successful,none,VIP,60,1,False,active,0,177689,0,True,17189
txn_a848eccf,cust_0010,49374,INR,2026-04-20 11:18:38,payment,successful,none,returning,20,0,False,none,0,71374,0,True,49374
txn_66e0e064,cust_0379,4608,INR,2026-03-23 22:53:38,invoice,overdue,none,returning,6,3,False,none,32,34308,0,False,0
txn_3927378e,cust_0955,36446,INR,2026-07-30 19:51:38,checkout,successful,none,VIP,33,1,False,none,0,124424,0,True,36446
txn_5f217c62,cust_0735,18565,INR,2026-08-14 16:46:38,subscription,successful,none,returning,7,2,False,active,0,51045,0,True,18565
txn_14262590,cust_0004,18232,INR,2026-04-07 20:59:38,payment,successful,none,returning,5,2,False,none,0,27347,0,True,18232
txn_a658668e,cust_0968,7431,INR,2026-03-31 02:17:38,payment,successful,none,VIP,39,4,False,none,0,38436,0,True,7431
txn_50825bf1,cust_0374,2841,INR,2026-03-10 16:04:38,checkout,successful,none,new,1,0,False,none,0,5061,0,True,2841
txn_42faf4d0,cust_0998,26732,INR,2026-07-13 06:25:38,checkout,abandoned,none,VIP,39,1,True,none,0,98141,0,False,0
txn_87001509,cust_0822,21870,INR,2026-07-31 06:31:38,invoice,successful,none,VIP,51,2,False,none,0,113874,0,True,21870
txn_75b79cf6,cust_0205,30947,INR,2026-03-12 13:01:38,subscription,successful,none,returning,12,2,False,active,0,59315,0,True,30947
txn_4383516d,cust_0360,4649,INR,2026-08-20 15:30:38,checkout,successful,none,VIP,85,3,False,none,0,420469,0,True,4649
txn_aafbdedd,cust_0986,11802,INR,2026-06-08 05:48:38,invoice,overdue,none,returning,2,0,False,none,75,19920,0,False,0
txn_43744cae,cust_0922,7678,INR,2026-08-27 02:27:38,invoice,overdue,none,VIP,44,2,False,none,50,45650,0,False,0
txn_64e25f0a,cust_0737,45113,INR,2026-08-09 21:28:38,checkout,abandoned,none,VIP,45,2,True,none,0,226598,0,False,0
txn_d39a487e,cust_0738,20672,INR,2026-03-02 09:51:38,payment,successful,none,returning,17,2,False,none,0,86037,0,True,20672
txn_7a9e09a9,cust_0694,27654,INR,2026-08-27 10:08:38,invoice,successful,none,VIP,42,4,False,none,0,152184,0,True,27654
txn_09f6f569,cust_0477,38109,INR,2026-07-14 22:21:38,checkout,successful,none,returning,15,1,False,none,0,108414,0,True,38109
txn_4ef20ea6,cust_0096,43606,INR,2026-07-21 19:24:38,checkout,successful,none,new,1,0,False,none,0,45946,0,True,43606
txn_ccc81316,cust_0467,31238,INR,2026-06-26 14:45:38,payment,successful,none,returning,19,1,False,none,0,100493,0,True,31238
txn_6642f1ed,cust_0225,49315,INR,2026-07-27 05:18:38,payment,failed,authentication_failure,new,1,0,False,none,0,50226,0,False,0
txn_7beca169,cust_0544,43850,INR,2026-03-23 19:29:38,checkout,abandoned,none,VIP,96,2,True,none,0,439850,0,False,0
txn_c6fcd014,cust_0919,36005,INR,2026-06-24 23:09:38,invoice,successful,none,new,1,0,False,none,0,40191,0,True,36005
txn_9af30457,cust_0497,34263,INR,2026-08-07 21:08:38,checkout,abandoned,none,VIP,50,2,True,none,0,239413,0,False,0
txn_72037c25,cust_0915,22110,INR,2026-03-03 14:41:38,checkout,successful,none,VIP,30,1,False,none,0,74160,0,True,22110
txn_d5cbaac2,cust_0339,27288,INR,2026-05-12 06:29:38,invoice,successful,none,VIP,79,3,False,none,0,107078,0,True,27288
txn_06ca14a3,cust_0021,45681,INR,2026-05-29 09:38:38,checkout,abandoned,none,VIP,68,3,True,none,0,82945,0,False,0
txn_da38963c,cust_0500,27560,INR,2026-05-20 08:44:38,subscription,successful,none,new,1,0,False,active,0,31630,0,True,27560
txn_cb9b8bb0,cust_0942,26597,INR,2026-03-11 19:21:38,payment,failed,authentication_failure,new,0,0,False,none,0,26597,0,False,0
txn_62b4c684,cust_0267,8993,INR,2026-05-22 10:38:38,subscription,failed,card_declined,returning,11,1,False,past_due,0,55457,0,False,0
txn_64d494c9,cust_0855,27727,INR,2026-08-14 08:12:38,invoice,overdue,none,new,1,0,False,none,33,28385,0,False,0
txn_0c4b7d35,cust_0973,42813,INR,2026-06-27 14:56:38,payment,failed,temporary_bank_error,new,0,0,False,none,0,42813,0,False,0
txn_71218d30,cust_0717,37060,INR,2026-07-17 10:20:38,payment,failed,authentication_failure,returning,12,1,False,none,0,54316,0,False,0
txn_6eccee4e,cust_0407,20544,INR,2026-06-10 21:48:38,invoice,successful,none,VIP,45,0,False,none,0,132549,0,True,20544
txn_4ca093a9,cust_0802,37188,INR,2026-05-09 22:03:38,checkout,abandoned,none,new,1,0,True,none,0,42052,0,False,0
txn_587e64e9,cust_0013,42537,INR,2026-03-18 04:41:38,checkout,successful,none,returning,16,0,False,none,0,107353,0,True,42537
txn_3c440507,cust_0631,11643,INR,2026-03-29 11:06:38,checkout,successful,none,VIP,81,3,False,none,0,341151,0,True,11643
txn_d99404ea,cust_0903,5779,INR,2026-04-23 09:15:38,invoice,overdue,none,returning,8,3,False,none,36,34611,0,False,0
txn_a3f3b479,cust_0349,23353,INR,2026-07-10 17:11:38,checkout,successful,none,returning,20,2,False,none,0,35013,0,True,23353
txn_3daa28a3,cust_0488,32119,INR,2026-07-02 06:42:38,payment,failed,unknown,VIP,82,3,False,none,0,84681,0,False,0
txn_17c59ea8,cust_0485,43613,INR,2026-04-09 09:04:38,checkout,successful,none,VIP,87,2,False,none,0,390308,0,True,43613
txn_7ec86ce3,cust_0124,17854,INR,2026-03-04 14:14:38,subscription,failed,insufficient_funds,VIP,44,2,False,past_due,0,82930,0,False,0
txn_61386056,cust_0742,31832,INR,2026-07-09 10:12:38,checkout,successful,none,VIP,87,4,False,none,0,276998,0,True,31832
txn_7d3f50c8,cust_0726,19909,INR,2026-04-08 09:42:38,payment,successful,none,VIP,36,2,False,none,0,51301,0,True,19909
txn_9f260208,cust_0106,41903,INR,2026-06-01 14:23:38,invoice,overdue,none,new,1,0,False,none,63,46248,0,False,0
txn_67b2828e,cust_0842,31408,INR,2026-03-18 22:23:38,payment,successful,none,new,1,0,False,none,0,35936,0,True,31408
txn_b3aaac20,cust_0088,36986,INR,2026-03-22 11:37:38,checkout,successful,none,new,0,0,False,none,0,36986,0,True,36986
txn_353ef777,cust_0305,29624,INR,2026-08-02 12:46:38,invoice,successful,none,VIP,74,2,False,none,0,103106,0,True,29624
txn_596703d6,cust_0161,43381,INR,2026-05-15 04:42:38,payment,successful,none,new,0,0,False,none,0,43381,0,True,43381
txn_15741718,cust_0238,19187,INR,2026-06-20 22:49:38,payment,successful,none,returning,10,3,False,none,0,30017,0,True,19187
txn_9b9c144c,cust_0664,13064,INR,2026-07-16 09:48:38,subscription,failed,temporary_bank_error,new,1,0,False,past_due,0,14729,0,False,0
txn_b0076ee8,cust_0480,37403,INR,2026-04-21 01:55:38,subscription,failed,authentication_failure,VIP,58,5,False,past_due,0,257629,0,False,0
txn_ade80f8d,cust_0911,39292,INR,2026-03-08 00:49:38,payment,successful,none,returning,11,2,False,none,0,47113,0,True,39292
txn_baefac09,cust_0591,44158,INR,2026-05-06 11:15:38,invoice,overdue,none,new,0,0,False,none,35,44158,0,False,0
txn_9cb5ef21,cust_0834,28666,INR,2026-06-05 22:20:38,invoice,overdue,none,returning,3,3,False,none,82,38716,0,False,0
txn_984f6acd,cust_0711,21714,INR,2026-06-08 11:06:38,invoice,overdue,none,returning,10,3,False,none,53,29714,0,False,0
txn_9c29db7c,cust_0674,26588,INR,2026-05-26 23:38:38,payment,successful,none,VIP,79,3,False,none,0,101164,0,True,26588
txn_9c7cc98c,cust_0209,29069,INR,2026-03-02 04:19:38,payment,successful,none,returning,18,1,False,none,0,80531,0,True,29069
txn_88370f86,cust_0727,41389,INR,2026-08-04 11:33:38,subscription,successful,none,new,1,0,False,active,0,42001,0,True,41389
txn_6dd3fbf5,cust_0664,30341,INR,2026-06-19 05:33:38,invoice,overdue,none,new,1,0,False,none,16,33231,0,False,0
txn_7706aa2b,cust_0468,31047,INR,2026-04-18 19:30:38,subscription,successful,none,VIP,38,3,False,active,0,109365,0,True,31047
txn_e6c2ae64,cust_0792,4675,INR,2026-06-12 00:49:38,checkout,successful,none,returning,11,2,False,none,0,10406,0,True,4675
txn_13972121,cust_0458,32189,INR,2026-04-10 06:57:38,invoice,overdue,none,VIP,81,2,False,none,20,293252,0,False,0
txn_160acd62,cust_0245,12463,INR,2026-04-27 20:28:38,invoice,overdue,none,VIP,69,1,True,none,90,279148,0,False,0
txn_fc270b73,cust_0680,25402,INR,2026-07-26 02:49:38,checkout,abandoned,none,VIP,39,3,True,none,0,56719,0,False,0
txn_78c7a031,cust_0103,6677,INR,2026-03-13 15:22:38,invoice,successful,none,VIP,78,0,False,none,0,137717,0,True,6677
txn_855b7f6d,cust_0639,17468,INR,2026-03-08 02:02:38,checkout,successful,none,VIP,70,5,False,none,0,98458,0,True,17468
txn_dd2ed926,cust_0894,41177,INR,2026-03-05 10:12:38,invoice,overdue,none,VIP,24,4,False,none,63,66617,0,False,0
txn_8504cb91,cust_0721,28540,INR,2026-08-20 18:06:38,payment,failed,unknown,new,1,0,False,none,0,30402,0,False,0
txn_419a832e,cust_0368,19326,INR,2026-04-14 05:50:38,checkout,abandoned,none,returning,14,1,True,none,0,54326,0,False,0
txn_71ce2339,cust_0081,11900,INR,2026-03-31 15:12:38,payment,failed,card_declined,VIP,68,4,False,none,0,179996,0,False,0
txn_352112e8,cust_0262,16744,INR,2026-07-18 16:58:38,invoice,successful,none,VIP,21,3,False,none,0,76720,0,True,16744
txn_fc1f5cf9,cust_0655,38607,INR,2026-05-21 04:20:38,invoice,overdue,none,returning,9,3,False,none,39,65373,0,False,0
txn_d4b52527,cust_0589,37581,INR,2026-04-04 21:37:38,checkout,successful,none,returning,10,0,False,none,0,75001,0,True,37581
txn_e84d2ae0,cust_0622,3314,INR,2026-03-11 21:33:38,subscription,failed,insufficient_funds,returning,8,1,False,past_due,0,23738,0,False,0
txn_89d8663b,cust_0317,6467,INR,2026-06-13 08:39:38,payment,successful,none,returning,2,2,False,none,0,9619,0,True,6467
txn_e2c6e764,cust_0806,13259,INR,2026-07-16 10:28:38,subscription,successful,none,VIP,66,4,False,active,0,317519,0,True,13259
txn_47dbae94,cust_0991,31678,INR,2026-08-08 14:38:38,checkout,abandoned,none,returning,11,0,True,none,0,79374,0,False,0
txn_6be33f06,cust_0407,44423,INR,2026-04-12 15:57:38,invoice,overdue,none,VIP,66,0,True,none,87,290735,0,False,0
txn_412c40f5,cust_0599,49187,INR,2026-03-22 02:06:38,checkout,successful,none,returning,12,0,False,none,0,78167,0,True,49187
txn_cffa3179,cust_0065,14607,INR,2026-07-29 15:24:38,invoice,overdue,none,VIP,79,5,False,none,83,249632,0,False,0
txn_f2d30c92,cust_0119,20046,INR,2026-05-03 07:44:38,invoice,overdue,none,new,0,0,False,none,64,20046,0,False,0
txn_388d6f21,cust_0430,45744,INR,2026-03-23 06:09:38,invoice,overdue,none,VIP,39,3,False,none,70,96873,0,False,0
txn_6a52adea,cust_0455,24383,INR,2026-05-25 01:29:38,subscription,successful,none,returning,8,2,False,active,0,34887,0,True,24383
txn_06784a36,cust_0408,23606,INR,2026-07-03 22:46:38,invoice,overdue,none,returning,7,0,False,none,8,53181,0,False,0
txn_a110688a,cust_0806,1499,INR,2026-04-08 12:49:38,payment,successful,none,returning,8,1,False,none,0,18947,0,True,1499
txn_f990ff1c,cust_0793,15369,INR,2026-07-21 14:52:38,checkout,successful,none,new,0,0,False,none,0,15369,0,True,15369
txn_5d72839f,cust_0677,11535,INR,2026-06-28 01:06:38,payment,successful,none,new,0,0,False,none,0,11535,0,True,11535
txn_9050df96,cust_0130,17491,INR,2026-04-28 04:37:38,payment,successful,none,VIP,73,4,False,none,0,121954,0,True,17491
txn_6c951e33,cust_0463,39006,INR,2026-03-12 03:07:38,payment,successful,none,VIP,48,4,False,none,0,80046,0,True,39006
txn_2b9fec9d,cust_0491,2141,INR,2026-05-06 16:29:38,payment,successful,none,returning,14,0,False,none,0,65365,0,True,2141
txn_e5ab3fa2,cust_0068,39965,INR,2026-05-21 23:53:38,subscription,successful,none,new,1,0,False,active,0,44957,0,True,39965
txn_14a711cc,cust_0102,33231,INR,2026-06-30 06:05:38,invoice,successful,none,VIP,34,5,False,none,0,110105,0,True,33231
txn_3bda5506,cust_0426,26231,INR,2026-06-07 22:10:38,checkout,abandoned,none,VIP,32,2,True,none,0,154103,0,False,0
txn_12ceb684,cust_0069,10103,INR,2026-05-24 14:51:38,invoice,successful,none,new,0,0,False,none,0,10103,0,True,10103
txn_a3a37954,cust_0687,36904,INR,2026-05-10 20:23:38,checkout,successful,none,new,1,0,False,none,0,40300,0,True,36904
txn_c1aa6210,cust_0361,39448,INR,2026-07-01 16:04:38,invoice,overdue,none,new,0,0,False,none,40,39448,0,False,0
txn_1c710188,cust_0118,24188,INR,2026-04-05 23:47:38,checkout,abandoned,none,returning,19,1,True,none,0,100473,0,False,0
txn_4f7cc4d6,cust_0952,36586,INR,2026-06-09 09:04:38,payment,failed,network_error,VIP,54,0,False,none,0,143344,0,False,0
txn_a48fb610,cust_0072,9488,INR,2026-07-03 07:00:38,invoice,successful,none,new,0,0,False,none,0,9488,0,True,9488
txn_26a1a0c0,cust_0320,10415,INR,2026-07-19 13:38:38,checkout,successful,none,VIP,61,4,False,none,0,83310,0,True,10415
txn_4faa80c7,cust_0454,44269,INR,2026-07-03 03:19:38,payment,failed,insufficient_funds,VIP,74,3,False,none,0,349223,0,False,0
txn_28a83df2,cust_0695,7367,INR,2026-08-16 12:01:38,checkout,successful,none,VIP,95,3,False,none,0,464887,0,True,7367
txn_c5280dd0,cust_0210,3690,INR,2026-07-28 18:55:38,invoice,overdue,none,returning,7,1,False,none,1,21841,0,False,0
txn_692ec567,cust_0546,11614,INR,2026-08-17 06:25:38,payment,failed,authentication_failure,VIP,49,4,False,none,0,178263,0,False,0
txn_7bb29343,cust_0590,5202,INR,2026-05-16 19:06:38,checkout,successful,none,returning,19,3,False,none,0,79701,0,True,5202
txn_88a691e6,cust_0852,40609,INR,2026-06-26 05:49:38,invoice,successful,none,VIP,66,0,False,none,0,309691,0,True,40609
txn_ba72a7f4,cust_0892,5254,INR,2026-08-08 02:46:38,invoice,successful,none,returning,11,1,False,none,0,40762,0,True,5254
txn_561ac855,cust_0928,33520,INR,2026-06-23 13:15:38,subscription,successful,none,returning,12,1,False,active,0,62740,0,True,33520
txn_697777d0,cust_0975,49921,INR,2026-04-04 22:46:38,payment,failed,card_declined,VIP,83,3,False,none,0,396612,0,False,0
txn_0c71e8e1,cust_0324,21281,INR,2026-03-19 09:36:38,invoice,overdue,none,new,1,0,False,none,81,22340,0,False,0
txn_f3b4b27a,cust_0520,3781,INR,2026-08-13 07:33:38,checkout,successful,none,new,1,0,False,none,0,8063,0,True,3781
txn_4dde85c3,cust_0630,42348,INR,2026-08-17 04:28:38,payment,successful,none,VIP,84,3,False,none,0,402708,0,True,42348
txn_c27a2d43,cust_0193,42818,INR,2026-07-20 17:58:38,checkout,abandoned,none,returning,20,3,True,none,0,134958,0,False,0
txn_ae5cc795,cust_0517,22607,INR,2026-05-07 02:53:38,payment,successful,none,VIP,42,0,False,none,0,128825,0,True,22607
txn_a2886b61,cust_0419,23948,INR,2026-08-03 01:43:38,subscription,failed,insufficient_funds,returning,20,0,False,canceled,0,88768,0,False,0
txn_8bc02c2c,cust_0342,16614,INR,2026-03-12 20:44:38,subscription,successful,none,new,0,0,False,active,0,16614,0,True,16614
txn_b30e0b12,cust_0318,39096,INR,2026-03-08 20:33:38,payment,successful,none,VIP,68,5,False,none,0,256016,0,True,39096
txn_56433a5d,cust_0096,45019,INR,2026-06-09 14:13:38,invoice,overdue,none,VIP,74,4,True,none,68,301355,0,False,0
txn_82f3c866,cust_0232,31968,INR,2026-08-02 02:37:38,subscription,successful,none,new,0,0,False,active,0,31968,0,True,31968
txn_7f150160,cust_0678,48507,INR,2026-07-11 20:37:38,payment,successful,none,returning,20,1,False,none,0,120227,0,True,48507
txn_65d64ce8,cust_0374,10948,INR,2026-05-05 11:52:38,subscription,failed,temporary_bank_error,VIP,50,3,False,canceled,0,152648,0,False,0
txn_6b084e8e,cust_0377,30837,INR,2026-05-22 02:53:38,subscription,successful,none,VIP,93,3,False,active,0,429063,0,True,30837
txn_4c983b94,cust_0821,10720,INR,2026-05-24 01:27:38,subscription,successful,none,VIP,37,2,False,active,0,45019,0,True,10720
txn_0565e335,cust_0292,33910,INR,2026-04-18 14:33:38,payment,successful,none,new,0,0,False,none,0,33910,0,True,33910
txn_60a69ba7,cust_0906,14651,INR,2026-05-24 12:02:38,invoice,successful,none,returning,1,3,False,none,0,15587,0,True,14651
txn_3e0db38a,cust_0029,24670,INR,2026-06-15 03:42:38,invoice,overdue,none,returning,4,2,False,none,29,31454,0,False,0
txn_fb422101,cust_0723,49831,INR,2026-08-23 11:13:38,checkout,abandoned,none,returning,15,0,True,none,0,67066,0,False,0
txn_a9955022,cust_0963,36066,INR,2026-07-30 10:11:38,checkout,abandoned,none,VIP,97,4,True,none,0,420865,0,False,0
txn_ee5dadb2,cust_0430,3229,INR,2026-04-21 23:52:38,subscription,successful,none,VIP,99,3,False,active,0,103615,0,True,3229
txn_98acb268,cust_0736,33875,INR,2026-05-29 11:50:38,subscription,successful,none,new,1,0,True,active,0,37891,0,True,33875
txn_a3d68625,cust_0537,43640,INR,2026-08-15 23:02:38,payment,successful,none,returning,3,0,False,none,0,54734,0,True,43640
txn_fd1af0ee,cust_0366,16723,INR,2026-03-20 15:37:38,invoice,overdue,none,new,1,0,False,none,3,19198,0,False,0
txn_4f71a732,cust_0137,49689,INR,2026-03-16 13:33:38,checkout,successful,none,new,1,0,False,none,0,54661,0,True,49689
txn_7d18b011,cust_0713,30549,INR,2026-05-02 18:08:38,checkout,abandoned,none,returning,6,1,True,none,0,36645,0,False,0
txn_ae31dfbd,cust_0324,13172,INR,2026-08-17 23:14:38,payment,successful,none,returning,17,3,False,none,0,97288,0,True,13172
txn_de5f3247,cust_0280,3232,INR,2026-05-07 07:05:38,checkout,successful,none,new,1,0,False,none,0,7311,0,True,3232
txn_e2c4b1ca,cust_0510,32619,INR,2026-08-07 05:48:38,invoice,overdue,none,returning,17,2,False,none,89,52611,0,False,0
txn_4cc9c244,cust_0301,11926,INR,2026-06-10 04:48:38,invoice,overdue,none,returning,4,0,False,none,70,24670,0,False,0
txn_d595244f,cust_0044,11021,INR,2026-08-13 16:44:38,subscription,failed,insufficient_funds,VIP,65,4,False,canceled,0,275116,0,False,0
txn_bb081a33,cust_0147,23909,INR,2026-03-15 08:03:38,payment,failed,temporary_bank_error,VIP,76,0,False,none,0,140493,0,False,0
txn_ef292b32,cust_0620,37274,INR,2026-08-08 01:18:38,payment,successful,none,new,1,0,False,none,0,40812,0,True,37274
txn_5a5f673b,cust_0666,26185,INR,2026-04-22 03:02:38,checkout,successful,none,returning,8,0,False,none,0,31881,0,True,26185
txn_9aea9687,cust_0794,7817,INR,2026-04-24 13:19:38,invoice,overdue,none,returning,15,1,False,none,34,50402,0,False,0
txn_5f1adbbc,cust_0177,4953,INR,2026-08-11 01:52:38,invoice,successful,none,VIP,76,0,False,none,0,241921,0,True,4953
txn_7f9053fe,cust_0729,19757,INR,2026-07-07 15:11:38,subscription,successful,none,VIP,42,2,False,active,0,215771,0,True,19757
txn_1b935245,cust_0370,1822,INR,2026-04-08 14:47:38,checkout,abandoned,none,VIP,93,2,True,none,0,404326,0,False,0
txn_3007e04a,cust_0408,4408,INR,2026-04-02 17:18:38,invoice,overdue,none,VIP,81,4,False,none,40,317473,0,False,0
txn_5ab3448e,cust_0461,42196,INR,2026-04-07 22:49:38,invoice,overdue,none,returning,17,2,False,none,10,68563,0,False,0
txn_d248b4e6,cust_0515,8556,INR,2026-07-16 14:06:38,invoice,successful,none,new,0,0,False,none,0,8556,0,True,8556
txn_d535ae79,cust_0971,14876,INR,2026-04-08 11:18:38,invoice,overdue,none,VIP,56,0,False,none,45,157788,0,False,0
txn_3115de50,cust_0657,40367,INR,2026-03-26 08:33:38,payment,failed,network_error,new,0,0,False,none,0,40367,0,False,0
txn_13e00459,cust_0084,2799,INR,2026-05-12 23:46:38,invoice,overdue,none,new,1,0,False,none,4,5025,0,False,0
txn_f08884c6,cust_0658,41201,INR,2026-08-08 21:23:38,checkout,successful,none,returning,16,1,False,none,0,102417,0,True,41201
txn_1e27f1d7,cust_0476,27338,INR,2026-06-06 19:31:38,invoice,successful,none,new,1,0,False,none,0,29014,0,True,27338
txn_d031e364,cust_0779,26230,INR,2026-07-27 10:58:38,subscription,successful,none,returning,17,0,False,active,0,79168,0,True,26230
txn_62266b38,cust_0298,6444,INR,2026-07-18 08:27:38,payment,successful,none,returning,20,3,False,none,0,57104,0,True,6444
txn_83684083,cust_0782,20594,INR,2026-06-10 04:25:38,subscription,successful,none,new,1,0,False,active,0,25310,0,True,20594
txn_2a0bd16c,cust_0990,25871,INR,2026-06-16 03:48:38,invoice,successful,none,new,0,0,True,none,0,25871,0,True,25871
txn_0a3252fb,cust_0482,42977,INR,2026-06-20 20:03:38,invoice,overdue,none,returning,18,0,False,none,87,67817,0,False,0
txn_691e51a4,cust_0047,24082,INR,2026-04-08 10:22:38,checkout,abandoned,none,returning,2,1,True,none,0,31020,0,False,0
txn_a29fd963,cust_0846,29614,INR,2026-05-19 07:36:38,checkout,successful,none,VIP,98,0,False,none,0,181906,0,True,29614
txn_af37a9ef,cust_0774,36658,INR,2026-08-17 18:24:38,invoice,overdue,none,new,0,0,False,none,47,36658,0,False,0
txn_25b96084,cust_0532,21926,INR,2026-06-07 14:01:38,invoice,successful,none,returning,5,1,False,none,0,37856,0,True,21926
txn_f0c75acd,cust_0608,48552,INR,2026-08-23 08:05:38,invoice,overdue,none,returning,17,3,False,none,39,98787,0,False,0
txn_7f85910b,cust_0612,27398,INR,2026-07-15 02:46:38,subscription,failed,unknown,returning,9,1,False,past_due,0,35678,0,False,0
txn_ffc6a46c,cust_0249,25016,INR,2026-06-08 06:17:38,payment,failed,unknown,new,0,0,True,none,0,25016,0,False,0
txn_b9091fc7,cust_0514,13462,INR,2026-04-17 12:51:38,invoice,successful,none,VIP,80,5,False,none,0,94262,0,True,13462
txn_4932694d,cust_0539,43499,INR,2026-06-01 02:04:38,invoice,successful,none,returning,11,1,False,none,0,90414,0,True,43499
txn_534a400d,cust_0197,47346,INR,2026-06-12 09:41:38,subscription,failed,network_error,new,1,0,False,canceled,0,50291,0,False,0
txn_23cd4ae8,cust_0325,46302,INR,2026-03-07 02:02:38,invoice,successful,none,returning,12,2,False,none,0,80586,0,True,46302
txn_8f29273b,cust_0978,25956,INR,2026-08-07 07:27:38,invoice,overdue,none,new,1,0,False,none,45,26800,0,False,0
txn_82691822,cust_0220,16906,INR,2026-03-22 19:49:38,invoice,successful,none,new,1,0,False,none,0,19631,0,True,16906
txn_32d536f9,cust_0654,3426,INR,2026-04-29 15:43:38,subscription,successful,none,new,0,0,False,active,0,3426,0,True,3426
txn_f280de2f,cust_0988,439,INR,2026-04-26 23:14:38,checkout,abandoned,none,VIP,40,3,True,none,0,176279,0,False,0
txn_4d2afa4d,cust_0329,18924,INR,2026-04-12 19:40:38,checkout,abandoned,none,returning,2,0,True,none,0,23728,0,False,0
txn_0c0787d1,cust_0428,2544,INR,2026-07-10 19:31:38,invoice,overdue,none,new,0,0,False,none,23,2544,0,False,0
txn_05afec16,cust_0306,2555,INR,2026-03-16 01:53:38,invoice,overdue,none,VIP,97,0,False,none,2,317223,0,False,0
txn_495b6f18,cust_0280,8894,INR,2026-05-01 23:10:38,invoice,successful,none,new,0,0,False,none,0,8894,0,True,8894
txn_521b9712,cust_0180,1023,INR,2026-05-16 22:20:38,subscription,failed,insufficient_funds,VIP,71,3,False,past_due,0,336214,0,False,0
txn_8bcdd3ae,cust_0332,9315,INR,2026-05-05 11:05:38,invoice,successful,none,new,0,0,False,none,0,9315,0,True,9315
txn_21686b65,cust_0268,47474,INR,2026-07-28 05:07:38,payment,successful,none,VIP,66,5,False,none,0,208184,0,True,47474
txn_002b8371,cust_0707,45062,INR,2026-07-02 14:56:38,checkout,successful,none,new,1,0,False,none,0,48572,0,True,45062
txn_b0895e70,cust_0426,49103,INR,2026-07-03 11:43:38,checkout,successful,none,VIP,90,3,False,none,0,490373,0,True,49103
txn_1004d7ec,cust_0539,5465,INR,2026-04-05 16:23:38,checkout,abandoned,none,returning,17,2,True,none,0,24828,0,False,0
txn_fe7aa9a2,cust_0208,33227,INR,2026-06-05 02:58:38,checkout,abandoned,none,VIP,88,1,True,none,0,195763,0,False,0
txn_06015dfa,cust_0094,13561,INR,2026-05-13 04:50:38,invoice,successful,none,VIP,77,0,False,none,0,338039,0,True,13561
txn_ee624992,cust_0741,30402,INR,2026-07-03 01:22:38,checkout,successful,none,new,1,0,False,none,0,32986,0,True,30402
txn_f216b220,cust_0555,22679,INR,2026-05-15 13:37:38,payment,successful,none,new,0,0,True,none,0,22679,0,True,22679
txn_a847f685,cust_0384,42142,INR,2026-03-11 02:18:38,invoice,successful,none,returning,15,3,False,none,0,95797,0,True,42142
txn_dd362afa,cust_0551,22891,INR,2026-08-22 09:57:38,payment,failed,card_declined,returning,17,1,False,none,0,62399,0,False,0
txn_c1c150ee,cust_0844,35780,INR,2026-06-18 12:27:38,subscription,failed,network_error,new,0,0,False,canceled,0,35780,0,False,0
txn_ea90d431,cust_0829,7495,INR,2026-08-10 15:48:38,invoice,overdue,none,VIP,73,4,False,none,5,53339,0,False,0
txn_3447eee4,cust_0251,39276,INR,2026-07-03 18:18:38,payment,successful,none,VIP,25,3,False,none,0,141651,0,True,39276
txn_2d15f097,cust_0836,19057,INR,2026-07-21 21:53:38,subscription,successful,none,VIP,93,2,False,active,0,309775,0,True,19057
txn_7a981662,cust_0063,19793,INR,2026-05-10 01:55:38,checkout,successful,none,VIP,95,5,False,none,0,203523,0,True,19793
txn_67a10472,cust_0805,22671,INR,2026-06-12 07:15:38,invoice,successful,none,VIP,60,5,False,none,0,257271,0,True,22671
txn_8d3c60c0,cust_0247,31132,INR,2026-05-01 17:51:38,checkout,abandoned,none,new,1,0,True,none,0,32814,0,False,0
txn_c6536a13,cust_0398,27396,INR,2026-08-07 04:32:38,subscription,successful,none,new,1,0,False,active,0,29561,0,True,27396
txn_ebf94f29,cust_0053,35203,INR,2026-03-29 19:44:38,subscription,successful,none,returning,13,0,False,active,0,49451,0,True,35203
txn_7a5cceb7,cust_0891,31517,INR,2026-07-27 19:38:38,subscription,successful,none,returning,10,0,False,active,0,53867,0,True,31517
txn_1f794a12,cust_0407,15998,INR,2026-04-12 23:04:38,subscription,successful,none,new,1,0,False,active,0,18816,0,True,15998
txn_85fc7e53,cust_0478,23669,INR,2026-05-25 09:00:38,invoice,successful,none,new,1,0,False,none,0,26792,0,True,23669
txn_d06168b7,cust_0017,14601,INR,2026-06-04 12:02:38,subscription,successful,none,returning,18,3,False,active,0,67125,0,True,14601
txn_a8b4acbf,cust_0564,16204,INR,2026-03-15 19:55:38,invoice,successful,none,VIP,63,2,False,none,0,299830,0,True,16204
txn_594c2e0b,cust_0174,48122,INR,2026-04-10 23:23:38,checkout,successful,none,new,1,0,False,none,0,50129,0,True,48122
txn_36afc8c4,cust_0783,4971,INR,2026-06-29 16:41:38,payment,successful,none,new,1,0,False,none,0,6597,0,True,4971
txn_64e2c64a,cust_0383,14434,INR,2026-04-13 02:00:38,invoice,successful,none,new,1,0,True,none,0,18930,0,True,14434
txn_9cc5d86a,cust_0549,34795,INR,2026-08-03 03:17:38,checkout,successful,none,returning,1,3,False,none,0,36763,0,True,34795
txn_15f28877,cust_0835,40717,INR,2026-05-16 04:50:38,checkout,successful,none,returning,9,3,False,none,0,51040,0,True,40717
txn_02ecfa8d,cust_0308,45794,INR,2026-05-22 06:51:38,subscription,successful,none,VIP,30,5,False,active,0,68564,0,True,45794
txn_ceb961c4,cust_0720,41829,INR,2026-03-15 08:50:38,payment,successful,none,new,0,0,False,none,0,41829,0,True,41829
txn_8a42d6fa,cust_0942,6349,INR,2026-03-03 00:56:38,invoice,overdue,none,new,0,0,False,none,68,6349,0,False,0
txn_d53c4e50,cust_0921,4972,INR,2026-06-08 19:13:38,checkout,successful,none,VIP,92,5,False,none,0,75720,0,True,4972
txn_3eb6c05a,cust_0952,49399,INR,2026-04-04 06:43:38,invoice,successful,none,new,1,0,False,none,0,51229,0,True,49399
txn_385e6861,cust_0774,21840,INR,2026-05-31 18:20:38,invoice,overdue,none,VIP,37,5,False,none,50,64094,0,False,0
txn_49f08fba,cust_0620,5081,INR,2026-06-19 04:55:38,checkout,successful,none,VIP,96,3,True,none,0,309689,0,True,5081
txn_f7fa5554,cust_0443,36343,INR,2026-06-13 11:41:38,invoice,successful,none,new,1,0,False,none,0,37545,0,True,36343
txn_cbccec1d,cust_0390,17661,INR,2026-07-31 17:26:38,subscription,successful,none,VIP,39,5,False,active,0,161610,0,True,17661
txn_d6a51586,cust_0780,29246,INR,2026-05-05 01:51:38,invoice,overdue,none,returning,4,1,False,none,47,34106,0,False,0
txn_b0be0f3f,cust_0092,6869,INR,2026-08-24 10:00:38,payment,successful,none,returning,18,0,False,none,0,63695,0,True,6869
txn_40346fd0,cust_0586,5650,INR,2026-06-20 10:09:38,subscription,successful,none,VIP,41,5,False,active,0,153988,0,True,5650
txn_ac3bd471,cust_0446,4246,INR,2026-05-27 11:11:38,subscription,successful,none,returning,14,2,False,active,0,66770,0,True,4246
txn_04c9ce72,cust_0110,32592,INR,2026-06-03 00:02:38,payment,failed,authentication_failure,new,1,0,False,none,0,33147,0,False,0
txn_850613af,cust_0451,21696,INR,2026-06-05 23:42:38,checkout,abandoned,none,returning,14,1,True,none,0,63150,0,False,0
txn_045f79de,cust_0988,20690,INR,2026-06-26 09:02:38,subscription,successful,none,returning,11,2,False,active,0,70432,0,True,20690
txn_a9c206f4,cust_0117,25851,INR,2026-04-09 18:40:38,checkout,successful,none,VIP,45,4,False,none,0,249456,0,True,25851
txn_b50d72d9,cust_0449,46523,INR,2026-06-11 12:10:38,subscription,successful,none,returning,3,3,False,active,0,60293,0,True,46523
txn_979d9e6b,cust_0460,46973,INR,2026-03-03 05:52:38,subscription,failed,authentication_failure,VIP,81,4,False,past_due,0,353396,0,False,0
txn_773e94ed,cust_0112,23662,INR,2026-08-16 00:45:38,payment,successful,none,new,1,0,False,none,0,25524,0,True,23662
txn_16384a9b,cust_0011,26289,INR,2026-04-17 01:49:38,subscription,failed,authentication_failure,new,1,0,False,past_due,0,28607,0,False,0
txn_197ad14e,cust_0475,14585,INR,2026-08-21 04:20:38,subscription,failed,insufficient_funds,VIP,95,5,False,canceled,0,451490,0,False,0
txn_58102be0,cust_0852,5726,INR,2026-07-06 02:56:38,payment,successful,none,VIP,38,2,False,none,0,121816,0,True,5726
txn_aa31c6bc,cust_0740,6497,INR,2026-07-29 18:32:38,invoice,successful,none,VIP,77,2,False,none,0,87347,0,True,6497
txn_dd3bb834,cust_0953,7267,INR,2026-06-04 01:59:38,subscription,successful,none,VIP,51,4,False,active,0,105646,0,True,7267
txn_ba14579f,cust_0645,15294,INR,2026-03-23 12:58:38,invoice,overdue,none,new,0,0,False,none,52,15294,0,False,0
txn_8f0742b8,cust_0722,25582,INR,2026-08-11 01:20:38,payment,successful,none,new,0,0,False,none,0,25582,0,True,25582
txn_55ed56a2,cust_0192,35285,INR,2026-07-29 10:44:38,checkout,abandoned,none,returning,11,1,True,none,0,82013,0,False,0
txn_c3090150,cust_0321,34684,INR,2026-05-30 07:32:38,invoice,overdue,none,VIP,69,4,False,none,82,291019,0,False,0
txn_a4f78b68,cust_0941,11406,INR,2026-06-27 10:19:38,checkout,successful,none,VIP,95,0,False,none,0,163121,0,True,11406
txn_c6831f7c,cust_0524,45545,INR,2026-04-24 22:52:38,subscription,successful,none,returning,14,1,False,active,0,96547,0,True,45545
txn_8bde2d0f,cust_0171,42387,INR,2026-05-04 00:23:38,payment,failed,network_error,returning,10,1,False,none,0,62707,0,False,0
txn_f30039a4,cust_0140,728,INR,2026-05-14 21:55:38,invoice,overdue,none,new,1,0,False,none,63,5368,0,False,0
txn_a2879cd6,cust_0172,29188,INR,2026-06-18 11:52:38,invoice,successful,none,new,0,0,False,none,0,29188,0,True,29188
txn_8144724f,cust_0563,30071,INR,2026-04-10 07:52:38,invoice,successful,none,VIP,34,4,False,none,0,78861,0,True,30071
txn_489cef36,cust_0779,2826,INR,2026-05-11 15:39:38,checkout,abandoned,none,VIP,76,4,True,none,0,176866,0,False,0
txn_ab7b0640,cust_0254,49340,INR,2026-05-30 16:58:38,checkout,abandoned,none,returning,2,3,True,none,0,54644,0,False,0
txn_4c3375e7,cust_0215,7793,INR,2026-03-23 22:59:38,invoice,overdue,none,VIP,95,5,False,none,31,328133,0,False,0
txn_332873b2,cust_0834,9224,INR,2026-03-28 02:16:38,subscription,successful,none,new,0,0,False,active,0,9224,0,True,9224
txn_467b87b9,cust_0297,46240,INR,2026-05-14 18:09:38,checkout,successful,none,VIP,54,4,False,none,0,115360,0,True,46240
txn_ad579f82,cust_0887,8415,INR,2026-06-24 22:01:38,invoice,overdue,none,new,0,0,False,none,90,8415,0,False,0
txn_28573d8a,cust_0643,37942,INR,2026-08-04 06:54:38,checkout,successful,none,returning,13,3,False,none,0,52476,0,True,37942
txn_aa21c455,cust_0336,45628,INR,2026-05-01 22:44:38,subscription,failed,authentication_failure,VIP,20,5,False,canceled,0,70888,0,False,0
txn_890d9924,cust_0845,4250,INR,2026-06-16 08:51:38,subscription,failed,card_declined,new,1,0,False,canceled,0,6949,0,False,0
txn_63ae02b0,cust_0808,37202,INR,2026-05-02 19:19:38,invoice,successful,none,returning,2,0,False,none,0,39832,0,True,37202
txn_bf469f77,cust_0468,10453,INR,2026-07-24 23:07:38,invoice,overdue,none,new,1,0,False,none,57,12610,0,False,0
txn_fa9f2cd0,cust_0671,18058,INR,2026-03-14 14:23:38,payment,successful,none,returning,9,0,False,none,0,49972,0,True,18058
txn_707d3926,cust_0440,20121,INR,2026-04-27 17:18:38,subscription,successful,none,VIP,31,5,True,active,0,59770,0,True,20121
txn_050ac19b,cust_0010,34142,INR,2026-05-10 21:18:38,invoice,successful,none,new,1,0,False,none,0,35629,0,True,34142
txn_0b5b4216,cust_0092,15104,INR,2026-06-12 15:02:38,invoice,successful,none,VIP,33,0,False,none,0,116282,0,True,15104
txn_631aea35,cust_0896,49458,INR,2026-04-14 01:26:38,checkout,abandoned,none,new,0,0,True,none,0,49458,0,False,0
txn_f3e4f69a,cust_0644,10855,INR,2026-08-05 16:18:38,subscription,failed,insufficient_funds,VIP,39,3,False,past_due,0,171691,0,False,0
txn_ffb1d0ab,cust_0748,38738,INR,2026-07-23 12:09:38,checkout,abandoned,none,returning,12,3,True,none,0,75650,0,False,0
txn_9e1332d7,cust_0869,16363,INR,2026-07-09 20:01:38,subscription,failed,unknown,VIP,58,1,False,past_due,0,291341,0,False,0
txn_43bf5bfa,cust_0507,3676,INR,2026-08-09 02:30:38,subscription,successful,none,returning,4,1,False,active,0,22044,0,True,3676
txn_674e4727,cust_0136,23764,INR,2026-07-14 03:37:38,invoice,overdue,none,returning,19,3,False,none,41,90131,0,False,0
txn_7f864cb7,cust_0015,38593,INR,2026-05-18 03:08:38,payment,successful,none,returning,7,0,False,none,0,45558,0,True,38593
txn_7c0e27c2,cust_0085,32936,INR,2026-06-09 16:54:38,subscription,failed,authentication_failure,VIP,88,4,False,canceled,0,186936,0,False,0
txn_5c2cc24f,cust_0335,10282,INR,2026-06-27 18:11:38,invoice,overdue,none,returning,19,0,False,none,69,68042,0,False,0
txn_ed16d12b,cust_0465,28574,INR,2026-03-11 20:15:38,payment,successful,none,VIP,97,0,False,none,0,322775,0,True,28574
txn_2164c0f7,cust_0719,46492,INR,2026-04-16 02:36:38,subscription,successful,none,new,0,0,False,active,0,46492,0,True,46492
txn_89e3c56b,cust_0171,17090,INR,2026-08-20 08:35:38,checkout,abandoned,none,returning,5,2,True,none,0,24425,0,False,0
txn_20ba7138,cust_0270,34431,INR,2026-04-19 08:23:38,payment,successful,none,VIP,93,5,False,none,0,139614,0,True,34431
txn_9716fb34,cust_0377,37251,INR,2026-03-07 20:19:38,subscription,successful,none,new,1,0,False,active,0,38593,0,True,37251
txn_cf8860af,cust_0046,33446,INR,2026-05-21 15:15:38,payment,successful,none,new,0,0,False,none,0,33446,0,True,33446
txn_552832fb,cust_0823,2417,INR,2026-06-07 10:34:38,invoice,overdue,none,VIP,73,1,False,none,71,231345,0,False,0
txn_07af5848,cust_0515,24532,INR,2026-08-16 07:22:38,payment,successful,none,VIP,26,1,False,none,0,85060,0,True,24532
txn_96e53d46,cust_0336,18601,INR,2026-06-14 00:36:38,invoice,overdue,none,new,1,0,False,none,40,19166,0,False,0
txn_512ddcd9,cust_0476,40910,INR,2026-04-10 12:17:38,subscription,successful,none,returning,19,3,False,active,0,80810,0,True,40910
txn_abd9ba24,cust_0239,26972,INR,2026-08-26 22:02:38,payment,successful,none,VIP,64,5,False,none,0,63964,0,True,26972
txn_c7657d79,cust_0315,47758,INR,2026-06-28 05:55:38,checkout,abandoned,none,new,0,0,True,none,0,47758,0,False,0
txn_e383c406,cust_0096,9430,INR,2026-05-24 04:39:38,invoice,overdue,none,new,0,0,False,none,36,9430,0,False,0
txn_c9b23058,cust_0653,6363,INR,2026-07-25 12:08:38,subscription,successful,none,returning,3,0,False,active,0,18552,0,True,6363
txn_975f4ca5,cust_0718,20744,INR,2026-08-08 13:18:38,invoice,successful,none,VIP,61,2,False,none,0,277432,0,True,20744
txn_4c98f3a4,cust_0112,38419,INR,2026-05-04 05:06:38,checkout,abandoned,none,new,0,0,True,none,0,38419,0,False,0
txn_76bea3c5,cust_0988,35222,INR,2026-07-28 17:16:38,checkout,successful,none,new,1,0,False,none,0,38247,0,True,35222
txn_f42a73c6,cust_0847,20037,INR,2026-06-05 15:21:38,checkout,abandoned,none,VIP,97,0,True,none,0,239354,0,False,0
txn_0e035abe,cust_0694,23413,INR,2026-05-04 01:39:38,subscription,failed,network_error,returning,9,1,False,past_due,0,30199,0,False,0
txn_409df575,cust_0105,6307,INR,2026-07-02 15:14:38,invoice,successful,none,new,0,0,False,none,0,6307,0,True,6307
txn_e35f4f33,cust_0703,24495,INR,2026-08-08 19:22:38,checkout,abandoned,none,VIP,30,4,True,none,0,103095,0,False,0
txn_8ad237b4,cust_0829,42435,INR,2026-05-01 18:16:38,invoice,successful,none,new,0,0,False,none,0,42435,0,True,42435
txn_a614fb64,cust_0509,28487,INR,2026-07-04 14:09:38,invoice,overdue,none,new,1,0,False,none,51,32482,0,False,0
txn_c76fdd49,cust_0629,9840,INR,2026-04-09 04:23:38,payment,successful,none,VIP,98,1,False,none,0,295706,0,True,9840
txn_85ef2b81,cust_0430,25201,INR,2026-05-21 21:04:38,subscription,successful,none,new,0,0,False,active,0,25201,0,True,25201
txn_f49c4e80,cust_0935,31863,INR,2026-08-21 08:48:38,checkout,successful,none,VIP,84,2,False,none,0,341067,0,True,31863
txn_89c3b951,cust_0829,18511,INR,2026-08-02 11:44:38,payment,successful,none,returning,17,2,False,none,0,59413,0,True,18511
txn_45ef8019,cust_0783,35075,INR,2026-07-14 14:11:38,payment,successful,none,new,1,0,False,none,0,38481,0,True,35075
txn_95d0327e,cust_0936,48472,INR,2026-04-05 14:50:38,checkout,successful,none,VIP,23,5,False,none,0,126212,0,True,48472
txn_33d26768,cust_0317,32358,INR,2026-06-29 00:12:38,invoice,overdue,none,new,1,0,False,none,70,33168,0,False,0
txn_92d8e6b9,cust_0340,31425,INR,2026-06-06 18:25:38,payment,successful,none,VIP,45,1,False,none,0,179520,0,True,31425
txn_4108c9fd,cust_0793,46282,INR,2026-03-11 06:49:38,subscription,successful,none,new,1,0,False,active,0,47376,0,True,46282
txn_d5b88d33,cust_0140,19876,INR,2026-07-13 20:51:38,checkout,successful,none,new,1,0,False,none,0,24367,0,True,19876
txn_bf5e0064,cust_0388,40320,INR,2026-03-01 01:01:38,subscription,failed,card_declined,returning,10,1,False,past_due,0,59870,0,False,0
txn_5c0b265c,cust_0187,37290,INR,2026-08-01 04:17:38,invoice,overdue,none,VIP,60,4,False,none,5,175830,0,False,0
txn_62650224,cust_0356,5199,INR,2026-06-21 13:11:38,subscription,successful,none,returning,6,0,False,active,0,24699,0,True,5199
txn_fcd0299d,cust_0050,23069,INR,2026-04-23 07:04:38,subscription,failed,temporary_bank_error,returning,15,3,False,past_due,0,50999,0,False,0
txn_3b1abee1,cust_0808,6747,INR,2026-08-19 10:25:38,invoice,successful,none,VIP,48,1,False,none,0,208155,0,True,6747
txn_d95aa4b8,cust_0351,6963,INR,2026-04-09 17:05:38,payment,successful,none,new,1,0,False,none,0,8781,0,True,6963
txn_cecde0ff,cust_0722,40315,INR,2026-05-08 14:23:38,invoice,successful,none,new,1,0,False,none,0,42166,0,True,40315
txn_6bf22be1,cust_0420,13570,INR,2026-06-16 10:11:38,subscription,successful,none,VIP,90,5,False,active,0,456730,0,True,13570
txn_41fb527a,cust_0158,25849,INR,2026-06-12 21:46:38,invoice,successful,none,new,1,0,False,none,0,26380,0,True,25849
txn_56c98af5,cust_0212,13185,INR,2026-07-29 09:36:38,payment,failed,temporary_bank_error,new,1,0,False,none,0,14356,0,False,0
txn_11a14ad1,cust_0094,32153,INR,2026-05-22 08:15:38,checkout,successful,none,VIP,89,3,False,none,0,211399,0,True,32153
txn_dde85ea8,cust_0477,17355,INR,2026-03-01 22:20:38,invoice,successful,none,returning,8,2,False,none,0,25387,0,True,17355
txn_01915169,cust_0995,22630,INR,2026-04-16 05:52:38,invoice,successful,none,VIP,49,4,False,none,0,71581,0,True,22630
txn_2ef80602,cust_0307,31218,INR,2026-04-17 00:43:38,payment,failed,authentication_failure,new,1,0,False,none,0,32002,0,False,0
txn_e8a8b5a8,cust_0973,9763,INR,2026-07-26 17:59:38,invoice,overdue,none,returning,6,1,False,none,16,23173,0,False,0
txn_2748d3a5,cust_0207,44869,INR,2026-08-10 17:02:38,invoice,successful,none,VIP,38,4,False,none,0,144125,0,True,44869
txn_2176a5da,cust_0878,36279,INR,2026-03-21 00:53:38,checkout,successful,none,returning,17,3,False,none,0,46496,0,True,36279
txn_2233e9c3,cust_0425,7474,INR,2026-07-31 00:37:38,checkout,abandoned,none,new,0,0,True,none,0,7474,0,False,0
txn_112258ad,cust_0899,18849,INR,2026-04-28 18:15:38,checkout,successful,none,returning,9,3,False,none,0,59142,0,True,18849
txn_d461d348,cust_0040,9527,INR,2026-06-20 08:25:38,invoice,successful,none,returning,11,1,False,none,0,19460,0,True,9527
txn_6eeb75bc,cust_0288,19961,INR,2026-05-06 09:09:38,checkout,successful,none,returning,4,1,False,none,0,26361,0,True,19961
txn_d2064424,cust_0453,39747,INR,2026-05-24 17:54:38,payment,failed,card_declined,new,1,0,False,none,0,44215,0,False,0
txn_bf2ab4aa,cust_0319,4400,INR,2026-04-15 01:25:38,checkout,abandoned,none,VIP,84,3,True,none,0,139724,0,False,0
txn_a601f7e2,cust_0256,13254,INR,2026-02-28 13:09:38,payment,successful,none,new,1,0,False,none,0,14168,0,True,13254
txn_ab99ad07,cust_0651,30523,INR,2026-03-28 05:15:38,invoice,successful,none,new,0,0,False,none,0,30523,0,True,30523
txn_73fac94f,cust_0565,31202,INR,2026-03-04 17:08:38,invoice,overdue,none,returning,12,1,False,none,76,62618,0,False,0
txn_ba542084,cust_0875,3353,INR,2026-06-19 23:00:38,subscription,successful,none,VIP,47,1,False,active,0,113521,0,True,3353
txn_3e5242e4,cust_0486,44808,INR,2026-03-25 09:41:38,payment,successful,none,new,0,0,False,none,0,44808,0,True,44808
txn_2fd8a584,cust_0434,42222,INR,2026-06-10 21:53:38,invoice,overdue,none,returning,12,3,False,none,36,72990,0,False,0
txn_5043801e,cust_0599,26127,INR,2026-03-11 07:51:38,checkout,abandoned,none,new,0,0,True,none,0,26127,0,False,0
txn_05ec0f20,cust_0494,40014,INR,2026-06-18 10:45:38,subscription,failed,insufficient_funds,new,1,0,False,past_due,0,42778,0,False,0
txn_2e79950a,cust_0530,42794,INR,2026-03-06 14:40:38,subscription,failed,card_declined,new,0,0,False,past_due,0,42794,0,False,0
txn_b00eb809,cust_0266,32695,INR,2026-04-03 13:05:38,checkout,successful,none,returning,13,3,False,none,0,42952,0,True,32695
txn_7affae5a,cust_0520,14672,INR,2026-07-25 20:10:38,subscription,failed,unknown,returning,6,1,False,canceled,0,32108,0,False,0
txn_8a3969e8,cust_0922,36736,INR,2026-06-10 05:36:38,payment,failed,unknown,returning,3,1,False,none,0,46966,0,False,0
txn_a290cda9,cust_0600,24458,INR,2026-03-18 00:49:38,invoice,overdue,none,returning,15,0,False,none,34,89768,0,False,0
txn_bbaa5a1e,cust_0911,4767,INR,2026-05-14 17:31:38,invoice,overdue,none,new,0,0,False,none,61,4767,0,False,0
txn_40a6490a,cust_0351,9102,INR,2026-07-12 16:55:38,invoice,overdue,none,returning,19,3,False,none,26,40889,0,False,0
txn_8758b1d0,cust_0650,11688,INR,2026-07-15 00:38:38,checkout,successful,none,new,0,0,False,none,0,11688,0,True,11688
txn_2eea62bd,cust_0630,5869,INR,2026-05-21 19:24:38,subscription,successful,none,returning,14,3,False,active,0,62065,0,True,5869
txn_a4e537ec,cust_0973,47984,INR,2026-03-07 18:46:38,checkout,successful,none,new,1,0,False,none,0,52834,0,True,47984
txn_159ec580,cust_0106,14928,INR,2026-08-16 10:08:38,subscription,failed,insufficient_funds,returning,17,2,False,past_due,0,46684,0,False,0
txn_93dac4d3,cust_0445,34197,INR,2026-07-10 13:28:38,checkout,successful,none,VIP,37,2,False,none,0,201252,0,True,34197
txn_6164ae9f,cust_0234,26536,INR,2026-03-30 03:16:38,invoice,overdue,none,new,0,0,False,none,3,26536,0,False,0
txn_50d7e103,cust_0385,46703,INR,2026-08-14 22:20:38,payment,successful,none,VIP,52,4,False,none,0,93399,0,True,46703
txn_95bc68ae,cust_0119,1393,INR,2026-04-27 21:17:38,payment,failed,unknown,returning,15,3,False,none,0,24073,0,False,0
txn_c7a44977,cust_0309,45040,INR,2026-08-01 02:40:38,payment,successful,none,returning,4,2,False,none,0,51532,0,True,45040
txn_2f53ffca,cust_0510,18627,INR,2026-07-07 07:41:38,payment,failed,temporary_bank_error,new,0,0,False,none,0,18627,0,False,0
txn_7d65a240,cust_0562,10610,INR,2026-08-23 22:21:38,payment,successful,none,returning,7,3,False,none,0,33066,0,True,10610
txn_de6de02d,cust_0506,37727,INR,2026-08-02 10:45:38,invoice,overdue,none,new,0,0,False,none,86,37727,0,False,0
txn_fc35e535,cust_0476,19500,INR,2026-06-14 07:35:38,checkout,successful,none,new,0,0,False,none,0,19500,0,True,19500
txn_d5bf26c1,cust_0872,28018,INR,2026-07-15 09:04:38,payment,failed,temporary_bank_error,new,0,0,False,none,0,28018,0,False,0
txn_fa0915a6,cust_0900,40850,INR,2026-05-17 06:57:38,invoice,overdue,none,VIP,31,2,False,none,35,143367,0,False,0
txn_b97dd51c,cust_0820,25378,INR,2026-08-12 14:20:38,invoice,successful,none,returning,6,0,False,none,0,34888,0,True,25378
txn_541729af,cust_0822,38815,INR,2026-03-24 18:31:38,invoice,successful,none,VIP,76,1,False,none,0,313175,0,True,38815
txn_e055dbf8,cust_0943,47762,INR,2026-06-21 23:06:38,payment,failed,authentication_failure,returning,4,3,True,none,0,64202,0,False,0
txn_2d73b50f,cust_0979,44528,INR,2026-03-22 15:59:38,subscription,successful,none,VIP,63,4,False,active,0,345983,0,True,44528
txn_66ec5f14,cust_0153,16390,INR,2026-07-18 02:32:38,subscription,failed,insufficient_funds,VIP,98,0,False,canceled,0,74700,0,False,0
txn_4b90f4d0,cust_0077,32595,INR,2026-08-15 03:12:38,subscription,successful,none,returning,11,1,False,active,0,67905,0,True,32595
txn_ac5a976f,cust_0837,24914,INR,2026-04-03 05:21:38,invoice,successful,none,new,0,0,False,none,0,24914,0,True,24914
txn_ebb58a9d,cust_0122,29399,INR,2026-04-07 02:26:38,invoice,overdue,none,returning,1,0,False,none,41,33203,0,False,0
txn_24388ed4,cust_0987,39697,INR,2026-03-12 21:57:38,checkout,abandoned,none,VIP,58,4,True,none,0,166949,0,False,0
txn_21353970,cust_0837,23912,INR,2026-03-21 23:56:38,invoice,overdue,none,new,1,0,False,none,7,27131,0,False,0
txn_8799ea4f,cust_0778,23908,INR,2026-03-18 09:51:38,subscription,failed,temporary_bank_error,VIP,48,0,False,past_due,0,182116,0,False,0
txn_4cfde182,cust_0047,46112,INR,2026-05-15 16:10:38,payment,successful,none,new,1,0,False,none,0,47762,0,True,46112
txn_b545775a,cust_0221,12390,INR,2026-08-15 22:33:38,payment,failed,authentication_failure,returning,7,2,False,none,0,22064,0,False,0
txn_9991b882,cust_0987,8175,INR,2026-04-26 02:37:38,subscription,failed,authentication_failure,returning,1,0,False,past_due,0,12220,0,False,0
txn_2f9d1e07,cust_0593,11713,INR,2026-03-26 23:30:38,invoice,overdue,none,new,0,0,False,none,89,11713,0,False,0
txn_61eb44c6,cust_0624,25309,INR,2026-06-13 04:35:38,invoice,successful,none,VIP,51,2,False,none,0,217018,0,True,25309
txn_287c3bbd,cust_0864,27149,INR,2026-03-20 21:08:38,checkout,successful,none,VIP,90,2,False,none,0,232349,0,True,27149
txn_5547b296,cust_0666,44164,INR,2026-04-06 03:49:38,payment,failed,unknown,new,1,0,False,none,0,45609,0,False,0
txn_bee9b8b3,cust_0691,43822,INR,2026-04-16 16:25:38,invoice,successful,none,VIP,88,2,False,none,0,392302,0,True,43822
txn_99f3b7bb,cust_0205,3577,INR,2026-08-11 20:36:38,payment,successful,none,returning,6,2,False,none,0,18889,0,True,3577
txn_392113d7,cust_0368,49487,INR,2026-03-02 09:42:38,payment,successful,none,returning,4,1,False,none,0,64227,0,True,49487
txn_3f2fd752,cust_0990,25107,INR,2026-05-06 11:28:38,subscription,failed,authentication_failure,VIP,26,0,False,canceled,0,91615,0,False,0
txn_b50c50d6,cust_0795,46600,INR,2026-03-06 17:15:38,subscription,failed,network_error,VIP,44,2,False,past_due,0,230344,0,False,0
txn_53d25465,cust_0123,48274,INR,2026-07-25 13:49:38,invoice,overdue,none,returning,2,3,False,none,66,53846,0,False,0
txn_427d2738,cust_0339,469,INR,2026-06-06 00:23:38,checkout,abandoned,none,returning,5,0,True,none,0,9264,0,False,0
txn_175a7a71,cust_0631,41084,INR,2026-08-08 21:06:38,checkout,abandoned,none,VIP,58,3,True,none,0,240198,0,False,0
txn_791e30a4,cust_0806,12150,INR,2026-08-04 08:12:38,payment,successful,none,VIP,40,3,False,none,0,210070,0,True,12150
txn_66dab28d,cust_0340,43572,INR,2026-04-05 23:26:38,invoice,overdue,none,returning,10,1,False,none,43,92022,0,False,0
txn_34b9b7e6,cust_0247,22775,INR,2026-03-06 09:02:38,invoice,successful,none,VIP,98,4,False,none,0,267481,0,True,22775
txn_5854831a,cust_0263,7530,INR,2026-05-24 02:35:38,invoice,overdue,none,VIP,56,0,False,none,50,272634,0,False,0
txn_c4ee4b26,cust_0304,32003,INR,2026-08-03 13:37:38,payment,successful,none,VIP,44,2,False,none,0,239199,0,True,32003
txn_133d4042,cust_0216,580,INR,2026-07-06 01:33:38,payment,successful,none,VIP,100,1,False,none,0,398080,0,True,580
txn_81a9642e,cust_0765,48686,INR,2026-08-18 17:22:38,subscription,failed,unknown,VIP,39,0,False,past_due,0,214865,0,False,0
txn_43691bde,cust_0589,16609,INR,2026-03-19 06:59:38,payment,successful,none,new,1,0,False,none,0,20448,0,True,16609
txn_6e91aa37,cust_0548,25626,INR,2026-08-09 07:27:38,payment,successful,none,new,0,0,False,none,0,25626,0,True,25626
txn_2b0c24ba,cust_0622,19094,INR,2026-03-11 18:56:38,checkout,successful,none,new,1,0,False,none,0,23179,0,True,19094
txn_eb29244c,cust_0765,14509,INR,2026-03-15 08:26:38,subscription,successful,none,returning,18,2,False,active,0,44749,0,True,14509
txn_c8930d77,cust_0127,36477,INR,2026-08-06 10:13:38,subscription,successful,none,new,0,0,False,active,0,36477,0,True,36477
txn_4f0b3ce4,cust_0928,47675,INR,2026-03-23 11:14:38,subscription,failed,card_declined,VIP,85,1,False,canceled,0,202205,0,False,0
txn_351ff381,cust_0872,44073,INR,2026-08-10 11:20:38,payment,successful,none,VIP,79,5,False,none,0,130894,0,True,44073
txn_04dca379,cust_0975,38149,INR,2026-03-22 16:29:38,invoice,successful,none,returning,12,1,False,none,0,67201,0,True,38149
txn_956a8753,cust_0337,31941,INR,2026-05-26 08:59:38,invoice,successful,none,VIP,59,5,False,none,0,135073,0,True,31941
txn_28050ed4,cust_0805,20626,INR,2026-07-23 21:40:38,subscription,successful,none,new,1,0,False,active,0,23392,0,True,20626
txn_bc928f01,cust_0457,31554,INR,2026-03-25 16:33:38,invoice,successful,none,returning,10,3,False,none,0,45464,0,True,31554
txn_d23241c2,cust_0270,9275,INR,2026-04-19 23:25:38,subscription,successful,none,VIP,100,0,False,active,0,120975,0,True,9275
txn_5a25ee93,cust_0415,38038,INR,2026-04-10 01:56:38,checkout,abandoned,none,VIP,47,0,True,none,0,161836,0,False,0
txn_1ab5bdfb,cust_0913,9840,INR,2026-08-04 07:03:38,subscription,failed,authentication_failure,VIP,57,1,False,past_due,0,255282,0,False,0
txn_fa38a5b6,cust_0869,43529,INR,2026-07-13 00:50:38,subscription,successful,none,VIP,41,4,False,active,0,111138,0,True,43529
txn_a689d51d,cust_0225,9681,INR,2026-08-16 22:13:38,subscription,failed,insufficient_funds,returning,8,0,False,past_due,0,31001,0,False,0
txn_32ccc253,cust_0481,23774,INR,2026-04-15 22:33:38,invoice,successful,none,returning,2,0,False,none,0,30082,0,True,23774
txn_f1f1ad8b,cust_0593,48721,INR,2026-05-26 00:45:38,checkout,successful,none,VIP,92,1,False,none,0,378541,0,True,48721
txn_4d517f25,cust_0258,5201,INR,2026-05-31 03:36:38,invoice,overdue,none,returning,8,3,False,none,67,32321,0,False,0
txn_0288909f,cust_0514,39697,INR,2026-04-17 23:09:38,payment,successful,none,new,1,0,False,none,0,41553,0,True,39697
txn_4b8e7f11,cust_0371,12349,INR,2026-06-03 20:19:38,subscription,successful,none,VIP,35,5,False,active,0,95859,0,True,12349
txn_ab8be318,cust_0216,31479,INR,2026-08-16 14:50:38,invoice,successful,none,VIP,40,5,True,none,0,186119,0,True,31479
txn_b96174ba,cust_0913,8929,INR,2026-07-12 03:01:38,payment,successful,none,VIP,38,0,False,none,0,79685,0,True,8929
txn_e2d0c6a1,cust_0900,37036,INR,2026-04-29 04:16:38,payment,successful,none,VIP,56,0,False,none,0,164380,0,True,37036
txn_6ab16119,cust_0814,27020,INR,2026-03-05 08:27:38,subscription,successful,none,VIP,43,4,False,active,0,228432,0,True,27020
txn_1c4369d0,cust_0236,38805,INR,2026-04-16 02:43:38,payment,successful,none,returning,13,1,True,none,0,56862,0,True,38805
txn_2f78578f,cust_0182,9901,INR,2026-07-28 16:56:38,payment,successful,none,returning,20,0,False,none,0,106961,0,True,9901
txn_27c1da75,cust_0665,39649,INR,2026-03-02 02:59:38,payment,failed,unknown,returning,17,3,False,none,0,99727,0,False,0
txn_7f654c61,cust_0359,31696,INR,2026-04-27 11:28:38,invoice,successful,none,VIP,93,0,False,none,0,402301,0,True,31696
txn_b91fb6fa,cust_0898,18664,INR,2026-08-26 00:53:38,invoice,overdue,none,VIP,72,2,True,none,77,166120,0,False,0
txn_8af1a2e8,cust_0671,571,INR,2026-07-19 05:45:38,invoice,successful,none,new,1,0,False,none,0,4420,0,True,571
txn_c6e9c167,cust_0579,17224,INR,2026-05-14 01:36:38,invoice,successful,none,returning,20,2,False,none,0,92324,0,True,17224
txn_fd8d53d9,cust_0573,11812,INR,2026-02-28 06:39:38,checkout,successful,none,VIP,81,2,False,none,0,255784,0,True,11812
txn_67014ced,cust_0766,43306,INR,2026-04-19 06:36:38,payment,successful,none,new,1,0,False,none,0,45131,0,True,43306
txn_04984f7b,cust_0165,36182,INR,2026-03-27 06:21:38,payment,successful,none,returning,1,0,False,none,0,37872,0,True,36182
txn_90731fdf,cust_0082,14633,INR,2026-05-16 23:45:38,checkout,successful,none,VIP,24,5,False,none,0,102185,0,True,14633
txn_123afde7,cust_0969,46735,INR,2026-03-12 03:08:38,payment,successful,none,new,1,0,True,none,0,50831,0,True,46735
txn_39d3424b,cust_0630,39389,INR,2026-08-27 14:21:38,subscription,successful,none,new,0,0,False,active,0,39389,0,True,39389
txn_5fe93af4,cust_0686,26277,INR,2026-02-28 16:28:38,invoice,overdue,none,returning,13,1,True,none,46,87910,0,False,0
txn_e100b0fa,cust_0356,18744,INR,2026-04-02 19:10:38,checkout,successful,none,returning,8,1,False,none,0,52544,0,True,18744
txn_e44795c4,cust_0573,33276,INR,2026-04-18 10:30:38,payment,successful,none,new,1,0,False,none,0,36561,0,True,33276
txn_6a5e8e92,cust_0711,37776,INR,2026-05-01 21:57:38,checkout,successful,none,returning,13,3,False,none,0,70172,0,True,37776
txn_8cfea377,cust_0120,1892,INR,2026-06-30 09:00:38,invoice,overdue,none,returning,3,3,False,none,62,8807,0,False,0
txn_18c419db,cust_0010,33949,INR,2026-03-07 19:34:38,invoice,overdue,none,VIP,53,1,False,none,69,185158,0,False,0
txn_09286682,cust_0488,36443,INR,2026-03-06 12:55:38,subscription,successful,none,returning,12,1,False,active,0,68891,0,True,36443
txn_9e6518f2,cust_0212,15491,INR,2026-05-28 14:37:38,payment,failed,insufficient_funds,new,0,0,False,none,0,15491,0,False,0
txn_02fadccc,cust_0629,5243,INR,2026-06-08 03:29:38,invoice,successful,none,new,0,0,False,none,0,5243,0,True,5243
txn_bb4e8573,cust_0503,37751,INR,2026-04-02 15:23:38,invoice,overdue,none,new,1,0,False,none,36,41510,0,False,0
txn_031a66d8,cust_0963,27833,INR,2026-03-05 13:57:38,invoice,successful,none,VIP,24,4,False,none,0,108089,0,True,27833
txn_1a17b909,cust_0472,45860,INR,2026-08-02 09:03:38,invoice,overdue,none,returning,1,0,False,none,67,48086,0,False,0
txn_fb5cd781,cust_0270,17119,INR,2026-06-01 08:15:38,payment,failed,network_error,new,1,0,False,none,0,21480,0,False,0
txn_612b770f,cust_0718,13897,INR,2026-04-03 14:50:38,invoice,successful,none,returning,12,3,False,none,0,47377,0,True,13897
txn_ec12a6d1,cust_0877,6645,INR,2026-08-25 14:00:38,subscription,failed,card_declined,returning,7,1,False,canceled,0,18720,0,False,0
txn_ea0d7b10,cust_0805,41430,INR,2026-03-04 14:23:38,checkout,successful,none,returning,10,2,False,none,0,50330,0,True,41430
txn_800a8283,cust_0860,16765,INR,2026-05-27 01:51:38,invoice,successful,none,VIP,32,3,False,none,0,120477,0,True,16765
txn_2829dbf3,cust_0021,16989,INR,2026-03-13 22:52:38,invoice,overdue,none,returning,4,2,False,none,45,25505,0,False,0
txn_f8c9c297,cust_0333,18752,INR,2026-05-22 00:08:38,checkout,successful,none,VIP,85,3,False,none,0,372437,0,True,18752
txn_07d7fbac,cust_0656,9592,INR,2026-06-01 12:06:38,subscription,successful,none,returning,14,3,False,active,0,24768,0,True,9592
txn_97a93f68,cust_0620,19194,INR,2026-05-26 19:49:38,checkout,successful,none,VIP,70,2,False,none,0,309274,0,True,19194
txn_f9fe1d48,cust_0172,29610,INR,2026-03-11 10:39:38,invoice,successful,none,new,0,0,False,none,0,29610,0,True,29610
txn_4307cc4d,cust_0407,5347,INR,2026-04-28 02:23:38,payment,failed,card_declined,new,0,0,False,none,0,5347,0,False,0
txn_ba9e63c4,cust_0107,26118,INR,2026-05-20 10:12:38,payment,successful,none,returning,20,1,False,none,0,49918,0,True,26118
txn_0d0a68fe,cust_0642,18723,INR,2026-08-20 17:44:38,invoice,successful,none,new,0,0,False,none,0,18723,0,True,18723
txn_ca2d09c3,cust_0479,21412,INR,2026-03-02 02:15:38,invoice,successful,none,VIP,54,4,False,none,0,245188,0,True,21412
txn_08db91a9,cust_0537,30020,INR,2026-06-30 16:58:38,invoice,successful,none,VIP,88,2,False,none,0,324292,0,True,30020
txn_c7e3ba8e,cust_0160,27114,INR,2026-07-24 08:08:38,checkout,successful,none,returning,1,0,False,none,0,31901,0,True,27114
txn_437dc977,cust_0970,645,INR,2026-03-28 11:36:38,invoice,successful,none,returning,10,0,False,none,0,40905,0,True,645
txn_dae3e28e,cust_0422,24587,INR,2026-03-15 06:33:38,subscription,successful,none,VIP,75,3,False,active,0,215612,0,True,24587
txn_6c30c5ee,cust_0433,17334,INR,2026-04-13 11:00:38,payment,successful,none,VIP,50,4,False,none,0,153684,0,True,17334
txn_22e9eb2b,cust_0140,4586,INR,2026-03-21 04:14:38,subscription,successful,none,returning,4,3,False,active,0,21422,0,True,4586
txn_c1d58990,cust_0993,10071,INR,2026-07-25 20:58:38,payment,successful,none,VIP,22,1,False,none,0,39485,0,True,10071
txn_a12570d1,cust_0016,15357,INR,2026-04-22 07:57:38,payment,failed,card_declined,returning,7,2,False,none,0,42951,0,False,0
txn_da17b5c3,cust_0058,2179,INR,2026-07-09 10:34:38,subscription,failed,temporary_bank_error,returning,13,0,False,past_due,0,66516,0,False,0
txn_24fb8fb4,cust_0998,926,INR,2026-08-19 12:57:38,payment,successful,none,VIP,51,3,False,none,0,211454,0,True,926
txn_a024fb81,cust_0399,6257,INR,2026-08-16 19:27:38,payment,failed,authentication_failure,VIP,59,2,False,none,0,112398,0,False,0
txn_30b07504,cust_0493,8104,INR,2026-03-10 13:19:38,checkout,successful,none,VIP,58,1,False,none,0,208320,0,True,8104
txn_50be0ee7,cust_0016,28553,INR,2026-06-26 19:24:38,checkout,successful,none,new,1,0,False,none,0,30033,0,True,28553
txn_11a324e6,cust_0705,45369,INR,2026-04-22 16:43:38,invoice,successful,none,VIP,39,2,False,none,0,93456,0,True,45369
txn_fd6190c6,cust_0365,49878,INR,2026-07-26 04:12:38,payment,failed,temporary_bank_error,VIP,39,5,False,none,0,240705,0,False,0
txn_3b333ffa,cust_0825,36692,INR,2026-07-24 10:29:38,checkout,successful,none,returning,7,0,False,none,0,61850,0,True,36692
txn_c655d1f2,cust_0573,46409,INR,2026-04-10 08:06:38,invoice,successful,none,returning,18,3,False,none,0,83381,0,True,46409
txn_9eacae7f,cust_0544,18143,INR,2026-04-11 07:57:38,payment,failed,temporary_bank_error,new,1,0,False,none,0,21065,0,False,0
txn_8b7862e7,cust_0752,41913,INR,2026-06-27 08:40:38,invoice,successful,none,new,0,0,False,none,0,41913,0,True,41913
txn_8ad61382,cust_0195,35421,INR,2026-06-06 05:45:38,invoice,successful,none,VIP,83,4,False,none,0,181667,0,True,35421
txn_3f44347b,cust_0045,6408,INR,2026-04-25 13:20:38,payment,successful,none,new,0,0,False,none,0,6408,0,True,6408
txn_2cecd0a1,cust_0674,42157,INR,2026-03-24 21:22:38,invoice,successful,none,returning,17,2,False,none,0,57491,0,True,42157
txn_038424d9,cust_0951,13779,INR,2026-05-13 07:36:38,invoice,successful,none,new,1,0,False,none,0,14776,0,True,13779
txn_a66a9b95,cust_0752,40531,INR,2026-04-17 16:20:38,subscription,failed,network_error,new,1,0,False,past_due,0,41669,0,False,0
txn_dc0bcace,cust_0539,34942,INR,2026-04-07 05:39:38,subscription,failed,card_declined,VIP,51,4,False,past_due,0,135157,0,False,0
txn_d3c05936,cust_0691,41952,INR,2026-04-09 06:54:38,checkout,successful,none,returning,14,0,False,none,0,68076,0,True,41952
txn_9692febd,cust_0956,10466,INR,2026-03-18 05:34:38,invoice,successful,none,returning,11,2,False,none,0,49461,0,True,10466
txn_351c42e3,cust_0559,39972,INR,2026-05-04 05:01:38,payment,failed,network_error,new,1,0,False,none,0,42553,0,False,0
txn_0c056429,cust_0611,2371,INR,2026-07-02 12:32:38,checkout,successful,none,new,0,0,True,none,0,2371,0,True,2371
txn_9aeeab5a,cust_0942,45301,INR,2026-05-02 08:17:38,checkout,successful,none,VIP,85,4,False,none,0,195496,0,True,45301
txn_1fcc31b1,cust_0239,24157,INR,2026-07-02 20:22:38,subscription,successful,none,returning,10,0,False,active,0,61907,0,True,24157
txn_3255baf6,cust_0846,31723,INR,2026-04-02 07:21:38,payment,failed,authentication_failure,VIP,93,0,True,none,0,307003,0,False,0
txn_e72f3d81,cust_0357,22014,INR,2026-03-12 23:27:38,checkout,abandoned,none,returning,14,0,True,none,0,55012,0,False,0
txn_9be4528a,cust_0056,41531,INR,2026-07-20 08:54:38,invoice,successful,none,returning,17,0,False,none,0,94486,0,True,41531
txn_b451298c,cust_0750,10139,INR,2026-05-19 15:18:38,payment,failed,unknown,returning,15,0,False,none,0,44924,0,False,0
txn_d3436c4d,cust_0562,31285,INR,2026-03-02 14:38:38,payment,successful,none,returning,9,0,False,none,0,65161,0,True,31285
txn_abf9a427,cust_0500,36754,INR,2026-08-09 10:37:38,subscription,successful,none,returning,19,1,False,active,0,127840,0,True,36754
txn_27f487c1,cust_0116,44974,INR,2026-06-06 07:48:38,payment,successful,none,VIP,72,3,False,none,0,296398,0,True,44974
txn_02744a89,cust_0632,20076,INR,2026-06-29 12:43:38,payment,failed,insufficient_funds,returning,20,1,True,none,0,102236,0,False,0
txn_d7a9d109,cust_0116,49758,INR,2026-06-15 19:05:38,payment,successful,none,VIP,26,1,False,none,0,94192,0,True,49758
txn_b4971c41,cust_0024,7392,INR,2026-06-22 01:56:38,subscription,failed,authentication_failure,returning,7,1,False,canceled,0,22575,0,False,0
txn_bdcf0be9,cust_0597,9363,INR,2026-06-16 12:36:38,payment,failed,authentication_failure,VIP,87,0,False,none,0,234867,0,False,0
txn_f818a10e,cust_0671,17878,INR,2026-03-10 22:03:38,payment,failed,authentication_failure,new,0,0,False,none,0,17878,0,False,0
txn_b9fc6442,cust_0889,1350,INR,2026-08-02 08:55:38,invoice,overdue,none,VIP,69,1,False,none,38,250992,0,False,0
txn_be1f0b4b,cust_0191,34936,INR,2026-04-14 10:05:38,invoice,overdue,none,new,1,0,True,none,12,35612,0,False,0
txn_6b088027,cust_0019,48884,INR,2026-04-21 10:35:38,subscription,successful,none,returning,12,2,False,active,0,84596,0,True,48884
txn_fb14ae93,cust_0912,16987,INR,2026-05-18 22:18:38,invoice,successful,none,new,1,0,False,none,0,19334,0,True,16987
txn_489f901f,cust_0428,25148,INR,2026-03-26 08:58:38,subscription,successful,none,new,0,0,False,active,0,25148,0,True,25148
txn_c388a989,cust_0595,13650,INR,2026-04-15 14:59:38,subscription,successful,none,VIP,45,1,False,active,0,150045,0,True,13650
txn_f6ff59e9,cust_0956,9612,INR,2026-07-28 14:06:38,invoice,overdue,none,VIP,40,2,False,none,84,51812,0,False,0
txn_b95df7bb,cust_0745,9636,INR,2026-05-14 09:58:38,checkout,abandoned,none,new,1,0,True,none,0,13527,0,False,0
txn_711e2021,cust_0110,41836,INR,2026-03-24 00:09:38,subscription,failed,card_declined,new,0,0,False,past_due,0,41836,0,False,0
txn_116922d2,cust_0238,40231,INR,2026-04-27 14:54:38,payment,failed,network_error,new,0,0,False,none,0,40231,0,False,0
txn_06287645,cust_0730,30820,INR,2026-04-24 04:18:38,checkout,abandoned,none,VIP,67,1,True,none,0,276978,0,False,0
txn_79e44bf8,cust_0419,14929,INR,2026-03-09 12:38:38,payment,successful,none,new,1,0,False,none,0,18812,0,True,14929
txn_e48423dd,cust_0888,11704,INR,2026-06-25 06:01:38,invoice,successful,none,VIP,82,5,False,none,0,270906,0,True,11704
txn_c48ec4c7,cust_0753,39941,INR,2026-04-14 22:30:38,checkout,abandoned,none,returning,11,3,True,none,0,93753,0,False,0
txn_28f70eef,cust_0468,2623,INR,2026-08-17 02:02:38,payment,failed,authentication_failure,new,0,0,False,none,0,2623,0,False,0
txn_dd665912,cust_0195,41430,INR,2026-06-15 05:16:38,payment,successful,none,returning,15,3,False,none,0,86340,0,True,41430
txn_148e2101,cust_0707,40282,INR,2026-04-21 16:15:38,payment,successful,none,VIP,38,3,False,none,0,199882,0,True,40282
txn_f26ad2de,cust_0560,45720,INR,2026-06-06 05:25:38,checkout,abandoned,none,new,1,0,True,none,0,49607,0,False,0
txn_9230d323,cust_0904,38786,INR,2026-07-16 20:40:38,subscription,successful,none,returning,3,2,False,active,0,48248,0,True,38786
txn_05ee2bf7,cust_0650,7581,INR,2026-07-18 06:51:38,invoice,successful,none,returning,3,3,False,none,0,21654,0,True,7581
txn_bbede6eb,cust_0580,11299,INR,2026-08-14 06:07:38,checkout,successful,none,VIP,39,1,False,none,0,76975,0,True,11299
txn_396bac4f,cust_0642,29345,INR,2026-08-26 23:38:38,checkout,successful,none,new,0,0,False,none,0,29345,0,True,29345
txn_733aad78,cust_0876,30157,INR,2026-03-29 21:56:38,invoice,successful,none,returning,18,0,False,none,0,111913,0,True,30157
txn_0cd42e31,cust_0616,29058,INR,2026-03-20 01:34:38,payment,successful,none,VIP,20,1,False,none,0,128718,0,True,29058
txn_90123705,cust_0190,3305,INR,2026-08-18 14:32:38,checkout,abandoned,none,new,0,0,True,none,0,3305,0,False,0
txn_76df0242,cust_0340,37985,INR,2026-07-13 13:43:38,checkout,successful,none,new,0,0,False,none,0,37985,0,True,37985
txn_aa87ab84,cust_0990,43414,INR,2026-06-12 09:03:38,subscription,successful,none,returning,19,2,False,active,0,58481,0,True,43414
txn_08a6d8bd,cust_0864,4534,INR,2026-03-03 11:05:38,invoice,overdue,none,VIP,28,2,False,none,55,126502,0,False,0
txn_b8c0bba2,cust_0713,34483,INR,2026-03-19 03:21:38,subscription,successful,none,new,0,0,False,active,0,34483,0,True,34483
txn_49d1cd43,cust_0438,45231,INR,2026-03-21 07:27:38,checkout,successful,none,VIP,60,2,False,none,0,333471,0,True,45231
txn_cce52149,cust_0533,36972,INR,2026-03-24 11:41:38,invoice,successful,none,VIP,100,3,False,none,0,490372,0,True,36972
txn_70be7465,cust_0122,12784,INR,2026-07-05 00:00:38,payment,successful,none,new,1,0,False,none,0,14250,0,True,12784
txn_16ffe32a,cust_0574,21975,INR,2026-06-23 17:07:38,checkout,successful,none,VIP,47,0,False,none,0,122931,0,True,21975
txn_69b446d8,cust_0786,36144,INR,2026-04-04 00:25:38,checkout,successful,none,new,0,0,False,none,0,36144,0,True,36144
txn_2acd8138,cust_0339,12815,INR,2026-03-15 14:56:38,checkout,abandoned,none,returning,16,3,True,none,0,25471,0,False,0
txn_a3a82931,cust_0474,30287,INR,2026-08-23 12:50:38,checkout,successful,none,returning,2,2,False,none,0,36455,0,True,30287
txn_5ab624ff,cust_0288,23273,INR,2026-07-16 00:48:38,payment,failed,card_declined,new,1,0,False,none,0,26846,0,False,0
txn_4c0f55c3,cust_0886,39106,INR,2026-04-22 12:03:38,payment,successful,none,returning,11,0,False,none,0,69070,0,True,39106
txn_6288159f,cust_0538,19933,INR,2026-07-07 16:58:38,subscription,successful,none,returning,6,0,False,active,0,41323,0,True,19933
txn_c4e0d305,cust_0195,31731,INR,2026-08-02 02:43:38,subscription,successful,none,returning,16,2,False,active,0,82627,0,True,31731
txn_d444454c,cust_0471,13547,INR,2026-08-15 21:32:38,invoice,overdue,none,returning,17,0,False,none,5,22608,0,False,0
txn_d374343c,cust_0479,5806,INR,2026-06-09 18:50:38,checkout,successful,none,new,0,0,False,none,0,5806,0,True,5806
txn_5dd5c732,cust_0914,41967,INR,2026-07-09 10:09:38,checkout,abandoned,none,new,1,0,True,none,0,44109,0,False,0
txn_b3ecc379,cust_0280,29008,INR,2026-03-21 01:54:38,payment,successful,none,new,0,0,False,none,0,29008,0,True,29008
txn_d684a33e,cust_0563,35655,INR,2026-07-15 17:07:38,checkout,successful,none,returning,9,1,False,none,0,61035,0,True,35655
txn_1badf438,cust_0030,22299,INR,2026-05-10 07:15:38,subscription,failed,temporary_bank_error,returning,2,0,False,past_due,0,29583,0,False,0
txn_a93abbaf,cust_0320,38946,INR,2026-08-03 20:57:38,subscription,failed,network_error,returning,7,0,False,canceled,0,69144,0,False,0
txn_2411e7a6,cust_0482,20441,INR,2026-03-23 10:28:38,invoice,successful,none,new,0,0,False,none,0,20441,0,True,20441
txn_7e2e2488,cust_0808,12116,INR,2026-07-30 07:56:38,checkout,successful,none,returning,15,3,False,none,0,23321,0,True,12116
txn_22536000,cust_0787,11293,INR,2026-07-31 08:51:38,checkout,successful,none,returning,20,1,False,none,0,104513,0,True,11293
txn_a3277e84,cust_0245,19899,INR,2026-05-21 17:05:38,subscription,failed,authentication_failure,VIP,51,4,False,canceled,0,111801,0,False,0
txn_638f5613,cust_0804,45585,INR,2026-07-13 21:44:38,invoice,successful,none,returning,19,2,False,none,0,139825,0,True,45585
txn_04c3416c,cust_0118,46755,INR,2026-05-06 14:07:38,invoice,successful,none,VIP,96,3,False,none,0,350595,0,True,46755
txn_814dde07,cust_0112,4661,INR,2026-03-11 18:21:38,invoice,overdue,none,VIP,96,3,False,none,77,310133,0,False,0
txn_bb70d285,cust_0776,9204,INR,2026-05-19 23:50:38,payment,successful,none,new,0,0,False,none,0,9204,0,True,9204
txn_ab5e6cea,cust_0307,13578,INR,2026-03-31 18:47:38,checkout,successful,none,VIP,58,3,False,none,0,206138,0,True,13578
txn_d59377da,cust_0873,26589,INR,2026-08-26 20:51:38,invoice,overdue,none,returning,2,2,False,none,17,36581,0,False,0
txn_e251c324,cust_0113,23643,INR,2026-03-01 01:01:38,checkout,abandoned,none,returning,1,1,True,none,0,27679,0,False,0
txn_6afcdb88,cust_0446,46746,INR,2026-07-10 02:02:38,subscription,failed,authentication_failure,VIP,47,5,False,canceled,0,136986,0,False,0
txn_e1d4b7e0,cust_0861,23711,INR,2026-07-24 19:22:38,checkout,abandoned,none,returning,5,2,True,none,0,31351,0,False,0
txn_b9e6d59e,cust_0999,9536,INR,2026-05-13 04:29:38,subscription,failed,unknown,new,0,0,False,canceled,0,9536,0,False,0
txn_06f66011,cust_0953,39711,INR,2026-04-19 05:51:38,checkout,abandoned,none,returning,20,1,True,none,0,124151,0,False,0
txn_29cf8233,cust_0364,25312,INR,2026-03-26 18:50:38,checkout,abandoned,none,new,0,0,True,none,0,25312,0,False,0
txn_e4fe04f4,cust_0730,48001,INR,2026-08-19 17:50:38,subscription,successful,none,VIP,54,3,False,active,0,316597,0,True,48001
txn_5402141a,cust_0595,24255,INR,2026-06-17 04:53:38,payment,successful,none,returning,3,1,False,none,0,38691,0,True,24255
txn_55e2efbf,cust_0252,40081,INR,2026-04-13 18:56:38,payment,successful,none,returning,3,2,False,none,0,42877,0,True,40081
txn_2ae4640e,cust_0432,30851,INR,2026-03-27 20:07:38,checkout,successful,none,returning,10,2,True,none,0,49571,0,True,30851
txn_6d604372,cust_0593,37043,INR,2026-03-21 19:08:38,subscription,failed,temporary_bank_error,new,0,0,False,canceled,0,37043,0,False,0
txn_703e7099,cust_0872,8411,INR,2026-06-23 18:39:38,payment,successful,none,returning,9,1,False,none,0,33620,0,True,8411
txn_6b3f0b21,cust_0675,11543,INR,2026-06-28 04:15:38,subscription,successful,none,returning,12,1,False,active,0,43223,0,True,11543
txn_e5f3c9ef,cust_0352,2268,INR,2026-04-23 05:37:38,checkout,abandoned,none,new,0,0,True,none,0,2268,0,False,0
txn_38c6a9ac,cust_0744,43397,INR,2026-06-21 16:23:38,invoice,successful,none,VIP,41,1,False,none,0,179763,0,True,43397
txn_dd73c529,cust_0309,26232,INR,2026-05-20 04:10:38,invoice,successful,none,returning,18,1,False,none,0,91230,0,True,26232
txn_cf16e072,cust_0296,28590,INR,2026-08-17 15:28:38,payment,successful,none,returning,13,2,False,none,0,91549,0,True,28590
txn_0319d5f0,cust_0626,23288,INR,2026-08-02 10:45:38,invoice,successful,none,VIP,54,2,False,none,0,169844,0,True,23288
txn_dac5d525,cust_0752,30319,INR,2026-03-04 14:06:38,subscription,successful,none,VIP,95,1,False,active,0,482424,0,True,30319
txn_23722c19,cust_0852,44192,INR,2026-07-31 21:58:38,payment,successful,none,new,0,0,False,none,0,44192,0,True,44192
txn_e6296353,cust_0258,47630,INR,2026-08-12 23:44:38,checkout,successful,none,new,0,0,False,none,0,47630,0,True,47630
txn_15a0be5e,cust_0654,14309,INR,2026-07-25 06:44:38,invoice,overdue,none,new,0,0,False,none,77,14309,0,False,0
txn_60524ac9,cust_0580,42561,INR,2026-06-24 09:57:38,checkout,abandoned,none,new,0,0,True,none,0,42561,0,False,0
txn_0a83f32b,cust_0709,5062,INR,2026-06-18 18:02:38,subscription,failed,insufficient_funds,VIP,61,2,False,canceled,0,116448,0,False,0
txn_c4b7651e,cust_0979,4036,INR,2026-07-07 00:01:38,checkout,successful,none,returning,6,3,False,none,0,10444,0,True,4036
txn_c6d62a69,cust_0148,32347,INR,2026-06-22 16:24:38,payment,successful,none,VIP,75,1,False,none,0,135097,0,True,32347
txn_d5815b39,cust_0796,37543,INR,2026-08-27 17:44:38,checkout,successful,none,returning,1,3,False,none,0,39262,0,True,37543
txn_7464cf9e,cust_0927,10035,INR,2026-04-24 03:59:38,checkout,successful,none,returning,19,0,False,none,0,99753,0,True,10035
txn_12026615,cust_0554,47794,INR,2026-04-26 15:50:38,payment,successful,none,new,0,0,False,none,0,47794,0,True,47794
txn_070aef7f,cust_0699,23622,INR,2026-06-01 16:33:38,checkout,successful,none,returning,13,0,False,none,0,39768,0,True,23622
txn_31d7aa83,cust_0181,19102,INR,2026-05-20 15:46:38,subscription,successful,none,VIP,25,3,False,active,0,70702,0,True,19102
txn_8a0dc537,cust_0449,31983,INR,2026-03-29 11:55:38,payment,failed,unknown,VIP,44,1,False,none,0,66831,0,False,0
txn_c5ffdaa7,cust_0512,35525,INR,2026-06-01 20:24:38,checkout,successful,none,VIP,77,0,False,none,0,97356,0,True,35525
txn_016472b7,cust_0963,13972,INR,2026-08-17 20:17:38,invoice,successful,none,VIP,88,1,False,none,0,225876,0,True,13972
txn_644ce32d,cust_0929,1349,INR,2026-03-19 17:29:38,invoice,successful,none,VIP,25,1,True,none,0,40574,0,True,1349
txn_88d6dc59,cust_0626,6476,INR,2026-03-28 00:12:38,invoice,successful,none,new,0,0,False,none,0,6476,0,True,6476
txn_debcd905,cust_0346,13380,INR,2026-04-02 02:18:38,invoice,successful,none,VIP,71,2,False,none,0,119099,0,True,13380
txn_040fa5a2,cust_0608,14074,INR,2026-07-22 06:16:38,payment,successful,none,new,1,0,False,none,0,15091,0,True,14074
txn_7e439248,cust_0250,36368,INR,2026-03-19 00:02:38,payment,failed,authentication_failure,VIP,25,1,False,none,0,69318,0,False,0
txn_c5561f3b,cust_0901,1124,INR,2026-07-13 16:41:38,checkout,abandoned,none,returning,3,0,True,none,0,2801,0,False,0
txn_dabf4ff8,cust_0709,18694,INR,2026-04-16 05:00:38,subscription,failed,unknown,new,0,0,False,canceled,0,18694,0,False,0
txn_5d249de5,cust_0611,11539,INR,2026-06-11 08:00:38,payment,successful,none,new,1,0,False,none,0,12760,0,True,11539
txn_fd389f39,cust_0121,15542,INR,2026-04-11 03:12:38,subscription,successful,none,VIP,32,4,False,active,0,126390,0,True,15542
txn_a9b78424,cust_0284,41155,INR,2026-03-05 03:55:38,subscription,successful,none,new,0,0,False,active,0,41155,0,True,41155
txn_6bb56ef5,cust_0056,44018,INR,2026-06-02 23:35:38,payment,successful,none,VIP,66,2,False,none,0,190274,0,True,44018
txn_68ac7e1d,cust_0107,29797,INR,2026-08-20 03:54:38,invoice,overdue,none,VIP,26,4,False,none,6,80237,0,False,0
txn_d160728e,cust_0607,15520,INR,2026-06-05 11:37:38,invoice,successful,none,VIP,61,3,False,none,0,145328,0,True,15520
txn_9dbb7a5b,cust_0243,15027,INR,2026-08-09 03:49:38,payment,successful,none,VIP,72,1,False,none,0,272499,0,True,15027
txn_efa6c823,cust_0222,28664,INR,2026-05-01 20:14:38,subscription,successful,none,VIP,78,1,False,active,0,315158,0,True,28664
txn_6b72724a,cust_0131,17774,INR,2026-04-30 05:00:38,payment,failed,insufficient_funds,new,0,0,False,none,0,17774,0,False,0
txn_c2269449,cust_0908,22616,INR,2026-04-08 12:21:38,subscription,successful,none,returning,20,1,False,active,0,60456,0,True,22616
txn_8f6d8c38,cust_0883,34294,INR,2026-05-09 19:31:38,invoice,successful,none,new,1,0,False,none,0,38584,0,True,34294
txn_7f99c440,cust_0594,21549,INR,2026-08-16 17:56:38,invoice,successful,none,new,0,0,False,none,0,21549,0,True,21549
txn_8fbf9a8b,cust_0544,33144,INR,2026-08-06 01:38:38,payment,failed,authentication_failure,returning,16,0,False,none,0,100440,0,False,0
txn_332adbcc,cust_0973,48058,INR,2026-03-15 17:25:38,invoice,successful,none,new,0,0,False,none,0,48058,0,True,48058
txn_25846c6f,cust_0721,20077,INR,2026-07-22 21:01:38,subscription,successful,none,returning,19,0,False,active,0,100371,0,True,20077
txn_383b43e6,cust_0721,24375,INR,2026-03-04 08:53:38,invoice,successful,none,VIP,20,5,False,none,0,45955,0,True,24375
txn_f13bf3ff,cust_0715,28011,INR,2026-08-06 23:30:38,checkout,successful,none,VIP,89,4,False,none,0,223455,0,True,28011
txn_29b9d289,cust_0910,3692,INR,2026-03-22 18:03:38,checkout,successful,none,new,0,0,False,none,0,3692,0,True,3692
txn_b04df5bb,cust_0575,42578,INR,2026-07-28 22:56:38,payment,successful,none,VIP,46,1,False,none,0,191756,0,True,42578
txn_dae975cb,cust_0780,49401,INR,2026-04-20 21:59:38,payment,failed,unknown,new,1,0,False,none,0,52790,0,False,0
txn_1dc9b914,cust_0354,4252,INR,2026-03-07 01:29:38,checkout,successful,none,returning,16,0,False,none,0,73868,0,True,4252
txn_47864dc7,cust_0820,40794,INR,2026-05-19 14:08:38,checkout,successful,none,VIP,28,1,False,none,0,159794,0,True,40794
txn_53533292,cust_0169,5142,INR,2026-07-06 02:46:38,invoice,overdue,none,returning,4,1,False,none,14,23402,0,False,0
txn_a97e9e5d,cust_0486,27398,INR,2026-08-11 18:31:38,subscription,successful,none,returning,14,3,False,active,0,36848,0,True,27398
txn_f9db6ff6,cust_0661,34153,INR,2026-04-25 00:44:38,checkout,abandoned,none,returning,14,2,True,none,0,78575,0,False,0
txn_d9c8cf81,cust_0581,36044,INR,2026-06-30 04:03:38,subscription,failed,authentication_failure,new,1,0,False,canceled,0,37950,0,False,0
txn_c927ac39,cust_0362,3201,INR,2026-06-15 14:15:38,invoice,overdue,none,returning,15,1,False,none,19,30456,0,False,0
txn_2e804fde,cust_0927,45507,INR,2026-07-29 18:06:38,checkout,abandoned,none,VIP,39,1,True,none,0,140979,0,False,0
txn_156c5a8b,cust_0379,28994,INR,2026-05-31 15:03:38,checkout,successful,none,new,0,0,False,none,0,28994,0,True,28994
txn_c686446c,cust_0125,10755,INR,2026-05-02 09:17:38,checkout,successful,none,new,1,0,False,none,0,15346,0,True,10755
txn_4080b6c2,cust_0663,48498,INR,2026-04-02 22:17:38,checkout,successful,none,VIP,57,3,False,none,0,212316,0,True,48498
txn_63be9297,cust_0929,47845,INR,2026-08-17 14:43:38,checkout,abandoned,none,returning,11,0,True,none,0,96498,0,False,0
txn_a65018b6,cust_0412,20290,INR,2026-08-12 23:45:38,payment,successful,none,VIP,48,3,False,none,0,184786,0,True,20290
txn_31a98769,cust_0801,34600,INR,2026-05-04 21:44:38,subscription,successful,none,returning,7,0,False,active,0,42888,0,True,34600
txn_92dc330a,cust_0200,33640,INR,2026-05-10 08:02:38,invoice,overdue,none,returning,11,0,False,none,51,71667,0,False,0
txn_7cab7c6e,cust_0360,18754,INR,2026-05-05 20:00:38,checkout,successful,none,returning,15,0,False,none,0,52744,0,True,18754
txn_b938e5c4,cust_0168,19015,INR,2026-07-23 00:48:38,checkout,abandoned,none,VIP,74,5,True,none,0,307097,0,False,0
txn_8058e7b2,cust_0487,13717,INR,2026-05-14 22:28:38,checkout,successful,none,VIP,62,0,False,none,0,235553,0,True,13717
txn_b9db4666,cust_0728,11561,INR,2026-06-14 01:55:38,invoice,successful,none,VIP,37,1,False,none,0,86412,0,True,11561
txn_ebca7bcf,cust_0506,19891,INR,2026-07-19 11:07:38,checkout,successful,none,VIP,79,1,False,none,0,76692,0,True,19891
txn_b59468e4,cust_0128,41817,INR,2026-03-03 23:11:38,invoice,overdue,none,VIP,56,3,False,none,61,152081,0,False,0
txn_91a64c2e,cust_0994,18267,INR,2026-06-21 22:43:38,invoice,successful,none,new,1,0,False,none,0,22703,0,True,18267
txn_bd2cae40,cust_0383,45598,INR,2026-08-13 15:06:38,payment,successful,none,VIP,93,0,False,none,0,289816,0,True,45598
txn_05153728,cust_0366,45534,INR,2026-03-18 08:23:38,subscription,successful,none,new,0,0,False,active,0,45534,0,True,45534
txn_bdc78594,cust_0527,34808,INR,2026-07-16 02:06:38,payment,successful,none,new,0,0,False,none,0,34808,0,True,34808
txn_4b2ab0a9,cust_0278,44990,INR,2026-07-22 19:18:38,invoice,overdue,none,VIP,66,0,False,none,39,366872,0,False,0
txn_9a632ee9,cust_0422,24545,INR,2026-07-02 12:36:38,invoice,successful,none,returning,6,0,False,none,0,38249,0,True,24545
txn_d3841155,cust_0852,40301,INR,2026-08-08 15:34:38,invoice,overdue,none,VIP,88,5,False,none,89,166405,0,False,0
txn_eec7e670,cust_0357,1238,INR,2026-03-28 02:38:38,invoice,successful,none,returning,12,1,False,none,0,50678,0,True,1238
txn_8a5b5a24,cust_0030,11385,INR,2026-07-21 21:12:38,invoice,overdue,none,VIP,35,1,False,none,39,65775,0,False,0
txn_45849e1d,cust_0081,13852,INR,2026-05-09 18:14:38,subscription,successful,none,returning,4,0,False,active,0,16468,0,True,13852
txn_7e09ddc7,cust_0481,43339,INR,2026-03-10 18:38:38,payment,successful,none,new,1,0,False,none,0,44193,0,True,43339
txn_96373719,cust_0602,8212,INR,2026-07-20 20:09:38,subscription,successful,none,new,0,0,True,active,0,8212,0,True,8212
txn_ea96d9de,cust_0165,22895,INR,2026-08-02 00:38:38,invoice,overdue,none,VIP,98,1,False,none,46,477223,0,False,0
txn_b0175ddc,cust_0988,14321,INR,2026-04-19 20:56:38,subscription,successful,none,returning,6,0,False,active,0,22169,0,True,14321
txn_1329ab44,cust_0451,38725,INR,2026-05-11 12:54:38,subscription,successful,none,VIP,33,1,False,active,0,151123,0,True,38725
txn_9eff489d,cust_0127,7495,INR,2026-02-28 09:51:38,checkout,successful,none,returning,4,1,False,none,0,25739,0,True,7495
txn_1d9c0546,cust_0395,5490,INR,2026-05-15 09:32:38,subscription,failed,authentication_failure,returning,15,2,False,past_due,0,67530,0,False,0
txn_9e9d58c9,cust_0962,4661,INR,2026-04-23 22:20:38,invoice,successful,none,VIP,67,1,False,none,0,45129,0,True,4661
txn_40889f85,cust_0123,34353,INR,2026-07-31 19:27:38,payment,successful,none,new,1,0,False,none,0,38134,0,True,34353
txn_1871d364,cust_0373,11157,INR,2026-05-16 16:12:38,invoice,overdue,none,new,1,0,False,none,9,13297,0,False,0
txn_71639247,cust_0512,47626,INR,2026-05-28 03:44:38,checkout,abandoned,none,returning,19,2,True,none,0,119408,0,False,0
txn_a2178bd8,cust_0151,26605,INR,2026-06-28 23:18:38,subscription,failed,network_error,returning,4,0,False,canceled,0,36817,0,False,0
txn_5c5d621e,cust_0851,48452,INR,2026-05-21 23:43:38,payment,successful,none,new,1,0,False,none,0,49171,0,True,48452
txn_fec84b7a,cust_0779,19941,INR,2026-03-11 03:55:38,payment,successful,none,new,1,0,False,none,0,24258,0,True,19941
txn_5a70e934,cust_0829,35649,INR,2026-07-28 06:58:38,checkout,successful,none,VIP,89,0,False,none,0,103111,0,True,35649
txn_d495d470,cust_0471,24763,INR,2026-06-10 21:16:38,invoice,successful,none,new,0,0,False,none,0,24763,0,True,24763
txn_3d58c6b4,cust_0733,8913,INR,2026-03-05 01:50:38,checkout,successful,none,returning,16,0,False,none,0,81201,0,True,8913
txn_a4d49a01,cust_0519,36947,INR,2026-05-22 23:43:38,subscription,successful,none,new,1,0,False,active,0,39604,0,True,36947
txn_079572ac,cust_0063,18740,INR,2026-05-29 19:49:38,checkout,successful,none,new,0,0,False,none,0,18740,0,True,18740
txn_fb254a6f,cust_0390,41070,INR,2026-05-14 08:23:38,checkout,successful,none,new,1,0,False,none,0,44397,0,True,41070
txn_bc1b84fc,cust_0320,16327,INR,2026-07-29 09:16:38,payment,failed,unknown,VIP,30,5,False,none,0,47407,0,False,0
txn_3b9aef9f,cust_0472,21472,INR,2026-06-20 18:42:38,payment,successful,none,VIP,74,4,False,none,0,370456,0,True,21472
txn_0713c4bf,cust_0387,1557,INR,2026-08-01 20:43:38,checkout,successful,none,VIP,69,2,False,none,0,91257,0,True,1557
txn_0dc3c087,cust_0171,32653,INR,2026-03-18 16:33:38,checkout,successful,none,VIP,58,2,False,none,0,268771,0,True,32653
txn_73792957,cust_0272,14129,INR,2026-03-20 20:21:38,invoice,overdue,none,new,1,0,False,none,37,17922,0,False,0
txn_f4e22631,cust_0345,37992,INR,2026-08-07 22:34:38,payment,failed,network_error,returning,3,3,False,none,0,49986,0,False,0
txn_4c47b8c5,cust_0680,19754,INR,2026-03-21 02:57:38,invoice,successful,none,VIP,60,1,False,none,0,253394,0,True,19754
txn_3924a325,cust_0643,35985,INR,2026-04-30 10:27:38,payment,failed,temporary_bank_error,VIP,86,1,False,none,0,430639,0,False,0
txn_7b8c9286,cust_0535,40366,INR,2026-07-19 19:43:38,subscription,failed,network_error,new,1,0,False,past_due,0,44654,0,False,0
txn_74d307f7,cust_0421,28633,INR,2026-06-20 09:45:38,checkout,abandoned,none,returning,3,1,True,none,0,40267,0,False,0
txn_8463ccac,cust_0416,45113,INR,2026-06-26 09:57:38,subscription,successful,none,new,0,0,False,active,0,45113,0,True,45113
txn_b5003817,cust_0663,28682,INR,2026-08-20 10:36:38,invoice,successful,none,new,0,0,False,none,0,28682,0,True,28682
txn_52cad60f,cust_0564,43266,INR,2026-08-22 17:31:38,checkout,abandoned,none,new,0,0,True,none,0,43266,0,False,0
txn_76d13984,cust_0306,20672,INR,2026-08-04 06:33:38,invoice,overdue,none,new,1,0,False,none,78,24149,0,False,0
txn_40d21cb1,cust_0585,9311,INR,2026-04-01 03:10:38,payment,failed,temporary_bank_error,VIP,84,0,False,none,0,410411,0,False,0
txn_2bdb9aae,cust_0615,6014,INR,2026-05-19 19:39:38,subscription,successful,none,new,1,0,False,active,0,9211,0,True,6014
txn_97a84c52,cust_0148,27813,INR,2026-05-07 06:10:38,subscription,successful,none,new,0,0,False,active,0,27813,0,True,27813
txn_f133db90,cust_0547,3765,INR,2026-03-06 12:09:38,invoice,overdue,none,returning,4,2,False,none,63,23645,0,False,0
txn_5cd28ad0,cust_0487,9596,INR,2026-03-25 17:33:38,invoice,overdue,none,VIP,67,2,False,none,47,54620,0,False,0
txn_aaebbdcd,cust_0566,3683,INR,2026-06-28 05:02:38,payment,failed,insufficient_funds,returning,10,2,False,none,0,18673,0,False,0
txn_221d298a,cust_0309,25854,INR,2026-07-17 04:46:38,checkout,successful,none,new,0,0,False,none,0,25854,0,True,25854
txn_39dc2d4f,cust_0809,42333,INR,2026-04-24 03:39:38,invoice,successful,none,new,1,0,False,none,0,43489,0,True,42333
txn_6be7820f,cust_0898,21905,INR,2026-05-29 05:48:38,invoice,successful,none,new,0,0,False,none,0,21905,0,True,21905
txn_0fa8b0e7,cust_0781,35995,INR,2026-07-24 19:01:38,subscription,failed,authentication_failure,new,0,0,False,past_due,0,35995,0,False,0
txn_d5260b9e,cust_0590,20124,INR,2026-03-14 14:32:38,checkout,successful,none,new,0,0,False,none,0,20124,0,True,20124
txn_8db48bb7,cust_0463,26990,INR,2026-06-05 10:14:38,checkout,successful,none,returning,5,2,False,none,0,36595,0,True,26990
txn_673e87f8,cust_0403,24191,INR,2026-04-06 22:47:38,subscription,successful,none,returning,19,1,False,active,0,36902,0,True,24191
txn_50c04301,cust_0719,5931,INR,2026-03-27 11:17:38,subscription,failed,card_declined,new,0,0,False,canceled,0,5931,0,False,0
txn_41ab1f4a,cust_0970,24212,INR,2026-05-02 21:55:38,subscription,successful,none,VIP,35,0,False,active,0,192457,0,True,24212
txn_959b1575,cust_0196,46864,INR,2026-07-06 00:13:38,subscription,successful,none,returning,10,3,False,active,0,83154,0,True,46864
txn_2e916e43,cust_0194,18644,INR,2026-06-21 11:47:38,invoice,overdue,none,returning,6,3,True,none,87,28814,0,False,0
txn_2dbb4d21,cust_0597,16373,INR,2026-06-05 21:01:38,checkout,successful,none,VIP,78,0,False,none,0,61925,0,True,16373
txn_a1b933de,cust_0754,46849,INR,2026-08-14 08:27:38,subscription,failed,unknown,VIP,52,0,False,canceled,0,113409,0,False,0
txn_6da289aa,cust_0006,23319,INR,2026-03-09 08:18:38,payment,successful,none,returning,17,3,False,none,0,73945,0,True,23319
txn_5ad817c7,cust_0595,36771,INR,2026-06-02 05:18:38,invoice,overdue,none,new,1,0,False,none,6,38662,0,False,0
txn_c00ea0af,cust_0146,46647,INR,2026-04-22 10:39:38,invoice,successful,none,returning,4,2,False,none,0,50091,0,True,46647
txn_ae3f2caa,cust_0925,28286,INR,2026-07-16 08:39:38,checkout,successful,none,returning,20,2,False,none,0,122986,0,True,28286
txn_cedfcc90,cust_0874,10013,INR,2026-06-30 14:24:38,invoice,overdue,none,VIP,76,0,False,none,72,165585,0,False,0
txn_94cbc81b,cust_0447,10818,INR,2026-04-06 03:57:38,invoice,successful,none,new,1,0,False,none,0,11652,0,True,10818
txn_dfd56896,cust_0127,47270,INR,2026-07-14 19:54:38,subscription,successful,none,returning,3,1,False,active,0,55751,0,True,47270
txn_78529d1b,cust_0913,37012,INR,2026-04-15 01:15:38,checkout,abandoned,none,VIP,94,1,True,none,0,87114,0,False,0
txn_77b69772,cust_0787,5135,INR,2026-03-06 16:01:38,subscription,successful,none,returning,4,2,False,active,0,7983,0,True,5135
txn_6c419986,cust_0158,7051,INR,2026-03-12 03:57:38,checkout,successful,none,new,0,0,False,none,0,7051,0,True,7051
txn_896a4920,cust_0994,17750,INR,2026-04-04 15:13:38,payment,failed,insufficient_funds,new,1,0,False,none,0,20911,0,False,0
txn_2eeaec8c,cust_0331,42281,INR,2026-05-22 17:01:38,invoice,overdue,none,new,0,0,False,none,37,42281,0,False,0
txn_58ab499d,cust_0092,15833,INR,2026-05-16 09:45:38,invoice,successful,none,new,0,0,False,none,0,15833,0,True,15833
txn_2b4cf108,cust_0158,42964,INR,2026-05-08 19:35:38,checkout,abandoned,none,new,1,0,True,none,0,47485,0,False,0
txn_5b72ce92,cust_0135,44989,INR,2026-05-05 06:56:38,invoice,overdue,none,returning,4,2,False,none,78,63785,0,False,0
txn_067ad75e,cust_0093,39443,INR,2026-08-04 17:54:38,invoice,successful,none,returning,12,1,False,none,0,88115,0,True,39443
txn_10c2506a,cust_0664,30477,INR,2026-04-15 17:08:38,subscription,successful,none,VIP,39,3,False,active,0,218418,0,True,30477
txn_f3aebf92,cust_0308,5289,INR,2026-04-16 06:08:38,invoice,successful,none,new,0,0,False,none,0,5289,0,True,5289
txn_b594093b,cust_0940,36209,INR,2026-08-03 04:44:38,payment,successful,none,new,0,0,False,none,0,36209,0,True,36209
txn_37f9f899,cust_0788,16705,INR,2026-07-12 07:24:38,subscription,failed,insufficient_funds,VIP,22,0,False,past_due,0,111107,0,False,0
txn_9d955619,cust_0322,46262,INR,2026-06-21 08:28:38,checkout,successful,none,VIP,78,5,False,none,0,372692,0,True,46262
txn_ca2119a6,cust_0190,12367,INR,2026-08-23 19:01:38,invoice,overdue,none,new,1,0,False,none,28,13738,0,False,0
txn_a9d2cf8e,cust_0472,11354,INR,2026-03-23 07:42:38,invoice,successful,none,VIP,71,5,False,none,0,329931,0,True,11354
txn_61b21f5c,cust_0129,45339,INR,2026-08-22 21:14:38,subscription,failed,insufficient_funds,new,0,0,False,past_due,0,45339,0,False,0
txn_f3e92fa9,cust_0665,13812,INR,2026-04-12 13:21:38,invoice,overdue,none,new,0,0,False,none,62,13812,0,False,0
txn_37f7eb18,cust_0486,30471,INR,2026-03-01 04:55:38,subscription,successful,none,returning,1,0,False,active,0,32331,0,True,30471
txn_a540e0a6,cust_0207,29559,INR,2026-07-31 22:32:38,subscription,successful,none,returning,19,3,False,active,0,46982,0,True,29559
txn_39258126,cust_0038,27342,INR,2026-03-23 21:29:38,subscription,failed,unknown,returning,13,3,False,canceled,0,88507,0,False,0
txn_8075e9b0,cust_0238,32075,INR,2026-05-11 01:06:38,checkout,abandoned,none,VIP,27,4,True,none,0,49760,0,False,0
txn_4cd63e64,cust_0911,17653,INR,2026-05-08 19:16:38,invoice,successful,none,returning,4,3,False,none,0,31013,0,True,17653
txn_a7ffd4c6,cust_0353,12696,INR,2026-03-12 05:18:38,invoice,successful,none,returning,8,1,False,none,0,38920,0,True,12696
txn_88e88f47,cust_0983,47482,INR,2026-06-15 20:39:38,invoice,overdue,none,returning,12,3,False,none,50,69406,0,False,0
txn_95b8c6b9,cust_0178,31746,INR,2026-05-13 04:07:38,subscription,successful,none,new,0,0,False,active,0,31746,0,True,31746
txn_279f5fdc,cust_0019,36592,INR,2026-04-21 17:35:38,payment,successful,none,returning,9,2,False,none,0,52783,0,True,36592
txn_6d845fc7,cust_0633,28321,INR,2026-06-01 07:37:38,payment,successful,none,new,0,0,False,none,0,28321,0,True,28321
txn_610a4ea5,cust_0918,36605,INR,2026-05-07 04:33:38,checkout,successful,none,new,0,0,False,none,0,36605,0,True,36605
txn_02115fa4,cust_0801,7039,INR,2026-04-20 16:16:38,checkout,abandoned,none,VIP,98,0,True,none,0,89653,0,False,0
txn_36ab4c1c,cust_0726,13560,INR,2026-05-26 08:34:38,subscription,failed,card_declined,returning,17,3,False,canceled,0,35881,0,False,0
txn_23877fa6,cust_0993,13331,INR,2026-04-20 14:21:38,invoice,successful,none,returning,1,1,False,none,0,17711,0,True,13331
txn_65e6b096,cust_0370,46971,INR,2026-06-30 14:35:38,invoice,successful,none,VIP,51,1,False,none,0,293709,0,True,46971
txn_35e556ef,cust_0975,26924,INR,2026-08-24 20:35:38,invoice,successful,none,VIP,66,0,False,none,0,299174,0,True,26924
txn_85f9d18c,cust_0347,4660,INR,2026-08-17 21:27:38,payment,successful,none,returning,13,1,False,none,0,57375,0,True,4660
txn_4ac6461f,cust_0731,37754,INR,2026-03-05 20:51:38,payment,failed,unknown,VIP,86,2,False,none,0,376078,0,False,0
txn_77567454,cust_0932,47387,INR,2026-07-20 21:01:38,invoice,overdue,none,returning,1,2,False,none,41,52210,0,False,0
txn_4c78b396,cust_0715,13543,INR,2026-04-12 09:02:38,invoice,successful,none,returning,13,1,False,none,0,52153,0,True,13543
txn_b7d728eb,cust_0554,48600,INR,2026-04-16 08:38:38,payment,failed,network_error,returning,7,0,False,none,0,81437,0,False,0
txn_b583e38f,cust_0607,1634,INR,2026-07-29 20:23:38,payment,failed,network_error,returning,8,2,False,none,0,33338,0,False,0
txn_9145344c,cust_0643,17123,INR,2026-03-14 15:58:38,checkout,abandoned,none,VIP,65,0,True,none,0,75038,0,False,0
txn_e9254281,cust_0465,48390,INR,2026-03-09 20:50:38,payment,successful,none,returning,8,1,False,none,0,75342,0,True,48390
txn_776453b3,cust_0108,46915,INR,2026-07-20 20:59:38,subscription,failed,network_error,returning,17,1,False,past_due,0,105718,0,False,0
txn_2c664791,cust_0095,5470,INR,2026-04-28 12:58:38,checkout,abandoned,none,new,1,0,True,none,0,7035,0,False,0
txn_8540fd3c,cust_0603,44456,INR,2026-03-18 05:58:38,invoice,successful,none,VIP,86,3,False,none,0,273216,0,True,44456
txn_63f0ee99,cust_0518,32182,INR,2026-02-28 02:31:38,subscription,failed,card_declined,new,1,0,False,past_due,0,36431,0,False,0
txn_2b297eda,cust_0467,45612,INR,2026-07-27 23:32:38,subscription,successful,none,returning,2,1,False,active,0,52662,0,True,45612
txn_e89ec165,cust_0586,8021,INR,2026-05-24 10:08:38,checkout,successful,none,returning,2,1,False,none,0,10949,0,True,8021
txn_1ad27e4a,cust_0803,9463,INR,2026-07-03 13:34:38,subscription,successful,none,VIP,73,0,False,active,0,228390,0,True,9463
txn_9ac8740b,cust_0358,236,INR,2026-06-09 00:58:38,payment,failed,network_error,new,0,0,False,none,0,236,0,False,0
txn_b17ef137,cust_0855,24827,INR,2026-05-02 04:44:38,invoice,overdue,none,VIP,97,1,False,none,61,183325,0,False,0
txn_aef267a5,cust_0092,47801,INR,2026-05-18 08:52:38,checkout,successful,none,VIP,99,3,False,none,0,411329,0,True,47801
txn_a28d8a03,cust_0754,44038,INR,2026-06-09 01:45:38,invoice,successful,none,returning,3,1,False,none,0,46147,0,True,44038
txn_57f886fe,cust_0198,36757,INR,2026-04-16 12:38:38,payment,successful,none,VIP,89,4,False,none,0,119794,0,True,36757
txn_0163b026,cust_0675,1323,INR,2026-06-25 20:33:38,payment,successful,none,VIP,43,0,False,none,0,119659,0,True,1323
txn_0ab4d170,cust_0827,29213,INR,2026-04-24 19:05:38,invoice,overdue,none,VIP,97,2,False,none,11,396940,0,False,0
txn_7d65371c,cust_0881,27293,INR,2026-08-02 02:16:38,payment,successful,none,VIP,60,3,False,none,0,183653,0,True,27293
txn_113db05a,cust_0787,12071,INR,2026-03-07 14:23:38,checkout,successful,none,new,0,0,False,none,0,12071,0,True,12071
txn_277fa8a3,cust_0731,21418,INR,2026-07-22 05:29:38,payment,failed,temporary_bank_error,new,1,0,False,none,0,25112,0,False,0
txn_00fb01e8,cust_0054,24709,INR,2026-04-20 07:19:38,payment,successful,none,new,0,0,False,none,0,24709,0,True,24709
txn_cbe02f08,cust_0567,20962,INR,2026-06-29 19:09:38,invoice,successful,none,returning,3,3,False,none,0,23170,0,True,20962
txn_2a0aeeed,cust_0253,38515,INR,2026-03-18 03:13:38,payment,successful,none,VIP,36,2,False,none,0,176467,0,True,38515
txn_8ef1bde1,cust_0383,9430,INR,2026-05-11 01:58:38,checkout,abandoned,none,VIP,41,1,True,none,0,210453,0,False,0
txn_2f03f45d,cust_0669,30551,INR,2026-04-26 10:48:38,checkout,successful,none,new,0,0,False,none,0,30551,0,True,30551
txn_746ab435,cust_0360,44664,INR,2026-07-16 19:52:38,invoice,successful,none,VIP,47,4,False,none,0,264624,0,True,44664
txn_aac5a721,cust_0405,19802,INR,2026-07-04 23:54:38,payment,successful,none,VIP,35,1,False,none,0,117417,0,True,19802
txn_1c3b198e,cust_0969,20960,INR,2026-06-06 09:13:38,invoice,overdue,none,returning,9,3,False,none,88,45584,0,False,0
txn_ccce49db,cust_0017,39389,INR,2026-08-26 18:43:38,checkout,successful,none,VIP,37,5,False,none,0,58481,0,True,39389
txn_4a915cc0,cust_0781,36524,INR,2026-03-09 04:43:38,invoice,successful,none,returning,18,0,False,none,0,56954,0,True,36524
txn_37d4d062,cust_0397,24766,INR,2026-07-09 05:26:38,checkout,successful,none,new,0,0,False,none,0,24766,0,True,24766
txn_6030cea8,cust_0697,1396,INR,2026-03-20 09:35:38,checkout,successful,none,VIP,65,1,False,none,0,81801,0,True,1396
txn_3edc49c9,cust_0288,15452,INR,2026-03-17 07:19:38,subscription,failed,insufficient_funds,returning,20,1,False,past_due,0,26612,0,False,0
txn_25b67e2a,cust_0506,37396,INR,2026-07-25 20:22:38,invoice,overdue,none,new,0,0,False,none,65,37396,0,False,0
txn_4112ec9c,cust_0903,37449,INR,2026-03-02 21:52:38,subscription,successful,none,VIP,55,1,False,active,0,75344,0,True,37449
txn_c71fd432,cust_0657,44709,INR,2026-05-15 11:19:38,subscription,failed,temporary_bank_error,VIP,26,2,False,canceled,0,149827,0,False,0
txn_8a43e51e,cust_0906,30678,INR,2026-04-13 05:06:38,subscription,failed,insufficient_funds,VIP,48,0,False,past_due,0,163926,0,False,0
txn_945e31db,cust_0084,12853,INR,2026-05-11 16:28:38,checkout,successful,none,VIP,23,5,False,none,0,66857,0,True,12853
txn_27234ccf,cust_0319,10879,INR,2026-08-21 00:35:38,checkout,successful,none,new,0,0,False,none,0,10879,0,True,10879
txn_9749f9fc,cust_0485,22008,INR,2026-04-16 12:22:38,subscription,failed,card_declined,new,1,0,False,past_due,0,22953,0,False,0
txn_1ee98659,cust_0450,40703,INR,2026-08-06 17:28:38,checkout,abandoned,none,new,1,0,True,none,0,42225,0,False,0
txn_77574ddc,cust_0802,20631,INR,2026-03-23 22:59:38,payment,successful,none,new,0,0,False,none,0,20631,0,True,20631
txn_69f96d88,cust_0573,44504,INR,2026-03-22 06:12:38,payment,successful,none,new,1,0,False,none,0,48128,0,True,44504
txn_84423118,cust_0011,43335,INR,2026-03-22 16:05:38,invoice,overdue,none,returning,13,3,False,none,80,95426,0,False,0
txn_fd79cee6,cust_0530,44387,INR,2026-03-27 21:22:38,payment,failed,authentication_failure,returning,19,1,False,none,0,70683,0,False,0
txn_0f5e314d,cust_0653,12788,INR,2026-03-22 05:15:38,subscription,successful,none,VIP,52,2,False,active,0,218084,0,True,12788
txn_2ddb9dd8,cust_0131,2988,INR,2026-05-28 09:49:38,payment,successful,none,returning,19,3,False,none,0,92345,0,True,2988
txn_80b1ba9a,cust_0481,9643,INR,2026-08-25 02:49:38,invoice,overdue,none,returning,20,2,False,none,19,67323,0,False,0
txn_0be44208,cust_0520,9576,INR,2026-07-06 22:28:38,payment,failed,card_declined,VIP,26,3,False,none,0,95792,0,False,0
txn_d5b54ae9,cust_0194,4582,INR,2026-06-04 00:50:38,checkout,successful,none,VIP,80,5,False,none,0,350822,0,True,4582
txn_73f4cb61,cust_0429,40476,INR,2026-08-17 04:12:38,invoice,overdue,none,returning,6,0,False,none,39,65802,0,False,0
txn_e3327ed5,cust_0710,41962,INR,2026-06-03 20:02:38,invoice,overdue,none,new,1,0,False,none,29,44208,0,False,0
txn_28be6c58,cust_0372,12174,INR,2026-07-29 15:08:38,payment,successful,none,new,0,0,True,none,0,12174,0,True,12174
txn_1c677244,cust_0045,41475,INR,2026-07-02 10:40:38,checkout,successful,none,new,0,0,False,none,0,41475,0,True,41475
txn_a496e222,cust_0183,36440,INR,2026-08-02 18:33:38,subscription,successful,none,new,0,0,False,active,0,36440,0,True,36440
txn_54c2e4ba,cust_0959,24933,INR,2026-05-23 22:16:38,payment,failed,insufficient_funds,new,1,0,False,none,0,29170,0,False,0
txn_d66f56e9,cust_0900,40942,INR,2026-07-25 13:14:38,invoice,overdue,none,VIP,28,0,False,none,56,88066,0,False,0
txn_2325d5fa,cust_0326,45605,INR,2026-03-23 01:14:38,checkout,successful,none,VIP,74,5,False,none,0,230827,0,True,45605
txn_306642f3,cust_0336,19379,INR,2026-04-19 00:30:38,invoice,overdue,none,new,0,0,False,none,20,19379,0,False,0
txn_913867ee,cust_0804,47764,INR,2026-03-15 03:03:38,payment,successful,none,returning,20,0,False,none,0,85184,0,True,47764
txn_553a016c,cust_0330,30526,INR,2026-04-23 04:09:38,subscription,successful,none,VIP,67,4,False,active,0,329279,0,True,30526
txn_3d5250cc,cust_0213,41918,INR,2026-05-18 13:07:38,payment,successful,none,new,0,0,False,none,0,41918,0,True,41918
txn_26de15e3,cust_0958,24812,INR,2026-06-13 04:53:38,subscription,successful,none,returning,9,0,False,active,0,39212,0,True,24812
txn_dd8f7c72,cust_0477,38370,INR,2026-05-09 06:03:38,payment,successful,none,VIP,99,2,False,none,0,433380,0,True,38370
txn_6632a132,cust_0280,20876,INR,2026-06-29 10:45:38,checkout,abandoned,none,returning,1,1,True,none,0,24994,0,False,0
txn_74ba6e29,cust_0863,5501,INR,2026-06-30 16:19:38,checkout,successful,none,VIP,85,4,False,none,0,102401,0,True,5501
txn_95774963,cust_0342,2608,INR,2026-03-06 11:14:38,subscription,successful,none,new,1,0,False,active,0,5156,0,True,2608
txn_7af363a8,cust_0289,9135,INR,2026-04-18 14:31:38,subscription,failed,temporary_bank_error,returning,13,3,False,canceled,0,16896,0,False,0
txn_cb864671,cust_0486,14971,INR,2026-08-06 08:32:38,subscription,successful,none,new,1,0,False,active,0,19250,0,True,14971
txn_9d6b84df,cust_0215,45840,INR,2026-07-26 09:39:38,invoice,successful,none,returning,15,0,False,none,0,99375,0,True,45840
txn_8109c51e,cust_0348,43278,INR,2026-05-15 20:52:38,checkout,successful,none,new,1,0,False,none,0,47265,0,True,43278
txn_6b9dc4ac,cust_0582,38566,INR,2026-06-04 00:46:38,payment,successful,none,new,0,0,False,none,0,38566,0,True,38566
txn_f21ec90c,cust_0588,39935,INR,2026-08-11 02:02:38,checkout,abandoned,none,returning,13,1,True,none,0,88035,0,False,0
txn_02228797,cust_0584,7219,INR,2026-04-08 14:24:38,checkout,successful,none,returning,10,0,False,none,0,26259,0,True,7219
txn_b894c560,cust_0501,39642,INR,2026-08-10 07:08:38,checkout,abandoned,none,new,0,0,True,none,0,39642,0,False,0
txn_6ab2e082,cust_0466,19177,INR,2026-06-05 06:01:38,payment,successful,none,new,1,0,True,none,0,23924,0,True,19177
txn_a521a5f6,cust_0550,7357,INR,2026-07-06 14:31:38,subscription,successful,none,returning,16,0,False,active,0,66333,0,True,7357
txn_05eb6907,cust_0163,28424,INR,2026-03-05 05:09:38,invoice,successful,none,VIP,93,2,False,none,0,229490,0,True,28424
txn_dcdba34a,cust_0066,9451,INR,2026-04-04 03:57:38,invoice,successful,none,returning,20,1,False,none,0,105591,0,True,9451
txn_b459f5e3,cust_0295,2661,INR,2026-07-14 06:11:38,payment,successful,none,VIP,78,2,False,none,0,231669,0,True,2661
txn_631a1f1e,cust_0469,40583,INR,2026-08-16 11:30:38,invoice,successful,none,returning,6,0,False,none,0,62921,0,True,40583
txn_100195bc,cust_0551,18042,INR,2026-04-08 16:03:38,invoice,overdue,none,returning,3,1,False,none,81,31668,0,False,0
txn_5ca0e470,cust_0420,6995,INR,2026-05-01 19:22:38,checkout,successful,none,returning,6,2,False,none,0,20183,0,True,6995
txn_49e235de,cust_0764,44377,INR,2026-07-28 20:28:38,subscription,failed,authentication_failure,returning,7,3,True,canceled,0,50040,0,False,0
txn_6a94816a,cust_0497,44028,INR,2026-05-07 14:56:38,invoice,successful,none,returning,3,0,False,none,0,59004,0,True,44028
txn_16a2d08e,cust_0175,10675,INR,2026-06-13 15:52:38,checkout,abandoned,none,new,0,0,True,none,0,10675,0,False,0
txn_742982fb,cust_0782,11139,INR,2026-07-13 12:41:38,payment,failed,unknown,new,1,0,False,none,0,12896,0,False,0
txn_85a68c97,cust_0453,44339,INR,2026-03-12 16:02:38,subscription,successful,none,VIP,26,5,False,active,0,168697,0,True,44339
txn_ef780651,cust_0005,29197,INR,2026-05-24 12:14:38,payment,failed,network_error,new,1,0,False,none,0,31349,0,False,0
txn_f8e6aae7,cust_0015,27735,INR,2026-08-02 22:16:38,payment,successful,none,returning,7,0,False,none,0,43877,0,True,27735
txn_a614b57c,cust_0836,2984,INR,2026-05-18 06:19:38,subscription,failed,network_error,returning,11,1,False,past_due,0,27140,0,False,0
txn_8032744f,cust_0332,7039,INR,2026-08-24 07:13:38,checkout,successful,none,new,0,0,False,none,0,7039,0,True,7039
txn_1575237d,cust_0666,4426,INR,2026-05-14 09:37:38,checkout,successful,none,VIP,67,0,False,none,0,74843,0,True,4426
txn_d2f236b4,cust_0258,6772,INR,2026-03-03 15:05:38,subscription,successful,none,new,1,0,False,active,0,10455,0,True,6772
txn_5cedbd0c,cust_0872,45164,INR,2026-03-31 05:02:38,checkout,successful,none,VIP,81,0,True,none,0,308009,0,True,45164
txn_a11ac8e9,cust_0516,48715,INR,2026-07-27 10:11:38,subscription,successful,none,VIP,21,1,False,active,0,62848,0,True,48715
txn_04db76f6,cust_0082,49726,INR,2026-07-07 15:02:38,payment,failed,network_error,new,0,0,False,none,0,49726,0,False,0
txn_84b27d41,cust_0946,2584,INR,2026-06-06 22:36:38,subscription,successful,none,VIP,96,3,False,active,0,309016,0,True,2584
txn_e0cb04c7,cust_0811,34235,INR,2026-06-04 09:11:38,checkout,abandoned,none,returning,10,0,True,none,0,57995,0,False,0
txn_ea35d6ee,cust_0821,3643,INR,2026-07-12 04:46:38,subscription,successful,none,VIP,48,4,False,active,0,177643,0,True,3643
txn_ce4f4226,cust_0977,32320,INR,2026-07-26 17:15:38,payment,successful,none,new,0,0,False,none,0,32320,0,True,32320
txn_66e5e2ca,cust_0520,13493,INR,2026-07-08 11:59:38,subscription,successful,none,new,1,0,False,active,0,17819,0,True,13493
txn_37a520b9,cust_0293,16416,INR,2026-04-26 17:03:38,checkout,successful,none,VIP,77,5,False,none,0,181889,0,True,16416
txn_6a63f100,cust_0452,11094,INR,2026-04-26 18:38:38,invoice,successful,none,returning,17,3,False,none,0,41286,0,True,11094
txn_b5d306bb,cust_0610,5554,INR,2026-05-01 09:57:38,checkout,successful,none,VIP,39,4,False,none,0,81175,0,True,5554
txn_f4f7fa1e,cust_0074,36940,INR,2026-07-10 19:26:38,invoice,successful,none,returning,5,3,False,none,0,47455,0,True,36940
txn_03afa3be,cust_0504,47965,INR,2026-06-09 22:49:38,invoice,overdue,none,returning,14,3,False,none,48,97749,0,False,0
txn_16cc9eaf,cust_0395,2644,INR,2026-05-30 02:41:38,payment,successful,none,VIP,40,1,False,none,0,165604,0,True,2644
txn_79a073b3,cust_0714,45220,INR,2026-06-26 04:24:38,checkout,successful,none,new,1,0,False,none,0,49193,0,True,45220
txn_b8f92b8f,cust_0724,23785,INR,2026-05-02 22:17:38,invoice,overdue,none,VIP,23,5,False,none,81,63138,0,False,0
txn_7c0ab230,cust_0013,39562,INR,2026-03-30 16:53:38,subscription,successful,none,new,0,0,False,active,0,39562,0,True,39562
txn_658d487b,cust_0850,27818,INR,2026-03-12 06:49:38,invoice,overdue,none,returning,9,2,False,none,22,69227,0,False,0
txn_0ff1909c,cust_0112,27075,INR,2026-07-04 20:01:38,payment,successful,none,VIP,93,2,False,none,0,182292,0,True,27075
txn_afe6548c,cust_0002,520,INR,2026-03-13 09:40:38,payment,failed,authentication_failure,new,0,0,False,none,0,520,0,False,0
txn_a87d884b,cust_0191,11660,INR,2026-07-30 04:50:38,checkout,successful,none,VIP,37,1,False,none,0,177605,0,True,11660
txn_c15b2d3c,cust_0206,12265,INR,2026-06-22 05:58:38,checkout,abandoned,none,new,0,0,True,none,0,12265,0,False,0
txn_39af1189,cust_0171,41022,INR,2026-06-18 17:05:38,payment,failed,unknown,new,1,0,False,none,0,42224,0,False,0
txn_3d0404ab,cust_0497,15486,INR,2026-08-25 21:49:38,invoice,successful,none,VIP,32,0,False,none,0,47486,0,True,15486
txn_ccbc1d6e,cust_0100,2843,INR,2026-03-26 02:38:38,checkout,abandoned,none,new,0,0,True,none,0,2843,0,False,0
txn_733a0165,cust_0776,31945,INR,2026-06-01 08:34:38,invoice,successful,none,returning,20,3,False,none,0,97085,0,True,31945
txn_06b0a778,cust_0388,23772,INR,2026-08-27 04:31:38,invoice,successful,none,VIP,27,2,False,none,0,110307,0,True,23772
txn_10ac6cf9,cust_0617,47628,INR,2026-03-21 21:44:38,payment,failed,temporary_bank_error,new,1,0,False,none,0,50164,0,False,0
txn_a03d2891,cust_0677,33845,INR,2026-05-27 17:35:38,invoice,overdue,none,new,0,0,True,none,53,33845,0,False,0
txn_82828b65,cust_0410,44528,INR,2026-04-27 21:32:38,subscription,failed,card_declined,VIP,98,0,False,canceled,0,373122,0,False,0
txn_fa18ae63,cust_0730,6683,INR,2026-08-05 09:33:38,subscription,failed,insufficient_funds,new,0,0,False,past_due,0,6683,0,False,0
txn_42e02863,cust_0978,36062,INR,2026-07-04 13:38:38,subscription,failed,card_declined,new,1,0,False,canceled,0,40991,0,False,0
txn_b0b1f63a,cust_0109,45969,INR,2026-06-17 11:40:38,invoice,overdue,none,returning,1,1,False,none,12,49143,0,False,0
txn_4caccd86,cust_0682,31314,INR,2026-06-03 11:27:38,payment,successful,none,new,1,0,False,none,0,32554,0,True,31314
txn_61eb002a,cust_0660,39466,INR,2026-07-01 11:19:38,payment,successful,none,returning,13,3,False,none,0,92493,0,True,39466
txn_1fada351,cust_0349,7399,INR,2026-07-26 09:02:38,payment,successful,none,VIP,95,1,False,none,0,145244,0,True,7399
txn_0546f26b,cust_0064,210,INR,2026-06-07 07:35:38,checkout,successful,none,VIP,88,1,False,none,0,323962,0,True,210
txn_a38a770b,cust_0405,8377,INR,2026-06-13 11:55:38,payment,failed,temporary_bank_error,new,1,0,False,none,0,11465,0,False,0
txn_602765f1,cust_0614,9761,INR,2026-02-28 00:56:38,subscription,failed,card_declined,returning,10,0,False,past_due,0,37161,0,False,0
txn_dce348fb,cust_0061,14236,INR,2026-08-14 13:32:38,subscription,failed,insufficient_funds,returning,5,1,False,canceled,0,25951,0,False,0
txn_972057fc,cust_0835,25777,INR,2026-05-10 21:56:38,checkout,successful,none,VIP,40,0,False,none,0,225297,0,True,25777
txn_c6aa32b2,cust_0401,49757,INR,2026-07-08 20:32:38,invoice,overdue,none,new,1,0,False,none,51,52570,0,False,0
txn_7043d8de,cust_0332,6477,INR,2026-07-17 01:18:38,subscription,successful,none,VIP,26,5,False,active,0,84217,0,True,6477
txn_4e08a633,cust_0919,31717,INR,2026-07-07 19:45:38,checkout,successful,none,new,0,0,False,none,0,31717,0,True,31717
txn_5d049fe2,cust_0695,47676,INR,2026-07-15 18:20:38,payment,successful,none,new,1,0,False,none,0,51674,0,True,47676
txn_9e170273,cust_0968,31155,INR,2026-03-29 06:17:38,subscription,successful,none,new,0,0,False,active,0,31155,0,True,31155
txn_2235f730,cust_0122,26576,INR,2026-03-28 13:45:38,payment,failed,temporary_bank_error,new,1,0,False,none,0,31078,0,False,0
txn_a8f9260b,cust_0886,45437,INR,2026-07-28 16:21:38,payment,failed,authentication_failure,VIP,68,2,False,none,0,327365,0,False,0
txn_6bfc9e76,cust_0024,42135,INR,2026-08-03 01:15:38,subscription,successful,none,VIP,93,4,False,active,0,453939,0,True,42135
txn_11569bc7,cust_0306,42344,INR,2026-04-12 14:01:38,invoice,successful,none,VIP,36,0,False,none,0,156248,0,True,42344
txn_3baaf588,cust_0404,1394,INR,2026-08-11 02:33:38,checkout,abandoned,none,VIP,88,4,True,none,0,397570,0,False,0
txn_23b29629,cust_0772,46876,INR,2026-03-03 14:26:38,payment,successful,none,new,0,0,False,none,0,46876,0,True,46876
txn_814b4dcd,cust_0041,20697,INR,2026-06-23 18:21:38,payment,successful,none,new,0,0,False,none,0,20697,0,True,20697
txn_89374ef9,cust_0373,33270,INR,2026-08-16 02:29:38,invoice,overdue,none,VIP,41,3,False,none,39,53770,0,False,0
txn_b7124a86,cust_0547,43298,INR,2026-04-16 07:48:38,checkout,abandoned,none,returning,5,3,True,none,0,58613,0,False,0
txn_8c04a822,cust_0679,13852,INR,2026-06-12 13:18:38,payment,successful,none,new,0,0,False,none,0,13852,0,True,13852
txn_4c0719a2,cust_0747,14258,INR,2026-03-14 14:01:38,subscription,failed,insufficient_funds,VIP,74,0,False,past_due,0,205770,0,False,0
txn_942d59b7,cust_0963,16757,INR,2026-06-19 22:42:38,invoice,successful,none,VIP,38,4,False,none,0,99179,0,True,16757
txn_66eaeb1e,cust_0430,46921,INR,2026-03-26 12:22:38,subscription,failed,network_error,new,1,0,False,past_due,0,50973,0,False,0
txn_ccd6e523,cust_0701,34930,INR,2026-05-27 08:37:38,payment,successful,none,VIP,72,0,False,none,0,265186,0,True,34930
txn_b4dbc51c,cust_0011,14895,INR,2026-08-01 16:15:38,checkout,successful,none,new,1,0,False,none,0,17215,0,True,14895
txn_b3df2277,cust_0098,20190,INR,2026-03-25 15:29:38,invoice,successful,none,VIP,64,5,False,none,0,200030,0,True,20190
txn_1a494fe4,cust_0186,20940,INR,2026-06-22 18:43:38,invoice,successful,none,returning,18,3,False,none,0,100248,0,True,20940
txn_897adcc0,cust_0147,10290,INR,2026-03-17 07:41:38,subscription,successful,none,returning,19,2,False,active,0,28017,0,True,10290
txn_188ecab5,cust_0624,44547,INR,2026-05-29 04:54:38,checkout,abandoned,none,returning,15,1,True,none,0,105972,0,False,0
txn_731f8141,cust_0313,28134,INR,2026-08-03 23:21:38,subscription,successful,none,VIP,31,2,False,active,0,146864,0,True,28134
txn_5c1ceef1,cust_0170,15831,INR,2026-04-23 18:59:38,payment,successful,none,VIP,27,0,False,none,0,92538,0,True,15831
txn_698d3e4f,cust_0510,47993,INR,2026-03-23 12:28:38,payment,failed,authentication_failure,VIP,88,5,False,none,0,181841,0,False,0
txn_5336c46b,cust_0732,577,INR,2026-03-11 02:43:38,checkout,abandoned,none,returning,18,2,True,none,0,45577,0,False,0
txn_746038f6,cust_0180,39904,INR,2026-08-14 05:55:38,subscription,failed,card_declined,new,1,0,False,past_due,0,41496,0,False,0
txn_ce0e14d7,cust_0347,24563,INR,2026-04-26 10:10:38,payment,successful,none,VIP,51,4,False,none,0,99278,0,True,24563
txn_b8b32c1e,cust_0223,48467,INR,2026-04-25 18:04:38,invoice,successful,none,returning,17,0,False,none,0,121448,0,True,48467
txn_27f44f3c,cust_0306,30269,INR,2026-07-11 07:04:38,checkout,successful,none,returning,4,0,False,none,0,43725,0,True,30269
txn_c6429722,cust_0203,28333,INR,2026-04-25 19:17:38,invoice,successful,none,new,0,0,False,none,0,28333,0,True,28333
txn_b169d02a,cust_0232,16492,INR,2026-05-26 05:29:38,checkout,abandoned,none,returning,13,2,True,none,0,54855,0,False,0
txn_e389f517,cust_0450,17760,INR,2026-05-08 19:04:38,payment,successful,none,VIP,76,1,False,none,0,142780,0,True,17760
txn_879e1a1a,cust_0114,46579,INR,2026-05-11 20:05:38,invoice,overdue,none,new,1,0,False,none,26,47408,0,False,0
txn_ed9ea14a,cust_0204,10606,INR,2026-04-22 21:41:38,invoice,overdue,none,returning,9,0,False,none,86,46147,0,False,0
txn_27fd65c7,cust_0514,49323,INR,2026-08-22 15:17:38,invoice,successful,none,VIP,69,1,False,none,0,145785,0,True,49323
txn_cb4f5532,cust_0054,994,INR,2026-06-14 09:55:38,subscription,successful,none,VIP,63,3,False,active,0,36589,0,True,994
txn_f36e6a81,cust_0633,28211,INR,2026-07-29 10:42:38,subscription,successful,none,new,0,0,False,active,0,28211,0,True,28211
txn_3af5379d,cust_0486,28225,INR,2026-07-10 00:46:38,subscription,successful,none,VIP,33,5,False,active,0,180520,0,True,28225
txn_bd4c57f4,cust_0411,15132,INR,2026-05-10 18:47:38,payment,failed,card_declined,new,1,0,False,none,0,17206,0,False,0
txn_c60004ac,cust_0418,3439,INR,2026-05-10 04:23:38,invoice,successful,none,VIP,59,5,False,none,0,144744,0,True,3439
txn_0d814058,cust_0312,42296,INR,2026-05-29 21:00:38,payment,successful,none,new,1,0,False,none,0,45774,0,True,42296
txn_394c79a7,cust_0042,3216,INR,2026-04-29 10:28:38,subscription,successful,none,new,0,0,False,active,0,3216,0,True,3216
txn_e63b79a5,cust_0972,28339,INR,2026-03-09 18:43:38,payment,failed,insufficient_funds,returning,12,2,False,none,0,64255,0,False,0
txn_a1850e58,cust_0370,8639,INR,2026-06-27 23:09:38,checkout,successful,none,VIP,66,5,False,none,0,327551,0,True,8639
txn_6866913e,cust_0909,25269,INR,2026-03-13 13:14:38,payment,successful,none,new,0,0,True,none,0,25269,0,True,25269
txn_d4578bfc,cust_0634,6564,INR,2026-07-19 18:18:38,payment,failed,network_error,returning,10,3,False,none,0,28104,0,False,0
txn_04c35905,cust_0913,36177,INR,2026-07-28 06:22:38,checkout,successful,none,VIP,64,2,False,none,0,303249,0,True,36177
txn_79a762c6,cust_0171,34425,INR,2026-04-05 17:36:38,payment,successful,none,VIP,55,5,False,none,0,120005,0,True,34425
txn_7edc54fb,cust_0507,12564,INR,2026-04-19 06:51:38,invoice,overdue,none,VIP,88,4,False,none,51,110596,0,False,0
txn_e0a7b3a4,cust_0622,26370,INR,2026-07-18 01:13:38,checkout,abandoned,none,returning,7,1,True,none,0,30073,0,False,0
txn_fe816b26,cust_0516,680,INR,2026-06-12 21:09:38,invoice,successful,none,VIP,87,2,False,none,0,260375,0,True,680
txn_a65dd9cf,cust_0047,11313,INR,2026-06-17 15:09:38,subscription,successful,none,VIP,50,2,False,active,0,52313,0,True,11313
txn_99221540,cust_0255,3476,INR,2026-03-19 00:03:38,invoice,overdue,none,new,0,0,False,none,83,3476,0,False,0
txn_3fd281d6,cust_0740,46333,INR,2026-08-12 22:34:38,checkout,successful,none,new,1,0,False,none,0,49248,0,True,46333
txn_cae1d8bd,cust_0749,23396,INR,2026-03-31 15:40:38,subscription,successful,none,returning,6,2,False,active,0,27164,0,True,23396
txn_30099705,cust_0837,25133,INR,2026-03-19 07:17:38,subscription,failed,unknown,returning,8,2,False,past_due,0,46741,0,False,0
txn_49b007f8,cust_0378,47928,INR,2026-05-02 13:34:38,invoice,successful,none,new,1,0,False,none,0,49195,0,True,47928
txn_3b01b3f0,cust_0503,12477,INR,2026-07-17 13:34:38,invoice,overdue,none,VIP,43,5,True,none,73,133307,0,False,0
txn_64c5dccf,cust_0072,39934,INR,2026-03-15 07:20:38,subscription,successful,none,new,0,0,False,active,0,39934,0,True,39934
txn_e1705b3e,cust_0103,9097,INR,2026-03-16 18:18:38,payment,failed,network_error,returning,13,0,False,none,0,27310,0,False,0
txn_886fec97,cust_0147,5578,INR,2026-07-31 01:39:38,checkout,successful,none,VIP,96,0,False,none,0,60874,0,True,5578
txn_91b09e3a,cust_0088,46463,INR,2026-04-05 04:34:38,checkout,abandoned,none,new,0,0,True,none,0,46463,0,False,0
txn_a8167fce,cust_0159,21841,INR,2026-03-20 02:19:38,invoice,successful,none,new,0,0,False,none,0,21841,0,True,21841
txn_d5dc3b71,cust_0558,3018,INR,2026-07-01 19:12:38,payment,successful,none,returning,4,3,True,none,0,9662,0,True,3018
txn_c4f8f463,cust_0672,9758,INR,2026-07-30 12:20:38,checkout,successful,none,returning,8,3,False,none,0,21118,0,True,9758
txn_6fd76995,cust_0079,18568,INR,2026-08-06 17:48:38,invoice,overdue,none,VIP,62,0,False,none,46,232654,0,False,0
txn_5d1e2e98,cust_0615,28190,INR,2026-03-05 09:47:38,checkout,successful,none,new,1,0,False,none,0,29920,0,True,28190
txn_a65067e9,cust_0897,22931,INR,2026-03-11 07:27:38,checkout,abandoned,none,new,1,0,True,none,0,27520,0,False,0
txn_ae10c387,cust_0808,46716,INR,2026-05-20 04:40:38,payment,successful,none,new,0,0,False,none,0,46716,0,True,46716
txn_a440a2e5,cust_0835,31454,INR,2026-06-17 15:21:38,checkout,abandoned,none,new,0,0,True,none,0,31454,0,False,0
txn_34030dbe,cust_0786,8458,INR,2026-03-03 05:48:38,subscription,successful,none,returning,12,2,False,active,0,63034,0,True,8458
txn_5f5a30d5,cust_0142,21953,INR,2026-04-09 03:52:38,checkout,abandoned,none,VIP,51,3,True,none,0,222332,0,False,0
txn_1a543a99,cust_0394,34996,INR,2026-03-02 20:12:38,subscription,successful,none,new,1,0,False,active,0,39812,0,True,34996
txn_c8461608,cust_0872,15513,INR,2026-07-30 17:28:38,subscription,failed,temporary_bank_error,new,1,0,False,past_due,0,19895,0,False,0
txn_6c81a042,cust_0472,9232,INR,2026-07-01 17:39:38,checkout,successful,none,new,1,0,False,none,0,11718,0,True,9232
txn_03082705,cust_0387,45698,INR,2026-03-01 15:44:38,subscription,successful,none,VIP,23,5,False,active,0,137215,0,True,45698
txn_cc29e9e4,cust_0031,31349,INR,2026-08-08 18:50:38,subscription,successful,none,new,1,0,False,active,0,33006,0,True,31349
txn_f4429734,cust_0154,27395,INR,2026-04-13 21:07:38,checkout,abandoned,none,new,1,0,True,none,0,29042,0,False,0
txn_4173f654,cust_0455,47453,INR,2026-03-16 17:48:38,checkout,successful,none,VIP,21,2,False,none,0,77084,0,True,47453
txn_fab05259,cust_0165,33083,INR,2026-03-06 04:51:38,checkout,abandoned,none,new,1,0,True,none,0,37053,0,False,0
txn_b17a3126,cust_0434,17011,INR,2026-07-25 20:13:38,subscription,failed,unknown,new,1,0,False,past_due,0,18264,0,False,0
txn_0acc466d,cust_0402,3769,INR,2026-03-12 23:01:38,subscription,successful,none,new,0,0,False,active,0,3769,0,True,3769
txn_93f7d692,cust_0056,10901,INR,2026-07-31 16:22:38,checkout,abandoned,none,returning,14,1,True,none,0,48855,0,False,0
txn_f4f7dc2b,cust_0246,22085,INR,2026-08-25 10:14:38,payment,successful,none,returning,6,0,False,none,0,28295,0,True,22085
txn_494e55e1,cust_0247,41937,INR,2026-06-08 17:07:38,payment,successful,none,returning,3,0,True,none,0,55326,0,True,41937
txn_bb6c4738,cust_0982,23473,INR,2026-05-28 14:42:38,checkout,successful,none,returning,17,1,False,none,0,75765,0,True,23473
txn_42d5bc61,cust_0515,21813,INR,2026-08-18 10:16:38,subscription,failed,unknown,new,0,0,False,past_due,0,21813,0,False,0
txn_5e67812a,cust_0907,30450,INR,2026-03-05 23:17:38,payment,successful,none,VIP,31,5,False,none,0,104757,0,True,30450
txn_b4a0239b,cust_0987,10654,INR,2026-06-01 04:36:38,checkout,abandoned,none,VIP,86,5,True,none,0,422250,0,False,0
txn_160be61f,cust_0639,19160,INR,2026-03-24 00:22:38,checkout,successful,none,returning,2,3,False,none,0,24076,0,True,19160
txn_c74122b9,cust_0510,37252,INR,2026-06-09 01:31:38,invoice,overdue,none,new,0,0,False,none,81,37252,0,False,0
txn_ac4c3d2a,cust_0097,5812,INR,2026-06-17 01:03:38,invoice,overdue,none,returning,11,1,False,none,64,37943,0,False,0
txn_a2f0f1ef,cust_0728,4761,INR,2026-05-05 22:27:38,subscription,successful,none,returning,9,3,False,active,0,28134,0,True,4761
txn_b52e61f3,cust_0041,8224,INR,2026-03-06 14:58:38,invoice,successful,none,returning,10,3,False,none,0,46724,0,True,8224
txn_bf59d817,cust_0383,41035,INR,2026-03-06 17:47:38,checkout,successful,none,new,1,0,False,none,0,45679,0,True,41035
txn_3335f235,cust_0717,3839,INR,2026-07-18 01:01:38,invoice,overdue,none,VIP,21,1,False,none,32,32441,0,False,0
txn_4a6dd772,cust_0896,14717,INR,2026-04-13 05:20:38,invoice,overdue,none,returning,3,2,False,none,50,27665,0,False,0
txn_0e7cbd5f,cust_0940,48057,INR,2026-06-07 08:48:38,payment,successful,none,returning,14,1,False,none,0,101103,0,True,48057
txn_6c435357,cust_0118,46125,INR,2026-04-29 14:46:38,invoice,successful,none,returning,15,0,False,none,0,120600,0,True,46125
txn_7c3782eb,cust_0616,37337,INR,2026-07-04 18:13:38,payment,successful,none,returning,2,2,False,none,0,45383,0,True,37337
txn_7ed2c06f,cust_0434,49816,INR,2026-06-18 07:21:38,invoice,overdue,none,returning,9,1,False,none,88,60472,0,False,0
txn_dc2a1eb1,cust_0893,46775,INR,2026-08-14 16:29:38,invoice,successful,none,returning,17,1,False,none,0,91400,0,True,46775
txn_eaa4e3b4,cust_0169,22514,INR,2026-04-11 20:36:38,invoice,overdue,none,new,1,0,False,none,39,26447,0,False,0
txn_cb4629a0,cust_0364,45758,INR,2026-03-28 13:22:38,invoice,successful,none,VIP,93,3,False,none,0,99791,0,True,45758
txn_86fcc56b,cust_0681,38011,INR,2026-07-21 03:31:38,payment,failed,insufficient_funds,VIP,60,0,False,none,0,141931,0,False,0
txn_e14c7bab,cust_0270,44267,INR,2026-03-17 01:20:38,invoice,successful,none,VIP,20,3,False,none,0,74847,0,True,44267
txn_3cf51857,cust_0431,48970,INR,2026-07-05 12:43:38,subscription,successful,none,VIP,89,1,False,active,0,368658,0,True,48970
txn_626e0f5b,cust_0834,1041,INR,2026-07-26 20:55:38,checkout,successful,none,returning,1,2,False,none,0,4055,0,True,1041
txn_f31ba9ed,cust_0361,29984,INR,2026-07-13 04:59:38,subscription,failed,authentication_failure,VIP,74,4,False,canceled,0,270558,0,False,0
txn_95405359,cust_0556,36325,INR,2026-02-28 23:27:38,subscription,successful,none,returning,13,2,False,active,0,89404,0,True,36325
txn_3172aed4,cust_0826,6602,INR,2026-05-14 15:55:38,invoice,overdue,none,new,0,0,False,none,12,6602,0,False,0
txn_9dcf721e,cust_0455,40983,INR,2026-07-04 11:37:38,payment,failed,unknown,VIP,94,0,False,none,0,311139,0,False,0
txn_1276f1d8,cust_0201,25074,INR,2026-03-14 20:36:38,payment,successful,none,returning,4,2,False,none,0,42274,0,True,25074
txn_19fcd6bf,cust_0275,598,INR,2026-08-26 06:24:38,subscription,failed,card_declined,VIP,53,2,False,canceled,0,207139,0,False,0
txn_fd435cce,cust_0861,10151,INR,2026-04-03 06:11:38,checkout,successful,none,VIP,96,2,False,none,0,321671,0,True,10151
txn_4a945ca5,cust_0632,25748,INR,2026-03-18 06:40:38,subscription,successful,none,VIP,70,0,False,active,0,306798,0,True,25748
txn_d8898cd6,cust_0448,20948,INR,2026-03-19 00:36:38,subscription,successful,none,new,0,0,False,active,0,20948,0,True,20948
txn_d2519d1a,cust_0858,41211,INR,2026-08-21 06:26:38,checkout,successful,none,VIP,40,2,False,none,0,127971,0,True,41211
txn_c90929e8,cust_0633,38981,INR,2026-07-25 04:46:38,payment,failed,temporary_bank_error,VIP,89,0,True,none,0,362229,0,False,0
txn_91d642d9,cust_0669,23569,INR,2026-06-25 19:37:38,payment,failed,card_declined,new,1,0,False,none,0,25656,0,False,0
txn_17ffb2f1,cust_0789,24879,INR,2026-07-21 23:25:38,checkout,abandoned,none,returning,2,2,True,none,0,27237,0,False,0
txn_a29c07d5,cust_0471,38068,INR,2026-07-12 17:22:38,payment,failed,temporary_bank_error,VIP,35,0,False,none,0,96203,0,False,0
txn_d5cd2615,cust_0401,23784,INR,2026-04-24 23:22:38,subscription,successful,none,new,1,0,False,active,0,24463,0,True,23784
txn_5071bc53,cust_0912,27619,INR,2026-07-12 21:50:38,invoice,successful,none,returning,15,1,False,none,0,57199,0,True,27619
txn_08428206,cust_0356,2161,INR,2026-06-23 16:14:38,payment,failed,insufficient_funds,returning,20,0,False,none,0,38101,0,False,0
txn_6ccf3aba,cust_0525,35224,INR,2026-07-03 19:06:38,payment,failed,network_error,new,0,0,False,none,0,35224,0,False,0
txn_19d32c54,cust_0275,5568,INR,2026-04-07 23:08:38,subscription,successful,none,returning,16,1,False,active,0,25616,0,True,5568
txn_5bb5b8d8,cust_0525,32592,INR,2026-06-17 07:20:38,invoice,successful,none,returning,7,2,False,none,0,46004,0,True,32592
txn_9c928411,cust_0170,38607,INR,2026-05-10 23:39:38,checkout,successful,none,new,1,0,False,none,0,42657,0,True,38607
txn_4fc6bc6b,cust_0622,20989,INR,2026-03-19 16:58:38,payment,successful,none,returning,14,1,False,none,0,68463,0,True,20989
txn_a96eb107,cust_0601,2312,INR,2026-07-12 08:59:38,checkout,successful,none,returning,10,2,True,none,0,39932,0,True,2312
txn_f7b1e52d,cust_0252,23545,INR,2026-05-24 14:37:38,checkout,abandoned,none,new,0,0,True,none,0,23545,0,False,0
txn_94e4ae39,cust_0705,731,INR,2026-06-06 11:51:38,checkout,successful,none,new,1,0,False,none,0,2982,0,True,731
txn_fbacc618,cust_0540,18686,INR,2026-03-09 16:50:38,subscription,successful,none,new,0,0,False,active,0,18686,0,True,18686
txn_8591a693,cust_0775,27739,INR,2026-04-23 04:24:38,invoice,overdue,none,returning,11,2,False,none,88,51092,0,False,0
txn_05963bb0,cust_0128,27706,INR,2026-08-22 10:25:38,invoice,overdue,none,returning,6,2,False,none,16,49522,0,False,0
txn_b7159bb1,cust_0292,37832,INR,2026-04-14 18:05:38,payment,failed,authentication_failure,new,1,0,False,none,0,38635,0,False,0
txn_20b40a7b,cust_0741,4651,INR,2026-04-07 08:55:38,subscription,failed,temporary_bank_error,returning,9,2,False,canceled,0,34639,0,False,0
txn_7ec85160,cust_0506,25877,INR,2026-08-15 19:18:38,subscription,failed,unknown,VIP,35,2,True,canceled,0,72812,0,False,0
txn_2bdefd35,cust_0232,21258,INR,2026-05-25 02:26:38,invoice,successful,none,new,0,0,False,none,0,21258,0,True,21258
txn_8cf651de,cust_0905,3540,INR,2026-08-08 11:05:38,invoice,overdue,none,new,0,0,False,none,34,3540,0,False,0
txn_52bb34c1,cust_0948,24974,INR,2026-07-21 00:30:38,subscription,failed,unknown,new,1,0,False,past_due,0,26456,0,False,0
txn_e7551203,cust_0458,27185,INR,2026-04-26 21:55:38,invoice,overdue,none,VIP,35,4,False,none,82,195955,0,False,0
txn_d20821c6,cust_0232,21196,INR,2026-05-29 01:33:38,invoice,overdue,none,new,1,0,False,none,62,24122,0,False,0
txn_e48bbac4,cust_0753,43319,INR,2026-08-12 13:26:38,invoice,overdue,none,new,0,0,False,none,83,43319,0,False,0
txn_8f08c532,cust_0108,30780,INR,2026-03-13 14:32:38,subscription,failed,card_declined,returning,7,2,False,canceled,0,52158,0,False,0
txn_7029d11a,cust_0939,8623,INR,2026-05-17 13:22:38,subscription,successful,none,returning,13,3,False,active,0,69801,0,True,8623
txn_8178202c,cust_0975,10860,INR,2026-07-30 12:25:38,checkout,successful,none,VIP,33,1,False,none,0,151968,0,True,10860
txn_e16bde6a,cust_0030,12357,INR,2026-04-09 17:04:38,invoice,overdue,none,returning,17,3,False,none,35,69868,0,False,0
txn_b47dbf47,cust_0515,9971,INR,2026-05-25 16:23:38,invoice,successful,none,returning,17,2,False,none,0,25866,0,True,9971
txn_7df4809b,cust_0194,48072,INR,2026-04-17 06:20:38,subscription,failed,card_declined,returning,6,2,False,canceled,0,77100,0,False,0
txn_67b74ec4,cust_0225,42458,INR,2026-06-27 16:52:38,payment,failed,temporary_bank_error,new,0,0,False,none,0,42458,0,False,0
txn_08159497,cust_0402,14941,INR,2026-07-15 13:04:38,invoice,successful,none,returning,4,1,False,none,0,25729,0,True,14941
txn_d77e1d1a,cust_0097,46358,INR,2026-03-04 12:16:38,subscription,failed,unknown,new,1,0,False,past_due,0,49359,0,False,0
txn_0f15d6b2,cust_0192,4651,INR,2026-05-10 09:25:38,subscription,successful,none,returning,15,1,False,active,0,13711,0,True,4651
txn_fba5ddfa,cust_0175,17390,INR,2026-03-31 18:55:38,payment,successful,none,VIP,21,4,False,none,0,88454,0,True,17390
txn_1a118bf5,cust_0047,31070,INR,2026-07-16 14:37:38,invoice,overdue,none,new,1,0,False,none,15,33440,0,False,0
txn_c55b1a66,cust_0464,20062,INR,2026-05-02 18:34:38,checkout,successful,none,returning,12,2,False,none,0,73882,0,True,20062
txn_f47649ba,cust_0913,46640,INR,2026-04-16 19:46:38,checkout,successful,none,VIP,96,3,False,none,0,183248,0,True,46640
txn_df0e02cf,cust_0676,26990,INR,2026-04-01 19:42:38,subscription,successful,none,new,1,0,True,active,0,31568,0,True,26990
txn_b5e94c66,cust_0763,23654,INR,2026-06-17 22:43:38,invoice,overdue,none,new,0,0,False,none,27,23654,0,False,0
txn_1a379147,cust_0272,29543,INR,2026-06-18 10:14:38,subscription,successful,none,VIP,64,2,False,active,0,266535,0,True,29543
txn_3e6f963a,cust_0855,34183,INR,2026-05-31 10:19:38,checkout,successful,none,VIP,35,3,False,none,0,182128,0,True,34183
txn_f84e69b7,cust_0151,32797,INR,2026-06-15 16:35:38,invoice,overdue,none,returning,5,2,False,none,88,41957,0,False,0
txn_115cb598,cust_0223,29844,INR,2026-08-26 06:04:38,payment,successful,none,returning,19,0,False,none,0,47609,0,True,29844
txn_6b2bf82e,cust_0142,142,INR,2026-07-21 20:14:38,payment,failed,insufficient_funds,returning,10,1,False,none,0,12182,0,False,0
txn_e48aeeec,cust_0225,5389,INR,2026-03-06 23:02:38,checkout,successful,none,new,1,0,False,none,0,8794,0,True,5389
txn_21685d1d,cust_0943,6531,INR,2026-03-07 08:35:38,checkout,successful,none,returning,20,2,False,none,0,44911,0,True,6531
txn_2a826fb5,cust_0257,44882,INR,2026-08-06 09:50:38,subscription,successful,none,new,1,0,False,active,0,47016,0,True,44882
txn_5af873b5,cust_0188,30322,INR,2026-03-03 08:54:38,invoice,overdue,none,returning,14,0,False,none,70,53212,0,False,0
txn_f20b8b3c,cust_0480,46800,INR,2026-05-01 18:28:38,invoice,overdue,none,returning,14,3,False,none,46,102016,0,False,0
txn_eb07fe7a,cust_0774,27685,INR,2026-05-24 14:47:38,payment,successful,none,new,1,0,False,none,0,30172,0,True,27685
txn_8395d73b,cust_0055,37165,INR,2026-04-17 04:33:38,checkout,successful,none,returning,5,3,False,none,0,39905,0,True,37165
txn_5b944365,cust_0850,3684,INR,2026-04-05 03:42:38,checkout,successful,none,VIP,33,2,False,none,0,46485,0,True,3684
txn_ab24c326,cust_0759,4088,INR,2026-04-17 14:51:38,payment,successful,none,VIP,85,5,False,none,0,83478,0,True,4088
txn_808b9371,cust_0917,32560,INR,2026-08-26 03:47:38,payment,failed,card_declined,VIP,39,2,False,none,0,151354,0,False,0
txn_1226e08d,cust_0157,7617,INR,2026-08-01 04:25:38,payment,failed,temporary_bank_error,VIP,35,4,False,none,0,52872,0,False,0
txn_ac9a22a4,cust_0401,29185,INR,2026-05-16 04:15:38,checkout,abandoned,none,new,0,0,True,none,0,29185,0,False,0
txn_a5990a55,cust_0267,35929,INR,2026-05-09 14:46:38,checkout,abandoned,none,VIP,76,5,True,none,0,150613,0,False,0
txn_d504f66a,cust_0175,9385,INR,2026-06-13 22:20:38,subscription,successful,none,VIP,89,1,False,active,0,400985,0,True,9385
txn_91070383,cust_0684,32406,INR,2026-05-11 15:25:38,invoice,overdue,none,returning,13,3,False,none,48,50333,0,False,0
txn_9ee37176,cust_0012,7972,INR,2026-05-29 14:57:38,invoice,successful,none,VIP,58,0,True,none,0,248150,0,True,7972
txn_a01c05da,cust_0010,30138,INR,2026-04-21 13:04:38,invoice,overdue,none,new,1,0,False,none,36,34739,0,False,0
txn_845f665c,cust_0526,34510,INR,2026-04-05 08:57:38,invoice,overdue,none,new,0,0,False,none,50,34510,0,False,0
txn_8c6eff5c,cust_0946,9277,INR,2026-03-24 22:15:38,subscription,failed,unknown,returning,3,3,False,canceled,0,20029,0,False,0
txn_326ee88a,cust_0133,33325,INR,2026-05-16 17:24:38,checkout,successful,none,VIP,61,4,False,none,0,237736,0,True,33325
txn_d852431f,cust_0238,48129,INR,2026-04-28 08:38:38,subscription,successful,none,new,0,0,False,active,0,48129,0,True,48129
txn_945efab9,cust_0108,48114,INR,2026-08-12 00:10:38,subscription,successful,none,new,1,0,False,active,0,52055,0,True,48114
txn_8e4f70eb,cust_0453,49247,INR,2026-03-02 05:02:38,payment,successful,none,returning,20,0,False,none,0,87747,0,True,49247
txn_379a88a8,cust_0201,41872,INR,2026-07-17 05:34:38,subscription,successful,none,returning,16,3,False,active,0,87360,0,True,41872
txn_06983daa,cust_0597,12702,INR,2026-07-23 19:03:38,payment,successful,none,new,0,0,True,none,0,12702,0,True,12702
txn_b694e5ab,cust_0560,37343,INR,2026-03-05 19:28:38,checkout,abandoned,none,new,1,0,True,none,0,39361,0,False,0
txn_3ae8bf43,cust_0585,34713,INR,2026-04-06 14:35:38,subscription,failed,card_declined,returning,17,2,False,past_due,0,92853,0,False,0
txn_204d1024,cust_0895,28117,INR,2026-06-12 16:19:38,invoice,successful,none,new,0,0,False,none,0,28117,0,True,28117
txn_ce1224a5,cust_0024,3473,INR,2026-05-28 16:31:38,checkout,successful,none,new,1,0,False,none,0,6032,0,True,3473
txn_92613ccf,cust_0548,18978,INR,2026-03-22 17:52:38,invoice,overdue,none,VIP,50,4,False,none,10,248778,0,False,0
txn_65543766,cust_0034,7366,INR,2026-08-12 15:13:38,subscription,failed,insufficient_funds,returning,14,2,False,past_due,0,37354,0,False,0
txn_18c89a4c,cust_0947,48195,INR,2026-04-04 23:42:38,checkout,successful,none,VIP,27,1,False,none,0,170856,0,True,48195
txn_81ba9d71,cust_0355,2417,INR,2026-04-08 04:18:38,checkout,abandoned,none,new,1,0,True,none,0,3577,0,False,0
txn_485aa1eb,cust_0037,2835,INR,2026-06-11 12:25:38,payment,successful,none,returning,17,1,False,none,0,60108,0,True,2835
txn_ae16abc9,cust_0548,1827,INR,2026-08-14 06:37:38,invoice,overdue,none,VIP,68,5,False,none,26,45891,0,False,0
txn_b0e0b2ab,cust_0719,8307,INR,2026-03-23 08:04:38,invoice,successful,none,returning,18,1,False,none,0,34335,0,True,8307
txn_ec766a0b,cust_0244,28708,INR,2026-04-12 01:24:38,payment,successful,none,new,0,0,False,none,0,28708,0,True,28708
txn_02e72e8b,cust_0833,1076,INR,2026-07-12 10:24:38,invoice,overdue,none,new,0,0,False,none,32,1076,0,False,0
txn_f903af71,cust_0300,39579,INR,2026-03-12 17:22:38,subscription,successful,none,new,1,0,False,active,0,44000,0,True,39579
txn_72356f7f,cust_0507,35728,INR,2026-05-26 02:08:38,subscription,successful,none,VIP,65,1,False,active,0,304373,0,True,35728
txn_01821977,cust_0915,16104,INR,2026-05-13 20:47:38,invoice,overdue,none,returning,11,0,False,none,68,26466,0,False,0
txn_ed2bcf70,cust_0934,5241,INR,2026-07-05 16:03:38,subscription,successful,none,new,0,0,False,active,0,5241,0,True,5241
txn_314486e2,cust_0716,9403,INR,2026-08-19 11:09:38,payment,failed,card_declined,returning,15,0,False,none,0,19513,0,False,0
txn_5dd72a67,cust_0062,19787,INR,2026-05-22 06:58:38,payment,successful,none,returning,20,3,True,none,0,110927,0,True,19787
txn_9fba536b,cust_0189,13582,INR,2026-08-19 01:38:38,invoice,successful,none,VIP,75,4,False,none,0,83182,0,True,13582
txn_a1d5a286,cust_0945,1803,INR,2026-03-21 05:31:38,checkout,successful,none,returning,19,1,False,none,0,15559,0,True,1803
txn_9ae4d6a5,cust_0827,47890,INR,2026-04-13 04:59:38,payment,successful,none,new,1,0,False,none,0,50744,0,True,47890
txn_7a1fa4a1,cust_0167,37344,INR,2026-06-16 22:09:38,checkout,successful,none,returning,15,1,False,none,0,61044,0,True,37344
txn_dcf0c846,cust_0346,16479,INR,2026-03-12 10:36:38,checkout,successful,none,VIP,70,0,False,none,0,208699,0,True,16479
txn_d3baa2c4,cust_0315,39945,INR,2026-08-23 05:26:38,payment,failed,temporary_bank_error,VIP,61,2,False,none,0,159749,0,False,0
txn_3ef29f80,cust_0654,23609,INR,2026-08-07 10:29:38,invoice,successful,none,VIP,47,3,False,none,0,69622,0,True,23609
txn_c44aaa33,cust_0185,20680,INR,2026-03-19 14:17:38,payment,failed,authentication_failure,returning,9,2,False,none,0,61666,0,False,0
txn_44279349,cust_0239,43090,INR,2026-05-07 01:06:38,invoice,overdue,none,new,0,0,False,none,7,43090,0,False,0
txn_4da2b9c0,cust_0063,47112,INR,2026-05-29 01:41:38,subscription,successful,none,VIP,53,2,False,active,0,80608,0,True,47112
txn_71647370,cust_0112,15481,INR,2026-06-28 13:06:38,checkout,successful,none,new,1,0,False,none,0,16908,0,True,15481
txn_271d45d3,cust_0074,44731,INR,2026-03-25 08:05:38,invoice,successful,none,VIP,74,2,True,none,0,168459,0,True,44731
txn_7bc0956b,cust_0482,42828,INR,2026-06-14 14:28:38,invoice,overdue,none,returning,20,0,False,none,48,79088,0,False,0
txn_d8b9ea40,cust_0828,7062,INR,2026-03-31 17:44:38,subscription,successful,none,returning,17,2,False,active,0,45482,0,True,7062
txn_4f6689bb,cust_0982,25075,INR,2026-04-14 17:48:38,payment,failed,temporary_bank_error,new,1,0,False,none,0,29990,0,False,0
txn_24132c1a,cust_0325,34470,INR,2026-05-27 11:57:38,invoice,successful,none,returning,7,2,False,none,0,51963,0,True,34470
txn_f2a201f6,cust_0456,7663,INR,2026-04-20 16:28:38,subscription,successful,none,VIP,72,2,False,active,0,90607,0,True,7663
txn_fd964f9d,cust_0460,31829,INR,2026-05-14 21:49:38,subscription,successful,none,returning,8,1,False,active,0,71061,0,True,31829
txn_7fb15af7,cust_0322,39785,INR,2026-07-21 00:55:38,subscription,failed,insufficient_funds,new,0,0,False,canceled,0,39785,0,False,0
txn_b3e99165,cust_0016,13082,INR,2026-04-07 20:27:38,payment,failed,authentication_failure,new,0,0,False,none,0,13082,0,False,0
txn_f6d5a423,cust_0891,6718,INR,2026-08-09 14:54:38,subscription,successful,none,new,1,0,False,active,0,7414,0,True,6718
txn_410913d9,cust_0363,25535,INR,2026-07-28 08:29:38,invoice,overdue,none,new,1,0,False,none,55,28012,0,False,0
txn_7298f134,cust_0606,22162,INR,2026-08-08 19:28:38,checkout,abandoned,none,VIP,98,0,True,none,0,107422,0,False,0
txn_33066ddc,cust_0646,29518,INR,2026-07-11 19:37:38,invoice,successful,none,returning,14,2,False,none,0,91230,0,True,29518
txn_28e31d91,cust_0156,33482,INR,2026-05-07 13:54:38,payment,successful,none,new,1,0,False,none,0,37697,0,True,33482
txn_aafca526,cust_0305,18404,INR,2026-04-01 02:32:38,payment,failed,card_declined,returning,11,0,False,none,0,70544,0,False,0
txn_9167378f,cust_0394,18794,INR,2026-07-05 05:53:38,invoice,overdue,none,returning,6,1,False,none,42,23852,0,False,0
txn_0c1f1403,cust_0102,40435,INR,2026-04-25 05:12:38,checkout,successful,none,returning,10,1,False,none,0,55145,0,True,40435
txn_5e60540f,cust_0621,19005,INR,2026-07-06 01:33:38,invoice,overdue,none,new,0,0,False,none,34,19005,0,False,0
txn_0ae57160,cust_0613,11165,INR,2026-08-21 08:13:38,payment,successful,none,new,0,0,False,none,0,11165,0,True,11165
txn_f2a76967,cust_0750,37531,INR,2026-07-29 20:41:38,invoice,successful,none,returning,17,1,False,none,0,109220,0,True,37531
txn_2c749b2e,cust_0911,7960,INR,2026-06-16 19:44:38,invoice,overdue,none,returning,16,2,False,none,57,27336,0,False,0
txn_5bb688e9,cust_0763,23281,INR,2026-06-03 10:57:38,payment,successful,none,new,0,0,False,none,0,23281,0,True,23281
txn_3ece00cb,cust_0705,33709,INR,2026-04-16 09:14:38,payment,failed,unknown,returning,2,3,False,none,0,36353,0,False,0
txn_c601cadc,cust_0858,43427,INR,2026-06-26 14:49:38,checkout,abandoned,none,VIP,24,5,True,none,0,56987,0,False,0
txn_4a9291d4,cust_0272,14531,INR,2026-06-16 15:14:38,subscription,successful,none,returning,5,3,False,active,0,24691,0,True,14531
txn_b5830f11,cust_0445,5913,INR,2026-08-18 05:42:38,payment,failed,temporary_bank_error,new,1,0,False,none,0,8121,0,False,0
txn_88f8b05d,cust_0654,25022,INR,2026-06-13 21:55:38,subscription,successful,none,returning,16,1,False,active,0,72350,0,True,25022
txn_7ba5f138,cust_0613,41389,INR,2026-07-30 10:00:38,invoice,successful,none,returning,18,3,False,none,0,93949,0,True,41389
txn_668821c7,cust_0679,21425,INR,2026-03-11 16:04:38,invoice,overdue,none,returning,4,1,False,none,32,38653,0,False,0
txn_80c0ba20,cust_0861,46291,INR,2026-06-20 03:13:38,payment,failed,authentication_failure,returning,20,3,True,none,0,94751,0,False,0
txn_bfdba631,cust_0576,26904,INR,2026-05-06 06:01:38,invoice,overdue,none,returning,9,2,False,none,8,61716,0,False,0
txn_cba730b4,cust_0498,3680,INR,2026-05-15 11:50:38,checkout,successful,none,VIP,48,2,False,none,0,45584,0,True,3680
txn_bdedb5fa,cust_0799,35228,INR,2026-04-11 18:40:38,invoice,overdue,none,VIP,34,4,False,none,27,144028,0,False,0
txn_4babf4b1,cust_0800,24950,INR,2026-04-17 13:03:38,payment,successful,none,VIP,62,2,False,none,0,88128,0,True,24950
txn_a034e0e9,cust_0881,10388,INR,2026-06-04 06:13:38,invoice,successful,none,VIP,49,2,False,none,0,99666,0,True,10388
txn_42aa92d4,cust_0037,16399,INR,2026-04-25 18:16:38,payment,successful,none,new,0,0,False,none,0,16399,0,True,16399
txn_81f71eb9,cust_0647,1688,INR,2026-05-22 23:01:38,subscription,successful,none,VIP,51,0,False,active,0,140969,0,True,1688
txn_4df1be2a,cust_0883,48631,INR,2026-02-27 20:00:38,checkout,successful,none,new,0,0,False,none,0,48631,0,True,48631
txn_deb53811,cust_0098,48770,INR,2026-06-09 08:59:38,subscription,successful,none,VIP,95,3,False,active,0,247415,0,True,48770
txn_e116d5a8,cust_0281,1635,INR,2026-04-02 04:02:38,checkout,successful,none,returning,7,0,False,none,0,20283,0,True,1635
txn_5af3c29a,cust_0991,6198,INR,2026-03-01 01:54:38,subscription,successful,none,returning,18,2,False,active,0,86460,0,True,6198
txn_0fd64266,cust_0746,1228,INR,2026-08-21 06:37:38,invoice,successful,none,returning,12,0,False,none,0,51676,0,True,1228
txn_4d9ab1c4,cust_0577,24336,INR,2026-03-19 17:20:38,invoice,successful,none,new,1,0,False,none,0,27559,0,True,24336
txn_1ae5082f,cust_0608,13710,INR,2026-04-28 02:40:38,invoice,successful,none,new,0,0,False,none,0,13710,0,True,13710
txn_b559cb82,cust_0239,49945,INR,2026-05-14 09:39:38,checkout,abandoned,none,new,1,0,True,none,0,52509,0,False,0
txn_8b10d635,cust_0330,9970,INR,2026-06-19 21:13:38,payment,successful,none,VIP,92,4,False,none,0,362330,0,True,9970
txn_a283288a,cust_0559,32129,INR,2026-04-30 20:56:38,checkout,abandoned,none,returning,11,1,True,none,0,66625,0,False,0
txn_b5e5c245,cust_0944,48575,INR,2026-08-24 13:53:38,payment,successful,none,new,1,0,False,none,0,49709,0,True,48575
txn_aedd4d0d,cust_0891,10991,INR,2026-03-20 02:55:38,payment,failed,authentication_failure,new,0,0,False,none,0,10991,0,False,0
txn_cc31bfd4,cust_0409,35953,INR,2026-06-12 19:27:38,invoice,successful,none,new,1,0,False,none,0,37416,0,True,35953
txn_f4e1e4ad,cust_0331,17867,INR,2026-04-15 22:13:38,invoice,overdue,none,VIP,67,4,False,none,67,142420,0,False,0
txn_7e9ee927,cust_0381,46923,INR,2026-05-01 12:27:38,checkout,abandoned,none,VIP,97,2,True,none,0,470522,0,False,0
txn_83f46557,cust_0169,49039,INR,2026-07-20 04:22:38,subscription,successful,none,VIP,80,0,False,active,0,297199,0,True,49039
txn_82b5383e,cust_0719,467,INR,2026-06-04 16:23:38,invoice,overdue,none,new,0,0,False,none,40,467,0,False,0
txn_8b7eac62,cust_0359,39058,INR,2026-07-09 11:08:38,payment,failed,temporary_bank_error,VIP,91,1,False,none,0,341633,0,False,0
txn_354e980f,cust_0599,28029,INR,2026-06-23 01:52:38,checkout,abandoned,none,VIP,59,2,True,none,0,252406,0,False,0
txn_085c790b,cust_0157,13376,INR,2026-04-05 16:18:38,payment,failed,network_error,new,0,0,False,none,0,13376,0,False,0
txn_84999d14,cust_0661,38590,INR,2026-07-05 14:26:38,checkout,abandoned,none,returning,11,2,True,none,0,86748,0,False,0
txn_78a8e6f4,cust_0094,14284,INR,2026-04-28 19:06:38,checkout,abandoned,none,VIP,38,1,True,none,0,84584,0,False,0
txn_82af669b,cust_0524,3520,INR,2026-07-28 11:51:38,subscription,successful,none,returning,14,3,False,active,0,48026,0,True,3520
txn_aa4a880c,cust_0364,25366,INR,2026-03-26 13:16:38,invoice,successful,none,returning,17,2,False,none,0,107765,0,True,25366
txn_61e8c3d7,cust_0861,18301,INR,2026-06-23 22:19:38,invoice,overdue,none,returning,18,3,False,none,19,99553,0,False,0
txn_e35f76f3,cust_0183,28635,INR,2026-05-30 19:59:38,checkout,successful,none,new,1,0,False,none,0,32953,0,True,28635
txn_8ca3f8a1,cust_0392,36786,INR,2026-04-15 13:26:38,subscription,successful,none,returning,6,0,False,active,0,49410,0,True,36786
txn_06b4cce4,cust_0933,21625,INR,2026-06-17 22:56:38,payment,successful,none,returning,9,0,True,none,0,46249,0,True,21625
txn_46eaa46d,cust_0281,45680,INR,2026-04-28 23:46:38,checkout,successful,none,VIP,27,4,False,none,0,65903,0,True,45680
txn_f01b7036,cust_0768,11488,INR,2026-03-23 21:17:38,invoice,successful,none,VIP,89,0,False,none,0,83756,0,True,11488
txn_542f1c15,cust_0430,11693,INR,2026-08-12 09:20:38,payment,failed,temporary_bank_error,new,0,0,False,none,0,11693,0,False,0
txn_2eb4c5f2,cust_0671,18284,INR,2026-07-15 00:40:38,invoice,overdue,none,VIP,22,2,False,none,25,86308,0,False,0
txn_722fd8c1,cust_0964,33938,INR,2026-04-21 14:40:38,invoice,overdue,none,VIP,71,3,False,none,2,105151,0,False,0
txn_4180dc64,cust_0046,11410,INR,2026-03-17 19:33:38,invoice,successful,none,returning,20,1,False,none,0,104210,0,True,11410
txn_5225e253,cust_0319,311,INR,2026-06-01 04:50:38,checkout,abandoned,none,returning,18,2,True,none,0,26663,0,False,0
txn_7ba9fc6f,cust_0580,5742,INR,2026-07-11 20:21:38,checkout,abandoned,none,returning,3,0,True,none,0,9465,0,False,0
txn_5fbf3f9b,cust_0786,38841,INR,2026-05-02 16:30:38,payment,successful,none,new,0,0,False,none,0,38841,0,True,38841
txn_805a1923,cust_0766,16269,INR,2026-06-15 14:09:38,subscription,failed,unknown,VIP,36,2,False,past_due,0,49965,0,False,0
txn_c2ccbd91,cust_0232,20779,INR,2026-06-13 10:42:38,invoice,successful,none,new,1,0,False,none,0,22911,0,True,20779
txn_a2d8ce7b,cust_0364,6156,INR,2026-03-18 21:33:38,invoice,successful,none,VIP,66,2,False,none,0,321900,0,True,6156
txn_ee7c943e,cust_0160,38453,INR,2026-03-06 10:13:38,invoice,successful,none,VIP,92,1,False,none,0,411421,0,True,38453
txn_d7f28217,cust_0093,33114,INR,2026-08-19 15:53:38,checkout,successful,none,VIP,46,2,False,none,0,138316,0,True,33114
txn_f6b8c799,cust_0601,12317,INR,2026-07-31 23:04:38,subscription,failed,card_declined,returning,12,3,False,canceled,0,21641,0,False,0
txn_00fbdd53,cust_0432,617,INR,2026-05-28 10:16:38,invoice,overdue,none,returning,11,2,False,none,21,15137,0,False,0
txn_9743d293,cust_0450,12300,INR,2026-04-28 12:10:38,payment,successful,none,VIP,78,4,False,none,0,329214,0,True,12300
txn_fb546726,cust_0308,39483,INR,2026-05-10 10:50:38,subscription,failed,authentication_failure,new,0,0,False,canceled,0,39483,0,False,0
txn_2a994730,cust_0525,1971,INR,2026-04-04 15:18:38,subscription,successful,none,new,1,0,False,active,0,6764,0,True,1971
txn_136a9bfe,cust_0812,3625,INR,2026-05-02 18:44:38,payment,failed,insufficient_funds,new,1,0,False,none,0,7882,0,False,0
txn_7507a03f,cust_0315,11376,INR,2026-05-08 16:40:38,checkout,successful,none,new,0,0,False,none,0,11376,0,True,11376
txn_40701165,cust_0006,44973,INR,2026-03-05 06:42:38,checkout,successful,none,returning,6,2,False,none,0,52881,0,True,44973
txn_fddff718,cust_0852,31053,INR,2026-07-24 06:37:38,invoice,successful,none,returning,8,0,False,none,0,60453,0,True,31053
txn_24bdf1f4,cust_0612,18659,INR,2026-03-30 19:12:38,invoice,successful,none,returning,18,0,False,none,0,78797,0,True,18659
txn_7426dcc4,cust_0378,11775,INR,2026-03-15 12:18:38,invoice,overdue,none,returning,11,0,False,none,31,53146,0,False,0
txn_297a8fc9,cust_0310,2999,INR,2026-05-11 15:08:38,subscription,successful,none,returning,3,2,False,active,0,13937,0,True,2999
txn_24d56e21,cust_0036,44354,INR,2026-04-17 15:57:38,invoice,successful,none,returning,14,1,False,none,0,70100,0,True,44354
txn_f937e2ca,cust_0703,22794,INR,2026-08-24 14:06:38,checkout,abandoned,none,VIP,32,5,True,none,0,144810,0,False,0
txn_3f8752c9,cust_0703,33324,INR,2026-08-14 09:59:38,invoice,successful,none,returning,1,3,False,none,0,37114,0,True,33324
txn_b2d606bd,cust_0619,41657,INR,2026-04-13 08:19:38,payment,successful,none,returning,17,2,False,none,0,116100,0,True,41657
txn_6cad91ce,cust_0545,27891,INR,2026-06-01 20:49:38,checkout,abandoned,none,returning,3,1,True,none,0,29559,0,False,0
txn_d6fe2555,cust_0446,33844,INR,2026-04-24 05:03:38,invoice,successful,none,new,1,0,True,none,0,36651,0,True,33844
txn_e7a87cb7,cust_0259,39377,INR,2026-07-13 10:04:38,checkout,successful,none,returning,11,2,False,none,0,46989,0,True,39377
txn_44d1fdb4,cust_0305,29379,INR,2026-08-18 01:39:38,checkout,successful,none,VIP,24,4,False,none,0,63315,0,True,29379
txn_6b534e3b,cust_0548,11584,INR,2026-05-09 11:04:38,payment,successful,none,new,0,0,False,none,0,11584,0,True,11584
txn_e21922c9,cust_0250,45253,INR,2026-06-05 08:24:38,invoice,overdue,none,VIP,87,4,True,none,80,415438,0,False,0
txn_80273bc0,cust_0392,47535,INR,2026-08-22 13:39:38,payment,successful,none,VIP,30,2,False,none,0,136725,0,True,47535
txn_2f2c66b6,cust_0857,42888,INR,2026-03-23 02:52:38,payment,successful,none,returning,4,1,False,none,0,53436,0,True,42888
txn_c93a7d61,cust_0819,16074,INR,2026-05-08 10:39:38,invoice,overdue,none,new,1,0,False,none,89,20448,0,False,0
txn_8731df88,cust_0620,12270,INR,2026-07-05 18:36:38,subscription,failed,network_error,returning,6,2,True,past_due,0,28668,0,False,0
txn_5ad2ea68,cust_0274,8604,INR,2026-08-22 21:06:38,checkout,successful,none,returning,20,2,False,none,0,34504,0,True,8604
txn_2632db97,cust_0746,40167,INR,2026-06-04 02:02:38,checkout,successful,none,VIP,97,3,False,none,0,422929,0,True,40167
txn_60e33f46,cust_0352,36646,INR,2026-04-22 12:52:38,payment,successful,none,returning,11,2,False,none,0,82186,0,True,36646
txn_855dde4c,cust_0034,44204,INR,2026-05-31 17:13:38,subscription,failed,insufficient_funds,VIP,93,0,False,canceled,0,461309,0,False,0
txn_1a8fc00f,cust_0769,34807,INR,2026-03-31 13:47:38,subscription,failed,insufficient_funds,returning,15,3,False,canceled,0,45937,0,False,0
txn_e61fd4af,cust_0784,28380,INR,2026-05-23 02:18:38,invoice,successful,none,new,1,0,False,none,0,32900,0,True,28380
txn_b42c1bd8,cust_0406,8193,INR,2026-07-13 13:37:38,payment,successful,none,new,0,0,False,none,0,8193,0,True,8193
txn_53c9239e,cust_0411,48233,INR,2026-05-12 00:09:38,checkout,abandoned,none,VIP,72,2,True,none,0,212609,0,False,0
txn_63239657,cust_0681,23901,INR,2026-07-01 06:55:38,payment,successful,none,VIP,60,4,False,none,0,317121,0,True,23901
txn_58399e06,cust_0846,18861,INR,2026-06-15 18:52:38,checkout,abandoned,none,returning,6,1,True,none,0,41523,0,False,0
txn_83a92f24,cust_0672,30510,INR,2026-03-31 23:00:38,checkout,abandoned,none,new,0,0,True,none,0,30510,0,False,0
txn_59f740c0,cust_0652,26989,INR,2026-04-21 16:48:38,invoice,overdue,none,new,0,0,False,none,25,26989,0,False,0
txn_0d6dac16,cust_0333,26889,INR,2026-05-25 18:39:38,payment,successful,none,VIP,51,1,False,none,0,249504,0,True,26889
txn_dbce00da,cust_0871,42968,INR,2026-06-27 13:56:38,subscription,failed,network_error,new,1,0,False,past_due,0,46491,0,False,0
txn_bdc3efcc,cust_0136,13193,INR,2026-05-02 11:43:38,invoice,overdue,none,returning,3,0,False,none,42,19778,0,False,0
txn_428edd45,cust_0513,15952,INR,2026-07-18 11:57:38,payment,failed,authentication_failure,VIP,34,4,False,none,0,125194,0,False,0
txn_7913e218,cust_0034,4677,INR,2026-08-09 06:10:38,payment,failed,unknown,VIP,72,4,False,none,0,317949,0,False,0
txn_9459a863,cust_0733,35315,INR,2026-08-12 09:35:38,invoice,overdue,none,VIP,88,5,False,none,16,96387,0,False,0
txn_05887dad,cust_0373,47623,INR,2026-08-01 14:32:38,payment,successful,none,returning,17,3,False,none,0,115793,0,True,47623
txn_cf53d358,cust_0740,38098,INR,2026-07-22 11:36:38,payment,successful,none,new,1,0,False,none,0,41980,0,True,38098
txn_f3dc80ed,cust_0338,17434,INR,2026-06-22 09:08:38,payment,successful,none,VIP,29,3,False,none,0,148688,0,True,17434
txn_e9e64d85,cust_0582,21770,INR,2026-06-15 19:12:38,subscription,failed,unknown,returning,20,0,False,canceled,0,54710,0,False,0
txn_e1312a3e,cust_0731,37032,INR,2026-05-06 22:08:38,invoice,overdue,none,returning,10,1,False,none,47,66992,0,False,0
txn_1cd9592f,cust_0151,45652,INR,2026-08-20 12:49:38,subscription,successful,none,VIP,57,3,False,active,0,194251,0,True,45652
txn_ac2f30f3,cust_0266,38388,INR,2026-07-15 07:45:38,payment,successful,none,returning,17,3,False,none,0,113307,0,True,38388
txn_85385ada,cust_0536,32939,INR,2026-04-26 13:56:38,checkout,successful,none,returning,13,3,False,none,0,57444,0,True,32939
txn_f4101b72,cust_0970,1032,INR,2026-07-01 15:09:38,invoice,overdue,none,new,1,0,False,none,86,3373,0,False,0
txn_2881b6f1,cust_0202,47860,INR,2026-04-15 11:39:38,payment,failed,unknown,returning,16,3,False,none,0,57444,0,False,0
txn_41e3adf5,cust_0409,43631,INR,2026-04-08 01:32:38,payment,successful,none,VIP,32,2,False,none,0,192623,0,True,43631
txn_95e50d2f,cust_0581,5306,INR,2026-07-11 20:27:38,payment,failed,authentication_failure,VIP,51,1,False,none,0,137753,0,False,0
txn_564bc8a1,cust_0735,16162,INR,2026-08-03 20:14:38,payment,failed,unknown,returning,6,0,False,none,0,32224,0,False,0
txn_3db961a2,cust_0311,4272,INR,2026-04-01 03:57:38,payment,failed,network_error,new,0,0,False,none,0,4272,0,False,0
txn_efd0fcb0,cust_0809,3447,INR,2026-08-06 04:14:38,checkout,successful,none,VIP,29,1,False,none,0,131569,0,True,3447
txn_d2fc4396,cust_0613,38725,INR,2026-07-29 19:30:38,subscription,successful,none,returning,10,0,False,active,0,78925,0,True,38725
txn_2d836d7b,cust_0604,42215,INR,2026-05-15 00:09:38,subscription,successful,none,VIP,98,3,False,active,0,91607,0,True,42215
txn_2a4ac6d9,cust_0520,11669,INR,2026-04-13 12:05:38,checkout,successful,none,returning,17,2,False,none,0,61887,0,True,11669
txn_03ef995c,cust_0641,36883,INR,2026-04-19 03:55:38,checkout,successful,none,returning,4,1,True,none,0,54859,0,True,36883
txn_23eb9b95,cust_0690,4396,INR,2026-04-12 14:14:38,invoice,successful,none,returning,4,3,False,none,0,17616,0,True,4396
txn_8663beb2,cust_0219,15291,INR,2026-04-14 04:20:38,checkout,abandoned,none,returning,17,2,True,none,0,68348,0,False,0
txn_8f5e0064,cust_0689,40045,INR,2026-05-18 13:32:38,payment,failed,network_error,new,1,0,False,none,0,41826,0,False,0
txn_268521ef,cust_0334,43523,INR,2026-06-20 11:27:38,subscription,successful,none,VIP,80,5,False,active,0,356723,0,True,43523
txn_c95a2116,cust_0149,19997,INR,2026-05-11 01:01:38,checkout,successful,none,returning,11,2,False,none,0,53910,0,True,19997
txn_d206cd08,cust_0781,471,INR,2026-03-15 14:57:38,checkout,abandoned,none,returning,2,3,True,none,0,7263,0,False,0
txn_d34fbd76,cust_0839,1376,INR,2026-06-13 08:25:38,checkout,abandoned,none,VIP,45,1,True,none,0,118196,0,False,0
txn_38e2a582,cust_0572,25161,INR,2026-06-18 16:22:38,checkout,successful,none,VIP,45,1,False,none,0,233061,0,True,25161
txn_d7e35505,cust_0965,21430,INR,2026-05-19 20:28:38,invoice,successful,none,VIP,95,3,False,none,0,104650,0,True,21430
txn_8e7d7f5d,cust_0061,16473,INR,2026-05-25 04:27:38,subscription,failed,network_error,new,0,0,False,canceled,0,16473,0,False,0
txn_aac80e7b,cust_0902,31022,INR,2026-07-20 01:07:38,subscription,successful,none,VIP,29,2,False,active,0,143803,0,True,31022
txn_bd885c77,cust_0449,36920,INR,2026-06-22 01:53:38,payment,successful,none,new,1,0,False,none,0,41897,0,True,36920
txn_23f52abc,cust_0023,45291,INR,2026-05-27 04:39:38,checkout,abandoned,none,new,0,0,True,none,0,45291,0,False,0
txn_ed61a267,cust_0480,12167,INR,2026-03-06 21:10:38,invoice,overdue,none,new,1,0,False,none,42,15634,0,False,0
txn_a475b51c,cust_0144,49098,INR,2026-04-25 17:33:38,payment,successful,none,new,1,0,False,none,0,53098,0,True,49098
txn_eb911d78,cust_0017,33671,INR,2026-06-05 01:55:38,checkout,successful,none,VIP,75,0,False,none,0,380921,0,True,33671
txn_36cd3ec6,cust_0753,21972,INR,2026-04-18 16:50:38,payment,successful,none,new,0,0,False,none,0,21972,0,True,21972
txn_aad6aae9,cust_0196,40079,INR,2026-07-19 23:05:38,invoice,overdue,none,new,1,0,False,none,84,42847,0,False,0
txn_6551e095,cust_0465,42556,INR,2026-08-25 23:33:38,checkout,successful,none,VIP,75,0,False,none,0,326656,0,True,42556
txn_219ea5b3,cust_0331,659,INR,2026-06-05 01:57:38,subscription,successful,none,returning,5,2,False,active,0,12284,0,True,659
txn_21b88412,cust_0194,13228,INR,2026-08-21 01:48:38,subscription,failed,unknown,new,0,0,False,past_due,0,13228,0,False,0
txn_083c1f7b,cust_0554,2685,INR,2026-03-12 13:14:38,invoice,overdue,none,returning,3,2,False,none,17,11934,0,False,0
txn_007ed6bb,cust_0239,27905,INR,2026-05-07 15:33:38,checkout,successful,none,new,1,0,False,none,0,28628,0,True,27905
txn_5f7ccf4c,cust_0889,1766,INR,2026-05-17 13:13:38,invoice,overdue,none,VIP,46,3,False,none,57,43304,0,False,0
txn_00588753,cust_0835,38780,INR,2026-04-20 00:40:38,checkout,abandoned,none,new,0,0,True,none,0,38780,0,False,0
txn_664b5e29,cust_0124,10774,INR,2026-07-05 16:35:38,subscription,successful,none,returning,20,2,False,active,0,72674,0,True,10774
txn_52ca41b7,cust_0521,31424,INR,2026-05-12 06:32:38,checkout,successful,none,new,1,0,True,none,0,32056,0,True,31424
txn_1d91b236,cust_0857,23718,INR,2026-03-01 16:45:38,checkout,successful,none,new,1,0,False,none,0,26681,0,True,23718
txn_22fb56cb,cust_0748,25638,INR,2026-07-13 01:26:38,subscription,failed,temporary_bank_error,VIP,61,0,False,canceled,0,126410,0,False,0
txn_83af0e46,cust_0712,10307,INR,2026-03-11 10:03:38,subscription,successful,none,returning,2,0,False,active,0,14743,0,True,10307
txn_44b6d329,cust_0959,10420,INR,2026-07-30 14:25:38,subscription,failed,card_declined,VIP,39,5,False,past_due,0,87913,0,False,0
txn_4ff3d861,cust_0641,20158,INR,2026-06-04 18:30:38,invoice,successful,none,returning,9,2,False,none,0,26755,0,True,20158
txn_23c430a0,cust_0936,48265,INR,2026-08-02 19:04:38,subscription,successful,none,returning,2,3,False,active,0,57869,0,True,48265
txn_a2687ce8,cust_0068,6137,INR,2026-04-12 05:18:38,invoice,overdue,none,new,1,0,False,none,54,10441,0,False,0
txn_d36a63e0,cust_0319,41836,INR,2026-04-11 07:47:38,invoice,overdue,none,returning,16,2,False,none,1,66636,0,False,0
txn_7e0245c4,cust_0129,6417,INR,2026-08-05 20:20:38,subscription,failed,authentication_failure,new,0,0,False,past_due,0,6417,0,False,0
txn_7d45f554,cust_0232,18600,INR,2026-04-30 21:49:38,payment,failed,card_declined,returning,6,2,False,none,0,37752,0,False,0
txn_2681e5a9,cust_0779,37925,INR,2026-07-21 00:39:38,checkout,successful,none,new,1,0,False,none,0,41882,0,True,37925
txn_bdfe2ca9,cust_0648,2342,INR,2026-03-18 17:33:38,invoice,overdue,none,new,0,0,True,none,50,2342,0,False,0
txn_3ffe75f1,cust_0407,10709,INR,2026-05-31 12:46:38,checkout,abandoned,none,returning,1,3,True,none,0,15172,0,False,0
txn_c99055ee,cust_0463,37927,INR,2026-07-27 20:09:38,invoice,overdue,none,new,1,0,False,none,52,40579,0,False,0
txn_81b30c14,cust_0262,33817,INR,2026-06-01 03:10:38,subscription,failed,insufficient_funds,returning,16,3,False,past_due,0,54457,0,False,0
txn_1e3e380b,cust_0658,24048,INR,2026-05-02 16:19:38,invoice,successful,none,new,0,0,False,none,0,24048,0,True,24048
txn_32b8de63,cust_0895,19479,INR,2026-08-06 03:15:38,subscription,successful,none,returning,10,3,False,active,0,60209,0,True,19479
txn_fa0aa877,cust_0146,33582,INR,2026-05-29 02:48:38,subscription,successful,none,VIP,48,0,False,active,0,135678,0,True,33582
txn_3e264209,cust_0881,36989,INR,2026-05-27 02:12:38,checkout,abandoned,none,VIP,87,0,True,none,0,460418,0,False,0
txn_a0067ca0,cust_0163,34891,INR,2026-07-20 01:47:38,payment,failed,insufficient_funds,new,0,0,False,none,0,34891,0,False,0
txn_9e46b42a,cust_0051,13351,INR,2026-04-28 05:06:38,checkout,successful,none,returning,10,3,False,none,0,61091,0,True,13351
txn_d0230852,cust_0077,19760,INR,2026-03-24 00:22:38,payment,successful,none,returning,18,2,False,none,0,59540,0,True,19760
txn_bf4bf57a,cust_0148,26994,INR,2026-03-15 06:01:38,subscription,successful,none,returning,6,1,False,active,0,49224,0,True,26994
txn_db264f87,cust_0073,16390,INR,2026-07-26 19:39:38,checkout,successful,none,new,1,0,False,none,0,18040,0,True,16390
txn_16b99064,cust_0211,44160,INR,2026-07-28 03:07:38,subscription,successful,none,returning,5,2,True,active,0,60070,0,True,44160
txn_720b8605,cust_0238,41292,INR,2026-03-24 05:17:38,invoice,successful,none,VIP,76,2,False,none,0,156964,0,True,41292
txn_e81a7e68,cust_0897,49530,INR,2026-04-30 05:49:38,checkout,successful,none,returning,2,3,False,none,0,54714,0,True,49530
txn_04de41e6,cust_0777,46614,INR,2026-03-25 23:31:38,invoice,successful,none,returning,8,0,False,none,0,56414,0,True,46614
txn_2bdb17c7,cust_0857,43675,INR,2026-06-16 19:40:38,invoice,successful,none,VIP,75,3,False,none,0,115975,0,True,43675
txn_2840796e,cust_0430,16593,INR,2026-04-25 11:49:38,checkout,successful,none,VIP,52,2,True,none,0,77953,0,True,16593
txn_4d48753c,cust_0682,38837,INR,2026-03-10 07:24:38,invoice,successful,none,returning,4,3,False,none,0,53149,0,True,38837
txn_fc50a50c,cust_0098,38788,INR,2026-03-26 05:34:38,payment,failed,network_error,new,0,0,False,none,0,38788,0,False,0
txn_02f3bdf0,cust_0356,48879,INR,2026-05-16 22:39:38,payment,successful,none,VIP,76,3,True,none,0,412311,0,True,48879
txn_a433b20e,cust_0930,43948,INR,2026-08-20 23:05:38,checkout,abandoned,none,new,0,0,True,none,0,43948,0,False,0
txn_23a46926,cust_0747,27110,INR,2026-06-25 10:58:38,payment,successful,none,returning,9,2,False,none,0,56972,0,True,27110
txn_1960d755,cust_0470,21367,INR,2026-04-07 01:45:38,checkout,abandoned,none,VIP,53,1,True,none,0,138762,0,False,0
txn_b066108b,cust_0800,26400,INR,2026-03-23 01:39:38,checkout,successful,none,new,1,0,False,none,0,27628,0,True,26400
txn_9c0ecb1a,cust_0325,15014,INR,2026-06-07 23:55:38,checkout,abandoned,none,returning,4,0,True,none,0,30318,0,False,0
txn_f1d68a25,cust_0877,49682,INR,2026-05-27 14:16:38,subscription,failed,card_declined,VIP,82,2,False,canceled,0,317002,0,False,0
txn_fa9761c1,cust_0596,7405,INR,2026-03-21 21:22:38,subscription,successful,none,returning,17,2,False,active,0,90858,0,True,7405
txn_0ca79da9,cust_0873,6033,INR,2026-07-24 07:20:38,invoice,successful,none,returning,5,2,False,none,0,30353,0,True,6033
txn_7a5fbc33,cust_0835,48353,INR,2026-07-01 04:34:38,checkout,abandoned,none,returning,20,0,True,none,0,111393,0,False,0
txn_0bcd6e3a,cust_0684,36012,INR,2026-07-02 11:30:38,subscription,successful,none,returning,1,3,False,active,0,38350,0,True,36012
txn_62b73be4,cust_0149,42560,INR,2026-03-24 03:33:38,subscription,successful,none,new,1,0,False,active,0,45056,0,True,42560
txn_084126b8,cust_0423,36559,INR,2026-02-28 07:35:38,subscription,successful,none,new,1,0,False,active,0,40230,0,True,36559
txn_842f04d0,cust_0380,28366,INR,2026-05-28 16:42:38,checkout,abandoned,none,returning,8,2,True,none,0,67774,0,False,0
txn_d196472e,cust_0815,46134,INR,2026-04-19 20:56:38,subscription,successful,none,VIP,94,1,False,active,0,167488,0,True,46134
txn_3167c283,cust_0738,6968,INR,2026-08-14 04:47:38,subscription,successful,none,returning,18,1,False,active,0,84566,0,True,6968
txn_47985b12,cust_0067,38835,INR,2026-08-13 07:56:38,invoice,successful,none,new,0,0,False,none,0,38835,0,True,38835
txn_3346556c,cust_0699,9791,INR,2026-08-19 20:48:38,invoice,overdue,none,returning,3,2,False,none,9,17483,0,False,0
txn_1bb8bc72,cust_0406,46251,INR,2026-03-08 10:05:38,subscription,successful,none,new,1,0,False,active,0,49289,0,True,46251
txn_84e13f37,cust_0148,33389,INR,2026-08-13 20:38:38,invoice,successful,none,VIP,95,2,False,none,0,86114,0,True,33389
txn_46509e43,cust_0629,7943,INR,2026-06-24 23:37:38,payment,successful,none,new,1,0,False,none,0,9763,0,True,7943
txn_5f4af77d,cust_0856,11853,INR,2026-07-28 09:21:38,checkout,abandoned,none,new,0,0,True,none,0,11853,0,False,0
txn_fec1b0ed,cust_0825,26547,INR,2026-07-12 16:07:38,invoice,successful,none,returning,13,3,False,none,0,47789,0,True,26547
txn_cee2e9b1,cust_0901,46451,INR,2026-07-07 12:04:38,invoice,successful,none,returning,16,0,False,none,0,78627,0,True,46451
txn_66c6b571,cust_0348,41584,INR,2026-08-12 02:23:38,invoice,overdue,none,returning,4,2,False,none,11,44252,0,False,0
txn_6cb05172,cust_0987,6358,INR,2026-08-20 00:50:38,payment,failed,temporary_bank_error,VIP,21,0,False,none,0,73075,0,False,0
txn_35a2e054,cust_0194,4647,INR,2026-05-31 15:31:38,subscription,successful,none,VIP,99,3,False,active,0,201558,0,True,4647
txn_22834f80,cust_0913,10236,INR,2026-08-18 01:30:38,subscription,failed,network_error,returning,6,1,True,past_due,0,35112,0,False,0
txn_cd20c4a9,cust_0958,7982,INR,2026-07-16 15:55:38,invoice,overdue,none,returning,4,2,False,none,40,15890,0,False,0
txn_93ced59b,cust_0961,10274,INR,2026-03-09 02:22:38,checkout,successful,none,returning,18,3,False,none,0,85316,0,True,10274
txn_e7932444,cust_0246,24066,INR,2026-04-26 21:41:38,subscription,successful,none,returning,7,3,False,active,0,29946,0,True,24066
txn_d8e5ed51,cust_0102,38840,INR,2026-04-15 00:50:38,checkout,abandoned,none,VIP,31,5,True,none,0,135715,0,False,0
txn_0aa7125f,cust_0290,34288,INR,2026-03-20 06:01:38,subscription,failed,network_error,returning,5,3,False,past_due,0,44898,0,False,0
txn_bdf99402,cust_0025,5499,INR,2026-06-10 03:36:38,invoice,successful,none,returning,4,2,False,none,0,23359,0,True,5499
txn_47aab6a0,cust_0716,44930,INR,2026-08-05 09:29:38,checkout,abandoned,none,new,0,0,True,none,0,44930,0,False,0
txn_509015b8,cust_0657,37539,INR,2026-05-21 13:04:38,subscription,successful,none,returning,2,0,False,active,0,39311,0,True,37539
txn_6482344f,cust_0895,3536,INR,2026-03-02 17:28:38,invoice,overdue,none,returning,17,1,False,none,88,82875,0,False,0
txn_d4a44806,cust_0914,30065,INR,2026-04-23 12:50:38,subscription,successful,none,new,1,0,False,active,0,31162,0,True,30065
txn_8c92b42f,cust_0211,1121,INR,2026-03-12 09:15:38,payment,failed,authentication_failure,VIP,34,2,False,none,0,19413,0,False,0
txn_80b8e5fd,cust_0940,15066,INR,2026-03-20 22:10:38,invoice,overdue,none,returning,2,1,False,none,48,18386,0,False,0
txn_4745a2d1,cust_0585,27811,INR,2026-03-12 19:28:38,invoice,overdue,none,VIP,100,2,False,none,88,245611,0,False,0
txn_8157852f,cust_0426,45338,INR,2026-04-25 10:48:38,payment,successful,none,returning,13,2,False,none,0,72014,0,True,45338
txn_e0afa309,cust_0043,45485,INR,2026-07-29 16:16:38,invoice,successful,none,VIP,77,1,False,none,0,224587,0,True,45485
txn_04dd8c69,cust_0188,32116,INR,2026-03-03 07:08:38,invoice,overdue,none,VIP,61,1,False,none,9,190777,0,False,0
txn_a0bfdf3e,cust_0112,18758,INR,2026-04-07 04:14:38,checkout,successful,none,new,1,0,False,none,0,20913,0,True,18758
txn_806f40b2,cust_0491,2439,INR,2026-05-20 14:21:38,invoice,successful,none,new,0,0,True,none,0,2439,0,True,2439
txn_de67fd36,cust_0248,4517,INR,2026-07-22 04:48:38,checkout,abandoned,none,returning,20,2,True,none,0,86277,0,False,0
txn_f2380f2c,cust_0957,43542,INR,2026-08-16 01:26:38,checkout,abandoned,none,VIP,44,1,True,none,0,180118,0,False,0
txn_cb4fdd3c,cust_0944,22470,INR,2026-03-16 18:01:38,invoice,overdue,none,new,1,0,False,none,33,26754,0,False,0
txn_f1fea3a2,cust_0231,19223,INR,2026-05-07 18:31:38,payment,successful,none,new,0,0,False,none,0,19223,0,True,19223
txn_a2ff49a3,cust_0571,16207,INR,2026-08-13 15:43:38,checkout,successful,none,new,0,0,False,none,0,16207,0,True,16207
txn_fdd768d4,cust_0634,34050,INR,2026-07-22 15:43:38,payment,successful,none,VIP,41,5,False,none,0,162585,0,True,34050
txn_7908d8f9,cust_0577,25083,INR,2026-03-20 17:50:38,payment,successful,none,new,1,0,False,none,0,26563,0,True,25083
txn_f0f888b2,cust_0960,1397,INR,2026-06-27 21:55:38,invoice,successful,none,VIP,69,2,False,none,0,254489,0,True,1397
txn_4ea805ee,cust_0466,22719,INR,2026-07-14 07:10:38,subscription,failed,authentication_failure,VIP,66,1,False,past_due,0,133731,0,False,0
txn_fa10e850,cust_0443,24222,INR,2026-04-11 12:01:38,invoice,overdue,none,returning,5,0,False,none,3,45557,0,False,0
txn_749f989f,cust_0214,41158,INR,2026-05-06 06:57:38,checkout,successful,none,returning,14,3,False,none,0,100980,0,True,41158
txn_3b8ba10d,cust_0137,21465,INR,2026-07-10 01:14:38,invoice,successful,none,VIP,87,1,False,none,0,240270,0,True,21465
txn_f9ead263,cust_0803,47895,INR,2026-05-15 07:45:38,invoice,overdue,none,VIP,66,3,False,none,85,377235,0,False,0
txn_06489992,cust_0482,25844,INR,2026-03-21 06:23:38,subscription,successful,none,new,1,0,False,active,0,28804,0,True,25844
txn_f7430c74,cust_0676,22230,INR,2026-08-20 21:13:38,subscription,successful,none,returning,17,3,False,active,0,55839,0,True,22230
txn_67fbb2ca,cust_0280,43812,INR,2026-07-08 15:00:38,subscription,successful,none,VIP,92,1,False,active,0,392676,0,True,43812
txn_d71f9878,cust_0781,16202,INR,2026-08-06 19:26:38,subscription,successful,none,returning,11,0,False,active,0,30447,0,True,16202
txn_d3b7568d,cust_0874,3557,INR,2026-07-20 13:07:38,invoice,overdue,none,new,1,0,False,none,43,6979,0,False,0
txn_e5b6384c,cust_0639,23885,INR,2026-06-01 21:15:38,checkout,abandoned,none,returning,19,3,True,none,0,107314,0,False,0
txn_56a28cab,cust_0923,6751,INR,2026-03-22 06:16:38,subscription,successful,none,new,0,0,False,active,0,6751,0,True,6751
txn_6d4ffeb7,cust_0717,41301,INR,2026-08-03 18:18:38,invoice,successful,none,returning,8,0,False,none,0,54909,0,True,41301
txn_2b5a8816,cust_0489,31086,INR,2026-03-31 01:15:38,invoice,overdue,none,new,0,0,False,none,49,31086,0,False,0
txn_0eb3e448,cust_0970,1401,INR,2026-05-25 17:15:38,invoice,successful,none,VIP,92,2,False,none,0,303437,0,True,1401
txn_a96e450c,cust_0939,19767,INR,2026-06-06 09:41:38,invoice,successful,none,new,0,0,False,none,0,19767,0,True,19767
txn_587d057b,cust_0364,5544,INR,2026-07-15 07:32:38,checkout,abandoned,none,VIP,83,0,True,none,0,331070,0,False,0
txn_7e04f9b3,cust_0533,33747,INR,2026-08-13 23:11:38,checkout,successful,none,new,1,0,False,none,0,36856,0,True,33747
txn_f59e5fbf,cust_0042,17343,INR,2026-07-25 00:26:38,subscription,failed,authentication_failure,returning,15,0,False,canceled,0,65748,0,False,0
txn_79ec09b8,cust_0927,1359,INR,2026-06-18 21:02:38,subscription,failed,authentication_failure,returning,13,3,False,past_due,0,11681,0,False,0
txn_56ceff74,cust_0417,33692,INR,2026-04-08 12:55:38,invoice,successful,none,VIP,63,1,False,none,0,243860,0,True,33692
txn_0e7c6867,cust_0941,5559,INR,2026-07-29 18:35:38,invoice,successful,none,VIP,30,5,False,none,0,98859,0,True,5559
txn_57e81a15,cust_0077,7115,INR,2026-06-28 16:31:38,subscription,successful,none,new,1,0,False,active,0,8147,0,True,7115
txn_96f65abd,cust_0755,47489,INR,2026-05-01 22:31:38,payment,successful,none,returning,20,0,False,none,0,83069,0,True,47489
txn_1106067a,cust_0628,43677,INR,2026-08-07 14:21:38,payment,successful,none,new,0,0,False,none,0,43677,0,True,43677
txn_1ecd1a16,cust_0811,6102,INR,2026-05-20 08:46:38,payment,failed,authentication_failure,VIP,49,1,False,none,0,50643,0,False,0
txn_785d3080,cust_0726,31298,INR,2026-03-07 00:31:38,subscription,successful,none,returning,20,1,False,active,0,118158,0,True,31298
txn_eb88bf7f,cust_0520,29100,INR,2026-06-21 14:30:38,invoice,overdue,none,new,0,0,False,none,24,29100,0,False,0
txn_2e1912a3,cust_0720,12508,INR,2026-06-30 14:01:38,payment,successful,none,new,0,0,False,none,0,12508,0,True,12508
txn_843d4e5c,cust_0519,38917,INR,2026-05-30 20:11:38,subscription,failed,network_error,VIP,56,1,False,canceled,0,262581,0,False,0
txn_27a3962f,cust_0289,43015,INR,2026-05-30 20:23:38,checkout,successful,none,new,0,0,False,none,0,43015,0,True,43015
txn_d6067e88,cust_0783,28286,INR,2026-05-26 20:43:38,payment,failed,unknown,VIP,77,0,False,none,0,122380,0,False,0
txn_018a38fe,cust_0462,4417,INR,2026-04-24 08:52:38,subscription,failed,unknown,returning,16,2,False,canceled,0,77905,0,False,0
txn_7a535cbd,cust_0602,12570,INR,2026-05-01 08:27:38,invoice,overdue,none,new,0,0,False,none,30,12570,0,False,0
txn_22b44395,cust_0475,26526,INR,2026-05-21 06:25:38,checkout,abandoned,none,returning,15,1,True,none,0,51471,0,False,0
txn_c82eb569,cust_0892,20856,INR,2026-03-11 14:17:38,invoice,overdue,none,VIP,39,3,True,none,49,157161,0,False,0
txn_bf55e1c5,cust_0098,12152,INR,2026-06-02 13:25:38,subscription,successful,none,new,1,0,False,active,0,16520,0,True,12152
txn_4e98865f,cust_0850,10475,INR,2026-04-22 05:59:38,checkout,successful,none,VIP,55,1,False,none,0,123555,0,True,10475
txn_abbc6fac,cust_0993,10574,INR,2026-06-05 20:56:38,invoice,overdue,none,VIP,27,2,False,none,63,47510,0,False,0
txn_4ef5b05d,cust_0966,9371,INR,2026-06-09 23:16:38,payment,failed,network_error,returning,7,3,True,none,0,40997,0,False,0
txn_edfcae40,cust_0627,20456,INR,2026-05-23 20:31:38,invoice,successful,none,new,0,0,False,none,0,20456,0,True,20456
txn_bb380546,cust_0065,37149,INR,2026-07-05 08:42:38,invoice,successful,none,new,1,0,False,none,0,40680,0,True,37149
txn_673c7979,cust_0806,20582,INR,2026-07-26 08:36:38,invoice,successful,none,returning,18,2,False,none,0,78398,0,True,20582
txn_d8a82e29,cust_0501,15102,INR,2026-08-03 06:38:38,payment,failed,card_declined,VIP,80,0,False,none,0,260462,0,False,0
txn_64ef2610,cust_0542,21179,INR,2026-07-09 10:41:38,payment,successful,none,returning,15,2,False,none,0,36899,0,True,21179
txn_57a6464c,cust_0253,3968,INR,2026-03-22 03:51:38,invoice,successful,none,new,0,0,False,none,0,3968,0,True,3968
txn_8947e794,cust_0497,17975,INR,2026-03-28 00:19:38,checkout,successful,none,returning,20,1,False,none,0,58795,0,True,17975
txn_3e1d4359,cust_0537,4069,INR,2026-08-25 10:10:38,subscription,successful,none,VIP,56,1,False,active,0,204549,0,True,4069
txn_d29f663e,cust_0030,19505,INR,2026-07-21 04:46:38,payment,successful,none,VIP,73,0,False,none,0,276392,0,True,19505
txn_8a6bcba2,cust_0777,10387,INR,2026-02-27 23:57:38,invoice,successful,none,returning,4,2,False,none,0,27327,0,True,10387
txn_c3df1b19,cust_0331,38535,INR,2026-04-08 04:03:38,subscription,successful,none,new,0,0,False,active,0,38535,0,True,38535
txn_ae18ff96,cust_0564,47318,INR,2026-06-04 23:33:38,invoice,successful,none,new,1,0,False,none,0,50471,0,True,47318
txn_eff14c3d,cust_0290,42280,INR,2026-08-12 19:41:38,checkout,abandoned,none,returning,19,0,True,none,0,131409,0,False,0
txn_a11cc6c9,cust_0144,32650,INR,2026-06-28 16:38:38,payment,failed,temporary_bank_error,new,0,0,False,none,0,32650,0,False,0
txn_78c5f0ab,cust_0084,23501,INR,2026-08-12 03:00:38,checkout,successful,none,returning,11,0,False,none,0,73375,0,True,23501
txn_00b29cc0,cust_0843,26051,INR,2026-06-22 12:11:38,payment,failed,network_error,new,0,0,False,none,0,26051,0,False,0
txn_5827673f,cust_0054,44895,INR,2026-06-29 14:31:38,payment,successful,none,VIP,48,3,True,none,0,85551,0,True,44895
txn_bcff89a9,cust_0397,21036,INR,2026-04-23 18:44:38,checkout,successful,none,VIP,70,0,False,none,0,348566,0,True,21036
txn_9c4f3d1d,cust_0205,27293,INR,2026-08-26 07:42:38,payment,failed,temporary_bank_error,VIP,24,1,False,none,0,84413,0,False,0
txn_79d111b4,cust_0407,24224,INR,2026-03-19 19:47:38,subscription,successful,none,new,0,0,True,active,0,24224,0,True,24224
txn_2aa4f952,cust_0524,36555,INR,2026-06-05 11:01:38,checkout,successful,none,returning,6,1,False,none,0,52149,0,True,36555
txn_d1d77d16,cust_0030,18802,INR,2026-08-17 06:35:38,invoice,successful,none,returning,20,3,False,none,0,62322,0,True,18802
txn_eeb25556,cust_0778,13573,INR,2026-06-11 07:57:38,subscription,successful,none,VIP,58,5,False,active,0,144363,0,True,13573
txn_eb837b41,cust_0581,41133,INR,2026-07-12 09:13:38,subscription,successful,none,returning,7,0,True,active,0,62399,0,True,41133
txn_5d339d1e,cust_0738,47282,INR,2026-04-27 01:48:38,invoice,successful,none,returning,15,3,False,none,0,75077,0,True,47282
txn_3f7fd6eb,cust_0080,43814,INR,2026-08-25 10:27:38,subscription,successful,none,VIP,33,0,False,active,0,68729,0,True,43814
txn_2e9376ac,cust_0747,29267,INR,2026-03-15 12:59:38,invoice,successful,none,VIP,40,0,False,none,0,66787,0,True,29267
txn_b16c0892,cust_0428,24533,INR,2026-06-11 15:10:38,payment,failed,insufficient_funds,VIP,22,2,False,none,0,41825,0,False,0
txn_e4568bc7,cust_0942,13512,INR,2026-08-04 20:11:38,payment,successful,none,VIP,23,3,True,none,0,57902,0,True,13512
txn_7e40506f,cust_0277,38096,INR,2026-07-19 13:22:38,checkout,successful,none,new,1,0,False,none,0,39114,0,True,38096
txn_7c7d3e2b,cust_0039,24834,INR,2026-08-24 00:29:38,payment,successful,none,returning,14,3,False,none,0,79126,0,True,24834
txn_e2fd7e66,cust_0727,4229,INR,2026-06-19 13:11:38,checkout,successful,none,returning,16,1,True,none,0,47253,0,True,4229
txn_6bda6cb3,cust_0856,227,INR,2026-08-15 10:03:38,payment,failed,network_error,returning,18,3,False,none,0,43355,0,False,0
txn_9e61c25e,cust_0841,24171,INR,2026-05-23 19:51:38,invoice,successful,none,returning,18,1,False,none,0,88197,0,True,24171
txn_4f597963,cust_0417,21118,INR,2026-05-31 10:17:38,checkout,successful,none,new,1,0,False,none,0,24666,0,True,21118
txn_20fbf5a8,cust_0911,49360,INR,2026-05-09 16:48:38,checkout,abandoned,none,returning,18,3,True,none,0,111478,0,False,0
txn_98fa035a,cust_0947,9120,INR,2026-07-16 18:05:38,checkout,successful,none,returning,15,3,False,none,0,82875,0,True,9120
txn_837ec95c,cust_0614,41064,INR,2026-07-05 21:01:38,subscription,successful,none,returning,18,1,False,active,0,70620,0,True,41064
txn_83c292af,cust_0514,27558,INR,2026-06-23 01:44:38,payment,successful,none,VIP,25,4,False,none,0,61308,0,True,27558
txn_59c5ae0b,cust_0701,48577,INR,2026-05-24 01:27:38,invoice,overdue,none,VIP,62,3,False,none,30,138911,0,False,0
txn_6a18bdfd,cust_0225,43150,INR,2026-07-31 11:46:38,invoice,successful,none,VIP,64,5,False,none,0,289038,0,True,43150
txn_f8eedf5c,cust_0001,10304,INR,2026-03-03 10:11:38,payment,failed,unknown,VIP,33,3,False,none,0,65810,0,False,0
txn_2f88be81,cust_0846,19948,INR,2026-08-21 19:25:38,checkout,abandoned,none,new,0,0,True,none,0,19948,0,False,0
txn_461e52a3,cust_0848,13671,INR,2026-07-28 06:04:38,subscription,successful,none,VIP,29,0,False,active,0,88375,0,True,13671
txn_220a0531,cust_0384,792,INR,2026-04-26 22:47:38,subscription,failed,insufficient_funds,new,1,0,False,canceled,0,4802,0,False,0
txn_d91a048f,cust_0033,44606,INR,2026-04-28 06:38:38,invoice,successful,none,returning,11,2,False,none,0,52900,0,True,44606
txn_19054eef,cust_0706,6522,INR,2026-05-22 17:55:38,invoice,successful,none,VIP,99,2,False,none,0,453606,0,True,6522
txn_a5b696f3,cust_0487,5790,INR,2026-06-25 19:33:38,checkout,abandoned,none,returning,18,0,True,none,0,27012,0,False,0
txn_71f3c6cb,cust_0248,6260,INR,2026-02-28 05:13:38,subscription,failed,authentication_failure,VIP,80,0,False,canceled,0,257780,0,False,0
txn_cb59fbc8,cust_0132,6322,INR,2026-07-12 05:09:38,payment,failed,unknown,VIP,23,4,False,none,0,101542,0,False,0
txn_c68989ec,cust_0600,25539,INR,2026-06-13 14:24:38,payment,failed,insufficient_funds,new,1,0,False,none,0,27463,0,False,0
txn_8e915fdb,cust_0113,21819,INR,2026-06-25 19:02:38,invoice,successful,none,VIP,39,0,False,none,0,104928,0,True,21819
txn_b97121fa,cust_0928,42952,INR,2026-06-11 14:12:38,checkout,abandoned,none,new,1,0,True,none,0,43811,0,False,0
txn_02186a64,cust_0235,44863,INR,2026-07-23 14:39:38,invoice,successful,none,VIP,76,5,False,none,0,155139,0,True,44863
txn_d2ba2dd1,cust_0025,39762,INR,2026-04-14 21:03:38,invoice,overdue,none,returning,16,2,True,none,73,104114,0,False,0
txn_98756880,cust_0286,7068,INR,2026-06-20 22:04:38,subscription,failed,authentication_failure,returning,18,3,False,past_due,0,25932,0,False,0
txn_69a7c4e4,cust_0929,33334,INR,2026-04-03 13:44:38,subscription,successful,none,new,0,0,False,active,0,33334,0,True,33334
txn_6d2bd5df,cust_0571,43344,INR,2026-07-29 02:24:38,checkout,successful,none,returning,16,0,False,none,0,75648,0,True,43344
txn_144c440d,cust_0137,9759,INR,2026-08-24 15:53:38,checkout,successful,none,VIP,70,0,False,none,0,257979,0,True,9759
txn_89d162cb,cust_0902,38476,INR,2026-07-04 12:44:38,payment,failed,insufficient_funds,new,1,0,False,none,0,40972,0,False,0
txn_e7a9b89c,cust_0102,31474,INR,2026-08-09 14:44:38,subscription,successful,none,new,1,0,False,active,0,36409,0,True,31474
txn_929a524f,cust_0882,33514,INR,2026-08-09 01:16:38,subscription,successful,none,new,1,0,False,active,0,38219,0,True,33514
txn_ec1ac304,cust_0860,49475,INR,2026-05-09 17:31:38,invoice,successful,none,VIP,66,1,False,none,0,224375,0,True,49475
txn_ad21f167,cust_0198,25962,INR,2026-06-30 19:28:38,payment,successful,none,VIP,67,3,False,none,0,306290,0,True,25962
txn_a291999b,cust_0662,40397,INR,2026-08-08 05:48:38,invoice,successful,none,VIP,40,1,False,none,0,231197,0,True,40397
txn_d8238a40,cust_0722,4447,INR,2026-06-17 04:45:38,payment,successful,none,new,0,0,False,none,0,4447,0,True,4447
txn_fdcb19ea,cust_0311,22479,INR,2026-04-29 02:55:38,checkout,abandoned,none,VIP,97,2,True,none,0,315807,0,False,0
txn_71263b9c,cust_0481,45218,INR,2026-03-22 23:22:38,subscription,successful,none,returning,3,3,False,active,0,55133,0,True,45218
txn_05e119cf,cust_0896,17677,INR,2026-06-06 11:50:38,checkout,successful,none,returning,20,1,False,none,0,78957,0,True,17677
txn_d87326d4,cust_0846,20176,INR,2026-05-10 21:44:38,subscription,successful,none,returning,17,3,False,active,0,67453,0,True,20176
txn_15029a3c,cust_0822,40277,INR,2026-04-08 09:13:38,subscription,successful,none,VIP,57,1,False,active,0,237554,0,True,40277
txn_0f04cd54,cust_0533,38225,INR,2026-03-17 12:13:38,checkout,abandoned,none,new,0,0,True,none,0,38225,0,False,0
txn_609a4d01,cust_0188,41613,INR,2026-06-19 00:57:38,checkout,successful,none,VIP,83,2,False,none,0,250109,0,True,41613
txn_da7d79c2,cust_0621,9690,INR,2026-04-09 07:26:38,checkout,successful,none,new,1,0,False,none,0,11209,0,True,9690
txn_6d1944c1,cust_0466,16799,INR,2026-07-08 11:23:38,invoice,successful,none,VIP,94,2,False,none,0,457377,0,True,16799
txn_63613415,cust_0610,41263,INR,2026-07-28 15:15:38,invoice,overdue,none,new,1,0,False,none,63,45344,0,False,0
txn_30ba7512,cust_0043,49915,INR,2026-06-20 14:36:38,payment,successful,none,new,1,0,False,none,0,51295,0,True,49915
txn_0d64a109,cust_0210,48794,INR,2026-03-20 20:09:38,invoice,successful,none,new,0,0,False,none,0,48794,0,True,48794
txn_a90119f5,cust_0226,15873,INR,2026-05-29 12:17:38,subscription,successful,none,VIP,97,4,False,active,0,276318,0,True,15873
txn_a7f1d341,cust_0781,38380,INR,2026-03-23 19:16:38,checkout,successful,none,new,0,0,False,none,0,38380,0,True,38380
txn_83743fda,cust_0829,48626,INR,2026-07-02 11:57:38,checkout,successful,none,returning,4,0,False,none,0,58690,0,True,48626
txn_a62c54e0,cust_0110,11473,INR,2026-03-27 06:58:38,payment,failed,insufficient_funds,new,0,0,False,none,0,11473,0,False,0
txn_1acfd825,cust_0419,6677,INR,2026-05-20 23:38:38,payment,successful,none,VIP,76,3,False,none,0,138233,0,True,6677
txn_dd784ad4,cust_0211,35572,INR,2026-08-22 03:54:38,checkout,successful,none,VIP,82,3,False,none,0,428516,0,True,35572
txn_d045ffeb,cust_0148,29079,INR,2026-05-16 13:13:38,payment,failed,insufficient_funds,VIP,29,4,False,none,0,133276,0,False,0
txn_7c6d6f44,cust_0255,26648,INR,2026-04-29 18:43:38,checkout,successful,none,VIP,57,1,False,none,0,232304,0,True,26648
txn_48b5a194,cust_0715,16095,INR,2026-05-31 08:02:38,invoice,overdue,none,new,1,0,False,none,83,16774,0,False,0
txn_06f1f224,cust_0932,28692,INR,2026-06-20 07:28:38,invoice,successful,none,returning,3,3,False,none,0,36456,0,True,28692
txn_363119ef,cust_0173,31460,INR,2026-05-26 17:38:38,invoice,overdue,none,new,0,0,False,none,21,31460,0,False,0
txn_db8d58f4,cust_0095,46440,INR,2026-06-23 05:17:38,subscription,successful,none,VIP,90,0,False,active,0,276030,0,True,46440
txn_de85b8da,cust_0892,28666,INR,2026-04-16 17:12:38,checkout,successful,none,new,0,0,False,none,0,28666,0,True,28666
txn_3255d8a9,cust_0587,40794,INR,2026-05-11 14:11:38,invoice,overdue,none,VIP,42,2,False,none,7,250290,0,False,0
txn_04415b16,cust_0069,12904,INR,2026-05-01 01:38:38,payment,successful,none,new,1,0,False,none,0,14868,0,True,12904
txn_4f4a6230,cust_0547,11825,INR,2026-07-15 10:54:38,subscription,successful,none,new,0,0,False,active,0,11825,0,True,11825
txn_75fa6891,cust_0517,32927,INR,2026-07-16 17:56:38,checkout,abandoned,none,new,1,0,True,none,0,34532,0,False,0
txn_a9fde04b,cust_0883,8769,INR,2026-05-03 13:41:38,subscription,successful,none,VIP,67,4,False,active,0,195498,0,True,8769
txn_635e75a7,cust_0656,16367,INR,2026-06-15 04:53:38,subscription,successful,none,VIP,25,0,False,active,0,106142,0,True,16367
txn_4f674f80,cust_0773,44502,INR,2026-04-29 22:53:38,checkout,abandoned,none,returning,18,3,True,none,0,130920,0,False,0
txn_9ca3a697,cust_0770,39783,INR,2026-04-22 14:35:38,invoice,successful,none,returning,17,3,False,none,0,71522,0,True,39783
txn_b6e1d335,cust_0863,4911,INR,2026-05-24 19:06:38,checkout,successful,none,returning,4,3,False,none,0,19447,0,True,4911
txn_502ee239,cust_0221,49272,INR,2026-06-11 07:11:38,payment,successful,none,returning,5,3,False,none,0,57497,0,True,49272
txn_8e078fa5,cust_0259,14981,INR,2026-07-06 05:18:38,invoice,successful,none,returning,13,3,False,none,0,71011,0,True,14981
txn_acaf1b00,cust_0971,3465,INR,2026-05-30 04:28:38,subscription,successful,none,new,0,0,False,active,0,3465,0,True,3465
txn_c74b0f7e,cust_0080,42923,INR,2026-08-17 04:22:38,invoice,successful,none,VIP,57,2,False,none,0,310709,0,True,42923
txn_5078d46f,cust_0945,12779,INR,2026-04-06 11:23:38,checkout,successful,none,VIP,41,0,False,none,0,67268,0,True,12779
txn_c5b7c43a,cust_0025,14432,INR,2026-06-05 10:03:38,checkout,successful,none,returning,13,2,False,none,0,69942,0,True,14432
txn_eb5bf8a7,cust_0905,33981,INR,2026-04-08 19:39:38,payment,successful,none,returning,16,3,True,none,0,109341,0,True,33981
txn_3c2207e6,cust_0956,4509,INR,2026-07-08 16:47:38,subscription,successful,none,returning,11,3,False,active,0,34077,0,True,4509
txn_503edb82,cust_0043,25947,INR,2026-07-09 05:50:38,subscription,successful,none,new,1,0,False,active,0,26546,0,True,25947
txn_e9727e00,cust_0561,10038,INR,2026-07-17 18:10:38,invoice,successful,none,VIP,52,1,False,none,0,36246,0,True,10038
txn_d953967c,cust_0938,4431,INR,2026-05-02 08:47:38,payment,failed,authentication_failure,new,1,0,False,none,0,5866,0,False,0
txn_4e198219,cust_0647,24487,INR,2026-03-30 02:43:38,subscription,failed,insufficient_funds,VIP,61,4,False,canceled,0,132701,0,False,0
txn_7ac1e7d1,cust_0232,39018,INR,2026-04-19 09:55:38,subscription,successful,none,new,1,0,False,active,0,43477,0,True,39018
txn_cdc698d5,cust_0975,26623,INR,2026-04-07 11:32:38,invoice,overdue,none,VIP,58,2,False,none,7,106199,0,False,0
txn_3d09c6ba,cust_0476,16401,INR,2026-04-20 08:00:38,checkout,abandoned,none,new,0,0,True,none,0,16401,0,False,0
txn_8fdb6a03,cust_0249,27578,INR,2026-08-13 06:01:38,subscription,failed,insufficient_funds,new,1,0,False,past_due,0,28621,0,False,0
txn_c5ba4114,cust_0425,10195,INR,2026-07-28 10:11:38,checkout,abandoned,none,returning,1,2,True,none,0,13729,0,False,0
txn_a1da5549,cust_0603,32334,INR,2026-06-15 11:47:38,invoice,successful,none,new,1,0,False,none,0,36357,0,True,32334
txn_2acaf4f2,cust_0164,22127,INR,2026-08-06 16:21:38,checkout,abandoned,none,VIP,61,4,True,none,0,240934,0,False,0
txn_faf0f919,cust_0154,48428,INR,2026-03-01 23:17:38,payment,successful,none,VIP,74,3,False,none,0,141372,0,True,48428
txn_060cd21e,cust_0182,236,INR,2026-05-25 21:43:38,invoice,overdue,none,new,0,0,False,none,61,236,0,False,0
txn_2934e05f,cust_0683,45974,INR,2026-06-04 16:24:38,invoice,overdue,none,VIP,31,0,False,none,46,103417,0,False,0
txn_58002ea3,cust_0630,5496,INR,2026-04-24 16:09:38,invoice,overdue,none,new,0,0,False,none,6,5496,0,False,0
txn_64751b13,cust_0852,40433,INR,2026-06-22 13:45:38,payment,successful,none,VIP,56,1,False,none,0,98225,0,True,40433
txn_b395e149,cust_0099,33843,INR,2026-08-19 06:32:38,checkout,abandoned,none,returning,20,1,True,none,0,90323,0,False,0
txn_08993e9e,cust_0830,10769,INR,2026-05-17 05:35:38,invoice,successful,none,returning,12,2,False,none,0,45629,0,True,10769
txn_a646e413,cust_0335,20371,INR,2026-07-19 18:21:38,invoice,overdue,none,new,0,0,False,none,86,20371,0,False,0
txn_a8ad03a1,cust_0111,7814,INR,2026-06-02 21:06:38,subscription,successful,none,returning,5,1,False,active,0,13319,0,True,7814
txn_a09a0c65,cust_0446,47196,INR,2026-03-13 18:03:38,invoice,successful,none,returning,4,2,False,none,0,56068,0,True,47196
txn_be33defc,cust_0068,12649,INR,2026-04-22 04:44:38,checkout,successful,none,new,0,0,False,none,0,12649,0,True,12649
txn_566bb98c,cust_0461,46574,INR,2026-04-03 21:15:38,invoice,overdue,none,new,1,0,False,none,42,50533,0,False,0
txn_1bf0c3d3,cust_0426,10859,INR,2026-07-23 11:54:38,checkout,successful,none,new,1,0,False,none,0,14099,0,True,10859
txn_47c1fd96,cust_0185,18309,INR,2026-03-23 08:05:38,payment,failed,unknown,returning,2,0,False,none,0,25219,0,False,0
txn_40100d77,cust_0217,31740,INR,2026-05-19 02:49:38,subscription,successful,none,new,1,0,False,active,0,36376,0,True,31740
txn_b71a1e0f,cust_0789,40222,INR,2026-05-03 18:08:38,payment,failed,authentication_failure,VIP,25,3,False,none,0,164772,0,False,0
txn_ece0fd43,cust_0486,26795,INR,2026-07-01 05:10:38,payment,successful,none,returning,15,1,False,none,0,73010,0,True,26795
txn_f43fcb17,cust_0837,42833,INR,2026-04-14 12:24:38,payment,successful,none,new,1,0,False,none,0,46567,0,True,42833
txn_ee5f5630,cust_0407,29542,INR,2026-06-18 01:34:38,subscription,successful,none,new,1,0,False,active,0,30433,0,True,29542
txn_76c01dac,cust_0514,27412,INR,2026-04-01 12:52:38,invoice,overdue,none,VIP,59,4,False,none,3,81633,0,False,0
txn_fd15f22e,cust_0948,18945,INR,2026-07-07 18:43:38,payment,failed,card_declined,returning,18,2,False,none,0,54063,0,False,0
txn_b7f2f64c,cust_0970,21646,INR,2026-06-22 13:44:38,subscription,successful,none,returning,1,0,False,active,0,23209,0,True,21646
txn_4a4145c9,cust_0166,16948,INR,2026-06-15 09:52:38,invoice,successful,none,returning,7,1,False,none,0,41168,0,True,16948
txn_9173671b,cust_0160,41978,INR,2026-06-19 14:19:38,payment,failed,temporary_bank_error,new,0,0,False,none,0,41978,0,False,0
txn_3c85226f,cust_0125,22220,INR,2026-07-27 03:44:38,checkout,abandoned,none,VIP,88,3,True,none,0,434412,0,False,0
txn_feeb8085,cust_0181,5557,INR,2026-03-22 17:22:38,subscription,failed,temporary_bank_error,returning,7,2,False,canceled,0,10100,0,False,0
txn_4fd80647,cust_0535,22519,INR,2026-03-19 08:25:38,subscription,successful,none,VIP,88,1,False,active,0,411567,0,True,22519
txn_278636e8,cust_0107,25611,INR,2026-03-17 03:37:38,invoice,successful,none,VIP,71,1,False,none,0,158523,0,True,25611
txn_687faa44,cust_1000,45801,INR,2026-05-02 07:06:38,payment,successful,none,VIP,49,5,False,none,0,268702,0,True,45801
txn_db28eb9f,cust_0464,13149,INR,2026-03-10 07:45:38,payment,failed,temporary_bank_error,new,0,0,True,none,0,13149,0,False,0
txn_820b0bd7,cust_0993,49234,INR,2026-03-28 02:51:38,payment,successful,none,returning,15,0,False,none,0,73204,0,True,49234
txn_cc78ceab,cust_0140,38955,INR,2026-03-21 17:36:38,checkout,abandoned,none,returning,16,2,True,none,0,62651,0,False,0
txn_47451a4b,cust_0252,20879,INR,2026-08-18 16:23:38,checkout,abandoned,none,returning,18,3,True,none,0,73133,0,False,0
txn_fc1cf5d1,cust_0713,43669,INR,2026-05-14 16:53:38,invoice,overdue,none,returning,13,1,False,none,18,80056,0,False,0
txn_8116f379,cust_0757,32755,INR,2026-06-05 13:41:38,checkout,successful,none,returning,14,0,False,none,0,42751,0,True,32755
txn_d3f17a84,cust_0372,9106,INR,2026-06-07 16:15:38,payment,successful,none,new,0,0,False,none,0,9106,0,True,9106
txn_922eb103,cust_0238,38256,INR,2026-04-09 01:28:38,payment,successful,none,new,1,0,False,none,0,41307,0,True,38256
txn_310c3e02,cust_0958,46814,INR,2026-05-16 18:07:38,invoice,overdue,none,VIP,89,2,False,none,71,308207,0,False,0
txn_090afa43,cust_0674,27636,INR,2026-03-30 19:20:38,invoice,overdue,none,returning,9,0,False,none,12,42225,0,False,0
txn_0750c48b,cust_0829,2886,INR,2026-04-06 12:21:38,invoice,overdue,none,returning,13,0,False,none,61,37531,0,False,0
txn_a9796b82,cust_0646,12232,INR,2026-07-26 13:39:38,payment,successful,none,new,1,0,False,none,0,14521,0,True,12232
txn_5a29185d,cust_0245,44824,INR,2026-06-28 17:59:38,invoice,overdue,none,returning,1,2,False,none,66,46860,0,False,0
txn_2bc711f6,cust_0198,43804,INR,2026-03-29 05:28:38,invoice,successful,none,VIP,57,2,False,none,0,135859,0,True,43804
txn_1259a4f1,cust_0632,17752,INR,2026-04-22 19:19:38,subscription,successful,none,new,1,0,False,active,0,20340,0,True,17752
txn_bcc7633a,cust_0708,12628,INR,2026-06-25 14:41:38,checkout,successful,none,new,0,0,False,none,0,12628,0,True,12628
txn_89104920,cust_0749,16483,INR,2026-06-18 15:50:38,payment,successful,none,new,1,0,False,none,0,18072,0,True,16483
txn_6948407f,cust_0850,13875,INR,2026-05-05 15:17:38,payment,successful,none,VIP,21,3,False,none,0,42771,0,True,13875
txn_3949edfd,cust_0388,8176,INR,2026-07-06 23:17:38,subscription,failed,insufficient_funds,VIP,86,5,False,canceled,0,244934,0,False,0
txn_c5ab5faa,cust_0891,23245,INR,2026-05-08 18:10:38,subscription,successful,none,VIP,51,3,False,active,0,253000,0,True,23245
txn_1359ae59,cust_0063,30481,INR,2026-05-14 15:30:38,subscription,successful,none,new,1,0,False,active,0,35275,0,True,30481
txn_a4cc24e1,cust_0182,18675,INR,2026-05-03 08:07:38,checkout,successful,none,returning,1,3,False,none,0,23513,0,True,18675
txn_56fb6f8b,cust_0885,29548,INR,2026-07-02 04:29:38,payment,failed,unknown,returning,16,3,False,none,0,72876,0,False,0
txn_68c4878a,cust_0394,15463,INR,2026-05-25 03:10:38,invoice,successful,none,new,0,0,False,none,0,15463,0,True,15463
txn_ec06bcad,cust_0021,17913,INR,2026-06-24 11:38:38,subscription,failed,unknown,new,0,0,False,canceled,0,17913,0,False,0
txn_2664ccbd,cust_0589,36535,INR,2026-08-27 15:25:38,invoice,overdue,none,VIP,43,5,False,none,79,233088,0,False,0
txn_3bfcf0f1,cust_0582,45296,INR,2026-06-09 19:38:38,invoice,successful,none,returning,1,3,False,none,0,47380,0,True,45296
txn_cc490ac8,cust_0601,45714,INR,2026-04-29 00:14:38,checkout,successful,none,new,1,0,False,none,0,49137,0,True,45714
txn_84b7837a,cust_0879,21380,INR,2026-04-23 11:59:38,invoice,overdue,none,returning,12,3,False,none,6,51080,0,False,0
txn_64cd330b,cust_0079,1176,INR,2026-08-16 12:57:38,invoice,overdue,none,new,0,0,False,none,89,1176,0,False,0
txn_fdee11db,cust_0106,48505,INR,2026-07-04 13:03:38,payment,successful,none,VIP,90,3,False,none,0,193495,0,True,48505
txn_9358cfdb,cust_0941,16907,INR,2026-05-04 13:21:38,payment,successful,none,VIP,72,0,False,none,0,218291,0,True,16907
txn_a3032022,cust_0096,15612,INR,2026-06-18 02:16:38,payment,successful,none,returning,20,1,False,none,0,32832,0,True,15612
txn_c70807af,cust_0837,45704,INR,2026-04-21 01:12:38,payment,failed,authentication_failure,new,1,0,False,none,0,48913,0,False,0
txn_8fa9f33c,cust_0438,18297,INR,2026-07-16 18:39:38,invoice,overdue,none,VIP,64,2,False,none,1,287417,0,False,0
txn_c33bdb63,cust_0684,41204,INR,2026-08-15 20:15:38,payment,successful,none,returning,7,1,False,none,0,53699,0,True,41204
txn_ade492d8,cust_0136,13801,INR,2026-07-24 18:19:38,subscription,successful,none,returning,15,0,False,active,0,76531,0,True,13801
txn_934947db,cust_0643,47552,INR,2026-07-18 04:02:38,payment,failed,insufficient_funds,returning,14,1,False,none,0,61804,0,False,0
txn_278ea6e5,cust_0546,24645,INR,2026-07-18 13:22:38,payment,successful,none,new,1,0,False,none,0,26034,0,True,24645
txn_7feeee92,cust_0235,7206,INR,2026-03-07 02:29:38,invoice,successful,none,VIP,41,2,False,none,0,202407,0,True,7206
txn_9375a6fd,cust_0908,38479,INR,2026-03-24 05:09:38,invoice,overdue,none,returning,6,1,False,none,43,63547,0,False,0
txn_6b18e448,cust_0949,39833,INR,2026-04-12 04:27:38,subscription,successful,none,VIP,22,1,False,active,0,123961,0,True,39833
txn_fb71f83a,cust_0816,38202,INR,2026-04-13 15:51:38,payment,successful,none,VIP,36,0,False,none,0,123954,0,True,38202
txn_12c70d5a,cust_0055,42675,INR,2026-06-27 17:54:38,subscription,successful,none,VIP,43,4,False,active,0,145789,0,True,42675
txn_5fbf4ec1,cust_0248,35729,INR,2026-08-04 11:10:38,invoice,overdue,none,VIP,90,0,False,none,10,330749,0,False,0
txn_45a11a65,cust_0046,9024,INR,2026-07-01 20:46:38,subscription,successful,none,returning,16,1,False,active,0,35328,0,True,9024
txn_519e0e33,cust_0074,9787,INR,2026-03-06 10:32:38,invoice,successful,none,returning,18,0,False,none,0,66235,0,True,9787
txn_3a4c3fa8,cust_0799,2269,INR,2026-07-15 19:35:38,payment,successful,none,new,0,0,False,none,0,2269,0,True,2269
txn_912ab2a5,cust_0195,5412,INR,2026-08-12 22:39:38,payment,failed,unknown,returning,4,3,False,none,0,25072,0,False,0
txn_d3d54c45,cust_0362,1793,INR,2026-06-14 11:16:38,invoice,overdue,none,returning,13,0,False,none,20,61957,0,False,0
txn_a3fbe16b,cust_0295,9795,INR,2026-06-15 02:47:38,invoice,successful,none,returning,17,0,False,none,0,39256,0,True,9795
txn_982a093d,cust_0389,20685,INR,2026-08-21 17:48:38,checkout,abandoned,none,returning,2,3,True,none,0,29341,0,False,0
txn_b2fa0180,cust_0908,43487,INR,2026-08-05 07:40:38,checkout,successful,none,new,1,0,False,none,0,46816,0,True,43487
txn_56c8b304,cust_0415,34836,INR,2026-06-20 03:12:38,subscription,successful,none,returning,19,0,False,active,0,81025,0,True,34836
txn_ec8de511,cust_0051,24319,INR,2026-04-07 21:24:38,invoice,overdue,none,returning,10,1,False,none,85,60059,0,False,0
txn_ae5d1d6d,cust_0421,3575,INR,2026-08-22 23:37:38,subscription,failed,card_declined,VIP,98,4,False,past_due,0,421839,0,False,0
txn_c9b3a6b3,cust_0067,34560,INR,2026-05-19 10:33:38,payment,failed,card_declined,new,1,0,False,none,0,35444,0,False,0
txn_f39fd538,cust_0268,36524,INR,2026-04-28 03:30:38,payment,successful,none,VIP,53,5,False,none,0,140033,0,True,36524
txn_9eca9d17,cust_0388,33894,INR,2026-06-26 14:43:38,invoice,overdue,none,VIP,44,4,False,none,25,78994,0,False,0
txn_1fc22319,cust_0634,45755,INR,2026-03-14 21:44:38,invoice,successful,none,VIP,57,5,False,none,0,153998,0,True,45755
txn_d8ff13c2,cust_0249,26815,INR,2026-08-01 09:37:38,subscription,failed,card_declined,returning,5,2,False,past_due,0,50955,0,False,0
txn_f81b1fd1,cust_0842,30375,INR,2026-05-24 09:31:38,payment,successful,none,returning,10,3,False,none,0,48205,0,True,30375
txn_1a420bcd,cust_0808,12328,INR,2026-07-11 10:14:38,invoice,overdue,none,new,1,0,False,none,52,15612,0,False,0
txn_305810a5,cust_0685,47891,INR,2026-06-17 09:54:38,invoice,overdue,none,new,1,0,False,none,3,51481,0,False,0
txn_00d754a5,cust_0791,34857,INR,2026-03-02 02:53:38,payment,successful,none,new,0,0,False,none,0,34857,0,True,34857
txn_6f29ab1d,cust_0743,18150,INR,2026-06-01 18:08:38,checkout,successful,none,new,1,0,False,none,0,19154,0,True,18150
txn_55fc20e5,cust_0939,3869,INR,2026-04-15 10:49:38,subscription,failed,card_declined,new,0,0,False,past_due,0,3869,0,False,0
txn_ac5769ff,cust_0405,46557,INR,2026-03-27 04:53:38,payment,successful,none,VIP,48,1,False,none,0,110733,0,True,46557
txn_1c1568d3,cust_0622,8211,INR,2026-07-08 04:13:38,payment,successful,none,new,0,0,False,none,0,8211,0,True,8211
txn_2e581500,cust_0232,42307,INR,2026-08-05 23:38:38,checkout,successful,none,new,1,0,False,none,0,43091,0,True,42307
txn_8b7f3e40,cust_0399,49802,INR,2026-04-07 19:31:38,checkout,successful,none,new,1,0,False,none,0,54403,0,True,49802
txn_d8e17575,cust_0934,649,INR,2026-08-20 01:20:38,payment,successful,none,new,0,0,False,none,0,649,0,True,649
txn_9e2c28fb,cust_0563,27298,INR,2026-06-03 03:46:38,payment,successful,none,new,0,0,False,none,0,27298,0,True,27298
txn_fc35ee6f,cust_0984,17394,INR,2026-03-24 08:18:38,subscription,failed,network_error,VIP,73,0,False,past_due,0,181644,0,False,0
txn_9f669329,cust_0619,5097,INR,2026-04-02 10:20:38,invoice,overdue,none,new,0,0,False,none,40,5097,0,False,0
txn_d6f3d387,cust_0407,14900,INR,2026-05-15 13:16:38,subscription,successful,none,VIP,81,2,False,active,0,72896,0,True,14900
txn_9b1399eb,cust_0965,10433,INR,2026-06-27 05:09:38,checkout,abandoned,none,new,0,0,True,none,0,10433,0,False,0
txn_cda8916b,cust_0095,27511,INR,2026-05-14 20:24:38,payment,successful,none,returning,2,2,False,none,0,30641,0,True,27511
txn_92fa7bf3,cust_0022,41419,INR,2026-05-10 05:36:38,checkout,abandoned,none,returning,8,3,True,none,0,71331,0,False,0
txn_5f2e0816,cust_0765,34135,INR,2026-07-09 17:53:38,payment,failed,temporary_bank_error,new,1,0,False,none,0,34782,0,False,0
txn_e73c543a,cust_0408,23779,INR,2026-05-03 17:06:38,invoice,overdue,none,VIP,31,0,False,none,50,137363,0,False,0
txn_ea8202a7,cust_0976,14049,INR,2026-05-28 17:34:38,invoice,overdue,none,new,0,0,False,none,13,14049,0,False,0
txn_d253d167,cust_0447,36163,INR,2026-04-05 22:29:38,subscription,successful,none,VIP,33,3,False,active,0,183838,0,True,36163
txn_2bb65108,cust_0298,13918,INR,2026-04-08 18:36:38,checkout,successful,none,VIP,25,0,False,none,0,75993,0,True,13918
txn_e16c93f5,cust_0351,29422,INR,2026-08-16 13:12:38,subscription,successful,none,returning,8,3,False,active,0,68062,0,True,29422
txn_9507bb2d,cust_0105,40372,INR,2026-08-15 03:03:38,payment,failed,temporary_bank_error,VIP,67,3,False,none,0,83721,0,False,0
txn_7dfdf264,cust_0823,38166,INR,2026-05-04 10:49:38,invoice,overdue,none,returning,10,1,False,none,9,44456,0,False,0
txn_98963bc4,cust_0775,26501,INR,2026-03-21 00:35:38,checkout,abandoned,none,VIP,93,4,True,none,0,393479,0,False,0
txn_01140e0e,cust_0851,43142,INR,2026-04-16 10:17:38,checkout,successful,none,VIP,97,4,False,none,0,454131,0,True,43142
txn_b93b91f8,cust_0653,24098,INR,2026-06-13 18:37:38,invoice,successful,none,VIP,51,1,False,none,0,187604,0,True,24098
txn_367bb550,cust_0977,20389,INR,2026-07-01 09:37:38,subscription,successful,none,new,0,0,False,active,0,20389,0,True,20389
txn_73a732ff,cust_0578,28272,INR,2026-04-28 15:01:38,invoice,successful,none,VIP,27,3,False,none,0,46848,0,True,28272
txn_033d3ae6,cust_0179,30061,INR,2026-07-02 08:44:38,subscription,failed,temporary_bank_error,VIP,47,2,False,canceled,0,141357,0,False,0
txn_7e8ffea8,cust_0142,23811,INR,2026-05-31 05:30:38,payment,failed,network_error,VIP,91,0,False,none,0,281523,0,False,0
txn_a1a1027f,cust_0563,9436,INR,2026-07-21 05:44:38,subscription,failed,insufficient_funds,new,1,0,False,past_due,0,12874,0,False,0
txn_30130f0d,cust_0587,36185,INR,2026-07-03 18:51:38,invoice,successful,none,returning,12,3,False,none,0,49337,0,True,36185
txn_fb12a126,cust_0689,28015,INR,2026-06-02 16:10:38,payment,successful,none,VIP,38,1,False,none,0,211517,0,True,28015
txn_591933bf,cust_0409,17601,INR,2026-04-19 10:46:38,checkout,abandoned,none,VIP,39,1,True,none,0,136356,0,False,0
txn_6593a82a,cust_0490,2030,INR,2026-04-18 05:48:38,invoice,overdue,none,new,0,0,False,none,22,2030,0,False,0
txn_61cdae67,cust_0057,25612,INR,2026-08-06 22:14:38,payment,successful,none,new,1,0,False,none,0,30239,0,True,25612
txn_abd1e42a,cust_0844,22044,INR,2026-05-23 03:23:38,checkout,abandoned,none,new,0,0,True,none,0,22044,0,False,0
txn_cea88ae5,cust_0645,18400,INR,2026-05-15 13:31:38,payment,failed,insufficient_funds,VIP,29,5,False,none,0,109228,0,False,0
txn_9f4c637c,cust_0643,12938,INR,2026-06-17 11:25:38,subscription,failed,unknown,new,0,0,False,canceled,0,12938,0,False,0
txn_72daa1b3,cust_0614,28978,INR,2026-05-05 14:40:38,invoice,overdue,none,returning,13,1,False,none,57,41666,0,False,0
txn_3b91d0e7,cust_0611,27077,INR,2026-08-03 19:31:38,subscription,successful,none,new,1,0,False,active,0,27736,0,True,27077
txn_30ccecef,cust_0945,41085,INR,2026-06-21 19:01:38,invoice,successful,none,returning,2,1,False,none,0,43179,0,True,41085
txn_3ad093e8,cust_0270,44312,INR,2026-06-29 16:27:38,invoice,overdue,none,new,0,0,False,none,69,44312,0,False,0
txn_a8e3ad8a,cust_0733,20691,INR,2026-05-17 15:57:38,checkout,successful,none,new,0,0,False,none,0,20691,0,True,20691
txn_3733cbcb,cust_0011,5287,INR,2026-07-17 19:02:38,invoice,successful,none,new,0,0,False,none,0,5287,0,True,5287
txn_1f6034eb,cust_0244,49274,INR,2026-04-03 08:02:38,invoice,successful,none,VIP,60,1,False,none,0,309134,0,True,49274
txn_08cd85bd,cust_0077,14403,INR,2026-08-14 20:16:38,invoice,successful,none,VIP,89,2,False,none,0,282738,0,True,14403
txn_fc86ee3e,cust_0145,21269,INR,2026-06-16 18:11:38,invoice,overdue,none,returning,10,0,False,none,7,34009,0,False,0
txn_b9415fba,cust_0852,44798,INR,2026-07-22 04:39:38,checkout,successful,none,new,1,0,False,none,0,49151,0,True,44798
txn_68291fb8,cust_0526,43830,INR,2026-08-24 13:46:38,checkout,abandoned,none,new,0,0,True,none,0,43830,0,False,0
txn_184f6c9d,cust_0105,32315,INR,2026-05-12 13:50:38,subscription,successful,none,VIP,44,2,False,active,0,241535,0,True,32315
txn_e9a0e85c,cust_0804,48239,INR,2026-06-29 02:11:38,invoice,successful,none,VIP,97,3,False,none,0,282494,0,True,48239
txn_13bea128,cust_0557,33870,INR,2026-04-03 04:39:38,invoice,overdue,none,VIP,60,3,False,none,23,78150,0,False,0
txn_59d6e372,cust_0413,46159,INR,2026-05-16 04:11:38,invoice,successful,none,VIP,35,3,False,none,0,200789,0,True,46159
txn_855951a9,cust_0881,34065,INR,2026-07-22 16:44:38,invoice,overdue,none,new,1,0,False,none,19,34583,0,False,0
txn_9462f053,cust_0230,11925,INR,2026-08-05 06:43:38,checkout,abandoned,none,VIP,64,2,True,none,0,127381,0,False,0
txn_25b5dc17,cust_0796,24088,INR,2026-05-16 01:17:38,invoice,overdue,none,returning,18,3,False,none,2,48550,0,False,0
txn_b4b77c0e,cust_0585,34364,INR,2026-03-28 17:51:38,payment,failed,temporary_bank_error,new,1,0,False,none,0,38123,0,False,0
txn_5190b06e,cust_0241,44786,INR,2026-07-18 14:29:38,checkout,successful,none,returning,20,2,False,none,0,144346,0,True,44786
txn_131f840e,cust_0975,21784,INR,2026-03-26 20:42:38,invoice,overdue,none,VIP,49,5,False,none,5,263942,0,False,0
txn_7c7593f3,cust_0306,19227,INR,2026-08-10 23:21:38,subscription,successful,none,VIP,63,5,False,active,0,315012,0,True,19227
txn_f6747c11,cust_0986,29713,INR,2026-07-13 11:29:38,invoice,successful,none,new,1,0,False,none,0,30963,0,True,29713
txn_5b7a299b,cust_0490,29432,INR,2026-05-04 11:02:38,invoice,successful,none,new,0,0,False,none,0,29432,0,True,29432
txn_31fa7d11,cust_0066,40340,INR,2026-04-22 23:52:38,checkout,abandoned,none,VIP,100,5,True,none,0,468240,0,False,0
txn_72d94065,cust_0878,35618,INR,2026-07-19 15:06:38,subscription,successful,none,VIP,93,3,False,active,0,467417,0,True,35618
txn_95a3013b,cust_0768,12955,INR,2026-03-16 13:43:38,invoice,successful,none,new,1,0,True,none,0,17750,0,True,12955
txn_2366fac3,cust_0905,15663,INR,2026-03-22 08:43:38,subscription,failed,temporary_bank_error,new,1,0,False,canceled,0,19359,0,False,0
txn_d136a554,cust_0690,2611,INR,2026-07-12 20:05:38,payment,successful,none,new,0,0,False,none,0,2611,0,True,2611
txn_6195b2f3,cust_0187,17684,INR,2026-05-29 00:08:38,invoice,overdue,none,VIP,70,3,False,none,33,278644,0,False,0
txn_f09d2129,cust_0700,16262,INR,2026-07-02 12:52:38,subscription,successful,none,VIP,93,2,False,active,0,360920,0,True,16262
txn_30d97b63,cust_0349,37625,INR,2026-06-05 13:52:38,invoice,overdue,none,returning,6,2,False,none,14,44537,0,False,0
txn_3aba6940,cust_0955,47444,INR,2026-07-16 01:16:38,checkout,abandoned,none,returning,6,2,True,none,0,69566,0,False,0
txn_987d5737,cust_0890,38708,INR,2026-03-05 08:20:38,subscription,successful,none,VIP,48,2,False,active,0,270980,0,True,38708
txn_40b40187,cust_0574,33161,INR,2026-03-15 03:53:38,payment,successful,none,VIP,70,2,True,none,0,277881,0,True,33161
txn_d2dde2c0,cust_0017,25415,INR,2026-07-01 19:14:38,checkout,successful,none,VIP,61,3,False,none,0,199448,0,True,25415
txn_f2153795,cust_0899,40940,INR,2026-07-30 03:48:38,payment,successful,none,VIP,85,4,False,none,0,135290,0,True,40940
txn_8580db6d,cust_0535,3172,INR,2026-08-18 16:33:38,subscription,successful,none,VIP,62,4,False,active,0,154018,0,True,3172
txn_8a5f9854,cust_0091,25955,INR,2026-06-05 13:20:38,checkout,successful,none,returning,10,3,False,none,0,39755,0,True,25955
txn_bb16716f,cust_0635,11471,INR,2026-04-15 16:11:38,checkout,successful,none,new,1,0,False,none,0,15869,0,True,11471
txn_39d35e2a,cust_0872,29416,INR,2026-07-19 20:31:38,checkout,abandoned,none,returning,2,0,True,none,0,34770,0,False,0
txn_e569d074,cust_0795,7250,INR,2026-07-26 20:49:38,subscription,failed,temporary_bank_error,returning,6,3,False,past_due,0,29066,0,False,0
txn_4a65a3bf,cust_0620,36897,INR,2026-07-25 11:32:38,payment,successful,none,VIP,36,3,False,none,0,56877,0,True,36897
txn_7edb5555,cust_0412,36656,INR,2026-05-10 06:23:38,checkout,successful,none,new,0,0,False,none,0,36656,0,True,36656
txn_220759cc,cust_0426,38344,INR,2026-07-16 14:55:38,invoice,overdue,none,returning,18,3,False,none,65,88546,0,False,0
txn_0e65ba8f,cust_0555,33537,INR,2026-06-06 20:33:38,subscription,failed,unknown,VIP,63,5,False,canceled,0,282765,0,False,0
txn_750fb6ec,cust_0981,11750,INR,2026-08-21 14:27:38,payment,failed,insufficient_funds,VIP,35,0,False,none,0,151995,0,False,0
txn_c6fe6c32,cust_0160,2682,INR,2026-06-28 14:45:38,invoice,overdue,none,returning,12,1,False,none,6,31494,0,False,0
txn_8a37d665,cust_0890,7684,INR,2026-04-26 17:53:38,invoice,overdue,none,returning,3,1,False,none,42,9319,0,False,0
txn_95e0e6ed,cust_0569,41584,INR,2026-06-16 02:53:38,invoice,successful,none,VIP,43,5,False,none,0,98430,0,True,41584
txn_a7bea0e3,cust_0987,25385,INR,2026-05-06 20:08:38,subscription,failed,card_declined,VIP,48,3,False,canceled,0,225929,0,False,0
txn_a478a566,cust_0376,9911,INR,2026-08-10 03:13:38,payment,failed,card_declined,VIP,41,2,False,none,0,127089,0,False,0
txn_b871bf00,cust_0725,11429,INR,2026-07-10 17:18:38,checkout,abandoned,none,VIP,33,5,True,none,0,64064,0,False,0
txn_dcdcddff,cust_0642,9485,INR,2026-08-25 16:53:38,payment,successful,none,returning,20,0,False,none,0,29145,0,True,9485
txn_07830ff5,cust_0164,17296,INR,2026-07-16 04:01:38,invoice,successful,none,new,1,0,True,none,0,20622,0,True,17296
txn_07f10c00,cust_0182,5807,INR,2026-06-21 20:03:38,invoice,successful,none,new,1,0,False,none,0,10239,0,True,5807
txn_65cfa6e2,cust_0139,17508,INR,2026-08-04 02:34:38,invoice,successful,none,returning,5,0,False,none,0,33333,0,True,17508
txn_c3de49e9,cust_0760,43994,INR,2026-05-19 17:51:38,checkout,abandoned,none,returning,13,1,True,none,0,61375,0,False,0
txn_20446ec2,cust_0984,47173,INR,2026-03-05 13:14:38,invoice,overdue,none,new,1,0,False,none,57,49111,0,False,0
txn_49dbb5d2,cust_0949,47102,INR,2026-07-14 14:50:38,subscription,successful,none,VIP,94,1,False,active,0,116568,0,True,47102
txn_bf5159ad,cust_0759,40392,INR,2026-03-12 01:22:38,invoice,overdue,none,returning,6,0,False,none,28,64380,0,False,0
txn_30561b3f,cust_0919,15584,INR,2026-06-26 00:32:38,payment,failed,card_declined,new,1,0,False,none,0,19063,0,False,0
txn_89c20da7,cust_0570,13416,INR,2026-03-15 04:39:38,invoice,overdue,none,returning,9,3,False,none,41,26916,0,False,0
txn_dd9397f8,cust_0828,32415,INR,2026-06-22 10:50:38,payment,failed,card_declined,returning,10,1,False,none,0,39015,0,False,0
txn_ea53ecc5,cust_0626,32744,INR,2026-03-26 00:58:38,checkout,abandoned,none,VIP,34,1,True,none,0,174184,0,False,0
txn_839976b8,cust_0451,37523,INR,2026-03-09 23:57:38,subscription,successful,none,new,0,0,False,active,0,37523,0,True,37523
txn_83518ca8,cust_0737,32717,INR,2026-06-05 14:49:38,checkout,abandoned,none,new,0,0,True,none,0,32717,0,False,0
txn_9a5f5f6b,cust_0134,34109,INR,2026-05-26 06:40:38,invoice,overdue,none,new,0,0,False,none,32,34109,0,False,0
txn_61a8bed4,cust_0562,3657,INR,2026-08-16 10:38:38,checkout,abandoned,none,new,0,0,True,none,0,3657,0,False,0
txn_b49f1653,cust_0532,39852,INR,2026-07-04 20:39:38,invoice,successful,none,VIP,84,4,False,none,0,383496,0,True,39852
txn_67c7ebee,cust_0653,24492,INR,2026-06-17 10:11:38,subscription,failed,card_declined,VIP,70,0,False,past_due,0,82662,0,False,0
txn_979cd3bc,cust_0835,42397,INR,2026-05-31 14:13:38,invoice,overdue,none,VIP,93,2,False,none,11,172225,0,False,0
txn_2fd4311a,cust_0024,37489,INR,2026-08-04 10:14:38,invoice,overdue,none,new,0,0,False,none,12,37489,0,False,0
txn_f96374c8,cust_0059,42944,INR,2026-08-06 12:43:38,subscription,successful,none,VIP,45,0,False,active,0,218624,0,True,42944
txn_e6119e80,cust_0149,6190,INR,2026-07-18 15:31:38,payment,successful,none,returning,2,1,False,none,0,9676,0,True,6190
txn_01a41e90,cust_0771,46001,INR,2026-03-08 17:19:38,subscription,failed,authentication_failure,VIP,37,0,False,canceled,0,99392,0,False,0
txn_57428e7a,cust_0133,26491,INR,2026-08-19 05:18:38,payment,successful,none,new,0,0,False,none,0,26491,0,True,26491
txn_883d4a43,cust_0948,43466,INR,2026-05-09 07:05:38,subscription,failed,card_declined,VIP,47,0,False,past_due,0,180001,0,False,0
txn_8868c3e5,cust_0467,978,INR,2026-06-16 14:20:38,subscription,successful,none,VIP,58,4,False,active,0,79162,0,True,978
txn_99a5eab4,cust_0641,1588,INR,2026-06-05 15:17:38,invoice,successful,none,VIP,37,2,False,none,0,22715,0,True,1588
txn_54ad5e98,cust_0018,24713,INR,2026-05-29 20:02:38,subscription,successful,none,VIP,44,5,False,active,0,178889,0,True,24713
txn_819d1dee,cust_0830,4426,INR,2026-07-25 20:49:38,checkout,abandoned,none,VIP,20,1,True,none,0,70986,0,False,0
txn_e722fcdb,cust_0235,1219,INR,2026-05-28 02:06:38,payment,successful,none,returning,4,1,False,none,0,12243,0,True,1219
txn_7bfe047d,cust_0781,25486,INR,2026-08-07 19:37:38,checkout,successful,none,new,0,0,False,none,0,25486,0,True,25486
txn_2af9bc76,cust_0953,9330,INR,2026-07-17 04:12:38,invoice,successful,none,new,1,0,False,none,0,10838,0,True,9330
txn_0d820f1f,cust_0171,18314,INR,2026-08-06 05:59:38,payment,successful,none,VIP,99,0,False,none,0,427085,0,True,18314
txn_0adf7d91,cust_0234,1566,INR,2026-07-31 09:06:38,invoice,overdue,none,new,0,0,False,none,53,1566,0,False,0
txn_de77aec2,cust_0228,10493,INR,2026-08-23 00:03:38,payment,successful,none,VIP,56,0,False,none,0,153013,0,True,10493
txn_8b9b4b1b,cust_0578,26677,INR,2026-06-10 00:22:38,invoice,overdue,none,VIP,77,2,False,none,64,332059,0,False,0
txn_4de7ce2b,cust_0381,38774,INR,2026-07-31 14:33:38,checkout,successful,none,returning,14,1,False,none,0,73998,0,True,38774
txn_05e66314,cust_0445,30360,INR,2026-04-07 17:37:38,checkout,abandoned,none,new,0,0,True,none,0,30360,0,False,0
txn_874dc3b3,cust_0040,33797,INR,2026-08-02 05:01:38,payment,successful,none,new,0,0,False,none,0,33797,0,True,33797
txn_2910f12d,cust_0166,5996,INR,2026-08-02 19:44:38,invoice,successful,none,returning,17,0,True,none,0,90299,0,True,5996
txn_13f4fda2,cust_0607,7138,INR,2026-05-01 17:14:38,subscription,successful,none,new,0,0,False,active,0,7138,0,True,7138
txn_dd3069e3,cust_0105,26877,INR,2026-06-03 17:23:38,invoice,successful,none,new,0,0,False,none,0,26877,0,True,26877
txn_70bf5550,cust_0370,18956,INR,2026-07-07 07:15:38,checkout,abandoned,none,VIP,55,3,True,none,0,181701,0,False,0
txn_789194e6,cust_0018,12981,INR,2026-04-13 22:04:38,payment,successful,none,VIP,75,1,False,none,0,264831,0,True,12981
txn_6ba66bd9,cust_0611,46198,INR,2026-08-26 09:14:38,invoice,successful,none,returning,16,0,False,none,0,80998,0,True,46198
txn_97c4c8ca,cust_0413,13231,INR,2026-05-19 05:34:38,invoice,overdue,none,new,1,0,False,none,78,15813,0,False,0
txn_05f13c79,cust_0538,23249,INR,2026-08-13 11:01:38,payment,successful,none,new,0,0,True,none,0,23249,0,True,23249
txn_f3be33ff,cust_0989,6664,INR,2026-08-15 04:49:38,checkout,successful,none,returning,19,0,False,none,0,26709,0,True,6664
txn_114e1381,cust_0936,30728,INR,2026-04-10 02:22:38,payment,successful,none,returning,2,0,False,none,0,36030,0,True,30728
txn_9f651625,cust_0776,36991,INR,2026-04-03 19:06:38,checkout,abandoned,none,VIP,100,5,True,none,0,307791,0,False,0
txn_0bba4bbd,cust_0325,46481,INR,2026-04-21 17:35:38,payment,successful,none,new,0,0,False,none,0,46481,0,True,46481
txn_726cc00a,cust_0952,42474,INR,2026-07-08 04:49:38,invoice,successful,none,returning,20,3,False,none,0,89114,0,True,42474
txn_3e2647d7,cust_0392,7982,INR,2026-05-22 16:17:38,invoice,successful,none,VIP,91,5,False,none,0,271609,0,True,7982
txn_4ee6a71a,cust_0497,18886,INR,2026-07-14 08:59:38,payment,successful,none,returning,19,2,False,none,0,67013,0,True,18886
txn_df974886,cust_0597,48397,INR,2026-08-09 20:34:38,checkout,successful,none,VIP,34,4,False,none,0,189633,0,True,48397
txn_fe58ca24,cust_0869,10922,INR,2026-04-18 04:34:38,invoice,overdue,none,VIP,37,0,False,none,56,94357,0,False,0
txn_e6beeb10,cust_0092,11341,INR,2026-03-10 23:10:38,invoice,overdue,none,returning,2,1,False,none,14,12789,0,False,0
txn_43d329ef,cust_0241,35866,INR,2026-08-06 05:25:38,payment,successful,none,returning,20,3,False,none,0,69866,0,True,35866
txn_b88f3ffd,cust_0835,35325,INR,2026-07-23 13:38:38,subscription,failed,unknown,new,1,0,False,past_due,0,37955,0,False,0
txn_15463b5b,cust_0585,23434,INR,2026-04-11 14:23:38,subscription,successful,none,returning,17,2,False,active,0,92879,0,True,23434
txn_e08657ea,cust_0554,17106,INR,2026-06-07 03:44:38,checkout,abandoned,none,new,1,0,True,none,0,21491,0,False,0
txn_896600ca,cust_0390,11885,INR,2026-03-14 22:21:38,subscription,successful,none,VIP,30,2,False,active,0,125975,0,True,11885
txn_12e261a5,cust_0691,33582,INR,2026-04-20 14:57:38,invoice,overdue,none,VIP,54,1,False,none,64,247908,0,False,0
txn_5ab1192a,cust_0274,25796,INR,2026-06-22 16:36:38,subscription,failed,unknown,new,1,0,False,past_due,0,28174,0,False,0
txn_f1fcdca7,cust_0438,7472,INR,2026-06-15 21:29:38,checkout,successful,none,new,1,0,False,none,0,10004,0,True,7472
txn_ba4bc08d,cust_0572,36355,INR,2026-05-29 15:37:38,checkout,abandoned,none,new,1,0,True,none,0,39946,0,False,0
txn_d9bba28c,cust_0687,38178,INR,2026-03-26 05:42:38,invoice,overdue,none,VIP,70,1,False,none,85,241108,0,False,0
txn_65c2f1d9,cust_0738,40065,INR,2026-04-19 10:17:38,subscription,failed,authentication_failure,returning,20,3,False,past_due,0,54245,0,False,0
txn_883e8bef,cust_0575,861,INR,2026-05-28 00:38:38,subscription,successful,none,returning,4,3,False,active,0,7525,0,True,861
txn_5ed51a82,cust_0282,41408,INR,2026-04-03 12:09:38,invoice,successful,none,VIP,89,1,False,none,0,86086,0,True,41408
txn_d9294efa,cust_0629,35011,INR,2026-05-18 04:17:38,subscription,successful,none,new,1,0,False,active,0,36637,0,True,35011
txn_5eabc8e3,cust_0456,49441,INR,2026-08-11 17:07:38,invoice,overdue,none,VIP,93,0,True,none,68,419581,0,False,0
txn_689ed92d,cust_0367,7502,INR,2026-07-05 21:00:38,subscription,successful,none,VIP,96,5,False,active,0,183854,0,True,7502
txn_7e2a23fd,cust_0737,14081,INR,2026-08-16 11:06:38,invoice,successful,none,returning,1,2,False,none,0,16109,0,True,14081
txn_5fcf2e86,cust_0341,6286,INR,2026-06-17 09:55:38,invoice,successful,none,VIP,22,1,False,none,0,82208,0,True,6286
txn_846e6763,cust_0440,8263,INR,2026-04-04 06:01:38,payment,successful,none,returning,2,1,False,none,0,13999,0,True,8263
txn_ac1a304c,cust_0774,30904,INR,2026-04-17 14:42:38,checkout,abandoned,none,VIP,81,5,True,none,0,114739,0,False,0
txn_181ae1ef,cust_0560,35374,INR,2026-07-21 16:09:38,payment,successful,none,VIP,20,3,False,none,0,121014,0,True,35374
txn_e0ec17f6,cust_0530,17851,INR,2026-05-18 23:02:38,invoice,successful,none,new,0,0,False,none,0,17851,0,True,17851
txn_d2f1f434,cust_0632,35877,INR,2026-04-01 06:42:38,invoice,overdue,none,VIP,88,4,False,none,55,259309,0,False,0
txn_fffa46c9,cust_0581,28958,INR,2026-06-07 22:23:38,subscription,failed,network_error,returning,3,2,False,canceled,0,38819,0,False,0
txn_6bbb3e41,cust_0740,40319,INR,2026-06-24 20:27:38,subscription,successful,none,VIP,43,0,False,active,0,230078,0,True,40319
txn_9e284fcc,cust_0360,45632,INR,2026-03-05 20:23:38,payment,successful,none,new,0,0,False,none,0,45632,0,True,45632
txn_de3c0282,cust_0213,39159,INR,2026-03-15 15:20:38,invoice,successful,none,returning,11,1,False,none,0,81674,0,True,39159
txn_f2729bc9,cust_0382,17133,INR,2026-08-20 23:45:38,checkout,successful,none,VIP,27,3,True,none,0,138012,0,True,17133
txn_04217f0a,cust_0544,19835,INR,2026-05-23 06:43:38,payment,failed,insufficient_funds,VIP,52,1,False,none,0,65803,0,False,0
txn_39cbe865,cust_0629,48633,INR,2026-05-08 11:16:38,invoice,overdue,none,returning,14,3,False,none,72,102701,0,False,0
txn_2199dbf9,cust_0434,20464,INR,2026-08-20 00:58:38,checkout,successful,none,returning,16,3,False,none,0,73008,0,True,20464
txn_79279306,cust_0787,20319,INR,2026-03-25 18:59:38,checkout,abandoned,none,returning,8,1,True,none,0,57503,0,False,0
txn_910aa66d,cust_0819,24317,INR,2026-06-01 21:08:38,checkout,successful,none,returning,13,1,False,none,0,50434,0,True,24317
txn_70aa525c,cust_0619,26084,INR,2026-03-08 06:16:38,checkout,successful,none,VIP,64,1,True,none,0,86180,0,True,26084
txn_937a3f05,cust_0156,7860,INR,2026-04-26 20:44:38,invoice,overdue,none,returning,6,3,False,none,23,31902,0,False,0
txn_f9a79348,cust_0783,26395,INR,2026-08-07 14:09:38,subscription,successful,none,returning,20,0,True,active,0,100315,0,True,26395
txn_f726cd64,cust_0933,6648,INR,2026-08-12 18:38:38,payment,failed,insufficient_funds,VIP,52,4,False,none,0,252868,0,False,0
txn_839e13d4,cust_0111,35283,INR,2026-04-06 15:14:38,invoice,overdue,none,returning,19,3,False,none,2,119662,0,False,0
txn_ae87fc23,cust_0610,11430,INR,2026-05-15 10:32:38,invoice,overdue,none,returning,15,0,False,none,74,52500,0,False,0
txn_88275219,cust_0151,27952,INR,2026-06-24 11:39:38,payment,successful,none,VIP,34,1,False,none,0,59844,0,True,27952
txn_467b8da4,cust_0351,31473,INR,2026-03-02 00:40:38,checkout,abandoned,none,new,1,0,True,none,0,34805,0,False,0
txn_be1e36e6,cust_0473,49419,INR,2026-06-21 03:15:38,payment,successful,none,VIP,64,5,False,none,0,169867,0,True,49419
txn_7be69cd3,cust_0516,8187,INR,2026-03-07 06:10:38,subscription,successful,none,returning,9,2,True,active,0,32469,0,True,8187
txn_c592f53d,cust_0668,24179,INR,2026-08-08 16:18:38,checkout,successful,none,returning,11,1,False,none,0,47411,0,True,24179
txn_3764e991,cust_0293,10203,INR,2026-03-21 19:34:38,invoice,overdue,none,VIP,98,5,False,none,58,453555,0,False,0
txn_75dce72b,cust_0923,29640,INR,2026-03-06 20:16:38,invoice,overdue,none,returning,7,1,False,none,57,49968,0,False,0
txn_c140414c,cust_0889,2112,INR,2026-04-28 07:41:38,subscription,successful,none,VIP,88,3,False,active,0,168432,0,True,2112
txn_0e72645a,cust_0821,35679,INR,2026-06-23 08:41:38,payment,successful,none,new,1,0,False,none,0,38201,0,True,35679
txn_81c8cec4,cust_0333,2275,INR,2026-06-30 08:32:38,subscription,failed,network_error,VIP,89,4,False,past_due,0,152329,0,False,0
txn_74b79751,cust_0037,20126,INR,2026-05-18 04:56:38,payment,successful,none,VIP,33,4,False,none,0,55304,0,True,20126
txn_75c504c6,cust_0863,33797,INR,2026-03-09 08:10:38,payment,successful,none,returning,12,1,False,none,0,67205,0,True,33797
txn_06201631,cust_0840,3605,INR,2026-03-22 12:58:38,subscription,successful,none,VIP,66,5,False,active,0,72245,0,True,3605
txn_3d4c8b61,cust_0658,36306,INR,2026-05-03 02:54:38,payment,failed,temporary_bank_error,VIP,61,1,False,none,0,128416,0,False,0
txn_5bd5db7d,cust_0601,35415,INR,2026-06-08 03:49:38,subscription,failed,network_error,VIP,85,1,False,canceled,0,120330,0,False,0
txn_5131ce39,cust_0860,31514,INR,2026-08-04 19:48:38,payment,failed,insufficient_funds,returning,5,2,False,none,0,49449,0,False,0
txn_bfdcb0dd,cust_0180,25091,INR,2026-07-17 03:11:38,checkout,successful,none,returning,5,1,False,none,0,36861,0,True,25091
txn_0e4d448c,cust_1000,6863,INR,2026-07-18 01:13:38,subscription,successful,none,new,1,0,False,active,0,7609,0,True,6863
txn_b0b6e6ac,cust_0947,33987,INR,2026-08-16 16:26:38,invoice,overdue,none,new,0,0,False,none,66,33987,0,False,0
txn_8a1c04e7,cust_0017,11616,INR,2026-07-29 17:28:38,payment,successful,none,new,1,0,False,none,0,15895,0,True,11616
txn_37d3dbbc,cust_0733,41478,INR,2026-06-13 13:03:38,invoice,successful,none,returning,4,0,False,none,0,61426,0,True,41478
txn_f0b4208d,cust_0064,6190,INR,2026-03-14 11:45:38,checkout,successful,none,VIP,50,4,False,none,0,149690,0,True,6190
txn_37bee997,cust_0774,38742,INR,2026-04-08 23:18:38,invoice,overdue,none,new,1,0,False,none,66,41505,0,False,0
txn_f1aac19f,cust_0888,20372,INR,2026-07-07 19:37:38,invoice,successful,none,VIP,60,5,True,none,0,98372,0,True,20372
txn_4816d47c,cust_0938,30052,INR,2026-06-17 08:39:38,invoice,overdue,none,new,0,0,False,none,52,30052,0,False,0
txn_a47cc792,cust_0340,28774,INR,2026-03-09 06:59:38,payment,successful,none,new,0,0,False,none,0,28774,0,True,28774
txn_5f4df0bd,cust_0927,4938,INR,2026-08-03 20:33:38,payment,successful,none,VIP,70,2,False,none,0,211438,0,True,4938
txn_3a3320dd,cust_0002,14832,INR,2026-03-29 10:37:38,invoice,overdue,none,returning,18,2,False,none,37,38646,0,False,0
txn_3e0ea41f,cust_0792,2849,INR,2026-06-13 02:17:38,payment,failed,insufficient_funds,VIP,44,3,False,none,0,176121,0,False,0
txn_ef87cda5,cust_0164,47653,INR,2026-04-11 05:51:38,invoice,successful,none,returning,20,3,False,none,0,60173,0,True,47653
txn_03a05950,cust_0484,41733,INR,2026-05-25 00:59:38,payment,successful,none,VIP,82,4,False,none,0,131523,0,True,41733
txn_469e8819,cust_0584,29822,INR,2026-08-05 14:59:38,payment,successful,none,returning,13,0,False,none,0,61529,0,True,29822
txn_a0d86904,cust_0870,23595,INR,2026-06-11 16:51:38,invoice,overdue,none,VIP,86,4,False,none,59,198175,0,False,0
txn_fcc2ec76,cust_0378,49976,INR,2026-04-19 09:19:38,invoice,overdue,none,new,0,0,False,none,74,49976,0,False,0
txn_e148634d,cust_0724,30044,INR,2026-03-26 13:36:38,checkout,successful,none,new,0,0,False,none,0,30044,0,True,30044
txn_5c4dca19,cust_0288,35608,INR,2026-07-13 14:17:38,subscription,successful,none,new,1,0,False,active,0,37236,0,True,35608
txn_790ae553,cust_0461,31395,INR,2026-07-25 15:34:38,subscription,failed,network_error,new,1,0,False,past_due,0,34896,0,False,0
txn_a3d77440,cust_0382,44731,INR,2026-07-26 18:32:38,checkout,successful,none,returning,2,2,False,none,0,52859,0,True,44731
txn_d2391b43,cust_0509,8379,INR,2026-05-17 11:27:38,checkout,successful,none,new,0,0,False,none,0,8379,0,True,8379
txn_2726749f,cust_0471,22524,INR,2026-04-29 13:54:38,subscription,failed,insufficient_funds,new,0,0,False,past_due,0,22524,0,False,0
txn_12e2984a,cust_0909,36799,INR,2026-04-15 22:28:38,checkout,successful,none,VIP,55,0,False,none,0,90589,0,True,36799
txn_e76df8b7,cust_0165,12077,INR,2026-06-27 17:18:38,checkout,abandoned,none,VIP,53,5,True,none,0,235048,0,False,0
txn_0eba78b1,cust_0965,4850,INR,2026-05-30 01:45:38,invoice,overdue,none,VIP,67,0,False,none,50,302598,0,False,0
txn_87e50911,cust_0589,3966,INR,2026-07-30 22:21:38,payment,failed,temporary_bank_error,returning,1,1,False,none,0,8265,0,False,0
txn_c4406f02,cust_0766,28110,INR,2026-05-07 17:34:38,payment,successful,none,new,1,0,False,none,0,30472,0,True,28110
txn_0df7b26e,cust_0034,13181,INR,2026-08-26 04:10:38,payment,successful,none,returning,3,3,False,none,0,22394,0,True,13181
txn_1028086e,cust_0899,42937,INR,2026-06-29 23:17:38,invoice,overdue,none,VIP,93,2,False,none,12,338677,0,False,0
txn_2cbb4111,cust_0480,34303,INR,2026-05-31 14:48:38,checkout,abandoned,none,returning,19,1,True,none,0,107947,0,False,0
txn_8c0d7594,cust_0424,31047,INR,2026-04-28 12:35:38,payment,successful,none,VIP,31,4,False,none,0,177243,0,True,31047
txn_0587558b,cust_0219,35385,INR,2026-07-19 07:37:38,payment,successful,none,VIP,29,0,False,none,0,111133,0,True,35385
txn_b3934e28,cust_0228,40127,INR,2026-07-03 20:03:38,invoice,successful,none,VIP,43,0,False,none,0,226575,0,True,40127
txn_f394bd3c,cust_0346,34442,INR,2026-06-19 01:59:38,subscription,successful,none,new,1,0,False,active,0,39283,0,True,34442
txn_fd711244,cust_0199,28232,INR,2026-04-11 03:14:38,invoice,successful,none,VIP,90,1,False,none,0,258542,0,True,28232
txn_33e82453,cust_0820,11691,INR,2026-07-23 02:23:38,checkout,successful,none,new,1,0,False,none,0,14631,0,True,11691
txn_56709e76,cust_0836,3578,INR,2026-03-22 09:04:38,invoice,successful,none,returning,9,0,False,none,0,37085,0,True,3578
txn_d071ad83,cust_0211,26122,INR,2026-04-11 08:29:38,subscription,successful,none,VIP,43,5,False,active,0,51019,0,True,26122
txn_74b60e43,cust_0044,7121,INR,2026-06-29 16:21:38,checkout,abandoned,none,returning,10,0,True,none,0,20451,0,False,0
txn_4c6a4cdb,cust_0964,30423,INR,2026-06-12 20:58:38,invoice,overdue,none,returning,4,0,False,none,65,37083,0,False,0
txn_b499f365,cust_0650,3637,INR,2026-06-08 10:42:38,payment,failed,card_declined,new,1,0,False,none,0,7175,0,False,0
txn_fad8b64f,cust_0001,44834,INR,2026-06-08 01:04:38,invoice,overdue,none,new,0,0,False,none,23,44834,0,False,0
txn_8b64ed40,cust_0162,4000,INR,2026-07-03 19:27:38,invoice,overdue,none,returning,2,0,False,none,2,10234,0,False,0
txn_ae0628ba,cust_0451,22842,INR,2026-08-16 04:20:38,checkout,successful,none,VIP,99,2,False,none,0,98280,0,True,22842
txn_b0cc4461,cust_0196,46249,INR,2026-05-28 20:39:38,checkout,abandoned,none,new,1,0,True,none,0,47154,0,False,0
txn_07a971f2,cust_0936,24096,INR,2026-05-19 09:43:38,payment,successful,none,new,0,0,True,none,0,24096,0,True,24096
txn_193bd0e2,cust_0707,20027,INR,2026-08-19 12:59:38,payment,failed,card_declined,VIP,35,0,False,none,0,117047,0,False,0
txn_d8568741,cust_0066,40180,INR,2026-03-13 08:30:38,checkout,successful,none,new,1,0,False,none,0,41448,0,True,40180
txn_89c25d71,cust_0932,11520,INR,2026-05-20 17:24:38,subscription,failed,insufficient_funds,returning,19,2,True,past_due,0,43820,0,False,0
txn_fb329937,cust_0660,32009,INR,2026-04-09 18:22:38,payment,successful,none,new,1,0,False,none,0,36019,0,True,32009
txn_7cd4880c,cust_0489,47097,INR,2026-03-02 22:18:38,invoice,successful,none,returning,2,1,False,none,0,55943,0,True,47097
txn_125127cb,cust_0869,14374,INR,2026-05-19 03:57:38,payment,failed,network_error,returning,10,2,True,none,0,37804,0,False,0
txn_824b06d5,cust_0336,10400,INR,2026-08-25 16:55:38,checkout,successful,none,new,0,0,False,none,0,10400,0,True,10400
txn_8ae4bcaf,cust_0262,24969,INR,2026-05-02 02:10:38,checkout,successful,none,new,1,0,False,none,0,26973,0,True,24969
txn_d3fc81ab,cust_0678,4107,INR,2026-08-03 17:26:38,subscription,successful,none,VIP,39,1,False,active,0,94314,0,True,4107
txn_ed93885d,cust_0917,2193,INR,2026-04-11 01:28:38,payment,failed,unknown,returning,2,2,True,none,0,7195,0,False,0
txn_43ae1011,cust_0015,16698,INR,2026-05-06 11:36:38,subscription,successful,none,new,0,0,False,active,0,16698,0,True,16698
txn_7cc720e2,cust_0918,525,INR,2026-04-05 01:36:38,checkout,successful,none,VIP,62,3,False,none,0,201157,0,True,525
txn_63864e04,cust_0878,29666,INR,2026-03-29 06:07:38,invoice,overdue,none,VIP,43,0,False,none,42,111366,0,False,0
txn_39cd02c2,cust_0977,3142,INR,2026-03-03 14:57:38,subscription,successful,none,new,1,0,False,active,0,5109,0,True,3142
txn_35ab6ad2,cust_0080,34222,INR,2026-07-26 18:28:38,subscription,successful,none,returning,15,3,False,active,0,44752,0,True,34222
txn_582eee66,cust_0863,6052,INR,2026-05-08 21:16:38,checkout,successful,none,new,0,0,False,none,0,6052,0,True,6052
txn_4d933a9a,cust_0070,39945,INR,2026-04-23 20:26:38,subscription,successful,none,returning,17,0,False,active,0,121171,0,True,39945
txn_d70775cd,cust_0109,37163,INR,2026-06-03 01:51:38,payment,failed,authentication_failure,new,1,0,False,none,0,39395,0,False,0
txn_abaf23af,cust_0583,38670,INR,2026-03-04 16:02:38,checkout,successful,none,VIP,79,5,False,none,0,382557,0,True,38670
txn_cd72a9a2,cust_0769,3013,INR,2026-02-28 23:32:38,payment,successful,none,returning,8,3,False,none,0,42069,0,True,3013
txn_0a88453f,cust_0624,35980,INR,2026-06-18 08:30:38,invoice,successful,none,new,1,0,False,none,0,37892,0,True,35980
txn_2e3092a4,cust_0527,3600,INR,2026-08-14 13:51:38,payment,successful,none,new,0,0,False,none,0,3600,0,True,3600
txn_5456a158,cust_0641,19403,INR,2026-08-05 11:09:38,subscription,successful,none,new,0,0,False,active,0,19403,0,True,19403
txn_efef0779,cust_0749,18368,INR,2026-05-27 00:48:38,subscription,successful,none,new,0,0,False,active,0,18368,0,True,18368
txn_618801a6,cust_0130,46047,INR,2026-03-18 13:23:38,payment,failed,unknown,VIP,100,5,False,none,0,106647,0,False,0
txn_14571ee9,cust_0225,46918,INR,2026-07-25 20:30:38,subscription,successful,none,new,0,0,False,active,0,46918,0,True,46918
txn_782e87c2,cust_0043,24540,INR,2026-08-15 06:10:38,subscription,successful,none,new,0,0,False,active,0,24540,0,True,24540
txn_8a32bbcb,cust_0353,289,INR,2026-05-28 06:29:38,payment,successful,none,VIP,96,1,False,none,0,394273,0,True,289
txn_3c0b6589,cust_0136,40149,INR,2026-08-05 05:43:38,subscription,successful,none,new,0,0,False,active,0,40149,0,True,40149
txn_92ebf229,cust_0481,45043,INR,2026-04-14 13:19:38,invoice,overdue,none,returning,13,0,False,none,10,68482,0,False,0
txn_7dd6759d,cust_0254,2011,INR,2026-05-19 14:17:38,invoice,overdue,none,VIP,89,2,False,none,34,95194,0,False,0
txn_798def86,cust_0430,13405,INR,2026-05-25 05:33:38,payment,successful,none,returning,1,0,False,none,0,16910,0,True,13405
txn_196ebde3,cust_0977,25872,INR,2026-07-19 16:50:38,invoice,overdue,none,new,1,0,False,none,59,28287,0,False,0
txn_9076ea05,cust_0371,25902,INR,2026-06-23 09:45:38,checkout,successful,none,new,1,0,False,none,0,28752,0,True,25902
txn_ddb765e5,cust_0202,28377,INR,2026-04-04 06:04:38,invoice,successful,none,VIP,59,4,False,none,0,148973,0,True,28377
txn_c92e1df3,cust_0172,42516,INR,2026-05-08 16:21:38,invoice,successful,none,returning,7,1,False,none,0,55697,0,True,42516
txn_fb658c19,cust_0222,9724,INR,2026-07-20 15:43:38,checkout,successful,none,returning,5,2,False,none,0,25354,0,True,9724
txn_aff8ec73,cust_0547,33735,INR,2026-05-15 14:46:38,payment,successful,none,VIP,83,4,False,none,0,141884,0,True,33735
txn_61c1040a,cust_0674,20490,INR,2026-07-07 02:05:38,payment,successful,none,VIP,93,5,False,none,0,356685,0,True,20490
txn_078df7d6,cust_0738,8880,INR,2026-03-10 18:03:38,checkout,abandoned,none,returning,15,1,True,none,0,61305,0,False,0
txn_45dfadea,cust_0267,14839,INR,2026-02-28 07:32:38,subscription,successful,none,new,0,0,False,active,0,14839,0,True,14839
txn_dad0ac36,cust_0737,32835,INR,2026-04-04 22:09:38,subscription,failed,temporary_bank_error,returning,12,3,False,canceled,0,77211,0,False,0
txn_bf9fbcee,cust_0601,29822,INR,2026-05-27 11:59:38,invoice,successful,none,VIP,54,5,False,none,0,205214,0,True,29822
txn_b369c3df,cust_0403,31045,INR,2026-06-17 15:21:38,checkout,successful,none,returning,20,3,False,none,0,51445,0,True,31045
txn_7bf2c5d0,cust_0023,18813,INR,2026-03-22 09:54:38,checkout,successful,none,VIP,21,4,False,none,0,86433,0,True,18813
txn_4ff0b2ba,cust_0779,22493,INR,2026-05-24 01:02:38,subscription,successful,none,returning,20,1,False,active,0,85413,0,True,22493
txn_85bfec00,cust_0116,29373,INR,2026-06-18 15:11:38,subscription,successful,none,new,0,0,False,active,0,29373,0,True,29373
txn_f57da9a3,cust_0273,47115,INR,2026-06-15 17:44:38,payment,successful,none,new,1,0,False,none,0,48618,0,True,47115
txn_9f5f3d02,cust_0598,42741,INR,2026-07-29 09:37:38,invoice,overdue,none,new,0,0,False,none,70,42741,0,False,0
txn_cd840059,cust_0736,20347,INR,2026-05-02 12:20:38,subscription,successful,none,new,1,0,False,active,0,24227,0,True,20347
txn_52727739,cust_0031,44708,INR,2026-07-16 14:27:38,invoice,overdue,none,VIP,35,3,False,none,3,214388,0,False,0
txn_183aaaeb,cust_0095,24240,INR,2026-03-12 10:39:38,invoice,successful,none,VIP,55,2,False,none,0,122195,0,True,24240
txn_a37c8fd9,cust_0817,28473,INR,2026-04-22 12:45:38,invoice,overdue,none,returning,9,2,True,none,65,69693,0,False,0
txn_444c97fc,cust_0026,42574,INR,2026-07-21 11:29:38,invoice,overdue,none,VIP,87,3,False,none,87,329413,0,False,0
txn_af63469e,cust_0592,29785,INR,2026-04-30 19:19:38,subscription,successful,none,returning,13,2,False,active,0,79588,0,True,29785
txn_21c50cc5,cust_0948,4159,INR,2026-08-11 18:27:38,payment,successful,none,VIP,65,1,False,none,0,270529,0,True,4159
txn_35a6b547,cust_0532,21430,INR,2026-04-25 22:15:38,invoice,overdue,none,VIP,25,0,False,none,84,39105,0,False,0
txn_9477984d,cust_0475,4406,INR,2026-06-11 11:50:38,subscription,failed,card_declined,VIP,44,0,True,canceled,0,179746,0,False,0
txn_ec4804e0,cust_0542,8188,INR,2026-07-08 16:14:38,payment,failed,authentication_failure,VIP,31,3,False,none,0,65445,0,False,0
txn_61c02d46,cust_0727,22766,INR,2026-08-20 23:45:38,checkout,successful,none,new,1,0,False,none,0,24707,0,True,22766
txn_7a32fbd5,cust_0803,47695,INR,2026-03-23 07:34:38,invoice,successful,none,new,1,0,False,none,0,49242,0,True,47695
txn_5e20153d,cust_0219,43306,INR,2026-03-03 05:12:38,invoice,overdue,none,new,0,0,False,none,88,43306,0,False,0
txn_9d16278f,cust_0295,12558,INR,2026-06-30 05:59:38,payment,failed,temporary_bank_error,returning,16,1,False,none,0,66958,0,False,0
txn_3cbd16cb,cust_0481,23038,INR,2026-07-11 06:48:38,payment,successful,none,returning,3,0,True,none,0,35821,0,True,23038
txn_1e96a2b4,cust_0850,8016,INR,2026-04-24 16:17:38,subscription,successful,none,new,1,0,False,active,0,8832,0,True,8016
txn_2cedb609,cust_0915,23314,INR,2026-04-22 21:36:38,subscription,successful,none,VIP,91,5,False,active,0,205132,0,True,23314
txn_b4fe9de9,cust_0946,28591,INR,2026-05-16 04:14:38,checkout,abandoned,none,VIP,53,4,True,none,0,167186,0,False,0
txn_355a79ee,cust_0135,49497,INR,2026-07-19 15:16:38,checkout,successful,none,new,0,0,False,none,0,49497,0,True,49497
txn_e8631a98,cust_0650,33415,INR,2026-05-31 01:44:38,invoice,overdue,none,new,1,0,False,none,3,35993,0,False,0
txn_4339e1ea,cust_0735,37198,INR,2026-05-29 07:23:38,invoice,overdue,none,VIP,100,1,False,none,20,233498,0,False,0
txn_a5f79ca2,cust_0217,40596,INR,2026-03-17 19:56:38,checkout,successful,none,returning,2,3,False,none,0,45564,0,True,40596
txn_0c91f52a,cust_0876,16132,INR,2026-03-05 04:09:38,invoice,overdue,none,VIP,34,4,False,none,9,48568,0,False,0
txn_fdb9e924,cust_0498,15587,INR,2026-03-13 02:06:38,payment,successful,none,VIP,60,1,False,none,0,195407,0,True,15587
txn_66530143,cust_0226,43353,INR,2026-06-14 22:01:38,payment,successful,none,returning,6,3,False,none,0,49167,0,True,43353
txn_922c1078,cust_0673,47292,INR,2026-04-28 18:03:38,invoice,successful,none,returning,13,0,False,none,0,87202,0,True,47292
txn_bf3197ff,cust_0819,37368,INR,2026-06-20 17:22:38,payment,successful,none,new,0,0,False,none,0,37368,0,True,37368
txn_3981a55e,cust_0338,44220,INR,2026-05-23 01:13:38,checkout,successful,none,returning,9,0,False,none,0,55452,0,True,44220
txn_f0fd29fd,cust_0367,29647,INR,2026-07-23 19:10:38,invoice,successful,none,new,0,0,False,none,0,29647,0,True,29647
txn_319dfa0a,cust_0073,10474,INR,2026-08-05 15:07:38,payment,successful,none,VIP,83,0,False,none,0,144353,0,True,10474
txn_b4b41caf,cust_0770,13324,INR,2026-04-03 22:57:38,subscription,successful,none,VIP,75,4,False,active,0,298699,0,True,13324
txn_447f7c56,cust_0221,37219,INR,2026-04-26 12:21:38,invoice,successful,none,new,0,0,False,none,0,37219,0,True,37219
txn_ecaf1afd,cust_0136,12248,INR,2026-06-01 20:50:38,checkout,abandoned,none,returning,13,0,True,none,0,67771,0,False,0
txn_658a4350,cust_0487,35146,INR,2026-03-17 12:46:38,invoice,overdue,none,VIP,89,3,False,none,80,336500,0,False,0
txn_0f75e7e1,cust_0618,45862,INR,2026-08-20 02:43:38,subscription,failed,card_declined,new,1,0,False,past_due,0,49055,0,False,0
txn_d1dbffd8,cust_0128,37994,INR,2026-08-10 07:33:38,subscription,failed,card_declined,new,0,0,False,past_due,0,37994,0,False,0
txn_250612c7,cust_0827,22978,INR,2026-06-16 04:26:38,invoice,successful,none,returning,9,2,False,none,0,61102,0,True,22978
txn_3a29aaf8,cust_0992,178,INR,2026-03-10 05:55:38,payment,failed,authentication_failure,VIP,79,3,False,none,0,237810,0,False,0
txn_3b189289,cust_0608,37612,INR,2026-05-21 07:59:38,invoice,successful,none,returning,10,0,False,none,0,76992,0,True,37612
txn_cca89443,cust_0024,2313,INR,2026-04-29 13:24:38,subscription,failed,insufficient_funds,returning,8,2,False,past_due,0,26937,0,False,0
txn_b0b00af3,cust_0579,25404,INR,2026-07-29 22:50:38,checkout,successful,none,returning,20,1,False,none,0,111484,0,True,25404
txn_fe3ba3b5,cust_0211,9101,INR,2026-07-13 08:04:38,subscription,failed,card_declined,new,1,0,False,canceled,0,13418,0,False,0
txn_c71d6bdc,cust_0474,34769,INR,2026-08-07 08:47:38,subscription,successful,none,returning,7,3,False,active,0,55454,0,True,34769
txn_72c0012e,cust_0627,34474,INR,2026-06-25 10:05:38,checkout,successful,none,returning,12,2,False,none,0,81166,0,True,34474
txn_37f481b7,cust_0764,19246,INR,2026-08-09 09:47:38,checkout,abandoned,none,new,1,0,True,none,0,21854,0,False,0
txn_28dfaf79,cust_0772,37415,INR,2026-05-04 10:12:38,subscription,successful,none,VIP,51,5,False,active,0,170882,0,True,37415
txn_5675cc23,cust_0271,17771,INR,2026-03-29 08:54:38,invoice,successful,none,new,0,0,False,none,0,17771,0,True,17771
txn_3e8b2540,cust_0741,39778,INR,2026-08-01 18:29:38,invoice,successful,none,new,1,0,False,none,0,41095,0,True,39778
txn_6d639bd9,cust_0133,29299,INR,2026-04-27 17:56:38,checkout,abandoned,none,new,0,0,True,none,0,29299,0,False,0
txn_a8770c48,cust_0198,34085,INR,2026-03-31 14:32:38,checkout,successful,none,returning,14,2,False,none,0,79697,0,True,34085
txn_fae92b5b,cust_0251,2543,INR,2026-06-17 00:59:38,checkout,abandoned,none,new,0,0,True,none,0,2543,0,False,0
txn_ed1de275,cust_0952,25102,INR,2026-04-04 17:34:38,checkout,abandoned,none,new,0,0,True,none,0,25102,0,False,0
txn_1065c2f5,cust_0110,48419,INR,2026-05-01 08:32:38,checkout,successful,none,new,0,0,False,none,0,48419,0,True,48419
txn_4ece76f8,cust_0195,23446,INR,2026-04-07 05:35:38,invoice,successful,none,returning,19,2,False,none,0,106305,0,True,23446
txn_10810417,cust_0968,37695,INR,2026-07-10 10:42:38,subscription,successful,none,new,1,0,False,active,0,41148,0,True,37695
txn_54191049,cust_0087,25520,INR,2026-08-15 13:08:38,subscription,successful,none,new,0,0,False,active,0,25520,0,True,25520
txn_b1482b3e,cust_0162,12584,INR,2026-05-02 10:15:38,invoice,overdue,none,VIP,37,0,False,none,53,106453,0,False,0
txn_c3ef1b05,cust_0020,13725,INR,2026-03-02 21:35:38,payment,successful,none,returning,8,3,False,none,0,44965,0,True,13725
txn_d19b210c,cust_0566,35507,INR,2026-06-17 06:38:38,payment,failed,temporary_bank_error,VIP,60,5,False,none,0,134687,0,False,0
txn_f2120443,cust_0908,3384,INR,2026-06-15 16:57:38,subscription,successful,none,VIP,31,5,False,active,0,142605,0,True,3384
txn_0d12608e,cust_0213,2560,INR,2026-05-26 18:16:38,checkout,successful,none,returning,2,1,False,none,0,7300,0,True,2560
txn_085247d3,cust_0433,36740,INR,2026-07-18 13:14:38,checkout,successful,none,returning,11,1,False,none,0,82643,0,True,36740
txn_c230ed6f,cust_0010,10147,INR,2026-04-03 16:13:38,subscription,successful,none,new,0,0,False,active,0,10147,0,True,10147
txn_eb2923c9,cust_0023,752,INR,2026-05-07 16:40:38,subscription,successful,none,new,0,0,False,active,0,752,0,True,752
txn_cc39882e,cust_0956,44030,INR,2026-04-26 23:47:38,subscription,failed,authentication_failure,new,1,0,False,canceled,0,48026,0,False,0
txn_34282dbe,cust_0921,20756,INR,2026-07-05 18:21:38,subscription,successful,none,VIP,27,1,False,active,0,95735,0,True,20756
txn_22aa0b90,cust_0753,11440,INR,2026-08-20 13:09:38,invoice,overdue,none,VIP,91,2,False,none,30,420394,0,False,0
txn_d2702897,cust_0554,8738,INR,2026-07-17 13:44:38,payment,failed,card_declined,returning,15,0,False,none,0,18248,0,False,0
txn_5552cbc3,cust_0054,19280,INR,2026-06-21 21:30:38,checkout,abandoned,none,returning,2,3,True,none,0,27056,0,False,0
txn_a5de7eb8,cust_0852,47918,INR,2026-03-20 23:27:38,payment,successful,none,returning,16,2,False,none,0,90046,0,True,47918
txn_aa79d1a4,cust_0396,17382,INR,2026-05-07 14:36:38,invoice,overdue,none,returning,18,1,False,none,7,105528,0,False,0
txn_547e9117,cust_0518,41317,INR,2026-08-17 00:36:38,payment,failed,insufficient_funds,new,0,0,False,none,0,41317,0,False,0
txn_fcb0fd59,cust_0730,25349,INR,2026-03-20 12:58:38,subscription,failed,network_error,returning,17,1,False,canceled,0,68291,0,False,0
txn_dcf1127f,cust_0103,5100,INR,2026-07-28 02:57:38,subscription,successful,none,new,0,0,False,active,0,5100,0,True,5100
txn_a7749a94,cust_0714,2850,INR,2026-08-09 04:32:38,invoice,overdue,none,returning,18,3,False,none,31,19212,0,False,0
txn_d64edca4,cust_0711,31867,INR,2026-03-29 23:47:38,checkout,successful,none,new,0,0,False,none,0,31867,0,True,31867
txn_3b70523e,cust_0613,23362,INR,2026-07-22 04:02:38,subscription,successful,none,returning,4,3,False,active,0,28702,0,True,23362
txn_8ee5e146,cust_0466,16469,INR,2026-06-14 15:17:38,payment,failed,network_error,new,0,0,False,none,0,16469,0,False,0
txn_c5762c3b,cust_0696,11644,INR,2026-08-26 20:52:38,invoice,successful,none,returning,9,3,False,none,0,30319,0,True,11644
txn_fc1c896e,cust_1000,13361,INR,2026-08-23 09:54:38,checkout,abandoned,none,returning,10,2,True,none,0,54631,0,False,0
txn_c57f622d,cust_0521,32808,INR,2026-06-19 05:25:38,checkout,abandoned,none,VIP,94,2,True,none,0,88832,0,False,0
txn_ca57893d,cust_0881,776,INR,2026-03-05 08:22:38,checkout,abandoned,none,returning,20,3,True,none,0,93916,0,False,0
txn_0ca78c14,cust_0459,20627,INR,2026-03-12 13:16:38,payment,failed,unknown,returning,9,1,False,none,0,54413,0,False,0
txn_43962e80,cust_0425,39273,INR,2026-04-22 04:06:38,invoice,overdue,none,new,1,0,False,none,41,41288,0,False,0
txn_aec51fc0,cust_0934,10586,INR,2026-05-12 16:30:38,checkout,abandoned,none,returning,19,1,True,none,0,22803,0,False,0
txn_b4a870ac,cust_0146,35668,INR,2026-07-18 14:49:38,payment,successful,none,VIP,37,0,False,none,0,165945,0,True,35668
txn_b223e2f5,cust_0947,4775,INR,2026-06-07 21:42:38,checkout,successful,none,returning,7,0,False,none,0,16969,0,True,4775
txn_2f252975,cust_0251,15343,INR,2026-06-12 21:38:38,invoice,successful,none,returning,5,3,False,none,0,24898,0,True,15343
txn_9eee1caa,cust_0387,2901,INR,2026-08-20 22:44:38,invoice,overdue,none,new,1,0,False,none,56,5524,0,False,0
txn_7bcdf6d3,cust_0210,6463,INR,2026-08-17 18:09:38,subscription,successful,none,VIP,33,1,False,active,0,168460,0,True,6463
txn_4df7fabf,cust_0066,14809,INR,2026-07-14 17:03:38,subscription,successful,none,VIP,30,1,False,active,0,67099,0,True,14809
txn_ee3b89f8,cust_0382,33612,INR,2026-04-22 07:07:38,payment,failed,unknown,VIP,39,3,False,none,0,226701,0,False,0
txn_8d41c0b3,cust_0113,6914,INR,2026-06-09 09:38:38,invoice,overdue,none,VIP,61,2,False,none,75,305875,0,False,0
txn_59b6cfaa,cust_0044,44252,INR,2026-04-27 11:33:38,payment,successful,none,returning,6,3,False,none,0,68984,0,True,44252
txn_dd271b00,cust_0654,21549,INR,2026-07-27 23:59:38,invoice,successful,none,returning,10,3,False,none,0,52009,0,True,21549
txn_34e14c35,cust_0115,14367,INR,2026-07-13 17:14:38,subscription,failed,unknown,VIP,38,5,False,past_due,0,169103,0,False,0
txn_1c8ffb3e,cust_0047,20130,INR,2026-07-30 09:40:38,payment,successful,none,returning,6,2,False,none,0,49272,0,True,20130
txn_362ee38a,cust_0093,33594,INR,2026-05-15 00:47:38,payment,successful,none,returning,20,3,False,none,0,68714,0,True,33594
txn_7e5c1e03,cust_0590,40271,INR,2026-07-08 15:39:38,checkout,successful,none,VIP,87,0,False,none,0,198350,0,True,40271
txn_db354b54,cust_0897,3836,INR,2026-07-14 21:26:38,subscription,successful,none,returning,14,3,False,active,0,13230,0,True,3836
txn_1ddf4eca,cust_0766,22895,INR,2026-07-10 16:26:38,subscription,successful,none,new,1,0,False,active,0,24979,0,True,22895
txn_9545758d,cust_0830,3141,INR,2026-06-28 01:41:38,checkout,successful,none,new,1,0,False,none,0,5642,0,True,3141
txn_31720967,cust_0948,23383,INR,2026-05-18 01:42:38,subscription,successful,none,returning,20,1,False,active,0,43603,0,True,23383
txn_16db1b6d,cust_0956,30075,INR,2026-07-06 02:47:38,invoice,successful,none,new,0,0,False,none,0,30075,0,True,30075
txn_24d72b00,cust_0220,44217,INR,2026-07-28 22:52:38,invoice,overdue,none,returning,14,0,False,none,27,109205,0,False,0
txn_4588227d,cust_0182,49254,INR,2026-06-10 16:26:38,invoice,overdue,none,returning,15,0,False,none,52,87204,0,False,0
txn_e026fdfc,cust_0680,12543,INR,2026-07-19 15:43:38,invoice,overdue,none,VIP,40,1,False,none,20,106463,0,False,0
txn_3de62fb4,cust_0358,33398,INR,2026-06-04 20:38:38,subscription,successful,none,new,1,0,False,active,0,34416,0,True,33398
txn_5aceadbf,cust_0976,45995,INR,2026-05-10 22:40:38,payment,failed,authentication_failure,returning,16,3,False,none,0,66443,0,False,0
txn_2abdba90,cust_0007,38242,INR,2026-06-20 11:37:38,subscription,successful,none,VIP,88,4,False,active,0,154578,0,True,38242
txn_c7d14a66,cust_0622,8451,INR,2026-03-03 16:04:38,invoice,successful,none,returning,14,0,False,none,0,68273,0,True,8451
txn_f88a29c4,cust_0874,27559,INR,2026-04-22 13:39:38,invoice,overdue,none,VIP,51,4,False,none,75,177907,0,False,0
txn_ff051c7a,cust_0401,47036,INR,2026-07-14 23:31:38,payment,failed,unknown,returning,12,3,False,none,0,105512,0,False,0
txn_1730e964,cust_0332,6273,INR,2026-07-17 09:06:38,subscription,successful,none,returning,7,2,False,active,0,38858,0,True,6273
txn_8eb693dc,cust_0644,17980,INR,2026-04-01 00:25:38,invoice,successful,none,VIP,21,3,False,none,0,79720,0,True,17980
txn_d4422ea0,cust_0147,41217,INR,2026-05-07 00:47:38,invoice,successful,none,VIP,72,3,False,none,0,256785,0,True,41217
txn_a1e442c0,cust_0567,1515,INR,2026-05-28 21:47:38,payment,successful,none,VIP,78,2,False,none,0,358677,0,True,1515
txn_1ff302bf,cust_0283,18727,INR,2026-07-30 05:57:38,invoice,overdue,none,new,0,0,False,none,52,18727,0,False,0
txn_d21354dd,cust_0212,30137,INR,2026-03-31 02:25:38,checkout,successful,none,returning,19,0,False,none,0,98898,0,True,30137
txn_f41dddf7,cust_0812,20811,INR,2026-08-25 09:16:38,payment,successful,none,VIP,41,5,False,none,0,214167,0,True,20811
txn_84288512,cust_0409,2157,INR,2026-06-14 01:48:38,subscription,successful,none,new,1,0,False,active,0,2977,0,True,2157
txn_87464c77,cust_0184,1284,INR,2026-07-02 18:51:38,invoice,overdue,none,returning,18,2,False,none,70,63150,0,False,0
txn_3d2b8595,cust_0195,37660,INR,2026-04-11 02:11:38,invoice,overdue,none,VIP,25,2,False,none,72,148960,0,False,0
txn_4e5745d5,cust_0567,48393,INR,2026-05-05 07:28:38,subscription,failed,insufficient_funds,returning,14,1,False,past_due,0,57059,0,False,0
txn_2d268c97,cust_0048,141,INR,2026-05-16 15:49:38,subscription,successful,none,VIP,64,5,False,active,0,236749,0,True,141
txn_e23fa440,cust_0661,39188,INR,2026-08-03 02:10:38,invoice,overdue,none,new,0,0,False,none,46,39188,0,False,0
txn_6cd8bfc7,cust_0846,12655,INR,2026-05-05 01:23:38,checkout,abandoned,none,returning,18,2,True,none,0,85339,0,False,0
txn_6dca0684,cust_0670,31547,INR,2026-03-16 18:25:38,payment,successful,none,new,1,0,False,none,0,33374,0,True,31547
txn_a671b2ef,cust_0438,49259,INR,2026-06-13 10:10:38,subscription,successful,none,returning,4,0,False,active,0,58823,0,True,49259
txn_0959dbb8,cust_0403,39113,INR,2026-05-17 08:16:38,payment,successful,none,returning,9,2,False,none,0,74717,0,True,39113
txn_a939ded3,cust_0146,2630,INR,2026-03-23 23:59:38,invoice,successful,none,new,0,0,False,none,0,2630,0,True,2630
txn_aa6219dc,cust_0955,9073,INR,2026-08-25 09:11:38,invoice,overdue,none,returning,6,1,False,none,41,20959,0,False,0
txn_1a33040b,cust_0451,41728,INR,2026-05-20 09:52:38,checkout,successful,none,new,1,0,False,none,0,46315,0,True,41728
txn_236ecff8,cust_0612,21443,INR,2026-06-29 02:12:38,checkout,successful,none,new,1,0,False,none,0,24615,0,True,21443
txn_28c75bb4,cust_0993,32153,INR,2026-07-03 16:16:38,payment,successful,none,new,1,0,False,none,0,35381,0,True,32153
txn_efbd0b1e,cust_0759,39155,INR,2026-08-04 16:27:38,payment,failed,temporary_bank_error,new,1,0,False,none,0,40701,0,False,0
txn_dce51b8a,cust_0147,31052,INR,2026-06-19 01:45:38,payment,failed,unknown,VIP,79,3,False,none,0,172146,0,False,0
txn_c487ccf6,cust_0570,16246,INR,2026-03-09 10:16:38,checkout,successful,none,returning,11,2,False,none,0,37146,0,True,16246
txn_d651f1d2,cust_0880,22793,INR,2026-06-05 04:03:38,payment,failed,unknown,returning,4,3,False,none,0,28581,0,False,0
txn_f5d94ac2,cust_0345,29501,INR,2026-08-04 10:58:38,payment,failed,temporary_bank_error,new,0,0,False,none,0,29501,0,False,0
txn_49233839,cust_0236,17745,INR,2026-04-13 19:39:38,invoice,successful,none,returning,7,2,False,none,0,29337,0,True,17745
txn_b6685c52,cust_0854,19485,INR,2026-04-03 05:14:38,invoice,overdue,none,returning,4,2,False,none,15,31321,0,False,0
txn_55fd0283,cust_0038,39620,INR,2026-07-02 13:19:38,subscription,successful,none,returning,8,3,False,active,0,77076,0,True,39620
txn_9d0e1595,cust_0895,27709,INR,2026-04-16 00:15:38,payment,successful,none,new,0,0,False,none,0,27709,0,True,27709
txn_75c312ef,cust_0519,2553,INR,2026-07-14 03:52:38,invoice,successful,none,VIP,42,4,False,none,0,47031,0,True,2553
txn_6d295a5e,cust_0848,731,INR,2026-06-08 14:19:38,checkout,successful,none,VIP,75,1,False,none,0,232331,0,True,731
txn_0fa7e0e9,cust_0335,20136,INR,2026-04-18 18:20:38,invoice,successful,none,VIP,47,2,False,none,0,130774,0,True,20136
txn_ce4c7752,cust_0436,7137,INR,2026-05-22 04:21:38,checkout,successful,none,VIP,81,1,False,none,0,241713,0,True,7137
txn_1edc3709,cust_0603,29112,INR,2026-05-18 14:49:38,subscription,failed,card_declined,new,1,0,False,canceled,0,31450,0,False,0
txn_17c54313,cust_0269,16939,INR,2026-04-12 23:51:38,subscription,failed,unknown,returning,2,0,False,canceled,0,18543,0,False,0
txn_cb2cebad,cust_0545,15034,INR,2026-08-06 01:48:38,payment,successful,none,new,1,0,False,none,0,16875,0,True,15034
txn_31494f34,cust_0927,34314,INR,2026-04-18 03:07:38,checkout,successful,none,returning,6,2,False,none,0,56472,0,True,34314
txn_b341bd52,cust_0449,44008,INR,2026-04-03 07:38:38,subscription,failed,network_error,new,1,0,False,canceled,0,48524,0,False,0
txn_c35daf56,cust_0863,34068,INR,2026-03-31 04:40:38,payment,successful,none,VIP,26,1,False,none,0,77618,0,True,34068
txn_98538899,cust_0840,43375,INR,2026-03-16 23:28:38,payment,successful,none,new,1,0,False,none,0,48207,0,True,43375
txn_3a625b2c,cust_0015,5470,INR,2026-08-02 10:36:38,invoice,overdue,none,returning,19,2,False,none,60,55839,0,False,0
txn_953e7d1c,cust_0779,27982,INR,2026-07-11 20:13:38,invoice,overdue,none,new,1,0,False,none,64,32769,0,False,0
txn_4ff08adc,cust_0794,13857,INR,2026-08-07 10:28:38,subscription,failed,authentication_failure,new,0,0,False,past_due,0,13857,0,False,0
txn_3ca85db3,cust_0756,844,INR,2026-05-06 04:50:38,payment,successful,none,VIP,93,5,False,none,0,174475,0,True,844
txn_0077c546,cust_0574,20784,INR,2026-05-24 16:46:38,subscription,successful,none,returning,14,1,False,active,0,53124,0,True,20784
txn_8db75881,cust_0763,20618,INR,2026-08-23 22:06:38,checkout,abandoned,none,VIP,88,0,True,none,0,399546,0,False,0
txn_d0f15c06,cust_0021,44227,INR,2026-08-07 19:11:38,invoice,successful,none,VIP,35,0,False,none,0,130852,0,True,44227
txn_77e849e3,cust_0874,35006,INR,2026-06-08 08:19:38,invoice,overdue,none,VIP,80,2,False,none,17,163086,0,False,0
txn_365d822d,cust_0588,28057,INR,2026-04-20 21:19:38,payment,successful,none,new,1,0,False,none,0,32939,0,True,28057
txn_5b3cc5a2,cust_0901,21578,INR,2026-07-06 07:22:38,payment,successful,none,new,1,0,False,none,0,23816,0,True,21578
txn_a669104d,cust_0509,45789,INR,2026-05-07 17:13:38,invoice,overdue,none,new,1,0,False,none,68,49582,0,False,0
txn_4f0af965,cust_0215,33500,INR,2026-04-10 08:31:38,subscription,failed,network_error,returning,8,0,False,past_due,0,37964,0,False,0
txn_8502c1c9,cust_0376,28293,INR,2026-06-03 06:34:38,invoice,overdue,none,VIP,57,3,False,none,12,171762,0,False,0
txn_b3e0e82f,cust_0582,38424,INR,2026-07-29 16:02:38,invoice,successful,none,new,1,0,False,none,0,41764,0,True,38424
txn_7a4b8c47,cust_0676,25848,INR,2026-05-03 18:32:38,payment,successful,none,new,0,0,False,none,0,25848,0,True,25848
txn_d21285ca,cust_0785,39061,INR,2026-06-25 10:15:38,invoice,successful,none,VIP,68,3,False,none,0,75645,0,True,39061
txn_f37d783d,cust_0263,24853,INR,2026-07-31 23:42:38,checkout,successful,none,new,1,0,True,none,0,25980,0,True,24853
txn_0bf82ff6,cust_0343,21289,INR,2026-05-24 16:24:38,subscription,successful,none,VIP,58,3,True,active,0,176439,0,True,21289
txn_8ffe83a2,cust_0139,36814,INR,2026-05-12 12:59:38,payment,successful,none,returning,7,0,False,none,0,55455,0,True,36814
txn_9334bcde,cust_0270,33465,INR,2026-04-14 01:12:38,payment,successful,none,VIP,53,5,False,none,0,177413,0,True,33465
txn_6e5e24c8,cust_0590,13955,INR,2026-06-21 20:38:38,payment,successful,none,returning,19,0,False,none,0,88568,0,True,13955
txn_e6f4cf73,cust_0642,43306,INR,2026-04-12 10:47:38,invoice,overdue,none,VIP,20,4,False,none,78,81746,0,False,0
txn_9eb9e1f7,cust_0773,17769,INR,2026-05-03 14:32:38,checkout,successful,none,returning,4,1,False,none,0,30537,0,True,17769
txn_b359edf9,cust_0910,29821,INR,2026-04-06 15:36:38,checkout,successful,none,new,0,0,False,none,0,29821,0,True,29821
txn_f3831b53,cust_0795,25249,INR,2026-03-29 02:38:38,checkout,successful,none,VIP,24,1,False,none,0,97225,0,True,25249
txn_1478206e,cust_0211,4360,INR,2026-07-01 20:12:38,invoice,successful,none,VIP,80,3,False,none,0,279720,0,True,4360
txn_7d8e66cc,cust_0461,18709,INR,2026-08-25 00:26:38,invoice,successful,none,new,1,0,False,none,0,19981,0,True,18709
txn_a1237cb6,cust_0993,7487,INR,2026-07-24 08:10:38,subscription,failed,card_declined,new,0,0,False,canceled,0,7487,0,False,0
txn_95d269db,cust_0947,2689,INR,2026-08-06 00:24:38,checkout,abandoned,none,returning,3,1,True,none,0,9904,0,False,0
txn_6c401d8f,cust_0008,23437,INR,2026-03-04 03:42:38,subscription,failed,authentication_failure,returning,9,0,False,past_due,0,29386,0,False,0
txn_811ae7e4,cust_0103,46247,INR,2026-06-27 01:45:38,checkout,successful,none,VIP,47,1,False,none,0,173946,0,True,46247
txn_63b791b3,cust_0732,40823,INR,2026-06-18 01:57:38,invoice,successful,none,VIP,59,0,False,none,0,140120,0,True,40823
txn_388d6902,cust_0155,47953,INR,2026-07-13 08:21:38,invoice,successful,none,VIP,69,2,False,none,0,312430,0,True,47953
txn_6653469e,cust_0190,19665,INR,2026-08-02 15:52:38,invoice,overdue,none,returning,1,2,False,none,19,21917,0,False,0
txn_12880414,cust_0037,3482,INR,2026-04-15 06:20:38,checkout,abandoned,none,new,1,0,True,none,0,7116,0,False,0
txn_8323aae6,cust_0013,14197,INR,2026-07-15 17:27:38,payment,failed,authentication_failure,new,1,0,False,none,0,18372,0,False,0
txn_ce41efe4,cust_0609,2403,INR,2026-08-10 01:03:38,invoice,overdue,none,returning,8,3,False,none,5,33539,0,False,0
txn_31858cdf,cust_0011,35732,INR,2026-08-03 04:11:38,payment,successful,none,returning,15,3,True,none,0,81692,0,True,35732
txn_4be60b10,cust_0027,37002,INR,2026-08-18 22:58:38,payment,successful,none,returning,7,3,False,none,0,45626,0,True,37002
txn_69513946,cust_0210,6229,INR,2026-04-29 16:45:38,payment,successful,none,VIP,68,4,False,none,0,63145,0,True,6229
txn_c38b209a,cust_0123,9441,INR,2026-06-16 20:00:38,subscription,successful,none,new,1,0,False,active,0,12531,0,True,9441
txn_6da62a50,cust_0114,32604,INR,2026-04-28 18:57:38,checkout,abandoned,none,VIP,41,4,True,none,0,76064,0,False,0
txn_604ccc62,cust_0056,16148,INR,2026-07-25 14:03:38,invoice,successful,none,new,0,0,False,none,0,16148,0,True,16148
txn_05555262,cust_0016,42563,INR,2026-03-30 10:38:38,invoice,successful,none,new,1,0,False,none,0,44546,0,True,42563
txn_a4b14ed9,cust_0598,48109,INR,2026-05-23 00:25:38,payment,successful,none,returning,10,3,False,none,0,91969,0,True,48109
txn_20fe5015,cust_0657,12068,INR,2026-07-25 04:00:38,invoice,successful,none,VIP,65,2,False,none,0,94813,0,True,12068
txn_b7f343dc,cust_0738,30614,INR,2026-05-30 21:04:38,checkout,successful,none,VIP,23,5,False,none,0,67345,0,True,30614
txn_daa503e2,cust_0392,23087,INR,2026-03-10 16:06:38,payment,successful,none,new,0,0,False,none,0,23087,0,True,23087
txn_e2171cc6,cust_0945,35294,INR,2026-05-15 21:08:38,invoice,overdue,none,new,0,0,False,none,75,35294,0,False,0
txn_1fb5bb50,cust_0570,35218,INR,2026-05-22 17:28:38,subscription,failed,insufficient_funds,returning,17,3,False,canceled,0,61381,0,False,0
txn_31cdbd49,cust_0320,34540,INR,2026-05-06 21:51:38,checkout,successful,none,returning,9,0,False,none,0,76723,0,True,34540
txn_595a7eab,cust_0586,37098,INR,2026-04-04 15:21:38,invoice,overdue,none,new,1,0,False,none,15,39986,0,False,0
txn_2ab18ad3,cust_0414,2958,INR,2026-03-20 14:33:38,payment,successful,none,VIP,87,1,False,none,0,326511,0,True,2958
txn_5d8b09a0,cust_0286,21467,INR,2026-08-17 03:16:38,subscription,successful,none,VIP,54,4,False,active,0,241787,0,True,21467
txn_022b3ecd,cust_0327,37723,INR,2026-08-25 14:22:38,invoice,successful,none,returning,14,1,False,none,0,61691,0,True,37723
txn_0cf95bcf,cust_0703,13161,INR,2026-08-27 12:38:38,invoice,overdue,none,VIP,38,0,False,none,63,143995,0,False,0
txn_3d6a9272,cust_0019,4095,INR,2026-05-16 05:11:38,payment,successful,none,VIP,86,3,False,none,0,222277,0,True,4095
txn_6c1fcf0b,cust_0004,40220,INR,2026-07-28 06:35:38,payment,successful,none,VIP,86,4,False,none,0,146602,0,True,40220
txn_2d5d722e,cust_0394,38087,INR,2026-04-23 12:27:38,payment,successful,none,VIP,100,1,False,none,0,280587,0,True,38087
txn_89d409ce,cust_0758,38240,INR,2026-06-02 09:52:38,invoice,successful,none,VIP,99,0,True,none,0,402560,0,True,38240
txn_6f93ff59,cust_0436,5487,INR,2026-08-21 23:34:38,invoice,overdue,none,returning,9,3,True,none,71,28041,0,False,0
txn_67d8073b,cust_0528,38732,INR,2026-07-28 15:40:38,checkout,abandoned,none,returning,8,1,True,none,0,71204,0,False,0
txn_6f17a956,cust_0085,29307,INR,2026-08-03 21:48:38,checkout,abandoned,none,new,0,0,True,none,0,29307,0,False,0
txn_0dbe0c34,cust_0338,24307,INR,2026-08-23 12:46:38,checkout,successful,none,VIP,38,4,False,none,0,139485,0,True,24307
txn_07230cd0,cust_0071,43663,INR,2026-05-14 18:58:38,payment,successful,none,returning,7,2,False,none,0,60876,0,True,43663
txn_f79bb920,cust_0291,37767,INR,2026-08-14 16:23:38,checkout,successful,none,VIP,54,3,False,none,0,255819,0,True,37767
txn_61cf1de3,cust_0830,17597,INR,2026-07-22 23:12:38,payment,successful,none,new,0,0,False,none,0,17597,0,True,17597
txn_2fc26ee2,cust_0992,39189,INR,2026-04-14 07:54:38,checkout,successful,none,new,0,0,False,none,0,39189,0,True,39189
txn_d855999f,cust_0706,32663,INR,2026-05-27 23:14:38,invoice,overdue,none,returning,5,3,False,none,34,44473,0,False,0
txn_9e665e88,cust_0353,10570,INR,2026-03-22 15:37:38,subscription,successful,none,returning,1,0,False,active,0,13483,0,True,10570
txn_751e43a1,cust_0110,9241,INR,2026-03-20 13:36:38,checkout,successful,none,VIP,34,5,False,none,0,142827,0,True,9241
txn_533a341f,cust_0294,21554,INR,2026-03-26 14:12:38,subscription,failed,network_error,VIP,70,0,False,past_due,0,74684,0,False,0
txn_8b7080ea,cust_0025,28049,INR,2026-04-16 14:57:38,invoice,successful,none,new,0,0,False,none,0,28049,0,True,28049
txn_e87200d6,cust_0206,5980,INR,2026-07-26 18:45:38,subscription,successful,none,new,1,0,False,active,0,7042,0,True,5980
txn_d59b1937,cust_0012,34988,INR,2026-06-22 10:02:38,invoice,overdue,none,returning,14,3,False,none,48,79270,0,False,0
txn_74e33436,cust_0451,20118,INR,2026-08-21 15:47:38,payment,failed,card_declined,returning,8,2,False,none,0,49206,0,False,0
txn_8ce986ba,cust_0375,15605,INR,2026-06-22 12:04:38,payment,successful,none,returning,7,2,False,none,0,47301,0,True,15605
txn_1cb6e74a,cust_0503,27746,INR,2026-08-01 19:43:38,payment,successful,none,returning,18,1,False,none,0,60794,0,True,27746
txn_7dcdf2b9,cust_0404,30171,INR,2026-05-20 07:27:38,subscription,successful,none,returning,1,3,False,active,0,34097,0,True,30171
txn_3bd1b91f,cust_0283,26326,INR,2026-05-06 02:32:38,payment,failed,card_declined,new,1,0,False,none,0,30174,0,False,0
txn_266d4a59,cust_0301,40964,INR,2026-04-01 17:46:38,checkout,abandoned,none,returning,15,0,True,none,0,68069,0,False,0
txn_1c071a70,cust_0423,1085,INR,2026-06-11 15:18:38,payment,successful,none,new,1,0,False,none,0,5685,0,True,1085
txn_8158beab,cust_0315,17917,INR,2026-05-23 02:17:38,subscription,successful,none,new,1,0,False,active,0,21851,0,True,17917
txn_02a1745d,cust_0345,9983,INR,2026-06-23 00:36:38,invoice,overdue,none,VIP,75,2,False,none,12,266333,0,False,0
txn_f6f990bc,cust_0821,26292,INR,2026-03-24 03:37:38,checkout,successful,none,returning,3,0,False,none,0,30276,0,True,26292
txn_613e0605,cust_0544,36173,INR,2026-03-09 06:12:38,payment,successful,none,new,1,0,True,none,0,38713,0,True,36173
txn_e86dcf70,cust_0513,22209,INR,2026-06-18 00:35:38,checkout,successful,none,VIP,42,5,False,none,0,65469,0,True,22209
txn_239397f2,cust_0415,1620,INR,2026-08-16 14:21:38,invoice,successful,none,returning,1,2,False,none,0,2925,0,True,1620
txn_7ef61709,cust_0201,24418,INR,2026-08-20 15:41:38,checkout,successful,none,VIP,55,0,False,none,0,135903,0,True,24418
txn_52d6362f,cust_0005,20478,INR,2026-03-16 03:02:38,invoice,successful,none,new,1,0,False,none,0,22143,0,True,20478
txn_aafa700f,cust_0168,3930,INR,2026-04-09 00:47:38,subscription,successful,none,new,0,0,False,active,0,3930,0,True,3930
txn_af4a136f,cust_0827,3343,INR,2026-04-28 16:11:38,payment,failed,temporary_bank_error,returning,2,0,False,none,0,7781,0,False,0
txn_e3c39f65,cust_0766,45310,INR,2026-07-31 22:38:38,invoice,successful,none,new,1,0,True,none,0,49209,0,True,45310
txn_f7b8247f,cust_0701,10296,INR,2026-03-31 23:08:38,checkout,successful,none,VIP,98,0,False,none,0,466584,0,True,10296
txn_84bab238,cust_0478,41789,INR,2026-03-20 16:22:38,checkout,abandoned,none,VIP,62,2,True,none,0,77563,0,False,0
txn_fabc2925,cust_0229,28775,INR,2026-07-16 01:53:38,checkout,successful,none,returning,17,1,True,none,0,53884,0,True,28775
txn_c77dbb41,cust_0141,29174,INR,2026-05-13 15:59:38,payment,failed,authentication_failure,returning,20,0,False,none,0,76314,0,False,0
txn_c2b23477,cust_0798,45336,INR,2026-03-06 23:30:38,payment,successful,none,VIP,80,1,False,none,0,170376,0,True,45336
txn_16f98b00,cust_0394,41632,INR,2026-04-12 12:55:38,checkout,abandoned,none,returning,16,3,True,none,0,65440,0,False,0
txn_24daf09c,cust_0459,14956,INR,2026-06-15 02:26:38,payment,successful,none,returning,18,0,False,none,0,24982,0,True,14956
txn_67aef44c,cust_0888,47044,INR,2026-03-09 10:14:38,subscription,failed,insufficient_funds,VIP,24,0,False,canceled,0,92404,0,False,0
txn_5c2b3b2d,cust_0219,8944,INR,2026-05-19 01:24:38,checkout,abandoned,none,returning,6,1,True,none,0,17914,0,False,0
txn_0e9ad219,cust_0617,25295,INR,2026-05-03 11:01:38,checkout,abandoned,none,VIP,68,4,True,none,0,255543,0,False,0
txn_74a231d2,cust_0068,1405,INR,2026-05-25 20:39:38,subscription,failed,authentication_failure,returning,20,0,False,canceled,0,51685,0,False,0
txn_fddf6969,cust_0330,9408,INR,2026-07-21 07:22:38,invoice,overdue,none,new,0,0,False,none,12,9408,0,False,0
txn_3aa77908,cust_0203,732,INR,2026-07-03 20:39:38,subscription,successful,none,returning,2,2,False,active,0,4296,0,True,732
txn_9c9c68c1,cust_0141,40732,INR,2026-08-21 19:07:38,payment,failed,network_error,returning,18,2,False,none,0,123946,0,False,0
txn_4db56377,cust_0616,48504,INR,2026-08-16 15:20:38,invoice,overdue,none,new,0,0,False,none,55,48504,0,False,0
txn_cf5a7f89,cust_0488,4770,INR,2026-05-15 20:36:38,invoice,successful,none,VIP,66,5,False,none,0,247584,0,True,4770
txn_acc34e0c,cust_0239,43861,INR,2026-08-23 15:30:38,checkout,successful,none,returning,18,0,True,none,0,66631,0,True,43861
txn_6286138a,cust_0431,32780,INR,2026-03-31 05:32:38,checkout,abandoned,none,returning,5,3,True,none,0,55985,0,False,0
txn_597043eb,cust_0253,21075,INR,2026-08-08 04:28:38,invoice,overdue,none,VIP,63,2,False,none,61,109905,0,False,0
txn_927c67ff,cust_0240,6554,INR,2026-06-01 08:10:38,subscription,successful,none,VIP,67,4,False,active,0,313213,0,True,6554
txn_aabe18ff,cust_0781,42009,INR,2026-05-21 19:17:38,payment,successful,none,VIP,96,3,False,none,0,216441,0,True,42009
txn_90d6953f,cust_0777,19283,INR,2026-04-30 15:24:38,invoice,successful,none,VIP,67,2,False,none,0,284804,0,True,19283
txn_9387b36f,cust_0028,29036,INR,2026-05-27 06:35:38,payment,successful,none,returning,7,0,False,none,0,61208,0,True,29036
txn_fa9ad716,cust_0545,42851,INR,2026-04-25 09:07:38,invoice,successful,none,VIP,49,3,False,none,0,91900,0,True,42851
txn_7293bccd,cust_0795,34839,INR,2026-06-11 02:32:38,invoice,overdue,none,new,1,0,False,none,3,37767,0,False,0
txn_cab2f8ae,cust_0393,30182,INR,2026-05-18 21:53:38,subscription,successful,none,new,0,0,False,active,0,30182,0,True,30182
txn_6e62a662,cust_0191,9766,INR,2026-05-10 11:18:38,invoice,successful,none,VIP,86,2,False,none,0,84930,0,True,9766
txn_3cbe7dab,cust_0700,42875,INR,2026-02-28 13:05:38,invoice,successful,none,new,0,0,False,none,0,42875,0,True,42875
txn_e54768bd,cust_0488,36045,INR,2026-04-14 05:40:38,invoice,successful,none,returning,5,2,False,none,0,43680,0,True,36045
txn_99679a88,cust_0417,31241,INR,2026-04-16 06:49:38,payment,successful,none,VIP,23,2,False,none,0,140146,0,True,31241
txn_95158916,cust_0343,11658,INR,2026-08-20 21:53:38,payment,failed,unknown,returning,8,2,False,none,0,16050,0,False,0
txn_bc1c6218,cust_0486,39682,INR,2026-06-04 23:32:38,invoice,overdue,none,new,1,0,False,none,19,40868,0,False,0
txn_f7b42943,cust_0322,16967,INR,2026-04-28 02:48:38,payment,successful,none,new,1,0,False,none,0,20837,0,True,16967
txn_df727943,cust_0353,32855,INR,2026-08-20 11:33:38,invoice,overdue,none,returning,6,3,False,none,44,39635,0,False,0
txn_50ebcb25,cust_0151,17117,INR,2026-05-15 19:33:38,checkout,abandoned,none,new,1,0,True,none,0,19337,0,False,0
txn_a3c09178,cust_0185,47852,INR,2026-07-21 04:20:38,subscription,successful,none,new,0,0,False,active,0,47852,0,True,47852
txn_1b10cafe,cust_0851,5015,INR,2026-07-31 06:16:38,invoice,successful,none,returning,16,3,False,none,0,28823,0,True,5015
txn_d93e1205,cust_0632,19402,INR,2026-04-08 06:50:38,subscription,successful,none,VIP,67,0,False,active,0,211491,0,True,19402
txn_210593c5,cust_0180,2222,INR,2026-07-13 14:25:38,checkout,successful,none,new,1,0,False,none,0,2786,0,True,2222
txn_dfe047e6,cust_0985,49047,INR,2026-06-20 13:43:38,invoice,overdue,none,VIP,90,0,False,none,53,164517,0,False,0
txn_58846276,cust_0063,32570,INR,2026-08-23 12:35:38,payment,successful,none,returning,18,0,False,none,0,52100,0,True,32570
txn_5565d176,cust_0457,26318,INR,2026-06-14 01:14:38,invoice,overdue,none,new,1,0,False,none,25,26906,0,False,0
txn_f75aaead,cust_0188,27183,INR,2026-05-07 13:50:38,invoice,successful,none,returning,9,3,False,none,0,48180,0,True,27183
txn_1093cd6b,cust_0248,29171,INR,2026-08-18 20:01:38,invoice,successful,none,VIP,20,4,False,none,0,75591,0,True,29171
txn_70c6dfb9,cust_0267,21405,INR,2026-03-22 19:47:38,checkout,abandoned,none,new,0,0,True,none,0,21405,0,False,0
txn_77bf2140,cust_0333,36147,INR,2026-07-26 04:42:38,checkout,abandoned,none,new,0,0,True,none,0,36147,0,False,0
txn_dfaeec6d,cust_0185,49783,INR,2026-07-02 07:45:38,invoice,successful,none,VIP,31,1,False,none,0,95198,0,True,49783
txn_f535bd53,cust_0061,37010,INR,2026-03-15 08:34:38,invoice,successful,none,new,1,0,False,none,0,40948,0,True,37010
txn_9ba4cfca,cust_0365,10992,INR,2026-03-20 01:03:38,checkout,successful,none,new,1,0,False,none,0,13661,0,True,10992
txn_7669ac56,cust_0518,47468,INR,2026-04-23 07:38:38,payment,successful,none,VIP,75,2,False,none,0,86618,0,True,47468
txn_4c6e5690,cust_0046,1522,INR,2026-07-15 00:24:38,subscription,successful,none,VIP,21,5,False,active,0,29788,0,True,1522
txn_f01ebe1b,cust_0796,5195,INR,2026-04-03 17:49:38,checkout,successful,none,returning,8,0,False,none,0,27507,0,True,5195
txn_aab2bedf,cust_0981,10381,INR,2026-07-16 12:04:38,checkout,successful,none,new,0,0,False,none,0,10381,0,True,10381
txn_58eedf5c,cust_0928,10190,INR,2026-07-01 09:08:38,checkout,successful,none,VIP,62,2,False,none,0,71322,0,True,10190
txn_01207e58,cust_0232,47149,INR,2026-06-26 12:30:38,payment,successful,none,returning,19,2,False,none,0,89044,0,True,47149
txn_d9f955dd,cust_0942,16240,INR,2026-04-12 19:04:38,invoice,successful,none,new,1,0,True,none,0,17823,0,True,16240
txn_12152c0c,cust_0126,48624,INR,2026-04-01 17:58:38,subscription,successful,none,new,1,0,False,active,0,51337,0,True,48624
txn_ade6ceeb,cust_0613,49340,INR,2026-07-28 15:11:38,checkout,abandoned,none,returning,11,1,True,none,0,59922,0,False,0
txn_f3d7012b,cust_0078,26411,INR,2026-08-11 19:02:38,invoice,overdue,none,returning,15,2,False,none,26,79571,0,False,0
txn_aaa74513,cust_0580,17676,INR,2026-08-02 01:18:38,payment,successful,none,new,1,0,False,none,0,20976,0,True,17676
txn_aca7d05d,cust_0720,29351,INR,2026-05-17 14:59:38,payment,successful,none,new,0,0,False,none,0,29351,0,True,29351
txn_9c0ca186,cust_0327,18061,INR,2026-07-21 21:25:38,invoice,overdue,none,new,1,0,False,none,61,20624,0,False,0
txn_c858e8ae,cust_0460,28000,INR,2026-07-17 21:39:38,invoice,overdue,none,new,0,0,False,none,16,28000,0,False,0
txn_19fb5725,cust_0896,17701,INR,2026-02-28 16:22:38,invoice,overdue,none,new,1,0,False,none,41,18701,0,False,0
txn_f4801d46,cust_0364,15191,INR,2026-07-23 15:49:38,checkout,successful,none,new,1,0,False,none,0,16461,0,True,15191
txn_7bdba664,cust_0862,19728,INR,2026-04-30 23:18:38,payment,failed,unknown,new,1,0,False,none,0,24202,0,False,0
txn_59a0b4fe,cust_0384,39779,INR,2026-04-21 02:11:38,subscription,successful,none,VIP,52,1,False,active,0,131091,0,True,39779
txn_8200dd03,cust_0605,16770,INR,2026-04-26 04:24:38,subscription,failed,unknown,new,0,0,False,past_due,0,16770,0,False,0
txn_10689806,cust_0850,41652,INR,2026-03-30 00:51:38,invoice,successful,none,VIP,45,1,False,none,0,150552,0,True,41652
txn_e0882535,cust_0894,6343,INR,2026-04-10 22:08:38,checkout,successful,none,VIP,27,1,False,none,0,95092,0,True,6343
txn_1da402e5,cust_0905,18118,INR,2026-05-27 19:53:38,invoice,overdue,none,VIP,62,5,False,none,8,304806,0,False,0
txn_697db6a4,cust_0997,48519,INR,2026-07-14 18:39:38,subscription,successful,none,returning,14,3,False,active,0,70989,0,True,48519
txn_f1e76238,cust_0129,26176,INR,2026-07-02 22:31:38,invoice,successful,none,VIP,94,1,False,none,0,352168,0,True,26176
txn_8496d346,cust_0805,24560,INR,2026-05-30 18:38:38,payment,successful,none,VIP,70,1,False,none,0,150700,0,True,24560
txn_db8615cc,cust_0747,12116,INR,2026-04-08 06:14:38,checkout,successful,none,VIP,71,1,False,none,0,221992,0,True,12116
txn_1ba31dcb,cust_0662,16611,INR,2026-06-26 11:21:38,subscription,successful,none,new,0,0,False,active,0,16611,0,True,16611
txn_6007f6dc,cust_0609,37678,INR,2026-03-03 05:24:38,subscription,successful,none,new,0,0,False,active,0,37678,0,True,37678
txn_86be7494,cust_0269,26216,INR,2026-08-10 03:33:38,payment,successful,none,returning,2,2,False,none,0,34266,0,True,26216
txn_153a0d32,cust_0735,2678,INR,2026-08-06 01:12:38,payment,successful,none,new,0,0,False,none,0,2678,0,True,2678
txn_a2adb10c,cust_0138,13259,INR,2026-03-29 12:02:38,subscription,successful,none,new,1,0,False,active,0,17557,0,True,13259
txn_0e86c3be,cust_0430,45636,INR,2026-08-18 09:01:38,invoice,overdue,none,new,0,0,False,none,6,45636,0,False,0
txn_ed903947,cust_0851,7367,INR,2026-05-19 10:13:38,invoice,successful,none,new,1,0,False,none,0,11438,0,True,7367
txn_6c6e5ea6,cust_0587,46842,INR,2026-05-11 16:58:38,subscription,failed,temporary_bank_error,returning,8,3,False,past_due,0,62210,0,False,0
txn_96b34ec0,cust_0151,43290,INR,2026-07-08 06:19:38,checkout,abandoned,none,new,0,0,True,none,0,43290,0,False,0
txn_5843a27b,cust_0290,40550,INR,2026-07-06 21:20:38,checkout,successful,none,VIP,31,3,False,none,0,132124,0,True,40550
txn_f1f65ebf,cust_0120,18189,INR,2026-03-12 06:53:38,checkout,successful,none,VIP,45,3,False,none,0,106524,0,True,18189
txn_a3e11ed6,cust_0433,27639,INR,2026-08-16 10:30:38,payment,successful,none,VIP,46,2,False,none,0,160763,0,True,27639
txn_af1fdcae,cust_0336,4652,INR,2026-04-22 23:47:38,invoice,successful,none,returning,4,3,False,none,0,7296,0,True,4652
txn_13fe8777,cust_0715,11400,INR,2026-07-02 05:07:38,checkout,successful,none,new,0,0,False,none,0,11400,0,True,11400
txn_0de846ad,cust_0788,17619,INR,2026-06-03 12:54:38,payment,successful,none,returning,6,1,False,none,0,33819,0,True,17619
txn_e6c6939f,cust_0262,37625,INR,2026-05-28 09:37:38,checkout,abandoned,none,returning,19,0,True,none,0,72870,0,False,0
txn_5a320aa9,cust_0388,48947,INR,2026-04-30 14:14:38,subscription,successful,none,new,1,0,False,active,0,49786,0,True,48947
txn_36b60f84,cust_0065,48199,INR,2026-06-01 22:30:38,checkout,successful,none,VIP,21,0,False,none,0,116995,0,True,48199
txn_38eaa905,cust_0179,48722,INR,2026-03-29 00:25:38,checkout,successful,none,new,1,0,False,none,0,51503,0,True,48722
txn_9b01fff6,cust_0596,2230,INR,2026-08-08 10:43:38,checkout,abandoned,none,new,1,0,True,none,0,7101,0,False,0
txn_caf547c5,cust_0867,20070,INR,2026-05-03 02:28:38,invoice,successful,none,VIP,72,5,False,none,0,111366,0,True,20070
txn_10d62066,cust_0469,18175,INR,2026-05-03 22:32:38,subscription,successful,none,new,1,0,False,active,0,21748,0,True,18175
txn_de247844,cust_0918,27339,INR,2026-05-16 01:27:38,checkout,successful,none,returning,15,1,False,none,0,82479,0,True,27339
txn_f7646354,cust_0377,4500,INR,2026-04-17 07:34:38,checkout,abandoned,none,VIP,58,5,True,none,0,74854,0,False,0
txn_31e2886b,cust_0961,40006,INR,2026-03-02 13:50:38,payment,successful,none,new,0,0,False,none,0,40006,0,True,40006
txn_cb05eaab,cust_0796,826,INR,2026-03-02 04:45:38,checkout,abandoned,none,VIP,59,2,True,none,0,50091,0,False,0
txn_92915dad,cust_0395,36937,INR,2026-05-26 05:38:38,checkout,abandoned,none,new,1,0,True,none,0,39371,0,False,0
txn_f5418f66,cust_0922,2280,INR,2026-05-11 00:54:38,invoice,overdue,none,new,0,0,False,none,44,2280,0,False,0
txn_55324792,cust_0495,1872,INR,2026-05-16 03:42:38,invoice,successful,none,VIP,76,5,True,none,0,171200,0,True,1872
txn_77fb2c43,cust_0562,7980,INR,2026-05-12 05:30:38,checkout,abandoned,none,new,0,0,True,none,0,7980,0,False,0
txn_8c0266f8,cust_0288,37759,INR,2026-03-15 02:59:38,invoice,overdue,none,new,0,0,False,none,83,37759,0,False,0
txn_edb19f94,cust_0693,33024,INR,2026-04-03 06:13:38,checkout,successful,none,VIP,25,3,False,none,0,141924,0,True,33024
txn_66eb4999,cust_0410,11186,INR,2026-03-08 23:07:38,invoice,successful,none,new,1,0,False,none,0,14329,0,True,11186
txn_9de44aed,cust_0712,9209,INR,2026-08-08 01:31:38,payment,successful,none,returning,2,2,False,none,0,17131,0,True,9209
txn_f9f4950c,cust_0031,47501,INR,2026-08-10 06:38:38,invoice,successful,none,returning,13,1,False,none,0,73891,0,True,47501
txn_23586161,cust_0486,44413,INR,2026-08-06 21:50:38,payment,successful,none,new,0,0,False,none,0,44413,0,True,44413
txn_4107e5af,cust_0503,10568,INR,2026-03-01 08:30:38,checkout,abandoned,none,new,0,0,True,none,0,10568,0,False,0
txn_d6d29a2d,cust_0475,15394,INR,2026-04-13 05:34:38,checkout,abandoned,none,new,1,0,True,none,0,15943,0,False,0
txn_cfa8b8c7,cust_0269,40125,INR,2026-07-18 19:13:38,checkout,abandoned,none,new,1,0,True,none,0,43016,0,False,0
txn_35cccfee,cust_0691,38855,INR,2026-03-16 23:42:38,payment,failed,temporary_bank_error,new,1,0,False,none,0,41832,0,False,0
txn_ebcb3c85,cust_0794,18599,INR,2026-05-22 00:15:38,checkout,successful,none,VIP,98,3,True,none,0,428533,0,True,18599
txn_988b8665,cust_0195,22380,INR,2026-04-14 14:09:38,invoice,successful,none,new,1,0,False,none,0,24997,0,True,22380
txn_11648101,cust_0675,33695,INR,2026-03-02 21:34:38,checkout,successful,none,new,0,0,False,none,0,33695,0,True,33695
txn_e0887d7b,cust_0483,30633,INR,2026-06-18 22:12:38,payment,failed,authentication_failure,VIP,20,3,False,none,0,102373,0,False,0
txn_b28dedb1,cust_0389,22627,INR,2026-03-13 03:21:38,payment,failed,temporary_bank_error,VIP,52,4,False,none,0,109051,0,False,0
txn_ec4435e4,cust_0794,13188,INR,2026-03-27 15:00:38,invoice,successful,none,new,0,0,False,none,0,13188,0,True,13188
txn_ff584654,cust_0032,2887,INR,2026-08-11 05:16:38,subscription,failed,temporary_bank_error,VIP,100,4,False,past_due,0,78587,0,False,0
txn_b8117b28,cust_0616,34748,INR,2026-04-15 08:38:38,subscription,successful,none,returning,18,1,False,active,0,87380,0,True,34748
txn_d58b9396,cust_0469,43387,INR,2026-04-29 23:09:38,invoice,overdue,none,new,1,0,False,none,3,45393,0,False,0
txn_82783a61,cust_0434,27556,INR,2026-07-15 04:01:38,payment,successful,none,VIP,34,5,False,none,0,151724,0,True,27556
txn_68606844,cust_0544,1119,INR,2026-05-03 17:46:38,payment,successful,none,new,0,0,False,none,0,1119,0,True,1119
txn_0632e266,cust_0945,11583,INR,2026-06-20 13:06:38,checkout,abandoned,none,returning,7,2,True,none,0,31169,0,False,0
txn_ea0ae895,cust_0646,25101,INR,2026-06-03 02:43:38,checkout,abandoned,none,VIP,43,5,True,none,0,135740,0,False,0
txn_9d66b769,cust_0922,31855,INR,2026-08-24 19:39:38,checkout,abandoned,none,new,0,0,True,none,0,31855,0,False,0
txn_b5c35316,cust_0306,43479,INR,2026-08-23 01:21:38,subscription,successful,none,new,1,0,False,active,0,45739,0,True,43479
txn_6db6f0ec,cust_0470,10337,INR,2026-06-20 00:58:38,invoice,overdue,none,returning,8,0,False,none,29,26305,0,False,0
txn_e767470c,cust_0256,46251,INR,2026-06-13 12:02:38,payment,successful,none,VIP,68,5,True,none,0,330287,0,True,46251
txn_8e53d01f,cust_0044,45300,INR,2026-08-06 20:52:38,checkout,successful,none,returning,12,1,False,none,0,93060,0,True,45300
txn_d7b0e8dd,cust_0798,24165,INR,2026-03-01 10:33:38,checkout,abandoned,none,returning,1,1,True,none,0,27942,0,False,0
txn_c6cac672,cust_0151,33524,INR,2026-06-25 03:03:38,invoice,overdue,none,new,1,0,False,none,70,37724,0,False,0
txn_e2ef6a06,cust_0421,46781,INR,2026-08-18 07:01:38,invoice,successful,none,new,0,0,False,none,0,46781,0,True,46781
txn_c00fb9d6,cust_0795,39704,INR,2026-03-31 17:18:38,checkout,abandoned,none,VIP,87,3,True,none,0,285392,0,False,0
txn_6cbf5bc2,cust_0992,20443,INR,2026-07-10 23:53:38,invoice,successful,none,VIP,42,1,False,none,0,58789,0,True,20443
txn_67892d6d,cust_0578,10964,INR,2026-08-09 04:27:38,invoice,successful,none,VIP,36,0,False,none,0,142148,0,True,10964
txn_79df60b8,cust_0194,26850,INR,2026-06-06 01:39:38,subscription,successful,none,returning,13,1,False,active,0,91720,0,True,26850
txn_1c5f35c2,cust_0728,26302,INR,2026-05-08 19:07:38,invoice,successful,none,returning,15,1,False,none,0,79522,0,True,26302
txn_298b4f45,cust_0051,16799,INR,2026-07-06 23:53:38,subscription,successful,none,VIP,52,4,False,active,0,147995,0,True,16799
txn_040e71b5,cust_0130,39388,INR,2026-06-14 10:23:38,payment,failed,card_declined,returning,1,0,False,none,0,39924,0,False,0
txn_1a7b2e14,cust_0861,43237,INR,2026-06-15 19:27:38,subscription,failed,authentication_failure,VIP,28,2,False,past_due,0,109261,0,False,0
txn_5cbacfd8,cust_0122,14368,INR,2026-04-23 09:17:38,checkout,successful,none,new,0,0,False,none,0,14368,0,True,14368
txn_961e6778,cust_0136,35723,INR,2026-05-21 10:16:38,invoice,overdue,none,new,1,0,False,none,61,38903,0,False,0
txn_2b95ce2d,cust_0931,43820,INR,2026-07-12 12:05:38,payment,failed,insufficient_funds,new,1,0,False,none,0,45559,0,False,0
txn_adc693c9,cust_0584,2130,INR,2026-03-21 10:51:38,checkout,abandoned,none,returning,14,3,True,none,0,20862,0,False,0
txn_3c47186e,cust_0938,26358,INR,2026-07-25 19:21:38,invoice,overdue,none,VIP,89,0,False,none,17,340617,0,False,0
txn_f474db9a,cust_0644,23987,INR,2026-04-15 05:50:38,subscription,successful,none,new,1,0,False,active,0,27833,0,True,23987
txn_bb0bd5a9,cust_0776,31576,INR,2026-06-10 04:10:38,subscription,successful,none,VIP,57,0,False,active,0,204628,0,True,31576
txn_09e20506,cust_0231,10806,INR,2026-06-08 07:20:38,checkout,successful,none,new,0,0,False,none,0,10806,0,True,10806
txn_bf7ba717,cust_0508,32619,INR,2026-05-30 18:12:38,invoice,successful,none,new,0,0,False,none,0,32619,0,True,32619
txn_0e37eb86,cust_0990,49748,INR,2026-03-30 23:40:38,subscription,successful,none,new,0,0,False,active,0,49748,0,True,49748
txn_e4515f5b,cust_0199,13094,INR,2026-07-11 09:32:38,invoice,successful,none,new,1,0,False,none,0,13924,0,True,13094
txn_fec3258d,cust_0294,18126,INR,2026-08-21 04:39:38,invoice,overdue,none,VIP,97,0,False,none,58,281869,0,False,0
txn_22e7b91f,cust_0794,27361,INR,2026-08-25 20:33:38,invoice,overdue,none,new,1,0,False,none,17,28399,0,False,0
txn_4954581f,cust_0797,21160,INR,2026-03-04 01:32:38,payment,successful,none,VIP,29,3,False,none,0,43751,0,True,21160
txn_360b5a4b,cust_0092,23514,INR,2026-03-29 08:21:38,checkout,abandoned,none,returning,8,1,True,none,0,62786,0,False,0
txn_6d06e835,cust_0995,25234,INR,2026-05-31 07:52:38,subscription,successful,none,returning,2,0,False,active,0,32034,0,True,25234
txn_078c4033,cust_0917,47870,INR,2026-06-24 23:44:38,payment,failed,insufficient_funds,returning,9,2,False,none,0,81296,0,False,0
txn_1e92e33d,cust_0663,26207,INR,2026-03-30 11:29:38,payment,successful,none,returning,16,0,False,none,0,40831,0,True,26207
txn_e77220c4,cust_0735,925,INR,2026-04-11 11:25:38,checkout,abandoned,none,returning,11,2,True,none,0,16985,0,False,0
txn_848db85e,cust_0946,16395,INR,2026-04-11 18:43:38,invoice,overdue,none,VIP,89,1,False,none,78,190746,0,False,0
txn_3b36b7ba,cust_0788,25175,INR,2026-04-10 02:01:38,invoice,successful,none,new,0,0,False,none,0,25175,0,True,25175
txn_ea94ee92,cust_0456,18364,INR,2026-07-17 23:42:38,payment,failed,unknown,VIP,89,0,False,none,0,173313,0,False,0
txn_f751eab3,cust_0709,25143,INR,2026-05-31 20:00:38,checkout,successful,none,returning,20,1,False,none,0,68503,0,True,25143
txn_b809b4b6,cust_0620,3736,INR,2026-04-20 17:38:38,subscription,successful,none,returning,10,2,False,active,0,10426,0,True,3736
txn_1d3996ee,cust_0500,28411,INR,2026-03-28 14:24:38,checkout,abandoned,none,new,1,0,True,none,0,29259,0,False,0
txn_f8d92916,cust_0614,47000,INR,2026-03-02 22:30:38,invoice,overdue,none,VIP,98,0,False,none,16,530140,0,False,0
txn_7885ec45,cust_0095,14672,INR,2026-08-03 08:52:38,invoice,overdue,none,new,0,0,False,none,11,14672,0,False,0
txn_2bfd7deb,cust_0352,22284,INR,2026-07-28 15:48:38,payment,successful,none,new,1,0,False,none,0,24758,0,True,22284
txn_a60965dc,cust_0151,2219,INR,2026-04-28 22:26:38,subscription,failed,authentication_failure,new,1,0,False,past_due,0,4569,0,False,0
txn_777d1fe3,cust_0729,17967,INR,2026-03-06 21:37:38,checkout,successful,none,returning,10,3,False,none,0,27607,0,True,17967
txn_79ab0e9c,cust_0082,42080,INR,2026-03-22 01:05:38,subscription,successful,none,returning,3,2,False,active,0,53174,0,True,42080
txn_83649159,cust_0824,37886,INR,2026-06-04 20:38:38,subscription,failed,authentication_failure,returning,14,1,False,canceled,0,91604,0,False,0
txn_ec2e06d5,cust_0238,281,INR,2026-04-13 10:25:38,checkout,successful,none,new,0,0,False,none,0,281,0,True,281
txn_ac3e3f09,cust_0007,31961,INR,2026-06-04 18:01:38,invoice,successful,none,new,1,0,False,none,0,36695,0,True,31961
txn_5762aa3b,cust_0245,26067,INR,2026-04-13 23:21:38,invoice,successful,none,returning,1,2,False,none,0,26927,0,True,26067
txn_04b09ce1,cust_0012,28210,INR,2026-08-11 20:11:38,subscription,failed,temporary_bank_error,new,0,0,False,past_due,0,28210,0,False,0
txn_2295fca7,cust_0623,9482,INR,2026-05-02 07:50:38,subscription,failed,card_declined,returning,11,1,False,past_due,0,33000,0,False,0
txn_19a0b56d,cust_0237,39254,INR,2026-03-20 20:52:38,checkout,successful,none,new,0,0,True,none,0,39254,0,True,39254
txn_1bfb2ce8,cust_0358,8819,INR,2026-03-19 01:18:38,invoice,successful,none,returning,10,2,False,none,0,34929,0,True,8819
txn_0717bbad,cust_0711,18832,INR,2026-04-07 18:46:38,checkout,successful,none,returning,11,1,False,none,0,70631,0,True,18832
txn_012486d3,cust_0357,47178,INR,2026-06-16 09:01:38,invoice,successful,none,VIP,64,4,False,none,0,189962,0,True,47178
txn_7d9ba6ae,cust_0612,10382,INR,2026-04-23 18:06:38,invoice,overdue,none,VIP,67,1,False,none,22,111552,0,False,0
txn_cd145a01,cust_0993,24996,INR,2026-05-11 18:58:38,payment,failed,card_declined,returning,4,3,False,none,0,31568,0,False,0
txn_781a45a9,cust_0776,29519,INR,2026-08-11 07:54:38,subscription,successful,none,returning,13,0,False,active,0,49968,0,True,29519
txn_1f76f5a4,cust_0978,4753,INR,2026-03-06 19:46:38,checkout,successful,none,new,0,0,False,none,0,4753,0,True,4753
txn_d02146d5,cust_0829,27832,INR,2026-04-15 04:50:38,invoice,overdue,none,new,1,0,False,none,64,31799,0,False,0
txn_df8121d4,cust_0262,8550,INR,2026-06-10 04:50:38,subscription,successful,none,returning,3,1,False,active,0,16077,0,True,8550
txn_bda5d1ec,cust_0992,46607,INR,2026-06-06 20:28:38,invoice,successful,none,returning,12,1,False,none,0,62147,0,True,46607
txn_f6766021,cust_0741,3666,INR,2026-04-13 06:59:38,checkout,successful,none,returning,4,0,False,none,0,22858,0,True,3666
txn_f955e5e2,cust_0595,19783,INR,2026-07-27 02:11:38,invoice,overdue,none,new,1,0,False,none,52,22987,0,False,0
txn_061702ea,cust_0271,21220,INR,2026-08-26 07:43:38,invoice,successful,none,VIP,91,3,False,none,0,361833,0,True,21220
txn_0a0e9575,cust_0764,12272,INR,2026-06-26 18:35:38,subscription,successful,none,VIP,81,3,False,active,0,111578,0,True,12272
txn_92151dc0,cust_0027,37040,INR,2026-07-10 14:42:38,payment,failed,card_declined,VIP,66,3,False,none,0,334304,0,False,0
txn_1c83a081,cust_0216,45883,INR,2026-04-06 15:06:38,subscription,failed,card_declined,VIP,71,2,True,past_due,0,232045,0,False,0
txn_74c211d6,cust_0958,10839,INR,2026-04-28 11:47:38,invoice,successful,none,returning,13,1,False,none,0,44834,0,True,10839
txn_d611423e,cust_0739,10549,INR,2026-06-26 22:15:38,invoice,overdue,none,VIP,63,5,True,none,29,114625,0,False,0
txn_3923bbe6,cust_0706,6255,INR,2026-06-30 13:53:38,checkout,successful,none,new,0,0,False,none,0,6255,0,True,6255
txn_6902cb0a,cust_0985,9163,INR,2026-03-25 18:35:38,subscription,successful,none,returning,16,0,False,active,0,86011,0,True,9163
txn_e2026e2a,cust_0863,21818,INR,2026-05-06 08:59:38,subscription,failed,temporary_bank_error,returning,11,1,False,canceled,0,62364,0,False,0
txn_b9e90912,cust_0207,40034,INR,2026-05-19 10:11:38,payment,successful,none,VIP,48,0,True,none,0,75602,0,True,40034
txn_dc765007,cust_0793,10240,INR,2026-04-30 13:13:38,subscription,successful,none,returning,5,1,False,active,0,32920,0,True,10240
txn_e1a8b099,cust_0717,27242,INR,2026-04-27 18:27:38,invoice,overdue,none,new,1,0,False,none,65,31033,0,False,0
txn_52168a0c,cust_0213,326,INR,2026-05-23 18:05:38,checkout,abandoned,none,VIP,66,0,True,none,0,162026,0,False,0
txn_39bc88b4,cust_0087,11206,INR,2026-06-11 20:23:38,subscription,failed,card_declined,VIP,24,5,False,canceled,0,116182,0,False,0
txn_dd3b729d,cust_0019,32609,INR,2026-05-10 05:00:38,checkout,successful,none,VIP,75,3,False,none,0,295484,0,True,32609
txn_a8fc96e9,cust_0863,37401,INR,2026-05-16 12:35:38,payment,successful,none,returning,6,0,False,none,0,42363,0,True,37401
txn_894e4418,cust_0905,23485,INR,2026-06-20 08:48:38,invoice,successful,none,returning,14,0,False,none,0,62909,0,True,23485
txn_c990d878,cust_0107,38517,INR,2026-04-10 21:09:38,subscription,successful,none,VIP,47,4,False,active,0,248513,0,True,38517
txn_b3bf5b15,cust_0809,39300,INR,2026-05-10 17:49:38,checkout,abandoned,none,new,1,0,True,none,0,43945,0,False,0
txn_c80ffe79,cust_0612,20743,INR,2026-05-08 10:13:38,subscription,failed,temporary_bank_error,VIP,46,1,False,canceled,0,200833,0,False,0
txn_070f7b71,cust_0999,48944,INR,2026-07-17 20:51:38,subscription,successful,none,VIP,52,3,False,active,0,118104,0,True,48944
txn_14a7ea78,cust_0677,35074,INR,2026-06-02 12:10:38,payment,successful,none,new,1,0,False,none,0,37935,0,True,35074
txn_20ceeca4,cust_0187,45962,INR,2026-07-09 00:53:38,payment,successful,none,VIP,77,3,False,none,0,187488,0,True,45962
txn_a2a33203,cust_0847,20035,INR,2026-04-19 20:55:38,subscription,failed,insufficient_funds,VIP,40,2,False,past_due,0,170315,0,False,0
txn_eadf0a87,cust_0931,33745,INR,2026-04-09 22:56:38,subscription,successful,none,new,0,0,False,active,0,33745,0,True,33745
txn_e147f0df,cust_0070,43174,INR,2026-07-06 20:40:38,checkout,successful,none,returning,17,0,False,none,0,105207,0,True,43174
txn_9ea26ea4,cust_0411,42202,INR,2026-03-07 08:54:38,checkout,successful,none,returning,15,2,True,none,0,97792,0,True,42202
txn_6ce8b317,cust_0581,29186,INR,2026-05-06 15:14:38,checkout,successful,none,returning,7,1,False,none,0,32896,0,True,29186
txn_e39236d2,cust_0860,7920,INR,2026-05-21 07:18:38,payment,successful,none,VIP,27,4,False,none,0,52524,0,True,7920
txn_144f6be5,cust_0365,27539,INR,2026-03-10 03:01:38,checkout,successful,none,returning,15,3,False,none,0,69164,0,True,27539
txn_73e98bcc,cust_0910,49357,INR,2026-05-09 11:26:38,checkout,successful,none,returning,12,0,False,none,0,72277,0,True,49357
txn_415c6a58,cust_0346,25424,INR,2026-08-13 08:22:38,invoice,successful,none,VIP,73,4,False,none,0,141275,0,True,25424
txn_a2069656,cust_0333,23227,INR,2026-06-11 11:22:38,checkout,successful,none,new,0,0,False,none,0,23227,0,True,23227
txn_c3be6e33,cust_0627,38682,INR,2026-07-07 12:53:38,checkout,abandoned,none,returning,10,0,True,none,0,55452,0,False,0
txn_681f268f,cust_0018,35123,INR,2026-08-11 05:25:38,invoice,successful,none,VIP,49,2,False,none,0,248224,0,True,35123
txn_bd6ca3f5,cust_0047,26852,INR,2026-04-17 23:00:38,invoice,overdue,none,VIP,58,2,False,none,25,128932,0,False,0
txn_b3c53854,cust_0749,3063,INR,2026-06-16 20:22:38,checkout,successful,none,new,0,0,False,none,0,3063,0,True,3063
txn_f0bb5aee,cust_0598,43876,INR,2026-04-02 04:18:38,payment,successful,none,returning,3,3,False,none,0,57289,0,True,43876
txn_79ae1457,cust_0157,22161,INR,2026-05-27 06:47:38,checkout,abandoned,none,VIP,54,0,True,none,0,141933,0,False,0
txn_5bdf6820,cust_0326,963,INR,2026-05-22 20:55:38,checkout,successful,none,new,1,0,False,none,0,3139,0,True,963
txn_fbad143b,cust_0587,33486,INR,2026-06-02 00:33:38,payment,successful,none,returning,16,1,False,none,0,74398,0,True,33486
txn_4525d156,cust_0674,36046,INR,2026-03-14 17:35:38,payment,failed,card_declined,returning,1,1,False,none,0,38601,0,False,0
txn_17aff44f,cust_0934,5999,INR,2026-03-24 18:57:38,checkout,successful,none,VIP,96,1,False,none,0,315119,0,True,5999
txn_47dd7b00,cust_0042,20558,INR,2026-04-29 09:52:38,subscription,successful,none,new,0,0,False,active,0,20558,0,True,20558
txn_aae6ba7e,cust_0979,23861,INR,2026-05-10 20:09:38,checkout,successful,none,new,1,0,False,none,0,24907,0,True,23861
txn_521f42c2,cust_0739,45105,INR,2026-07-25 00:06:38,invoice,overdue,none,new,0,0,False,none,67,45105,0,False,0
txn_428e450b,cust_0895,34178,INR,2026-04-03 06:16:38,checkout,abandoned,none,returning,17,2,True,none,0,57434,0,False,0
txn_99667476,cust_0995,14503,INR,2026-03-21 11:16:38,subscription,successful,none,returning,1,2,False,active,0,19497,0,True,14503
txn_66b819a5,cust_0951,31594,INR,2026-08-27 07:01:38,checkout,successful,none,VIP,46,0,False,none,0,221666,0,True,31594
txn_ecb6dba6,cust_0673,38789,INR,2026-04-14 16:57:38,subscription,successful,none,VIP,31,2,False,active,0,77694,0,True,38789
txn_32fc7d6f,cust_0798,9902,INR,2026-04-05 10:00:38,checkout,successful,none,new,1,0,False,none,0,13365,0,True,9902
txn_3292604f,cust_0951,39010,INR,2026-07-22 11:45:38,payment,failed,authentication_failure,new,0,0,False,none,0,39010,0,False,0
txn_40a013c5,cust_0156,29611,INR,2026-04-03 18:24:38,payment,successful,none,new,0,0,False,none,0,29611,0,True,29611
txn_19db666a,cust_0057,28176,INR,2026-04-01 08:41:38,subscription,failed,insufficient_funds,VIP,90,2,False,canceled,0,416706,0,False,0
txn_227fc1b1,cust_0431,41198,INR,2026-08-08 01:52:38,invoice,successful,none,returning,11,2,False,none,0,64947,0,True,41198
txn_5c309644,cust_0474,2707,INR,2026-03-26 17:51:38,subscription,failed,unknown,VIP,28,2,False,past_due,0,31547,0,False,0
txn_2a509e5a,cust_0172,24321,INR,2026-04-18 05:00:38,invoice,successful,none,returning,18,1,False,none,0,107859,0,True,24321
txn_89fda213,cust_0983,1597,INR,2026-06-28 01:01:38,subscription,successful,none,new,1,0,False,active,0,5362,0,True,1597
txn_3d5d1cde,cust_0806,11923,INR,2026-04-09 02:20:38,payment,failed,unknown,VIP,97,0,False,none,0,325524,0,False,0
txn_7cf9602b,cust_0868,37263,INR,2026-08-20 22:34:38,invoice,successful,none,VIP,32,4,False,none,0,88335,0,True,37263
txn_48f63c24,cust_0733,26431,INR,2026-07-25 11:56:38,invoice,successful,none,VIP,24,0,False,none,0,47671,0,True,26431
txn_583f8eab,cust_0569,38732,INR,2026-07-01 10:29:38,checkout,abandoned,none,new,1,0,True,none,0,41124,0,False,0
txn_803b3b2c,cust_0623,43534,INR,2026-04-24 08:57:38,subscription,failed,unknown,returning,2,1,True,canceled,0,49714,0,False,0
txn_7553f7a8,cust_0998,27216,INR,2026-08-24 03:58:38,subscription,successful,none,new,1,0,False,active,0,30618,0,True,27216
txn_412ee140,cust_0861,6755,INR,2026-03-19 17:43:38,subscription,successful,none,VIP,47,0,False,active,0,154570,0,True,6755
txn_1c1d6376,cust_0451,20959,INR,2026-03-16 16:53:38,checkout,abandoned,none,VIP,24,2,True,none,0,57919,0,False,0
txn_ed8ed9a7,cust_0529,39651,INR,2026-04-19 02:13:38,subscription,successful,none,returning,9,2,False,active,0,47445,0,True,39651
txn_f55a447e,cust_0066,5103,INR,2026-06-29 22:36:38,checkout,successful,none,returning,16,0,False,none,0,26511,0,True,5103
txn_414051b9,cust_0411,3325,INR,2026-05-19 01:48:38,subscription,successful,none,VIP,76,0,False,active,0,243181,0,True,3325
txn_922941a6,cust_0900,2555,INR,2026-07-22 11:46:38,invoice,successful,none,returning,20,3,False,none,0,100655,0,True,2555
txn_be1526fb,cust_0366,41227,INR,2026-04-28 00:35:38,invoice,overdue,none,returning,17,2,False,none,35,86396,0,False,0
txn_9885b0fe,cust_0840,49991,INR,2026-07-03 14:47:38,subscription,successful,none,returning,14,2,False,active,0,59469,0,True,49991
txn_41bf6f90,cust_0519,14428,INR,2026-04-22 07:58:38,invoice,successful,none,VIP,46,0,False,none,0,171196,0,True,14428
txn_591aebed,cust_0450,10596,INR,2026-04-05 20:13:38,payment,failed,unknown,new,0,0,False,none,0,10596,0,False,0
txn_b82adab9,cust_0573,9059,INR,2026-06-12 17:02:38,payment,failed,insufficient_funds,returning,10,1,False,none,0,32629,0,False,0
txn_91a06a4a,cust_0071,48359,INR,2026-03-31 05:35:38,invoice,overdue,none,VIP,64,5,False,none,48,213671,0,False,0
txn_f8ff5d15,cust_0308,30676,INR,2026-07-27 07:39:38,subscription,successful,none,returning,13,3,False,active,0,64281,0,True,30676
txn_d25e5555,cust_0944,23479,INR,2026-05-06 19:05:38,subscription,failed,unknown,VIP,82,2,False,past_due,0,141641,0,False,0
txn_479d5a22,cust_0079,10688,INR,2026-06-15 16:12:38,subscription,successful,none,VIP,32,3,False,active,0,45504,0,True,10688
txn_48fe30fd,cust_0858,19751,INR,2026-02-28 01:10:38,checkout,abandoned,none,returning,16,3,True,none,0,35415,0,False,0
txn_48e603d8,cust_0711,13429,INR,2026-07-26 00:35:38,checkout,abandoned,none,returning,15,2,True,none,0,24094,0,False,0
txn_0182f6b4,cust_0995,8316,INR,2026-03-18 07:27:38,subscription,failed,insufficient_funds,new,0,0,False,past_due,0,8316,0,False,0
txn_181ed320,cust_0120,37792,INR,2026-07-26 23:39:38,subscription,failed,unknown,VIP,44,3,False,past_due,0,195708,0,False,0
txn_d0c0c1d5,cust_0446,27329,INR,2026-05-19 12:09:38,invoice,successful,none,new,0,0,False,none,0,27329,0,True,27329
txn_5ea29425,cust_0813,2201,INR,2026-03-30 02:24:38,subscription,successful,none,new,0,0,False,active,0,2201,0,True,2201
txn_690d9b6c,cust_0996,13781,INR,2026-03-21 20:25:38,invoice,successful,none,returning,18,1,False,none,0,84845,0,True,13781
txn_85cbe5e3,cust_0336,29744,INR,2026-07-28 11:08:38,payment,successful,none,new,1,0,False,none,0,32505,0,True,29744
txn_65c665af,cust_0252,10861,INR,2026-05-27 05:30:38,subscription,successful,none,returning,3,3,False,active,0,19831,0,True,10861
txn_39e07405,cust_0113,24800,INR,2026-05-22 13:22:38,payment,successful,none,VIP,69,1,False,none,0,335990,0,True,24800
txn_79903019,cust_0753,49280,INR,2026-07-17 23:15:38,checkout,successful,none,VIP,68,4,False,none,0,269804,0,True,49280
txn_adf3ce70,cust_0872,28848,INR,2026-04-09 09:26:38,invoice,successful,none,returning,3,2,True,none,0,31452,0,True,28848
txn_99e4abbb,cust_0352,48790,INR,2026-03-06 10:30:38,invoice,overdue,none,new,0,0,False,none,43,48790,0,False,0
txn_b4797478,cust_0185,31630,INR,2026-06-27 12:22:38,subscription,successful,none,VIP,88,1,False,active,0,76158,0,True,31630
txn_0a04f78e,cust_0388,23771,INR,2026-07-08 15:04:38,checkout,successful,none,VIP,30,2,False,none,0,157271,0,True,23771
txn_35d16945,cust_0539,17186,INR,2026-07-23 21:26:38,invoice,successful,none,VIP,79,4,False,none,0,261691,0,True,17186
txn_0a498e09,cust_0293,38318,INR,2026-05-11 15:54:38,checkout,successful,none,new,1,0,False,none,0,42877,0,True,38318
txn_e1a62353,cust_0515,45868,INR,2026-04-12 04:11:38,checkout,successful,none,new,0,0,False,none,0,45868,0,True,45868
txn_561e9b12,cust_0333,13608,INR,2026-04-26 02:00:38,payment,successful,none,new,0,0,False,none,0,13608,0,True,13608
txn_f9389879,cust_0498,6908,INR,2026-03-22 22:01:38,payment,successful,none,VIP,29,4,False,none,0,129752,0,True,6908
txn_b55fb26c,cust_0339,21076,INR,2026-08-27 14:31:38,subscription,failed,insufficient_funds,returning,2,3,False,past_due,0,31052,0,False,0
txn_205540f3,cust_0251,37992,INR,2026-07-08 19:01:38,subscription,successful,none,VIP,29,2,False,active,0,115016,0,True,37992
txn_40cc4f5c,cust_0056,12203,INR,2026-03-04 08:28:38,subscription,successful,none,new,1,0,False,active,0,15449,0,True,12203
txn_e649469d,cust_0296,44355,INR,2026-08-21 07:00:38,subscription,failed,card_declined,VIP,32,0,False,past_due,0,136163,0,False,0
txn_0fdfa1be,cust_0078,6856,INR,2026-05-17 05:29:38,checkout,successful,none,returning,11,1,False,none,0,14072,0,True,6856
txn_9a599cab,cust_0132,48608,INR,2026-06-07 11:31:38,subscription,successful,none,new,0,0,True,active,0,48608,0,True,48608
txn_917a43b8,cust_0681,8651,INR,2026-03-13 19:20:38,invoice,overdue,none,new,0,0,False,none,24,8651,0,False,0
txn_9f717198,cust_0776,48541,INR,2026-06-23 02:07:38,invoice,overdue,none,new,0,0,False,none,79,48541,0,False,0
txn_b269813d,cust_0198,37840,INR,2026-05-23 15:36:38,payment,successful,none,new,0,0,False,none,0,37840,0,True,37840
txn_89c5343e,cust_0344,16042,INR,2026-07-11 03:01:38,checkout,successful,none,returning,10,2,False,none,0,31382,0,True,16042
txn_369f4f31,cust_0439,19626,INR,2026-05-09 06:14:38,invoice,successful,none,new,0,0,False,none,0,19626,0,True,19626
txn_e39ae1a4,cust_0748,48952,INR,2026-03-17 21:56:38,payment,successful,none,VIP,65,1,False,none,0,314282,0,True,48952
txn_377bf37d,cust_0182,15992,INR,2026-08-04 08:42:38,subscription,failed,unknown,VIP,80,1,False,canceled,0,289432,0,False,0
txn_fc3b280b,cust_0380,25242,INR,2026-05-20 14:03:38,invoice,successful,none,returning,19,0,False,none,0,76371,0,True,25242
txn_d7d9f9b7,cust_0524,42015,INR,2026-06-12 16:09:38,checkout,abandoned,none,new,1,0,True,none,0,45926,0,False,0
txn_363d08d4,cust_0256,24313,INR,2026-05-06 10:27:38,subscription,successful,none,returning,19,2,False,active,0,58589,0,True,24313
txn_9ea92e6b,cust_0737,28562,INR,2026-04-06 00:42:38,checkout,abandoned,none,returning,8,2,True,none,0,46218,0,False,0
txn_3f9f330f,cust_0902,26820,INR,2026-07-06 20:38:38,payment,failed,unknown,VIP,90,2,False,none,0,255960,0,False,0
txn_636802bf,cust_0155,32465,INR,2026-03-16 04:31:38,invoice,overdue,none,returning,4,2,False,none,76,50021,0,False,0
txn_2b2cd9c9,cust_0641,27516,INR,2026-03-12 10:00:38,payment,failed,unknown,VIP,48,2,False,none,0,158220,0,False,0
txn_02465178,cust_0253,32881,INR,2026-05-18 19:52:38,invoice,successful,none,VIP,93,0,False,none,0,393907,0,True,32881
txn_0cb9d88d,cust_0605,37161,INR,2026-08-08 06:20:38,invoice,successful,none,VIP,50,4,False,none,0,285911,0,True,37161
txn_1164cb71,cust_0104,14819,INR,2026-06-26 18:55:38,payment,successful,none,returning,17,1,False,none,0,87630,0,True,14819
txn_f6174808,cust_0134,31163,INR,2026-08-26 16:09:38,checkout,abandoned,none,returning,2,3,True,none,0,34883,0,False,0
txn_cfa11bad,cust_0982,27861,INR,2026-06-18 01:13:38,invoice,successful,none,VIP,22,4,False,none,0,64073,0,True,27861
txn_f95984bd,cust_0408,8127,INR,2026-06-05 23:09:38,checkout,successful,none,new,1,0,False,none,0,12248,0,True,8127
txn_0274608e,cust_0593,49164,INR,2026-05-31 07:13:38,checkout,abandoned,none,VIP,41,3,True,none,0,169253,0,False,0
txn_a9b8b6cb,cust_0112,12634,INR,2026-04-03 10:54:38,invoice,overdue,none,returning,5,2,False,none,77,15594,0,False,0
txn_efb92c07,cust_0684,5337,INR,2026-03-01 06:41:38,checkout,abandoned,none,new,0,0,True,none,0,5337,0,False,0
txn_c76c00e9,cust_0636,30257,INR,2026-04-09 12:13:38,payment,successful,none,returning,15,0,False,none,0,88337,0,True,30257
txn_0a0e914b,cust_0034,39426,INR,2026-04-03 19:19:38,payment,successful,none,new,1,0,False,none,0,40806,0,True,39426
txn_c52c4872,cust_0582,47182,INR,2026-08-07 13:12:38,subscription,successful,none,VIP,54,5,False,active,0,89140,0,True,47182
txn_f970bd2f,cust_0488,17919,INR,2026-06-18 01:36:38,subscription,successful,none,VIP,73,3,False,active,0,177059,0,True,17919
txn_6c1a207b,cust_0091,3087,INR,2026-07-03 18:22:38,checkout,successful,none,VIP,27,0,False,none,0,112599,0,True,3087
txn_25303f0c,cust_0107,35778,INR,2026-08-15 09:45:38,invoice,overdue,none,returning,1,2,False,none,12,36958,0,False,0
txn_c84128f1,cust_0155,10687,INR,2026-05-16 02:24:38,invoice,overdue,none,VIP,91,3,False,none,5,367043,0,False,0
txn_b7487833,cust_0299,4841,INR,2026-06-04 09:51:38,payment,failed,card_declined,new,0,0,False,none,0,4841,0,False,0
txn_a25faf33,cust_0215,10319,INR,2026-04-27 00:44:38,payment,successful,none,returning,7,0,False,none,0,38214,0,True,10319
txn_4bf078aa,cust_0211,38876,INR,2026-04-26 15:32:38,payment,successful,none,VIP,68,0,False,none,0,117348,0,True,38876
txn_d5ed4aaa,cust_0898,5762,INR,2026-08-23 15:07:38,subscription,failed,temporary_bank_error,new,0,0,False,past_due,0,5762,0,False,0
txn_d3e13e14,cust_0166,43944,INR,2026-07-28 14:33:38,invoice,overdue,none,VIP,91,5,False,none,1,155237,0,False,0
txn_4e5cd884,cust_0325,41518,INR,2026-03-25 12:59:38,checkout,successful,none,new,1,0,False,none,0,42633,0,True,41518
txn_04212485,cust_0503,33528,INR,2026-06-27 01:36:38,checkout,successful,none,returning,10,3,False,none,0,53888,0,True,33528
txn_35b5a82e,cust_0512,2558,INR,2026-04-02 10:16:38,invoice,overdue,none,returning,20,0,False,none,82,74638,0,False,0
txn_083fc3a7,cust_0357,10045,INR,2026-06-03 13:05:38,payment,successful,none,returning,2,0,False,none,0,14935,0,True,10045
txn_ce34a70f,cust_0989,39212,INR,2026-06-24 08:05:38,invoice,successful,none,VIP,43,3,False,none,0,84104,0,True,39212
txn_e440abcf,cust_0776,21279,INR,2026-08-27 14:46:38,subscription,successful,none,VIP,83,5,False,active,0,274761,0,True,21279
txn_f76e6198,cust_0957,31987,INR,2026-03-23 10:53:38,payment,successful,none,VIP,79,4,False,none,0,422721,0,True,31987
txn_1000638a,cust_0400,23620,INR,2026-08-20 08:20:38,invoice,successful,none,VIP,56,4,False,none,0,152924,0,True,23620
txn_c0caa336,cust_0444,41300,INR,2026-04-20 09:30:38,checkout,successful,none,returning,12,3,False,none,0,67760,0,True,41300
txn_cc7b7d90,cust_0654,12173,INR,2026-07-23 23:03:38,invoice,successful,none,VIP,31,3,False,none,0,67291,0,True,12173
txn_edaed30f,cust_0392,1796,INR,2026-08-06 09:32:38,checkout,successful,none,new,1,0,False,none,0,2480,0,True,1796
txn_e5ecb34c,cust_0859,18086,INR,2026-05-12 14:10:38,invoice,overdue,none,new,0,0,False,none,15,18086,0,False,0
txn_b4d1a5c5,cust_0797,46003,INR,2026-05-14 05:52:38,invoice,successful,none,new,0,0,False,none,0,46003,0,True,46003
txn_d649de88,cust_0996,44160,INR,2026-08-26 04:00:38,checkout,successful,none,new,1,0,False,none,0,45770,0,True,44160
txn_f077c051,cust_0125,32966,INR,2026-07-21 14:15:38,payment,successful,none,returning,6,1,False,none,0,47234,0,True,32966
txn_9b436885,cust_0549,18706,INR,2026-05-27 23:49:38,payment,successful,none,returning,16,2,False,none,0,47090,0,True,18706
txn_b529f405,cust_0280,2193,INR,2026-07-29 12:03:38,payment,successful,none,new,0,0,False,none,0,2193,0,True,2193
txn_6d9d4853,cust_0959,6770,INR,2026-06-08 13:06:38,invoice,overdue,none,new,1,0,False,none,15,7513,0,False,0
txn_17c05119,cust_0169,29132,INR,2026-08-26 06:08:38,invoice,overdue,none,VIP,87,4,False,none,19,166157,0,False,0
txn_fe12d76e,cust_0980,45988,INR,2026-08-20 14:27:38,checkout,successful,none,returning,18,0,False,none,0,123460,0,True,45988
txn_e05e0b5c,cust_0917,4870,INR,2026-08-08 00:05:38,payment,successful,none,returning,4,2,False,none,0,17662,0,True,4870
txn_08e294c0,cust_0780,8373,INR,2026-05-15 05:08:38,invoice,overdue,none,new,1,0,False,none,66,11231,0,False,0
txn_7a663ead,cust_0038,41309,INR,2026-03-24 12:25:38,payment,failed,network_error,new,0,0,False,none,0,41309,0,False,0
txn_9d92d4f1,cust_0510,49645,INR,2026-03-31 15:44:38,checkout,successful,none,VIP,23,5,False,none,0,103971,0,True,49645
txn_17351295,cust_0257,14643,INR,2026-06-04 02:06:38,invoice,successful,none,new,1,0,False,none,0,15255,0,True,14643
txn_62942a53,cust_0607,32408,INR,2026-06-17 13:50:38,invoice,overdue,none,VIP,59,5,False,none,48,71938,0,False,0
txn_2313fa9e,cust_0618,143,INR,2026-07-19 02:48:38,invoice,overdue,none,returning,19,0,False,none,54,56022,0,False,0
txn_a5b86fb1,cust_0016,28224,INR,2026-06-04 05:57:38,checkout,abandoned,none,returning,3,0,True,none,0,39270,0,False,0
txn_18425c9b,cust_0381,29745,INR,2026-05-06 06:21:38,checkout,successful,none,returning,2,0,False,none,0,37283,0,True,29745
txn_1ad07263,cust_0574,27510,INR,2026-07-01 23:25:38,invoice,overdue,none,new,1,0,False,none,85,28489,0,False,0
txn_079804c0,cust_0741,12843,INR,2026-06-11 04:37:38,invoice,successful,none,returning,20,1,False,none,0,88003,0,True,12843
txn_53313362,cust_0331,11919,INR,2026-06-26 20:17:38,checkout,abandoned,none,new,1,0,True,none,0,13927,0,False,0
txn_90cd6982,cust_0309,11510,INR,2026-07-26 10:19:38,invoice,overdue,none,VIP,20,0,False,none,28,66370,0,False,0
txn_af021e85,cust_0615,22513,INR,2026-05-02 09:32:38,payment,failed,authentication_failure,new,1,0,False,none,0,27392,0,False,0
txn_a9a0ea14,cust_0179,1987,INR,2026-07-16 07:58:38,invoice,overdue,none,returning,19,3,False,none,50,13805,0,False,0
txn_b4a4b59b,cust_0673,14052,INR,2026-07-02 17:06:38,subscription,successful,none,new,1,0,False,active,0,16936,0,True,14052
txn_30c324fd,cust_0287,9229,INR,2026-03-03 23:48:38,subscription,failed,card_declined,new,0,0,False,past_due,0,9229,0,False,0
txn_77ec5cc9,cust_0498,10450,INR,2026-08-05 05:57:38,payment,successful,none,returning,6,1,True,none,0,19888,0,True,10450
txn_8f917ec5,cust_0368,11688,INR,2026-05-22 00:13:38,payment,successful,none,VIP,50,4,False,none,0,108788,0,True,11688
txn_2a8a82d0,cust_0227,424,INR,2026-07-27 11:49:38,invoice,successful,none,new,1,0,False,none,0,1194,0,True,424
txn_dbd63595,cust_0545,3059,INR,2026-08-02 21:49:38,checkout,successful,none,returning,1,1,True,none,0,4797,0,True,3059
txn_137d0904,cust_0659,37878,INR,2026-04-23 23:55:38,subscription,successful,none,new,0,0,False,active,0,37878,0,True,37878
txn_d5effd9c,cust_0060,4149,INR,2026-05-23 15:15:38,payment,successful,none,VIP,22,1,False,none,0,76705,0,True,4149
txn_1261911e,cust_0733,24779,INR,2026-08-11 02:39:38,checkout,abandoned,none,VIP,55,5,True,none,0,274039,0,False,0
txn_e4aa14bc,cust_0003,39402,INR,2026-06-15 07:40:38,checkout,successful,none,VIP,77,4,False,none,0,167838,0,True,39402
txn_46717ba8,cust_0140,14334,INR,2026-03-13 22:57:38,checkout,abandoned,none,VIP,49,0,True,none,0,193380,0,False,0
txn_afa20817,cust_0292,35127,INR,2026-06-26 05:26:38,payment,successful,none,returning,13,2,False,none,0,88596,0,True,35127
txn_d6f04627,cust_0630,7850,INR,2026-08-06 21:58:38,checkout,abandoned,none,returning,12,1,True,none,0,24110,0,False,0
txn_90cc7249,cust_0729,28143,INR,2026-04-28 22:29:38,invoice,overdue,none,returning,11,0,False,none,54,64685,0,False,0
txn_18196b8f,cust_0129,4484,INR,2026-02-28 23:06:38,checkout,abandoned,none,new,0,0,True,none,0,4484,0,False,0
txn_5d508003,cust_0679,3700,INR,2026-08-09 22:19:38,invoice,successful,none,new,0,0,False,none,0,3700,0,True,3700
txn_0c9730a3,cust_0025,41129,INR,2026-07-24 15:14:38,invoice,successful,none,returning,16,3,False,none,0,75929,0,True,41129
txn_e6080967,cust_0074,8167,INR,2026-03-15 03:03:38,subscription,failed,network_error,new,1,0,False,past_due,0,12900,0,False,0
txn_fecf2805,cust_0086,32735,INR,2026-08-19 20:11:38,payment,successful,none,returning,5,2,True,none,0,43120,0,True,32735
txn_ce0b4a0e,cust_0584,22162,INR,2026-02-28 21:22:38,subscription,successful,none,VIP,92,5,False,active,0,180034,0,True,22162
txn_da898ba7,cust_0353,17116,INR,2026-07-05 14:56:38,invoice,successful,none,VIP,100,4,False,none,0,378416,0,True,17116
txn_10ed99c9,cust_0731,35186,INR,2026-03-06 04:00:38,checkout,abandoned,none,returning,4,3,True,none,0,43794,0,False,0
txn_62fad852,cust_0918,4790,INR,2026-06-17 21:31:38,checkout,successful,none,new,0,0,False,none,0,4790,0,True,4790
txn_c1068770,cust_0168,25517,INR,2026-05-06 11:31:38,checkout,successful,none,VIP,74,3,False,none,0,239969,0,True,25517
txn_6a0bc465,cust_0500,4268,INR,2026-07-02 11:55:38,invoice,overdue,none,new,1,0,False,none,19,7356,0,False,0
txn_a993dc82,cust_0402,24048,INR,2026-05-07 03:08:38,invoice,overdue,none,returning,13,3,False,none,87,74280,0,False,0
txn_9e1e71cc,cust_0286,10568,INR,2026-08-22 10:00:38,subscription,successful,none,VIP,56,5,False,active,0,207184,0,True,10568
txn_902d99a6,cust_0593,20737,INR,2026-06-03 16:17:38,payment,failed,authentication_failure,new,1,0,False,none,0,23915,0,False,0
txn_bdc5ed7e,cust_0888,3654,INR,2026-04-23 13:48:38,checkout,abandoned,none,returning,5,3,True,none,0,23269,0,False,0
txn_b7142bb7,cust_0720,48576,INR,2026-06-20 15:22:38,invoice,overdue,none,new,1,0,False,none,41,50841,0,False,0
txn_57a4936f,cust_0448,7325,INR,2026-07-08 09:29:38,checkout,successful,none,VIP,67,0,False,none,0,142933,0,True,7325
txn_ab618ecc,cust_0294,36151,INR,2026-04-16 09:42:38,payment,successful,none,returning,16,3,False,none,0,62087,0,True,36151
txn_7cd55fd8,cust_0236,30178,INR,2026-05-04 01:43:38,payment,failed,card_declined,VIP,98,4,False,none,0,186684,0,False,0
txn_9cd1d331,cust_0793,9538,INR,2026-03-14 19:30:38,checkout,abandoned,none,new,0,0,True,none,0,9538,0,False,0
txn_176e15b7,cust_0325,3776,INR,2026-05-06 19:01:38,checkout,successful,none,new,1,0,False,none,0,8275,0,True,3776
txn_f81c036e,cust_0688,41396,INR,2026-08-10 14:30:38,subscription,successful,none,new,1,0,True,active,0,43538,0,True,41396
txn_bc862dac,cust_0028,10031,INR,2026-06-20 15:02:38,checkout,abandoned,none,new,1,0,True,none,0,14654,0,False,0
txn_454a171d,cust_0209,35695,INR,2026-05-03 21:50:38,checkout,abandoned,none,new,0,0,True,none,0,35695,0,False,0
txn_fc731dca,cust_0962,33491,INR,2026-03-17 16:42:38,subscription,successful,none,VIP,89,4,False,active,0,373560,0,True,33491
txn_3217ae7e,cust_0656,671,INR,2026-03-27 15:25:38,checkout,successful,none,VIP,52,4,False,none,0,148507,0,True,671
txn_3fa5249b,cust_0287,24379,INR,2026-03-21 07:38:38,invoice,successful,none,VIP,26,0,False,none,0,77367,0,True,24379
txn_f0e50bbd,cust_0384,37057,INR,2026-06-04 10:01:38,invoice,overdue,none,new,0,0,False,none,28,37057,0,False,0
txn_e362bdb9,cust_0554,22708,INR,2026-04-01 22:38:38,payment,successful,none,new,0,0,False,none,0,22708,0,True,22708
txn_a38df466,cust_0063,2441,INR,2026-05-16 06:29:38,subscription,failed,insufficient_funds,returning,2,2,False,past_due,0,7405,0,False,0
txn_0e8d6bd0,cust_0854,5070,INR,2026-07-03 04:07:38,subscription,successful,none,returning,7,0,False,active,0,24306,0,True,5070
txn_97a3846b,cust_0202,23185,INR,2026-04-17 09:02:38,payment,successful,none,new,0,0,False,none,0,23185,0,True,23185
txn_32f25cb6,cust_0861,7308,INR,2026-03-25 18:17:38,invoice,successful,none,returning,18,2,False,none,0,21618,0,True,7308
txn_9eddee01,cust_0415,43160,INR,2026-08-01 06:21:38,invoice,overdue,none,VIP,87,5,False,none,14,232124,0,False,0
txn_1de75303,cust_0435,33913,INR,2026-04-29 06:58:38,invoice,successful,none,VIP,74,0,False,none,0,122491,0,True,33913
txn_0bbbcae0,cust_0680,48324,INR,2026-08-16 20:06:38,subscription,successful,none,new,0,0,False,active,0,48324,0,True,48324
txn_9df5e2ff,cust_0213,21912,INR,2026-08-10 01:04:38,invoice,overdue,none,returning,7,2,False,none,69,45852,0,False,0
txn_a0dfb483,cust_0559,28918,INR,2026-03-31 22:49:38,subscription,successful,none,returning,8,2,False,active,0,48606,0,True,28918
txn_46f3d97f,cust_0168,33469,INR,2026-03-12 15:20:38,checkout,abandoned,none,returning,6,3,True,none,0,56137,0,False,0
txn_f91ed612,cust_0344,46001,INR,2026-06-20 05:59:38,invoice,successful,none,VIP,25,0,False,none,0,126126,0,True,46001
txn_b8e9492f,cust_0005,39733,INR,2026-06-01 13:16:38,subscription,successful,none,new,0,0,False,active,0,39733,0,True,39733
txn_a1cd13c3,cust_0491,30379,INR,2026-03-17 07:35:38,invoice,overdue,none,returning,14,1,False,none,23,66625,0,False,0
txn_842773ae,cust_0129,4112,INR,2026-06-27 18:35:38,payment,failed,insufficient_funds,VIP,67,2,False,none,0,271643,0,False,0
txn_512fca9b,cust_0549,12580,INR,2026-07-01 01:31:38,payment,successful,none,VIP,80,1,False,none,0,57780,0,True,12580
txn_029622d6,cust_0467,11039,INR,2026-06-07 14:42:38,subscription,failed,authentication_failure,VIP,34,0,False,canceled,0,167643,0,False,0
txn_76d816c7,cust_0799,42860,INR,2026-07-21 17:23:38,subscription,failed,card_declined,VIP,27,0,False,past_due,0,154235,0,False,0
txn_f9bf1cdc,cust_0879,47045,INR,2026-03-08 09:55:38,checkout,abandoned,none,returning,5,1,True,none,0,61635,0,False,0
txn_5fa9aa3f,cust_0358,44520,INR,2026-08-02 23:33:38,payment,successful,none,VIP,81,5,False,none,0,381642,0,True,44520
txn_6aa5adbf,cust_0958,46749,INR,2026-03-24 06:04:38,invoice,overdue,none,new,1,0,False,none,55,48136,0,False,0
txn_6c979dd2,cust_0789,26487,INR,2026-03-24 23:40:38,checkout,abandoned,none,returning,14,2,True,none,0,38149,0,False,0
txn_cfad6c17,cust_0295,34441,INR,2026-06-16 14:43:38,payment,failed,card_declined,returning,1,0,False,none,0,37944,0,False,0
txn_eb7f557c,cust_0201,46803,INR,2026-08-05 01:22:38,checkout,successful,none,returning,20,1,False,none,0,86663,0,True,46803
txn_f779900d,cust_0639,16082,INR,2026-05-26 21:08:38,checkout,abandoned,none,VIP,21,3,True,none,0,30236,0,False,0
txn_18280c6f,cust_0052,16041,INR,2026-03-30 16:21:38,invoice,successful,none,new,1,0,False,none,0,20578,0,True,16041
txn_a49b7571,cust_0764,21645,INR,2026-07-20 06:26:38,invoice,overdue,none,VIP,32,0,False,none,5,55789,0,False,0
txn_5b806092,cust_0411,2242,INR,2026-06-01 23:57:38,subscription,successful,none,returning,18,1,False,active,0,49816,0,True,2242
txn_0b7ee856,cust_0327,13423,INR,2026-08-05 00:15:38,invoice,overdue,none,returning,17,1,False,none,29,71801,0,False,0
txn_a59c4fbb,cust_0484,37485,INR,2026-04-20 05:46:38,invoice,successful,none,VIP,31,2,False,none,0,150604,0,True,37485
txn_e5ab073c,cust_0832,18688,INR,2026-04-22 21:18:38,subscription,successful,none,new,0,0,False,active,0,18688,0,True,18688
txn_4a8b4e27,cust_0434,26816,INR,2026-05-19 02:05:38,checkout,abandoned,none,returning,5,1,True,none,0,42026,0,False,0
txn_af487f5d,cust_0738,38913,INR,2026-08-18 20:30:38,subscription,successful,none,returning,5,2,True,active,0,41518,0,True,38913
txn_81bf6544,cust_0560,43211,INR,2026-05-23 19:06:38,payment,failed,temporary_bank_error,returning,2,0,False,none,0,49193,0,False,0
txn_f9cd9dbb,cust_0287,1678,INR,2026-05-16 23:14:38,checkout,successful,none,new,0,0,False,none,0,1678,0,True,1678
txn_65014da0,cust_0328,42368,INR,2026-08-05 18:23:38,payment,failed,card_declined,returning,7,3,False,none,0,57376,0,False,0
txn_808df51e,cust_0841,38722,INR,2026-04-16 15:40:38,payment,failed,network_error,VIP,95,1,False,none,0,137522,0,False,0
txn_4197e55c,cust_0178,20397,INR,2026-04-09 23:38:38,payment,successful,none,VIP,49,2,False,none,0,156715,0,True,20397
txn_8a610be0,cust_0637,44857,INR,2026-03-18 05:00:38,payment,successful,none,VIP,49,0,False,none,0,174707,0,True,44857
txn_57421f21,cust_0404,15988,INR,2026-08-06 15:18:38,invoice,successful,none,new,0,0,False,none,0,15988,0,True,15988
txn_a094792d,cust_0874,28220,INR,2026-08-27 07:28:38,payment,failed,insufficient_funds,VIP,58,3,False,none,0,179020,0,False,0
txn_d0788370,cust_0358,4926,INR,2026-03-24 05:55:38,payment,failed,temporary_bank_error,VIP,90,1,True,none,0,230196,0,False,0
txn_65a718c8,cust_0634,39727,INR,2026-07-26 20:07:38,invoice,overdue,none,VIP,57,1,False,none,58,112402,0,False,0
txn_30df1c1f,cust_0486,27768,INR,2026-04-25 05:56:38,subscription,successful,none,returning,12,0,False,active,0,43968,0,True,27768
txn_758e3acb,cust_0891,6541,INR,2026-05-09 01:53:38,subscription,failed,authentication_failure,new,0,0,False,canceled,0,6541,0,False,0
txn_27b98cbd,cust_0026,43797,INR,2026-05-17 13:49:38,invoice,overdue,none,new,1,0,False,none,46,45619,0,False,0
txn_15b30ac6,cust_0446,27960,INR,2026-05-18 17:01:38,invoice,successful,none,returning,17,0,False,none,0,63575,0,True,27960
txn_7d03b7ae,cust_0192,21390,INR,2026-08-27 05:08:38,invoice,overdue,none,VIP,97,5,False,none,22,497175,0,False,0
txn_f0c91e85,cust_0580,15949,INR,2026-04-27 03:57:38,checkout,successful,none,VIP,33,1,False,none,0,119866,0,True,15949
txn_b9f7fa7c,cust_0390,21249,INR,2026-04-13 19:06:38,invoice,successful,none,returning,1,1,False,none,0,24774,0,True,21249
txn_febbb59d,cust_0128,4847,INR,2026-03-31 12:50:38,checkout,successful,none,returning,4,3,False,none,0,17647,0,True,4847
txn_52933abc,cust_0889,9214,INR,2026-08-06 23:19:38,checkout,successful,none,returning,12,0,False,none,0,67738,0,True,9214
txn_8b4de9be,cust_0539,20309,INR,2026-08-16 18:41:38,checkout,abandoned,none,returning,2,0,True,none,0,27223,0,False,0
txn_150a6bae,cust_0536,17263,INR,2026-08-14 23:12:38,subscription,failed,network_error,returning,18,3,False,past_due,0,77797,0,False,0
txn_e1adabc2,cust_0127,9359,INR,2026-08-10 22:54:38,payment,failed,temporary_bank_error,new,0,0,False,none,0,9359,0,False,0
txn_d885d524,cust_0506,41096,INR,2026-03-27 08:17:38,payment,successful,none,returning,6,0,False,none,0,63830,0,True,41096
txn_e666819b,cust_0872,10720,INR,2026-03-18 02:25:38,invoice,overdue,none,new,1,0,False,none,30,12947,0,False,0
txn_f1425387,cust_0802,2842,INR,2026-07-14 06:45:38,payment,successful,none,returning,7,0,False,none,0,14140,0,True,2842
txn_b4493d91,cust_0373,9202,INR,2026-03-02 08:55:38,subscription,failed,unknown,new,1,0,False,canceled,0,12063,0,False,0
txn_93091ea2,cust_0827,45344,INR,2026-03-28 07:29:38,invoice,overdue,none,VIP,55,2,False,none,12,249009,0,False,0
txn_91714370,cust_0051,32608,INR,2026-05-26 23:07:38,checkout,successful,none,VIP,68,4,False,none,0,341192,0,True,32608
txn_40c5258b,cust_0261,24523,INR,2026-04-09 01:44:38,subscription,successful,none,returning,3,2,False,active,0,35380,0,True,24523
txn_a2a717a0,cust_0950,23295,INR,2026-04-20 12:36:38,checkout,abandoned,none,VIP,45,5,True,none,0,144435,0,False,0
txn_bf5d18b9,cust_0678,48689,INR,2026-04-23 12:59:38,subscription,successful,none,returning,18,3,False,active,0,81269,0,True,48689
txn_1df46877,cust_0321,19742,INR,2026-05-02 04:03:38,invoice,overdue,none,new,0,0,False,none,67,19742,0,False,0
txn_a07cf2a4,cust_0250,399,INR,2026-03-14 11:07:38,checkout,successful,none,new,1,0,False,none,0,2688,0,True,399
txn_8e11bb78,cust_0612,47862,INR,2026-06-10 08:35:38,invoice,successful,none,VIP,63,4,False,none,0,95679,0,True,47862
txn_e5105e7e,cust_0611,47333,INR,2026-08-25 17:57:38,payment,successful,none,new,1,0,False,none,0,51117,0,True,47333
txn_a9f52173,cust_0581,11386,INR,2026-04-24 14:32:38,subscription,successful,none,new,1,0,False,active,0,15546,0,True,11386
txn_c6142d7b,cust_0651,20726,INR,2026-07-23 08:51:38,invoice,overdue,none,returning,1,1,False,none,35,21460,0,False,0
txn_df851a42,cust_0040,7304,INR,2026-06-01 18:44:38,invoice,overdue,none,VIP,36,5,False,none,46,26708,0,False,0
txn_ac58abb3,cust_0320,36952,INR,2026-07-23 04:48:38,payment,successful,none,new,1,0,False,none,0,39311,0,True,36952
txn_9856d2f4,cust_0845,44912,INR,2026-08-02 16:17:38,subscription,successful,none,new,1,0,False,active,0,48120,0,True,44912
txn_b6f3ae51,cust_0282,23207,INR,2026-05-02 11:17:38,payment,successful,none,new,1,0,False,none,0,26639,0,True,23207
txn_745fb5bf,cust_0928,44379,INR,2026-04-15 07:55:38,invoice,successful,none,new,1,0,False,none,0,45788,0,True,44379
txn_58d88a5d,cust_0357,12711,INR,2026-05-09 17:35:38,checkout,successful,none,returning,11,0,False,none,0,41597,0,True,12711
txn_1a6e2ea4,cust_0238,41113,INR,2026-06-11 07:33:38,payment,failed,network_error,returning,4,0,False,none,0,58729,0,False,0
txn_42ac519d,cust_0706,49632,INR,2026-04-10 16:00:38,subscription,successful,none,returning,2,3,False,active,0,52854,0,True,49632
txn_fa3be474,cust_0257,16316,INR,2026-04-28 07:59:38,invoice,successful,none,returning,4,1,False,none,0,21160,0,True,16316
txn_01cb21fb,cust_0264,49066,INR,2026-06-23 03:19:38,payment,failed,authentication_failure,new,0,0,True,none,0,49066,0,False,0
txn_7c7b01c7,cust_0402,43026,INR,2026-06-29 16:48:38,invoice,successful,none,new,0,0,False,none,0,43026,0,True,43026
txn_ddff796a,cust_0021,15861,INR,2026-05-07 19:55:38,checkout,abandoned,none,new,1,0,True,none,0,16965,0,False,0
txn_ddc6e01c,cust_0034,20466,INR,2026-07-25 21:41:38,invoice,overdue,none,VIP,62,5,False,none,43,325630,0,False,0
txn_a7d034a0,cust_0824,28982,INR,2026-06-30 02:28:38,payment,failed,unknown,new,0,0,False,none,0,28982,0,False,0
txn_89af33ce,cust_0515,2621,INR,2026-05-24 23:34:38,checkout,successful,none,returning,3,2,False,none,0,7862,0,True,2621
txn_862e3674,cust_0048,19615,INR,2026-06-28 16:11:38,checkout,successful,none,VIP,38,4,False,none,0,93297,0,True,19615
txn_fa3c05fb,cust_0786,30992,INR,2026-03-24 17:19:38,checkout,successful,none,returning,15,3,False,none,0,95822,0,True,30992
txn_e3650f7f,cust_0293,19289,INR,2026-07-06 23:07:38,payment,failed,unknown,VIP,53,1,False,none,0,82677,0,False,0
txn_ed5c7de6,cust_0231,40407,INR,2026-03-31 03:56:38,checkout,successful,none,new,0,0,False,none,0,40407,0,True,40407
txn_811848c6,cust_0329,42207,INR,2026-07-28 21:27:38,payment,successful,none,new,1,0,False,none,0,43911,0,True,42207
txn_6f2900e7,cust_0925,8390,INR,2026-04-19 15:33:38,invoice,successful,none,returning,3,3,False,none,0,15140,0,True,8390
txn_dc82a6f2,cust_0762,45012,INR,2026-07-19 14:20:38,payment,successful,none,new,1,0,False,none,0,47384,0,True,45012
txn_6f4b3b2a,cust_0581,16234,INR,2026-05-02 05:37:38,invoice,successful,none,new,1,0,False,none,0,20360,0,True,16234
txn_55de0794,cust_0141,1863,INR,2026-05-05 23:08:38,checkout,successful,none,VIP,85,5,False,none,0,358523,0,True,1863
txn_63381200,cust_0383,39084,INR,2026-08-14 18:35:38,payment,successful,none,new,0,0,False,none,0,39084,0,True,39084
txn_031dcf9e,cust_0795,485,INR,2026-04-23 01:47:38,invoice,overdue,none,VIP,68,5,False,none,17,324505,0,False,0
txn_6c35ac55,cust_0654,14062,INR,2026-05-04 07:23:38,checkout,successful,none,returning,2,1,False,none,0,20242,0,True,14062
txn_0248f6ba,cust_0009,3214,INR,2026-05-01 22:04:38,checkout,successful,none,VIP,46,2,False,none,0,179992,0,True,3214
txn_5dc85794,cust_0246,4609,INR,2026-06-26 01:44:38,subscription,successful,none,returning,18,0,False,active,0,20179,0,True,4609
txn_9225ee1e,cust_0050,11406,INR,2026-08-12 15:52:38,payment,successful,none,returning,4,1,False,none,0,21418,0,True,11406
txn_0d755338,cust_0101,9858,INR,2026-07-14 17:37:38,payment,successful,none,new,0,0,False,none,0,9858,0,True,9858
txn_e29f9550,cust_0903,13009,INR,2026-03-17 06:12:38,payment,successful,none,VIP,69,4,False,none,0,116164,0,True,13009
txn_053ccee9,cust_0551,692,INR,2026-05-22 00:26:38,subscription,successful,none,VIP,31,5,False,active,0,137805,0,True,692
txn_c46281bf,cust_0664,33541,INR,2026-08-22 08:18:38,checkout,successful,none,returning,14,3,True,none,0,61653,0,True,33541
txn_1426faf8,cust_0800,45893,INR,2026-05-08 12:09:38,payment,successful,none,new,1,0,False,none,0,46465,0,True,45893
txn_d0f092be,cust_0107,1907,INR,2026-05-24 16:38:38,checkout,successful,none,new,0,0,True,none,0,1907,0,True,1907
txn_3a9b62c0,cust_0638,38382,INR,2026-05-11 23:56:38,payment,successful,none,returning,10,2,False,none,0,64642,0,True,38382
txn_572a59de,cust_0347,26014,INR,2026-08-07 11:58:38,checkout,successful,none,returning,4,1,False,none,0,42874,0,True,26014
txn_8e132989,cust_0705,44949,INR,2026-05-11 11:49:38,payment,successful,none,VIP,84,4,False,none,0,372633,0,True,44949
txn_da2836a6,cust_0760,7082,INR,2026-08-21 08:03:38,subscription,successful,none,returning,13,3,False,active,0,71497,0,True,7082
txn_843cb0de,cust_0201,30165,INR,2026-08-16 13:40:38,payment,successful,none,VIP,87,3,False,none,0,277767,0,True,30165
txn_abea6762,cust_0684,45148,INR,2026-05-22 13:55:38,checkout,successful,none,returning,3,2,False,none,0,53950,0,True,45148
txn_228391bd,cust_0001,47778,INR,2026-08-02 22:07:38,subscription,successful,none,returning,4,0,False,active,0,64754,0,True,47778
txn_9752ccba,cust_0384,44070,INR,2026-03-27 06:52:38,payment,successful,none,new,1,0,False,none,0,48759,0,True,44070
txn_4567b293,cust_0028,13679,INR,2026-04-05 06:49:38,subscription,failed,insufficient_funds,returning,13,2,False,canceled,0,60336,0,False,0
txn_5491085e,cust_0222,31756,INR,2026-04-11 11:55:38,payment,successful,none,returning,18,1,True,none,0,41188,0,True,31756
txn_ec02c382,cust_0747,42088,INR,2026-07-11 20:17:38,payment,failed,authentication_failure,new,0,0,False,none,0,42088,0,False,0
txn_d1992dea,cust_0971,46430,INR,2026-04-26 18:02:38,checkout,abandoned,none,VIP,34,5,True,none,0,110112,0,False,0
txn_dfad4543,cust_0066,14718,INR,2026-03-05 14:49:38,checkout,successful,none,new,1,0,False,none,0,15626,0,True,14718
txn_70697ab1,cust_0175,35700,INR,2026-04-17 13:25:38,invoice,successful,none,new,0,0,False,none,0,35700,0,True,35700
txn_ba2dd2fd,cust_0714,7585,INR,2026-04-27 08:43:38,invoice,successful,none,VIP,71,5,False,none,0,74112,0,True,7585
txn_f736e151,cust_0853,40261,INR,2026-08-13 09:16:38,checkout,successful,none,VIP,81,2,False,none,0,378517,0,True,40261
txn_bfb3a792,cust_0503,8935,INR,2026-05-15 09:00:38,invoice,overdue,none,new,0,0,False,none,14,8935,0,False,0
txn_d730ad83,cust_0567,48450,INR,2026-08-25 06:22:38,payment,successful,none,VIP,88,5,False,none,0,165930,0,True,48450
txn_7d6ad091,cust_0417,41508,INR,2026-08-03 13:48:38,checkout,successful,none,new,0,0,False,none,0,41508,0,True,41508
txn_6aabe77f,cust_0460,24120,INR,2026-06-10 00:00:38,checkout,successful,none,new,1,0,False,none,0,25466,0,True,24120
txn_4eec02bb,cust_0091,36836,INR,2026-07-15 21:23:38,payment,successful,none,VIP,47,4,False,none,0,80922,0,True,36836
txn_7bbce7df,cust_0512,13677,INR,2026-03-05 21:16:38,payment,successful,none,new,1,0,False,none,0,18221,0,True,13677
txn_bdcbe118,cust_0432,14636,INR,2026-04-15 09:09:38,subscription,successful,none,new,0,0,False,active,0,14636,0,True,14636
txn_a434197c,cust_0318,49534,INR,2026-07-17 00:04:38,payment,successful,none,VIP,97,0,False,none,0,290773,0,True,49534
txn_a16ae244,cust_0350,24451,INR,2026-07-27 14:56:38,subscription,failed,network_error,VIP,73,1,False,past_due,0,388721,0,False,0
txn_6bf57888,cust_0619,48106,INR,2026-06-01 15:58:38,invoice,overdue,none,VIP,39,1,False,none,28,170527,0,False,0
txn_b9720297,cust_0854,4670,INR,2026-03-18 19:33:38,checkout,abandoned,none,VIP,43,2,True,none,0,49648,0,False,0
txn_8ac13a16,cust_0889,16750,INR,2026-05-16 18:19:38,invoice,overdue,none,returning,6,0,False,none,64,28702,0,False,0
txn_cab10869,cust_0613,25997,INR,2026-04-07 11:06:38,payment,failed,network_error,returning,12,2,False,none,0,41597,0,False,0
txn_49baa7bc,cust_0223,20675,INR,2026-04-29 00:01:38,invoice,successful,none,new,0,0,False,none,0,20675,0,True,20675
txn_867368ac,cust_0794,48392,INR,2026-06-10 07:30:38,checkout,successful,none,VIP,25,5,False,none,0,148667,0,True,48392
txn_3efdc199,cust_0476,35383,INR,2026-04-05 19:47:38,checkout,abandoned,none,new,1,0,True,none,0,36146,0,False,0
txn_e1fd641b,cust_0496,11623,INR,2026-04-19 17:22:38,payment,failed,authentication_failure,VIP,44,2,False,none,0,67107,0,False,0
txn_cffc5cdb,cust_0482,14242,INR,2026-03-03 15:19:38,invoice,overdue,none,new,1,0,True,none,80,18451,0,False,0
txn_bf02fc3e,cust_0999,14934,INR,2026-07-14 23:16:38,checkout,successful,none,new,0,0,False,none,0,14934,0,True,14934
txn_1dc717a5,cust_0632,17819,INR,2026-06-26 13:40:38,payment,failed,unknown,VIP,49,0,False,none,0,207596,0,False,0
txn_9e59e898,cust_0924,20591,INR,2026-06-09 10:09:38,checkout,successful,none,new,0,0,False,none,0,20591,0,True,20591
txn_57d9efa5,cust_0160,49958,INR,2026-05-25 18:42:38,checkout,successful,none,VIP,23,1,False,none,0,114105,0,True,49958
txn_6cd840cd,cust_0121,28884,INR,2026-05-13 11:26:38,subscription,failed,insufficient_funds,VIP,85,3,False,past_due,0,116689,0,False,0
txn_ac674fa4,cust_0507,37845,INR,2026-06-07 09:33:38,subscription,failed,temporary_bank_error,returning,7,0,False,canceled,0,52384,0,False,0
txn_79da12d1,cust_0521,19766,INR,2026-08-09 18:45:38,subscription,failed,temporary_bank_error,new,1,0,False,past_due,0,20889,0,False,0
txn_93c89ac6,cust_0632,25221,INR,2026-07-14 11:56:38,checkout,successful,none,returning,6,1,False,none,0,29949,0,True,25221
txn_2a668f65,cust_0598,25108,INR,2026-04-04 08:12:38,invoice,successful,none,VIP,74,4,False,none,0,167114,0,True,25108
txn_308271a9,cust_0583,25247,INR,2026-07-08 23:43:38,payment,successful,none,returning,3,0,False,none,0,40061,0,True,25247
txn_c129ed51,cust_0803,40805,INR,2026-05-23 05:43:38,subscription,successful,none,returning,5,2,False,active,0,49395,0,True,40805
txn_7ad420fe,cust_0277,48903,INR,2026-04-12 00:12:38,subscription,successful,none,returning,7,1,False,active,0,69595,0,True,48903
txn_ece9feca,cust_0484,16965,INR,2026-06-22 20:24:38,invoice,overdue,none,returning,4,3,False,none,27,33257,0,False,0
txn_d5c0f934,cust_0180,23822,INR,2026-07-24 02:05:38,checkout,successful,none,returning,8,1,False,none,0,52966,0,True,23822
txn_9ae32c82,cust_0210,29575,INR,2026-04-05 22:29:38,checkout,successful,none,returning,1,2,False,none,0,31411,0,True,29575
txn_98233384,cust_0624,40828,INR,2026-03-26 06:08:38,invoice,overdue,none,returning,16,0,False,none,48,81420,0,False,0
txn_76c07cf3,cust_0860,21249,INR,2026-07-27 01:53:38,payment,successful,none,returning,13,2,False,none,0,32520,0,True,21249
txn_15fcde9f,cust_0281,2566,INR,2026-06-15 19:40:38,checkout,successful,none,new,1,0,False,none,0,4804,0,True,2566
txn_c7ee0ea0,cust_0441,26443,INR,2026-03-01 15:57:38,subscription,failed,network_error,returning,19,2,True,canceled,0,107060,0,False,0
txn_66f0dbff,cust_0599,42205,INR,2026-08-06 17:25:38,payment,failed,authentication_failure,new,0,0,False,none,0,42205,0,False,0
txn_a450f862,cust_0267,14183,INR,2026-05-28 05:59:38,invoice,overdue,none,VIP,77,0,False,none,68,265049,0,False,0
txn_3111387a,cust_0967,103,INR,2026-06-14 10:50:38,subscription,failed,temporary_bank_error,new,0,0,False,canceled,0,103,0,False,0
txn_a4fbf932,cust_0210,44867,INR,2026-06-05 18:30:38,invoice,overdue,none,returning,7,2,False,none,24,73308,0,False,0
txn_076be2a4,cust_0778,18334,INR,2026-04-02 11:55:38,invoice,overdue,none,new,1,0,False,none,42,22184,0,False,0
txn_591d5694,cust_0845,3085,INR,2026-03-01 01:49:38,subscription,successful,none,VIP,53,1,False,active,0,218265,0,True,3085
txn_51518bff,cust_0128,21801,INR,2026-03-06 11:52:38,invoice,successful,none,returning,2,1,False,none,0,28213,0,True,21801
txn_d1423d71,cust_0439,46350,INR,2026-08-08 23:00:38,invoice,successful,none,VIP,42,3,False,none,0,170838,0,True,46350
txn_d1905f76,cust_0530,16442,INR,2026-05-15 01:31:38,checkout,abandoned,none,VIP,56,4,True,none,0,156554,0,False,0
txn_ca60091a,cust_0331,25355,INR,2026-08-06 18:37:38,subscription,successful,none,VIP,64,1,False,active,0,67275,0,True,25355
txn_704d462a,cust_0563,9360,INR,2026-03-23 23:13:38,invoice,successful,none,VIP,68,4,False,none,0,229068,0,True,9360
txn_bb04cd83,cust_0151,19364,INR,2026-04-28 17:29:38,checkout,successful,none,VIP,82,3,False,none,0,295622,0,True,19364
txn_d573e008,cust_0151,21566,INR,2026-06-10 22:08:38,invoice,successful,none,new,0,0,False,none,0,21566,0,True,21566
txn_ce087617,cust_0413,39102,INR,2026-04-12 16:43:38,checkout,successful,none,VIP,96,3,False,none,0,279390,0,True,39102
txn_29da8388,cust_0380,12956,INR,2026-08-15 04:30:38,invoice,overdue,none,returning,14,0,False,none,29,74626,0,False,0
txn_6b71e051,cust_0309,8228,INR,2026-07-13 22:00:38,invoice,successful,none,returning,12,3,False,none,0,59600,0,True,8228
txn_28ad4492,cust_0966,25536,INR,2026-04-07 23:55:38,invoice,overdue,none,returning,15,2,False,none,32,38091,0,False,0
txn_1fc09db9,cust_0803,17464,INR,2026-03-14 12:08:38,checkout,abandoned,none,returning,12,2,True,none,0,51652,0,False,0
txn_d3bc6448,cust_0343,46818,INR,2026-05-04 19:57:38,checkout,abandoned,none,new,1,0,True,none,0,48876,0,False,0
txn_f55e746a,cust_0986,1902,INR,2026-04-30 05:51:38,checkout,abandoned,none,new,1,0,True,none,0,5591,0,False,0
txn_59bacb0c,cust_0894,1739,INR,2026-05-29 17:07:38,checkout,successful,none,new,0,0,False,none,0,1739,0,True,1739
txn_8ec2f17a,cust_0306,23085,INR,2026-07-04 22:37:38,subscription,successful,none,new,0,0,False,active,0,23085,0,True,23085
txn_5f535e82,cust_0808,40862,INR,2026-05-15 08:01:38,payment,successful,none,new,0,0,False,none,0,40862,0,True,40862
txn_b5fa984b,cust_0248,33276,INR,2026-04-15 08:45:38,subscription,successful,none,VIP,57,5,False,active,0,184725,0,True,33276
txn_7846163f,cust_0977,24050,INR,2026-05-09 17:46:38,payment,failed,insufficient_funds,new,0,0,False,none,0,24050,0,False,0
txn_a72db67f,cust_0267,44081,INR,2026-06-26 09:49:38,payment,failed,temporary_bank_error,returning,1,0,False,none,0,45155,0,False,0
txn_cb3a1fc4,cust_0845,43725,INR,2026-05-17 09:21:38,invoice,overdue,none,returning,3,0,False,none,47,57558,0,False,0
txn_2d83caf4,cust_0515,6771,INR,2026-08-08 09:40:38,checkout,successful,none,new,1,0,False,none,0,9537,0,True,6771
txn_3ac1961d,cust_0946,29504,INR,2026-08-27 10:40:38,invoice,successful,none,new,1,0,False,none,0,34191,0,True,29504
txn_900e953e,cust_0410,38343,INR,2026-08-22 20:03:38,invoice,successful,none,VIP,69,4,False,none,0,156057,0,True,38343
txn_f4a19e9b,cust_0018,24273,INR,2026-03-01 11:42:38,subscription,failed,insufficient_funds,VIP,99,0,False,canceled,0,297711,0,False,0
txn_4b9bb4fa,cust_0589,47940,INR,2026-08-23 09:09:38,subscription,successful,none,VIP,43,3,False,active,0,218349,0,True,47940
txn_fb5b56d4,cust_0248,44691,INR,2026-07-19 17:10:38,checkout,abandoned,none,VIP,88,3,True,none,0,214619,0,False,0
txn_8eae8f7e,cust_0897,4506,INR,2026-04-25 09:58:38,subscription,successful,none,new,1,0,True,active,0,8086,0,True,4506
txn_40680102,cust_0605,14073,INR,2026-04-21 09:16:38,invoice,overdue,none,new,1,0,False,none,71,18290,0,False,0
txn_1a542007,cust_0848,19710,INR,2026-06-21 10:20:38,checkout,successful,none,new,0,0,False,none,0,19710,0,True,19710
txn_c3955549,cust_0939,49009,INR,2026-05-28 16:52:38,subscription,successful,none,VIP,48,4,False,active,0,262081,0,True,49009
txn_f1d07cbc,cust_0773,44792,INR,2026-08-03 13:21:38,invoice,overdue,none,returning,14,2,False,none,90,108772,0,False,0
txn_7d359263,cust_0518,24116,INR,2026-05-24 13:09:38,invoice,overdue,none,VIP,44,0,False,none,10,97024,0,False,0
txn_3f2348fb,cust_0548,27520,INR,2026-04-15 02:03:38,invoice,overdue,none,new,1,0,False,none,41,29740,0,False,0
txn_19a84c64,cust_0564,45566,INR,2026-04-16 09:41:38,payment,failed,authentication_failure,VIP,61,2,False,none,0,104980,0,False,0
txn_83e167ee,cust_0995,5079,INR,2026-07-30 06:57:38,invoice,overdue,none,VIP,68,2,False,none,22,240155,0,False,0
txn_2d6a34b7,cust_0221,40786,INR,2026-04-03 16:51:38,subscription,successful,none,VIP,46,0,False,active,0,146816,0,True,40786
txn_66608cc7,cust_0201,2790,INR,2026-07-25 20:48:38,invoice,overdue,none,VIP,28,2,False,none,8,105130,0,False,0
txn_7ebac803,cust_0937,11440,INR,2026-06-27 17:33:38,invoice,overdue,none,new,0,0,False,none,40,11440,0,False,0
txn_0fe71630,cust_0065,6758,INR,2026-06-13 17:21:38,subscription,successful,none,VIP,60,1,False,active,0,268838,0,True,6758
txn_9e4a574f,cust_0202,26417,INR,2026-05-28 08:14:38,payment,successful,none,new,0,0,False,none,0,26417,0,True,26417
txn_e2dadb67,cust_0329,4213,INR,2026-08-12 10:08:38,checkout,abandoned,none,new,0,0,True,none,0,4213,0,False,0
txn_04693cd2,cust_0688,28998,INR,2026-04-09 09:44:38,payment,successful,none,VIP,32,0,False,none,0,151750,0,True,28998
txn_ff4bc56f,cust_0468,21056,INR,2026-06-05 10:19:38,checkout,abandoned,none,returning,14,1,True,none,0,63084,0,False,0
txn_9bfb2c1d,cust_0998,48726,INR,2026-05-14 23:32:38,checkout,abandoned,none,new,0,0,True,none,0,48726,0,False,0
txn_1752a2fb,cust_0157,17591,INR,2026-03-21 19:35:38,invoice,overdue,none,new,1,0,False,none,44,20604,0,False,0
txn_04113e3d,cust_0940,27582,INR,2026-08-04 19:23:38,payment,successful,none,VIP,68,5,False,none,0,273538,0,True,27582
txn_c930a46e,cust_0652,46127,INR,2026-07-27 06:52:38,invoice,overdue,none,new,0,0,False,none,68,46127,0,False,0
txn_e76b3b40,cust_0156,33094,INR,2026-03-17 07:16:38,subscription,successful,none,VIP,30,5,False,active,0,170764,0,True,33094
txn_9441d5a7,cust_0542,25071,INR,2026-08-04 20:26:38,subscription,failed,card_declined,new,1,0,False,past_due,0,29638,0,False,0
txn_165a3e01,cust_0143,37370,INR,2026-04-07 22:57:38,subscription,successful,none,VIP,65,3,False,active,0,138770,0,True,37370
txn_8c0b3edd,cust_0150,13288,INR,2026-06-20 02:05:38,subscription,successful,none,new,0,0,False,active,0,13288,0,True,13288
txn_ce81f601,cust_0825,48270,INR,2026-05-30 17:08:38,payment,failed,insufficient_funds,new,1,0,False,none,0,49770,0,False,0
txn_21ee66a4,cust_0340,47103,INR,2026-07-20 22:53:38,payment,successful,none,VIP,85,5,False,none,0,105583,0,True,47103
txn_1c674c16,cust_0295,25010,INR,2026-05-12 07:32:38,payment,successful,none,VIP,23,1,False,none,0,70780,0,True,25010
txn_bc21a913,cust_0462,31367,INR,2026-08-22 10:31:38,checkout,successful,none,returning,20,2,False,none,0,48187,0,True,31367
txn_86bdc19d,cust_0447,33043,INR,2026-05-20 08:46:38,checkout,successful,none,returning,9,1,False,none,0,40135,0,True,33043
txn_cc96d54e,cust_0825,28373,INR,2026-04-06 03:53:38,checkout,abandoned,none,new,0,0,True,none,0,28373,0,False,0
txn_1718311d,cust_0746,33552,INR,2026-05-19 22:23:38,invoice,successful,none,returning,12,3,False,none,0,62904,0,True,33552
txn_73151f02,cust_0864,8487,INR,2026-07-09 02:02:38,subscription,successful,none,VIP,22,0,False,active,0,37087,0,True,8487
txn_8ccb8750,cust_0851,18413,INR,2026-08-07 00:47:38,invoice,successful,none,VIP,55,5,False,none,0,247378,0,True,18413
txn_a214b1b7,cust_0213,33453,INR,2026-06-05 20:11:38,payment,successful,none,returning,4,2,False,none,0,52525,0,True,33453
txn_fec3b10e,cust_0316,47171,INR,2026-04-04 20:23:38,checkout,successful,none,new,0,0,False,none,0,47171,0,True,47171
txn_5bd241b8,cust_0452,15393,INR,2026-05-15 04:13:38,invoice,overdue,none,new,0,0,False,none,40,15393,0,False,0
txn_ff9f4ee2,cust_0130,37088,INR,2026-06-23 02:38:38,subscription,failed,unknown,VIP,70,3,False,past_due,0,76568,0,False,0
txn_9ac12837,cust_0855,41177,INR,2026-03-10 21:52:38,invoice,successful,none,returning,13,1,False,none,0,65435,0,True,41177
txn_d57239b5,cust_0550,10510,INR,2026-06-26 08:13:38,payment,failed,unknown,new,0,0,False,none,0,10510,0,False,0
txn_6e7cee7a,cust_0438,33520,INR,2026-05-14 22:55:38,checkout,successful,none,VIP,58,5,False,none,0,263200,0,True,33520
txn_b5eeccbe,cust_0286,40130,INR,2026-06-17 01:06:38,invoice,successful,none,returning,18,1,False,none,0,119852,0,True,40130
txn_c254fef1,cust_0343,31225,INR,2026-05-27 23:14:38,checkout,abandoned,none,new,0,0,True,none,0,31225,0,False,0
txn_e1808694,cust_0919,31398,INR,2026-04-24 10:52:38,checkout,successful,none,returning,11,1,False,none,0,82218,0,True,31398
txn_69d1dd91,cust_0066,18216,INR,2026-07-18 05:58:38,payment,failed,unknown,VIP,57,4,False,none,0,226836,0,False,0
txn_a5adabae,cust_0809,7984,INR,2026-07-01 10:47:38,payment,successful,none,VIP,99,3,False,none,0,401608,0,True,7984
txn_e580c83d,cust_0786,20959,INR,2026-05-07 02:48:38,payment,successful,none,returning,14,2,False,none,0,40755,0,True,20959
txn_6cd8eff9,cust_0936,47457,INR,2026-07-11 17:33:38,payment,successful,none,new,0,0,False,none,0,47457,0,True,47457
txn_371060b0,cust_0088,12661,INR,2026-07-19 13:27:38,payment,successful,none,VIP,61,4,False,none,0,280695,0,True,12661
txn_32a5ef03,cust_0778,8374,INR,2026-05-14 02:23:38,checkout,successful,none,VIP,47,2,False,none,0,96311,0,True,8374
txn_3b879a8a,cust_0447,34172,INR,2026-06-18 18:36:38,checkout,successful,none,VIP,26,0,False,none,0,154968,0,True,34172
txn_d94b6bc3,cust_0074,19761,INR,2026-04-15 07:01:38,payment,successful,none,returning,8,3,False,none,0,39617,0,True,19761
txn_1558d332,cust_0951,31948,INR,2026-08-23 08:11:38,invoice,overdue,none,returning,11,2,False,none,14,62000,0,False,0
txn_0f659bbb,cust_0630,25852,INR,2026-07-23 04:18:38,payment,successful,none,returning,16,2,False,none,0,86652,0,True,25852
txn_3b0ddd15,cust_0405,21907,INR,2026-03-04 14:41:38,subscription,successful,none,VIP,58,4,False,active,0,80777,0,True,21907
txn_8465bec4,cust_0456,22973,INR,2026-05-25 20:24:38,invoice,successful,none,VIP,100,5,False,none,0,198673,0,True,22973
txn_001d773d,cust_0994,5702,INR,2026-05-03 08:31:38,checkout,successful,none,returning,7,1,False,none,0,10322,0,True,5702
txn_069d7651,cust_0937,9193,INR,2026-07-03 00:03:38,payment,successful,none,new,1,0,False,none,0,11187,0,True,9193
txn_4070c2c4,cust_0296,42131,INR,2026-08-22 03:33:38,checkout,successful,none,VIP,70,0,False,none,0,332771,0,True,42131
txn_99f5299b,cust_0622,43766,INR,2026-08-10 14:50:38,payment,successful,none,VIP,28,3,False,none,0,168590,0,True,43766
txn_ef575712,cust_0619,18275,INR,2026-05-10 10:47:38,subscription,failed,temporary_bank_error,new,1,0,False,canceled,0,20462,0,False,0
txn_75c6f7de,cust_0530,34179,INR,2026-05-06 06:04:38,subscription,successful,none,VIP,63,5,False,active,0,311253,0,True,34179
txn_815e01b9,cust_0493,21021,INR,2026-03-24 10:45:38,payment,successful,none,new,1,0,False,none,0,24192,0,True,21021
txn_83bcee1e,cust_0654,13878,INR,2026-04-28 21:55:38,checkout,abandoned,none,returning,8,3,True,none,0,53070,0,False,0
txn_6609a5ce,cust_0974,27004,INR,2026-08-14 04:01:38,subscription,successful,none,new,0,0,False,active,0,27004,0,True,27004
txn_07fe9787,cust_0306,45577,INR,2026-05-01 05:19:38,invoice,overdue,none,new,1,0,False,none,31,47801,0,False,0
txn_c544a688,cust_0113,43615,INR,2026-06-30 09:47:38,invoice,overdue,none,new,1,0,False,none,7,46181,0,False,0
txn_592c2dbd,cust_0074,15854,INR,2026-07-14 08:03:38,invoice,overdue,none,VIP,53,5,False,none,85,275289,0,False,0
txn_728e093c,cust_0411,32899,INR,2026-03-18 04:07:38,checkout,successful,none,returning,4,1,False,none,0,46123,0,True,32899
txn_5f08da16,cust_0897,35094,INR,2026-06-08 15:11:38,checkout,successful,none,VIP,67,3,False,none,0,186045,0,True,35094
txn_00e5297f,cust_0990,35253,INR,2026-03-27 09:33:38,invoice,overdue,none,returning,12,0,False,none,47,75069,0,False,0
txn_699387af,cust_0670,32971,INR,2026-04-14 10:46:38,payment,successful,none,returning,13,0,False,none,0,56007,0,True,32971
txn_97f469c5,cust_0219,12775,INR,2026-04-30 16:10:38,subscription,failed,card_declined,VIP,58,3,False,past_due,0,42645,0,False,0
txn_0fa83025,cust_0649,38956,INR,2026-04-23 19:35:38,invoice,successful,none,VIP,32,2,False,none,0,184108,0,True,38956
txn_414181fd,cust_0252,45551,INR,2026-04-03 09:24:38,checkout,abandoned,none,returning,4,2,True,none,0,58015,0,False,0
txn_a333d72f,cust_0962,14305,INR,2026-08-21 12:48:38,invoice,successful,none,returning,12,3,False,none,0,23941,0,True,14305
txn_60478e5f,cust_0020,6704,INR,2026-03-22 22:25:38,checkout,abandoned,none,new,1,0,True,none,0,10054,0,False,0
txn_9626a80b,cust_0768,2676,INR,2026-03-15 10:50:38,payment,failed,authentication_failure,new,1,0,False,none,0,6944,0,False,0
txn_2506aef5,cust_0718,35685,INR,2026-08-02 06:29:38,invoice,successful,none,VIP,42,4,False,none,0,164205,0,True,35685
txn_2b9082e6,cust_0681,7298,INR,2026-06-25 08:14:38,subscription,failed,network_error,VIP,94,3,False,past_due,0,397022,0,False,0
txn_4b5e2f2b,cust_0246,32003,INR,2026-04-24 17:57:38,checkout,abandoned,none,returning,12,3,True,none,0,42467,0,False,0
txn_57c7a132,cust_0277,35094,INR,2026-07-31 12:47:38,subscription,successful,none,new,0,0,False,active,0,35094,0,True,35094
txn_6f91c73a,cust_0049,17932,INR,2026-06-09 00:12:38,subscription,successful,none,VIP,79,2,False,active,0,164161,0,True,17932
txn_7aa8f5ce,cust_0322,44164,INR,2026-08-10 21:09:38,subscription,successful,none,returning,19,3,False,active,0,122387,0,True,44164
txn_a325b258,cust_0721,1564,INR,2026-03-07 20:12:38,subscription,successful,none,VIP,21,5,False,active,0,20926,0,True,1564
txn_ffa38a67,cust_0448,41314,INR,2026-08-21 03:15:38,checkout,abandoned,none,returning,18,1,True,none,0,107788,0,False,0
txn_3aec8210,cust_0972,22559,INR,2026-06-20 20:37:38,invoice,overdue,none,VIP,73,1,False,none,24,340620,0,False,0
txn_84a03427,cust_0908,9372,INR,2026-03-31 16:21:38,checkout,abandoned,none,VIP,86,3,True,none,0,354662,0,False,0
txn_ed0d4966,cust_0132,44154,INR,2026-06-20 22:44:38,checkout,abandoned,none,new,0,0,True,none,0,44154,0,False,0
txn_20d88514,cust_0085,10524,INR,2026-07-21 08:35:38,invoice,successful,none,new,1,0,False,none,0,15501,0,True,10524
txn_83361ec8,cust_0987,20162,INR,2026-07-12 07:43:38,subscription,failed,insufficient_funds,returning,9,3,False,canceled,0,52103,0,False,0
txn_36632cf6,cust_0294,18460,INR,2026-08-02 20:52:38,checkout,abandoned,none,new,0,0,True,none,0,18460,0,False,0
txn_be67bd49,cust_0392,45731,INR,2026-07-06 01:34:38,subscription,failed,temporary_bank_error,returning,7,0,False,past_due,0,68614,0,False,0
txn_4edbbe81,cust_0608,35481,INR,2026-08-02 01:37:38,payment,failed,unknown,new,1,0,False,none,0,39494,0,False,0
txn_47e8ae67,cust_0267,32648,INR,2026-06-21 21:53:38,invoice,overdue,none,returning,5,1,False,none,11,36288,0,False,0
txn_f7b6b1ef,cust_0274,16020,INR,2026-07-15 02:13:38,checkout,successful,none,new,0,0,False,none,0,16020,0,True,16020
txn_ba358326,cust_0002,848,INR,2026-04-26 17:40:38,invoice,overdue,none,VIP,81,3,False,none,26,234452,0,False,0
txn_4855cbfc,cust_0446,27742,INR,2026-03-26 08:26:38,invoice,successful,none,new,0,0,False,none,0,27742,0,True,27742
txn_1f1aaf84,cust_0706,42974,INR,2026-04-22 15:24:38,invoice,successful,none,new,1,0,False,none,0,44993,0,True,42974
txn_8c01baae,cust_0575,34411,INR,2026-04-02 12:24:38,invoice,successful,none,new,1,0,False,none,0,35754,0,True,34411
txn_58053732,cust_0397,44093,INR,2026-04-30 10:20:38,subscription,successful,none,returning,11,3,False,active,0,72715,0,True,44093
txn_2123bae5,cust_0038,5560,INR,2026-06-24 01:24:38,invoice,successful,none,returning,8,0,False,none,0,34912,0,True,5560
txn_cc5cb1ad,cust_0661,47241,INR,2026-03-11 15:41:38,invoice,overdue,none,new,0,0,False,none,63,47241,0,False,0
txn_a04aa74c,cust_0055,29632,INR,2026-08-02 13:01:38,invoice,overdue,none,new,0,0,False,none,88,29632,0,False,0
txn_7f1af86a,cust_0401,9419,INR,2026-06-03 12:22:38,invoice,overdue,none,returning,1,3,False,none,75,12190,0,False,0
txn_0b19e3b9,cust_0747,41886,INR,2026-08-27 15:15:38,invoice,successful,none,new,1,0,False,none,0,43793,0,True,41886
txn_f7863056,cust_0564,37546,INR,2026-04-18 19:17:38,payment,successful,none,VIP,85,3,False,none,0,335471,0,True,37546
txn_78d13d4e,cust_0204,39649,INR,2026-07-08 21:33:38,invoice,overdue,none,returning,18,1,False,none,30,122881,0,False,0
txn_ff4ae880,cust_0371,5518,INR,2026-06-02 11:02:38,payment,failed,authentication_failure,returning,8,2,False,none,0,15046,0,False,0
txn_a78b7a2a,cust_0126,45337,INR,2026-08-05 14:28:38,checkout,successful,none,new,0,0,False,none,0,45337,0,True,45337
txn_e1595cac,cust_0586,12512,INR,2026-06-01 23:57:38,payment,successful,none,returning,12,3,False,none,0,19676,0,True,12512
txn_feaa9537,cust_0878,32405,INR,2026-04-21 04:28:38,payment,successful,none,returning,1,1,False,none,0,33172,0,True,32405
txn_4b8fa781,cust_0076,37660,INR,2026-08-04 07:10:38,checkout,successful,none,new,1,0,True,none,0,41289,0,True,37660
txn_6a580351,cust_0214,15295,INR,2026-07-29 01:57:38,checkout,successful,none,new,1,0,False,none,0,18950,0,True,15295
txn_f60384ea,cust_0469,26557,INR,2026-05-20 11:12:38,checkout,abandoned,none,returning,14,0,True,none,0,34621,0,False,0
txn_30fbc2ee,cust_0693,43095,INR,2026-08-16 12:12:38,invoice,successful,none,VIP,49,0,False,none,0,257225,0,True,43095
txn_99a80851,cust_0767,38120,INR,2026-06-21 09:19:38,invoice,successful,none,VIP,77,2,False,none,0,391858,0,True,38120
txn_3b82b9c7,cust_0556,19904,INR,2026-03-01 04:40:38,checkout,abandoned,none,returning,18,0,True,none,0,73652,0,False,0
txn_f44607fc,cust_0555,7772,INR,2026-08-22 08:32:38,checkout,abandoned,none,new,1,0,True,none,0,11442,0,False,0
txn_5d4c9a7c,cust_0466,31796,INR,2026-05-14 16:20:38,payment,successful,none,VIP,94,2,False,none,0,308908,0,True,31796
txn_a799f4d5,cust_0402,31827,INR,2026-05-30 06:05:38,invoice,successful,none,returning,15,2,False,none,0,74952,0,True,31827
txn_48815650,cust_0156,33637,INR,2026-06-02 10:43:38,invoice,successful,none,new,1,0,False,none,0,35858,0,True,33637
txn_13c9b62a,cust_0624,13418,INR,2026-05-29 20:00:38,payment,successful,none,VIP,53,5,False,none,0,204960,0,True,13418
txn_49b151f8,cust_0741,28534,INR,2026-04-17 14:27:38,invoice,successful,none,VIP,96,1,False,none,0,397174,0,True,28534
txn_0d297cdc,cust_0035,36004,INR,2026-05-24 05:24:38,invoice,successful,none,VIP,76,3,False,none,0,358016,0,True,36004
txn_d0ca1484,cust_0584,13542,INR,2026-07-01 03:57:38,checkout,abandoned,none,VIP,72,1,True,none,0,271446,0,False,0
txn_03f8f4d5,cust_0072,48952,INR,2026-05-28 16:18:38,invoice,successful,none,VIP,30,0,False,none,0,171532,0,True,48952
txn_53917436,cust_0192,27588,INR,2026-03-13 14:08:38,subscription,successful,none,VIP,24,3,False,active,0,145668,0,True,27588
txn_fc0c0b3e,cust_0701,15293,INR,2026-03-30 12:10:38,subscription,successful,none,new,0,0,False,active,0,15293,0,True,15293
txn_bc79eaea,cust_0834,1578,INR,2026-03-06 19:01:38,invoice,successful,none,VIP,23,3,False,none,0,61792,0,True,1578
txn_2cab4064,cust_0350,42984,INR,2026-03-27 10:21:38,payment,failed,card_declined,returning,18,3,False,none,0,99612,0,False,0
txn_2f98e082,cust_0494,22620,INR,2026-06-21 10:53:38,subscription,successful,none,VIP,26,0,False,active,0,117078,0,True,22620
txn_a6b41ffd,cust_0295,36517,INR,2026-03-31 22:38:38,invoice,overdue,none,VIP,81,2,False,none,44,239827,0,False,0
txn_0129c972,cust_0803,34197,INR,2026-05-27 08:07:38,checkout,abandoned,none,new,1,0,True,none,0,36062,0,False,0
txn_36ac743d,cust_0332,34795,INR,2026-06-11 15:03:38,invoice,overdue,none,new,1,0,False,none,1,38655,0,False,0
txn_84235a4f,cust_0571,2057,INR,2026-03-07 14:24:38,invoice,successful,none,returning,18,3,False,none,0,91319,0,True,2057
txn_244860bc,cust_0173,38772,INR,2026-08-19 16:47:38,subscription,successful,none,new,0,0,False,active,0,38772,0,True,38772
txn_14fe0ba2,cust_0411,21466,INR,2026-04-05 02:37:38,invoice,overdue,none,returning,7,1,False,none,72,55927,0,False,0
txn_b07520b0,cust_0208,34139,INR,2026-04-04 07:35:38,invoice,successful,none,VIP,29,2,False,none,0,86049,0,True,34139
txn_5960b035,cust_0486,37866,INR,2026-05-10 19:11:38,payment,successful,none,VIP,93,3,False,none,0,320307,0,True,37866
txn_41b050eb,cust_0483,12076,INR,2026-08-17 13:53:38,payment,successful,none,new,0,0,False,none,0,12076,0,True,12076
txn_2441322c,cust_0154,22282,INR,2026-03-13 19:21:38,payment,successful,none,new,0,0,False,none,0,22282,0,True,22282
txn_868ddd44,cust_0970,32153,INR,2026-03-22 14:44:38,subscription,failed,insufficient_funds,returning,3,3,False,canceled,0,40421,0,False,0
txn_ad4d198e,cust_0890,4566,INR,2026-06-06 22:39:38,invoice,overdue,none,returning,13,3,False,none,8,25080,0,False,0
txn_4564d263,cust_0176,6501,INR,2026-08-14 11:31:38,checkout,successful,none,returning,19,3,False,none,0,55350,0,True,6501
txn_d494febf,cust_0300,3730,INR,2026-05-24 02:55:38,subscription,failed,network_error,VIP,89,1,True,canceled,0,195258,0,False,0
txn_0ab73efc,cust_0408,15691,INR,2026-06-22 08:58:38,subscription,successful,none,VIP,21,3,False,active,0,34612,0,True,15691
txn_f1eea6fd,cust_0138,10161,INR,2026-04-13 08:54:38,invoice,overdue,none,returning,16,0,False,none,30,53265,0,False,0
txn_665d574d,cust_0374,40795,INR,2026-04-25 22:18:38,subscription,failed,temporary_bank_error,new,0,0,False,past_due,0,40795,0,False,0
txn_eeaf693c,cust_0076,8562,INR,2026-07-19 01:40:38,checkout,successful,none,VIP,36,0,False,none,0,61698,0,True,8562
txn_79807dd2,cust_0722,8379,INR,2026-04-01 22:32:38,payment,failed,card_declined,new,1,0,False,none,0,8909,0,False,0
txn_47ee1c16,cust_0518,31335,INR,2026-03-19 07:28:38,checkout,successful,none,new,0,0,False,none,0,31335,0,True,31335
txn_5db4b5c0,cust_0440,8284,INR,2026-07-16 18:29:38,payment,successful,none,new,1,0,False,none,0,9466,0,True,8284
txn_159d9177,cust_0851,22005,INR,2026-07-12 09:51:38,checkout,abandoned,none,returning,10,0,True,none,0,52375,0,False,0
txn_4884065b,cust_0597,15712,INR,2026-05-31 00:21:38,checkout,abandoned,none,returning,6,3,True,none,0,25114,0,False,0
txn_b6d65614,cust_0710,35844,INR,2026-04-28 19:58:38,subscription,successful,none,new,0,0,False,active,0,35844,0,True,35844
txn_5bcc3926,cust_0726,42420,INR,2026-03-18 10:14:38,invoice,successful,none,returning,16,1,False,none,0,84212,0,True,42420
txn_f76597f7,cust_0532,22553,INR,2026-06-02 06:38:38,subscription,failed,network_error,returning,6,3,False,canceled,0,43337,0,False,0
txn_3bd4eedb,cust_0888,20244,INR,2026-07-01 10:27:38,payment,failed,network_error,VIP,25,1,False,none,0,42344,0,False,0
txn_e1a05338,cust_0129,1329,INR,2026-08-15 01:08:38,checkout,successful,none,returning,16,3,False,none,0,15953,0,True,1329
txn_c77531d6,cust_0716,4413,INR,2026-06-15 14:01:38,invoice,successful,none,returning,16,1,False,none,0,75037,0,True,4413
txn_42d864d3,cust_0129,45573,INR,2026-03-27 12:23:38,subscription,successful,none,returning,9,1,False,active,0,52503,0,True,45573
txn_0a8c8d75,cust_0946,5639,INR,2026-06-27 15:41:38,checkout,successful,none,VIP,27,0,False,none,0,92579,0,True,5639
txn_70cf58a4,cust_0840,30254,INR,2026-06-22 03:31:38,subscription,successful,none,new,1,0,False,active,0,33299,0,True,30254
txn_d1c239a9,cust_0900,37558,INR,2026-03-24 12:13:38,payment,successful,none,new,0,0,False,none,0,37558,0,True,37558
txn_ec0c88e2,cust_0755,40130,INR,2026-04-11 23:11:38,invoice,overdue,none,returning,15,2,False,none,68,67730,0,False,0
txn_e0d03048,cust_0781,42526,INR,2026-03-03 03:36:38,checkout,abandoned,none,returning,20,3,True,none,0,120586,0,False,0
txn_46b9594b,cust_0256,5501,INR,2026-07-16 20:07:38,checkout,successful,none,VIP,22,1,False,none,0,46443,0,True,5501
txn_afceea85,cust_0333,15584,INR,2026-04-05 18:50:38,invoice,successful,none,new,0,0,False,none,0,15584,0,True,15584
txn_482e1f54,cust_0443,41791,INR,2026-03-15 10:07:38,payment,successful,none,returning,15,3,False,none,0,57586,0,True,41791
txn_0b32f527,cust_0256,33080,INR,2026-08-13 20:28:38,invoice,successful,none,VIP,61,2,False,none,0,193388,0,True,33080
txn_0d3f3a4a,cust_0128,42128,INR,2026-08-11 19:59:38,subscription,successful,none,returning,20,3,False,active,0,75648,0,True,42128
txn_9c470802,cust_0969,23934,INR,2026-06-28 21:50:38,checkout,successful,none,VIP,48,4,False,none,0,125166,0,True,23934
txn_1c86b02e,cust_0328,1359,INR,2026-04-29 01:42:38,checkout,successful,none,new,0,0,False,none,0,1359,0,True,1359
txn_430edf35,cust_0255,30028,INR,2026-04-26 12:09:38,subscription,successful,none,VIP,32,1,True,active,0,110572,0,True,30028
txn_db456f7d,cust_0052,41326,INR,2026-07-13 15:08:38,subscription,successful,none,new,0,0,False,active,0,41326,0,True,41326
txn_904e0ee1,cust_0023,16713,INR,2026-07-09 20:34:38,checkout,abandoned,none,VIP,92,4,True,none,0,344785,0,False,0
txn_59c074bf,cust_0236,3702,INR,2026-07-26 11:34:38,subscription,successful,none,returning,2,2,False,active,0,5890,0,True,3702
txn_52d59a9b,cust_0500,6380,INR,2026-04-22 17:35:38,payment,successful,none,VIP,31,2,False,none,0,112400,0,True,6380
txn_7a344d94,cust_0280,17583,INR,2026-05-19 10:22:38,payment,successful,none,new,0,0,False,none,0,17583,0,True,17583
txn_e89c82a0,cust_0381,40774,INR,2026-08-18 03:37:38,subscription,successful,none,returning,3,1,False,active,0,50155,0,True,40774
txn_383013fb,cust_0865,38529,INR,2026-06-30 19:42:38,payment,successful,none,new,1,0,False,none,0,39203,0,True,38529
txn_af55e540,cust_0632,16741,INR,2026-06-08 07:55:38,payment,successful,none,VIP,80,0,False,none,0,275061,0,True,16741
txn_a1e71460,cust_0817,25811,INR,2026-07-25 11:00:38,invoice,overdue,none,new,0,0,False,none,56,25811,0,False,0
txn_0f43da9f,cust_0763,28318,INR,2026-05-09 12:06:38,payment,successful,none,returning,5,0,False,none,0,52788,0,True,28318
txn_12268f55,cust_0447,150,INR,2026-08-13 08:48:38,invoice,successful,none,new,1,0,False,none,0,990,0,True,150
txn_10c84a46,cust_0684,25358,INR,2026-08-08 10:14:38,checkout,successful,none,VIP,73,4,False,none,0,328162,0,True,25358
txn_cb0c64c8,cust_0764,45498,INR,2026-06-16 05:40:38,subscription,failed,temporary_bank_error,VIP,24,0,False,past_due,0,66162,0,False,0
txn_2e7cc1f0,cust_0615,3380,INR,2026-04-07 15:52:38,subscription,successful,none,new,1,0,False,active,0,8086,0,True,3380
txn_9bf9f482,cust_0819,2607,INR,2026-07-29 05:54:38,checkout,successful,none,returning,4,3,False,none,0,12571,0,True,2607
txn_c8b11997,cust_0091,35204,INR,2026-03-20 17:44:38,checkout,successful,none,VIP,65,3,False,none,0,92014,0,True,35204
txn_b422e2bd,cust_0777,21993,INR,2026-04-15 18:26:38,invoice,successful,none,VIP,88,1,False,none,0,340025,0,True,21993
txn_90c05d37,cust_0161,10329,INR,2026-03-19 12:57:38,invoice,successful,none,new,0,0,False,none,0,10329,0,True,10329
txn_4132df48,cust_0019,27623,INR,2026-07-02 17:37:38,checkout,successful,none,returning,17,1,False,none,0,40118,0,True,27623
txn_b8052a6c,cust_0106,29161,INR,2026-07-06 05:57:38,checkout,successful,none,VIP,52,2,False,none,0,176113,0,True,29161
txn_a1d1b5a5,cust_0493,17153,INR,2026-04-17 20:00:38,invoice,overdue,none,returning,19,0,False,none,50,94312,0,False,0
txn_41a126e7,cust_0782,4581,INR,2026-05-09 18:04:38,checkout,successful,none,returning,4,0,False,none,0,20505,0,True,4581
txn_0ba63262,cust_0255,24049,INR,2026-07-21 18:40:38,subscription,failed,card_declined,new,0,0,False,canceled,0,24049,0,False,0
txn_1a3b07c2,cust_0439,23004,INR,2026-04-26 12:25:38,checkout,successful,none,returning,7,1,False,none,0,53433,0,True,23004
txn_2ddf05bf,cust_0111,6615,INR,2026-04-09 03:43:38,subscription,failed,authentication_failure,VIP,40,3,False,canceled,0,61895,0,False,0
txn_14cd8c50,cust_0269,6882,INR,2026-06-14 09:06:38,subscription,successful,none,VIP,27,1,False,active,0,103299,0,True,6882
txn_cc7a6dcb,cust_0303,3888,INR,2026-03-30 01:33:38,checkout,successful,none,VIP,24,4,False,none,0,23040,0,True,3888
txn_b117217f,cust_0647,32604,INR,2026-08-03 07:13:38,invoice,successful,none,returning,8,3,False,none,0,45452,0,True,32604
txn_138fc132,cust_0539,18587,INR,2026-08-07 10:12:38,subscription,successful,none,new,0,0,True,active,0,18587,0,True,18587
txn_23a0ef14,cust_0634,40410,INR,2026-06-17 15:58:38,checkout,successful,none,new,0,0,False,none,0,40410,0,True,40410
txn_269405de,cust_0423,37219,INR,2026-03-22 03:42:38,invoice,overdue,none,returning,9,3,False,none,83,70285,0,False,0
txn_f9748824,cust_0161,6638,INR,2026-06-04 23:01:38,invoice,successful,none,new,1,0,False,none,0,8409,0,True,6638
txn_bb1efc61,cust_0256,10974,INR,2026-06-15 18:03:38,subscription,successful,none,new,0,0,False,active,0,10974,0,True,10974
txn_cc95182e,cust_0874,30777,INR,2026-05-25 02:50:38,invoice,successful,none,new,0,0,False,none,0,30777,0,True,30777
txn_855e5782,cust_0872,17296,INR,2026-05-14 06:59:38,payment,failed,network_error,VIP,41,4,False,none,0,41814,0,False,0
txn_b2338ba0,cust_0871,35637,INR,2026-04-08 09:37:38,payment,successful,none,new,0,0,False,none,0,35637,0,True,35637
txn_39b06c6a,cust_0598,41707,INR,2026-07-23 04:01:38,payment,successful,none,VIP,68,1,False,none,0,307587,0,True,41707
txn_109e87a1,cust_0160,36253,INR,2026-06-21 20:51:38,subscription,failed,insufficient_funds,new,0,0,False,canceled,0,36253,0,False,0
txn_e91ad1a7,cust_0196,35272,INR,2026-08-08 10:03:38,invoice,successful,none,VIP,29,1,False,none,0,159392,0,True,35272
txn_9755af26,cust_0936,4928,INR,2026-05-21 22:49:38,payment,successful,none,VIP,24,5,False,none,0,46904,0,True,4928
txn_cd51cbc4,cust_0807,17373,INR,2026-08-26 07:21:38,checkout,abandoned,none,new,0,0,True,none,0,17373,0,False,0
txn_6298f6f2,cust_0895,29866,INR,2026-04-01 00:18:38,payment,successful,none,VIP,92,5,False,none,0,169338,0,True,29866
txn_17516591,cust_0744,24896,INR,2026-08-16 12:10:38,payment,failed,insufficient_funds,returning,14,1,False,none,0,65090,0,False,0
txn_09801180,cust_0774,6210,INR,2026-04-05 23:20:38,subscription,successful,none,new,0,0,False,active,0,6210,0,True,6210
txn_063cd4a0,cust_0715,22500,INR,2026-05-06 00:44:38,payment,successful,none,VIP,49,1,False,none,0,173371,0,True,22500
txn_b8096a87,cust_0040,20535,INR,2026-06-18 17:35:38,invoice,successful,none,VIP,66,3,False,none,0,54261,0,True,20535
txn_bf74ceeb,cust_0103,25422,INR,2026-08-22 13:20:38,invoice,overdue,none,returning,17,3,False,none,59,107243,0,False,0
txn_8fca53ef,cust_0279,23279,INR,2026-03-11 03:48:38,invoice,successful,none,returning,16,1,False,none,0,51263,0,True,23279
txn_0a5c3277,cust_0744,3681,INR,2026-05-04 11:10:38,invoice,successful,none,returning,1,1,False,none,0,5940,0,True,3681
txn_c7406b3d,cust_0253,38151,INR,2026-03-23 10:21:38,subscription,failed,temporary_bank_error,VIP,33,5,False,past_due,0,116460,0,False,0
txn_2117bd05,cust_0987,41392,INR,2026-07-16 05:38:38,invoice,successful,none,returning,3,0,True,none,0,52360,0,True,41392
txn_424347ed,cust_0240,23076,INR,2026-04-24 07:11:38,checkout,abandoned,none,new,0,0,True,none,0,23076,0,False,0
txn_34e3338a,cust_0028,2472,INR,2026-08-03 14:06:38,payment,successful,none,VIP,97,3,False,none,0,315006,0,True,2472
txn_22ac7a60,cust_0954,2554,INR,2026-04-16 06:57:38,invoice,successful,none,returning,1,0,False,none,0,5355,0,True,2554
txn_c4956e35,cust_0794,36893,INR,2026-04-17 16:57:38,invoice,successful,none,VIP,94,4,False,none,0,293043,0,True,36893
txn_fadfc710,cust_0416,42674,INR,2026-05-03 05:26:38,subscription,successful,none,new,0,0,False,active,0,42674,0,True,42674
txn_907d04fd,cust_0498,29231,INR,2026-04-03 09:48:38,checkout,abandoned,none,new,1,0,True,none,0,32296,0,False,0
txn_ef80e059,cust_0455,13337,INR,2026-04-02 20:38:38,payment,successful,none,VIP,33,0,False,none,0,49802,0,True,13337
txn_edddd5ea,cust_0285,3512,INR,2026-06-13 16:35:38,payment,successful,none,VIP,23,1,False,none,0,32492,0,True,3512
txn_44e95cbc,cust_0459,38891,INR,2026-04-17 09:44:38,invoice,successful,none,returning,8,1,False,none,0,58179,0,True,38891
txn_8253d433,cust_0384,26783,INR,2026-03-06 18:34:38,checkout,successful,none,new,0,0,False,none,0,26783,0,True,26783
txn_e1d62c8f,cust_0250,15444,INR,2026-03-31 01:15:38,checkout,successful,none,new,0,0,False,none,0,15444,0,True,15444
txn_ca79ffa5,cust_0220,26590,INR,2026-03-23 03:45:38,checkout,successful,none,VIP,69,5,False,none,0,124156,0,True,26590
txn_cc7a68f9,cust_0107,15524,INR,2026-03-03 15:09:38,checkout,abandoned,none,returning,7,2,True,none,0,43538,0,False,0
txn_cda8299c,cust_0952,47132,INR,2026-06-03 22:11:38,subscription,successful,none,new,1,0,False,active,0,51941,0,True,47132
txn_3032337d,cust_0887,10155,INR,2026-06-21 21:21:38,checkout,abandoned,none,returning,13,3,True,none,0,26496,0,False,0
txn_8da4346f,cust_0591,15922,INR,2026-05-20 04:27:38,invoice,overdue,none,new,0,0,False,none,36,15922,0,False,0
txn_95102aed,cust_0373,484,INR,2026-05-01 00:18:38,checkout,successful,none,VIP,32,3,False,none,0,76484,0,True,484
txn_27b05f68,cust_0398,47095,INR,2026-03-30 01:47:38,payment,successful,none,new,1,0,False,none,0,47795,0,True,47095
txn_80f212b9,cust_0403,24413,INR,2026-05-05 19:20:38,checkout,successful,none,returning,13,1,False,none,0,87892,0,True,24413
txn_33989675,cust_0662,43525,INR,2026-06-28 23:41:38,invoice,overdue,none,returning,12,3,False,none,81,50005,0,False,0
txn_23e8919b,cust_0487,43446,INR,2026-05-17 19:49:38,subscription,successful,none,VIP,32,5,False,active,0,201238,0,True,43446
txn_23e013da,cust_0130,23831,INR,2026-07-14 07:23:38,invoice,overdue,none,VIP,27,2,False,none,42,42596,0,False,0
txn_edd3f75c,cust_0803,43800,INR,2026-05-11 17:00:38,payment,successful,none,new,0,0,False,none,0,43800,0,True,43800
txn_aa4efc73,cust_0198,38466,INR,2026-08-05 12:26:38,invoice,successful,none,VIP,53,2,False,none,0,288202,0,True,38466
txn_dbc4eed4,cust_0671,48587,INR,2026-03-21 17:38:38,subscription,successful,none,new,1,0,False,active,0,52162,0,True,48587
txn_31a217c6,cust_0202,46557,INR,2026-06-21 03:19:38,subscription,failed,authentication_failure,VIP,47,0,False,past_due,0,93651,0,False,0
txn_59969547,cust_0644,30653,INR,2026-07-23 15:22:38,subscription,successful,none,returning,12,2,False,active,0,77837,0,True,30653
txn_d487668e,cust_0561,34854,INR,2026-05-14 12:38:38,checkout,abandoned,none,new,0,0,True,none,0,34854,0,False,0
txn_4c201dd9,cust_0842,47760,INR,2026-03-18 22:41:38,invoice,successful,none,returning,4,3,False,none,0,62356,0,True,47760
txn_d9bddcf7,cust_0195,2004,INR,2026-05-11 03:14:38,subscription,successful,none,returning,9,0,False,active,0,38670,0,True,2004
txn_94c90444,cust_0424,41104,INR,2026-07-21 11:36:38,payment,successful,none,returning,14,2,False,none,0,49812,0,True,41104
txn_62b25a61,cust_0675,4538,INR,2026-04-13 14:30:38,subscription,successful,none,new,1,0,False,active,0,6184,0,True,4538
txn_d6037fc9,cust_0934,26466,INR,2026-06-27 04:49:38,invoice,overdue,none,new,0,0,False,none,59,26466,0,False,0
txn_6567d565,cust_0866,41034,INR,2026-03-23 05:38:38,checkout,successful,none,new,0,0,False,none,0,41034,0,True,41034
txn_f3a2f8b7,cust_0779,19844,INR,2026-07-30 16:22:38,checkout,successful,none,new,1,0,False,none,0,24785,0,True,19844
txn_067af2b3,cust_0048,14685,INR,2026-04-06 03:56:38,subscription,successful,none,returning,9,0,True,active,0,57498,0,True,14685
txn_9dc3e655,cust_0720,21985,INR,2026-07-16 03:53:38,checkout,successful,none,returning,20,0,False,none,0,95645,0,True,21985
txn_40ab0162,cust_0176,40060,INR,2026-06-20 07:11:38,payment,successful,none,returning,19,0,True,none,0,73196,0,True,40060
txn_f5e9c448,cust_0183,7717,INR,2026-07-10 08:54:38,invoice,successful,none,VIP,70,3,False,none,0,55597,0,True,7717
txn_b7fd45be,cust_0180,35174,INR,2026-06-29 19:57:38,payment,successful,none,VIP,60,2,False,none,0,305834,0,True,35174
txn_e900a137,cust_0617,37537,INR,2026-03-16 15:10:38,invoice,overdue,none,returning,16,2,False,none,26,90913,0,False,0
txn_ca716d5f,cust_0066,17757,INR,2026-04-14 06:17:38,payment,failed,temporary_bank_error,returning,7,3,True,none,0,47402,0,False,0
txn_fba9ba2f,cust_0475,25852,INR,2026-04-07 09:40:38,invoice,overdue,none,returning,4,0,False,none,84,33104,0,False,0
txn_93586c42,cust_0032,13553,INR,2026-06-25 17:39:38,invoice,overdue,none,new,0,0,False,none,27,13553,0,False,0
txn_88900bab,cust_0592,45937,INR,2026-07-01 13:35:38,invoice,overdue,none,new,1,0,False,none,19,47578,0,False,0
txn_5b69e732,cust_0086,31013,INR,2026-05-29 09:52:38,subscription,successful,none,new,1,0,False,active,0,33393,0,True,31013
txn_8ce7c806,cust_0484,12151,INR,2026-08-22 02:08:38,payment,successful,none,new,0,0,False,none,0,12151,0,True,12151
txn_1058c708,cust_0850,30899,INR,2026-03-02 05:38:38,checkout,successful,none,VIP,28,3,False,none,0,81635,0,True,30899
txn_c9319198,cust_0335,41337,INR,2026-08-03 21:41:38,invoice,overdue,none,new,0,0,False,none,51,41337,0,False,0
txn_b17f4d88,cust_0034,23917,INR,2026-06-22 21:18:38,payment,successful,none,VIP,34,4,False,none,0,125441,0,True,23917
txn_d87eae9a,cust_0707,11432,INR,2026-05-04 15:18:38,subscription,successful,none,new,0,0,False,active,0,11432,0,True,11432
txn_3e57efb1,cust_0764,2609,INR,2026-07-09 22:09:38,subscription,successful,none,VIP,87,1,False,active,0,48110,0,True,2609
txn_6b96e4c1,cust_0339,42026,INR,2026-07-22 02:25:38,subscription,failed,card_declined,new,0,0,False,canceled,0,42026,0,False,0
txn_ad556fc8,cust_0727,7430,INR,2026-05-10 00:02:38,invoice,overdue,none,returning,8,0,False,none,54,39086,0,False,0
txn_f4fd47bb,cust_0745,30983,INR,2026-07-06 19:10:38,checkout,abandoned,none,VIP,59,0,True,none,0,180666,0,False,0
txn_58bba351,cust_0966,16662,INR,2026-06-21 00:57:38,payment,successful,none,new,1,0,False,none,0,17977,0,True,16662
txn_589e6453,cust_0298,45042,INR,2026-03-13 15:55:38,checkout,successful,none,VIP,62,4,False,none,0,89992,0,True,45042
txn_4dc7a686,cust_0851,9452,INR,2026-06-13 16:19:38,invoice,successful,none,VIP,41,4,False,none,0,31141,0,True,9452
txn_8c54428c,cust_0670,20930,INR,2026-07-09 16:05:38,payment,successful,none,VIP,72,4,False,none,0,302090,0,True,20930
txn_3809c5d3,cust_0340,46522,INR,2026-07-23 21:36:38,checkout,abandoned,none,returning,6,1,True,none,0,57514,0,False,0
txn_53161f5d,cust_0516,3245,INR,2026-06-28 07:28:38,invoice,overdue,none,VIP,44,3,False,none,42,185625,0,False,0
txn_a0af6f85,cust_0509,3852,INR,2026-08-16 16:21:38,checkout,successful,none,returning,6,2,False,none,0,16602,0,True,3852
txn_8f8fd62b,cust_0837,21701,INR,2026-02-28 01:51:38,subscription,successful,none,returning,11,3,False,active,0,43558,0,True,21701
txn_9997088e,cust_0227,26436,INR,2026-08-23 12:25:38,payment,successful,none,new,1,0,False,none,0,29199,0,True,26436
txn_6aa3aeec,cust_0724,23610,INR,2026-06-09 15:15:38,payment,successful,none,VIP,80,0,False,none,0,419770,0,True,23610
txn_5828cb5c,cust_0983,14530,INR,2026-07-12 18:06:38,subscription,failed,unknown,VIP,57,5,False,canceled,0,213175,0,False,0
txn_dd0b61a4,cust_0456,23209,INR,2026-05-05 00:35:38,subscription,failed,authentication_failure,returning,20,0,False,canceled,0,50729,0,False,0
txn_6a403746,cust_0777,1300,INR,2026-06-24 08:37:38,checkout,successful,none,returning,15,3,False,none,0,26335,0,True,1300
txn_ed645078,cust_0399,6920,INR,2026-08-18 15:30:38,invoice,overdue,none,new,1,0,False,none,12,11766,0,False,0
txn_a6810285,cust_0120,11102,INR,2026-03-28 07:23:38,subscription,successful,none,new,0,0,False,active,0,11102,0,True,11102
txn_d27ad14f,cust_0279,33786,INR,2026-03-18 00:30:38,subscription,successful,none,returning,14,0,False,active,0,55682,0,True,33786
txn_ec9d565f,cust_0008,40563,INR,2026-07-28 20:11:38,subscription,successful,none,VIP,83,2,False,active,0,347497,0,True,40563
txn_2d0e5081,cust_0478,37602,INR,2026-07-02 12:53:38,subscription,failed,network_error,new,1,0,False,past_due,0,41329,0,False,0
txn_a615627a,cust_0752,49131,INR,2026-03-14 15:52:38,subscription,failed,card_declined,VIP,91,4,False,canceled,0,476376,0,False,0
txn_2599bf8b,cust_0795,17021,INR,2026-03-02 12:23:38,checkout,abandoned,none,new,1,0,True,none,0,20764,0,False,0
txn_8d452057,cust_0005,37355,INR,2026-03-23 19:45:38,payment,failed,unknown,returning,8,3,False,none,0,60003,0,False,0
txn_ff71c069,cust_0321,18233,INR,2026-07-30 17:58:38,checkout,abandoned,none,returning,9,2,True,none,0,43163,0,False,0
txn_8d8b4b2d,cust_0139,11264,INR,2026-05-04 07:50:38,invoice,successful,none,returning,11,2,False,none,0,37686,0,True,11264
txn_858158ad,cust_0960,25724,INR,2026-04-18 12:28:38,payment,successful,none,VIP,53,1,False,none,0,200200,0,True,25724
txn_9681ee05,cust_0832,21686,INR,2026-06-08 04:54:38,payment,failed,authentication_failure,VIP,93,3,False,none,0,345326,0,False,0
txn_36eabeb9,cust_0509,44135,INR,2026-04-27 03:07:38,checkout,abandoned,none,returning,14,0,True,none,0,94521,0,False,0
txn_7cd1ab3f,cust_0694,14392,INR,2026-05-05 22:44:38,invoice,overdue,none,new,1,0,False,none,40,16616,0,False,0
txn_08cce64a,cust_0477,45104,INR,2026-03-15 23:26:38,invoice,successful,none,returning,4,1,False,none,0,57468,0,True,45104
txn_75942c02,cust_0398,35135,INR,2026-04-21 09:08:38,subscription,successful,none,VIP,40,1,False,active,0,117615,0,True,35135
txn_c7d69343,cust_0596,12492,INR,2026-06-02 21:37:38,invoice,successful,none,VIP,97,2,False,none,0,164200,0,True,12492
txn_1b8bf521,cust_0090,12374,INR,2026-05-02 12:06:38,subscription,successful,none,new,1,0,False,active,0,15454,0,True,12374
txn_8e6157e8,cust_0639,46691,INR,2026-07-26 12:09:38,subscription,failed,temporary_bank_error,returning,5,2,False,canceled,0,51386,0,False,0
txn_e073e608,cust_0435,5004,INR,2026-06-08 08:04:38,checkout,successful,none,VIP,62,0,False,none,0,159384,0,True,5004
txn_a6b0d14c,cust_0042,2846,INR,2026-05-12 10:10:38,payment,failed,temporary_bank_error,returning,4,3,False,none,0,13086,0,False,0
txn_7912e35f,cust_0281,23722,INR,2026-04-05 11:27:38,invoice,overdue,none,returning,13,0,False,none,73,47265,0,False,0
txn_b27ee333,cust_0694,6210,INR,2026-05-16 15:29:38,payment,failed,authentication_failure,VIP,21,3,True,none,0,72591,0,False,0
txn_0fd4f565,cust_0672,9892,INR,2026-06-16 05:51:38,subscription,successful,none,VIP,100,0,False,active,0,358592,0,True,9892
txn_d586c61f,cust_0380,16374,INR,2026-05-15 12:41:38,payment,failed,insufficient_funds,returning,11,2,False,none,0,51871,0,False,0
txn_376036c1,cust_0511,533,INR,2026-07-23 04:00:38,invoice,successful,none,returning,18,2,False,none,0,41429,0,True,533
txn_e0e269a3,cust_0741,12662,INR,2026-04-16 13:42:38,invoice,overdue,none,VIP,27,2,True,none,74,117071,0,False,0
txn_17484bc7,cust_0739,16103,INR,2026-03-05 14:17:38,subscription,failed,network_error,VIP,38,3,False,canceled,0,40499,0,False,0
txn_c708e23c,cust_0972,29206,INR,2026-03-25 17:59:38,checkout,successful,none,returning,1,3,False,none,0,30559,0,True,29206
txn_0f20929c,cust_0069,30392,INR,2026-03-31 13:10:38,payment,failed,unknown,returning,4,1,False,none,0,33656,0,False,0
txn_cac406c8,cust_0447,2273,INR,2026-08-09 01:45:38,invoice,successful,none,VIP,80,1,False,none,0,117313,0,True,2273
txn_294337dd,cust_0603,15675,INR,2026-05-22 22:47:38,subscription,successful,none,VIP,29,5,False,active,0,67585,0,True,15675
txn_7868d12f,cust_0230,260,INR,2026-05-13 17:31:38,checkout,successful,none,new,1,0,False,none,0,1456,0,True,260
txn_1ab49fc9,cust_0906,36749,INR,2026-06-17 13:57:38,subscription,successful,none,new,0,0,False,active,0,36749,0,True,36749
txn_50c67b39,cust_0293,20780,INR,2026-04-11 01:30:38,checkout,abandoned,none,VIP,91,2,True,none,0,432282,0,False,0
txn_4f8d0738,cust_0064,11012,INR,2026-04-16 20:39:38,subscription,successful,none,returning,7,1,False,active,0,23612,0,True,11012
txn_c2060b0c,cust_1000,5287,INR,2026-02-28 06:03:38,payment,failed,authentication_failure,VIP,90,0,False,none,0,264847,0,False,0
txn_58abaf8b,cust_0759,21336,INR,2026-05-12 20:34:38,subscription,successful,none,returning,16,3,False,active,0,31048,0,True,21336
txn_4e0095b2,cust_0451,28056,INR,2026-05-01 12:58:38,checkout,successful,none,new,1,0,False,none,0,31362,0,True,28056
txn_4ee8ebbe,cust_0481,45639,INR,2026-03-01 20:48:38,checkout,successful,none,returning,18,2,False,none,0,56709,0,True,45639
txn_489998ae,cust_0480,20945,INR,2026-03-23 02:54:38,invoice,successful,none,returning,2,3,False,none,0,23359,0,True,20945
txn_0d5cb733,cust_0535,10137,INR,2026-07-21 06:43:38,subscription,failed,card_declined,new,0,0,False,canceled,0,10137,0,False,0
txn_197ccfce,cust_0449,46463,INR,2026-04-23 16:45:38,subscription,failed,insufficient_funds,new,0,0,False,past_due,0,46463,0,False,0
txn_7ffd50f9,cust_0343,27903,INR,2026-03-16 07:02:38,payment,successful,none,returning,13,0,False,none,0,55827,0,True,27903
txn_206c5597,cust_0652,31029,INR,2026-07-10 15:30:38,checkout,successful,none,new,0,0,False,none,0,31029,0,True,31029
txn_6f5e2890,cust_0571,17303,INR,2026-06-19 16:33:38,subscription,successful,none,VIP,66,1,False,active,0,251999,0,True,17303
txn_8d179102,cust_0591,1280,INR,2026-04-16 05:26:38,payment,successful,none,VIP,30,4,False,none,0,80570,0,True,1280
txn_075215b8,cust_0002,7866,INR,2026-08-01 08:16:38,invoice,overdue,none,VIP,85,5,False,none,61,329081,0,False,0
txn_63ec91f2,cust_0742,30727,INR,2026-07-01 11:59:38,payment,successful,none,new,1,0,False,none,0,33563,0,True,30727
txn_8a0185f0,cust_0750,38044,INR,2026-03-15 10:00:38,invoice,overdue,none,returning,20,3,False,none,48,122264,0,False,0
txn_138b0b17,cust_0998,3619,INR,2026-04-03 19:23:38,checkout,successful,none,new,0,0,False,none,0,3619,0,True,3619
txn_5576ca9a,cust_0569,3442,INR,2026-08-15 15:04:38,payment,failed,authentication_failure,VIP,66,0,True,none,0,131878,0,False,0
txn_aca2c312,cust_0721,37150,INR,2026-03-08 13:47:38,subscription,failed,card_declined,VIP,99,1,False,past_due,0,113182,0,False,0
txn_348d9d3f,cust_0927,30945,INR,2026-03-07 20:45:38,invoice,overdue,none,VIP,97,3,False,none,47,293136,0,False,0
txn_695944a9,cust_0433,21973,INR,2026-07-16 08:17:38,payment,failed,network_error,returning,20,3,False,none,0,82633,0,False,0
txn_fe07831e,cust_0686,44546,INR,2026-06-16 16:04:38,checkout,successful,none,VIP,41,0,False,none,0,159510,0,True,44546
txn_acdbab66,cust_0452,13940,INR,2026-07-10 11:57:38,checkout,abandoned,none,returning,2,2,True,none,0,16462,0,False,0
txn_171fa7cd,cust_0890,40247,INR,2026-07-28 19:43:38,invoice,overdue,none,returning,14,3,False,none,30,98543,0,False,0
txn_dfd20518,cust_0328,414,INR,2026-03-12 17:35:38,invoice,overdue,none,returning,16,0,False,none,68,68414,0,False,0
txn_99ce9ecd,cust_0529,19647,INR,2026-08-19 03:23:38,invoice,successful,none,VIP,30,2,False,none,0,101697,0,True,19647
txn_989528a3,cust_0176,22212,INR,2026-06-04 18:50:38,invoice,successful,none,returning,2,2,False,none,0,30488,0,True,22212
txn_b52ca9e4,cust_0265,36658,INR,2026-03-29 16:20:38,subscription,failed,card_declined,returning,8,2,False,past_due,0,50178,0,False,0
txn_d0929686,cust_0986,6032,INR,2026-06-24 05:43:38,invoice,overdue,none,new,1,0,False,none,89,7112,0,False,0
txn_85912731,cust_0611,33633,INR,2026-04-02 06:19:38,checkout,successful,none,new,0,0,False,none,0,33633,0,True,33633
txn_e4edfa44,cust_0839,13839,INR,2026-03-03 02:26:38,payment,successful,none,VIP,78,5,False,none,0,179667,0,True,13839
txn_b7af9ab0,cust_0152,2713,INR,2026-04-22 21:27:38,invoice,overdue,none,VIP,73,2,False,none,20,131777,0,False,0
txn_97ae892a,cust_0304,22051,INR,2026-04-26 01:31:38,checkout,successful,none,VIP,40,4,False,none,0,211451,0,True,22051
txn_201a6e5a,cust_0992,40061,INR,2026-06-22 23:40:38,subscription,successful,none,new,1,0,False,active,0,44415,0,True,40061
txn_a1e290cd,cust_0396,29385,INR,2026-05-03 15:56:38,checkout,successful,none,new,1,0,False,none,0,31314,0,True,29385
txn_39d7b407,cust_0269,16619,INR,2026-04-12 17:35:38,subscription,failed,card_declined,returning,3,3,False,past_due,0,22619,0,False,0
txn_c5f2cef5,cust_0434,9540,INR,2026-04-29 09:08:38,subscription,successful,none,returning,14,3,False,active,0,78672,0,True,9540
txn_9c354b07,cust_0905,33701,INR,2026-07-28 23:27:38,checkout,successful,none,returning,10,0,False,none,0,58001,0,True,33701
txn_c5c3d198,cust_0709,47419,INR,2026-03-26 06:15:38,invoice,overdue,none,new,1,0,False,none,75,47945,0,False,0
txn_e520f173,cust_0596,21915,INR,2026-04-17 00:25:38,payment,failed,unknown,new,1,0,False,none,0,25502,0,False,0
txn_ff94e0cc,cust_0807,18371,INR,2026-03-09 08:00:38,checkout,successful,none,returning,16,1,False,none,0,81667,0,True,18371
txn_9d07a741,cust_0420,4681,INR,2026-06-27 17:35:38,checkout,successful,none,VIP,71,1,False,none,0,117074,0,True,4681
txn_64e289b5,cust_0344,43172,INR,2026-06-29 16:02:38,invoice,successful,none,VIP,52,4,False,none,0,82016,0,True,43172
txn_ddbd7f96,cust_0461,46404,INR,2026-05-06 22:15:38,subscription,successful,none,VIP,58,1,False,active,0,193260,0,True,46404
txn_490ae7b0,cust_0733,42735,INR,2026-06-16 09:57:38,checkout,abandoned,none,returning,3,3,True,none,0,48213,0,False,0
txn_cf194523,cust_0193,23178,INR,2026-07-05 01:42:38,invoice,overdue,none,new,0,0,False,none,54,23178,0,False,0
txn_f8a1e6f9,cust_0571,35786,INR,2026-06-06 20:30:38,subscription,successful,none,returning,18,0,False,active,0,103034,0,True,35786
txn_4d50dc82,cust_0526,40901,INR,2026-06-13 16:53:38,checkout,successful,none,returning,13,1,False,none,0,85062,0,True,40901
txn_baab1f75,cust_0876,10929,INR,2026-07-14 21:53:38,invoice,overdue,none,VIP,86,1,False,none,81,292407,0,False,0
txn_436ba9f6,cust_0934,25084,INR,2026-03-25 02:38:38,subscription,failed,network_error,returning,20,2,False,past_due,0,98984,0,False,0
txn_e27314e7,cust_0710,35283,INR,2026-08-16 12:21:38,subscription,successful,none,VIP,56,3,False,active,0,79747,0,True,35283
txn_6a6d3d69,cust_0554,44304,INR,2026-07-18 19:13:38,payment,failed,network_error,VIP,78,0,False,none,0,190320,0,False,0
txn_315ad6d6,cust_0447,25110,INR,2026-07-24 05:52:38,invoice,overdue,none,returning,5,3,False,none,67,47290,0,False,0
txn_4a7274be,cust_0148,22246,INR,2026-06-26 15:26:38,payment,failed,authentication_failure,VIP,79,5,False,none,0,306804,0,False,0
txn_7c11e726,cust_0575,31761,INR,2026-08-26 06:15:38,invoice,successful,none,new,1,0,False,none,0,35846,0,True,31761
txn_2123fbba,cust_0654,15013,INR,2026-06-01 06:15:38,payment,failed,insufficient_funds,VIP,64,5,False,none,0,240037,0,False,0
txn_226bc801,cust_0880,42722,INR,2026-07-04 08:53:38,subscription,successful,none,returning,16,0,False,active,0,58050,0,True,42722
txn_b423ba3a,cust_0224,38373,INR,2026-03-17 21:34:38,invoice,successful,none,new,0,0,False,none,0,38373,0,True,38373
txn_d0938e4a,cust_0836,36194,INR,2026-08-16 20:17:38,checkout,successful,none,returning,1,2,False,none,0,38031,0,True,36194
txn_435d8a0c,cust_0931,22234,INR,2026-05-01 23:24:38,checkout,successful,none,returning,17,1,False,none,0,93379,0,True,22234
txn_25f821fe,cust_0489,6915,INR,2026-05-11 22:36:38,invoice,successful,none,VIP,88,0,False,none,0,310163,0,True,6915
txn_97cf1a5e,cust_0472,26296,INR,2026-08-25 10:09:38,invoice,overdue,none,new,1,0,False,none,83,29608,0,False,0
txn_266a17c2,cust_0512,17437,INR,2026-03-21 16:42:38,invoice,successful,none,VIP,49,1,False,none,0,117152,0,True,17437
txn_72dad227,cust_0361,35775,INR,2026-03-12 05:29:38,checkout,successful,none,VIP,79,5,True,none,0,358490,0,True,35775
txn_1f7ece80,cust_0963,44493,INR,2026-08-19 04:00:38,checkout,successful,none,returning,19,2,False,none,0,78826,0,True,44493
txn_17695686,cust_0212,36482,INR,2026-08-15 11:31:38,checkout,successful,none,new,0,0,False,none,0,36482,0,True,36482
txn_1c12bf53,cust_0030,37843,INR,2026-05-23 14:52:38,invoice,overdue,none,VIP,35,1,False,none,66,199998,0,False,0
txn_9be98028,cust_0563,23421,INR,2026-08-08 17:52:38,invoice,successful,none,VIP,26,2,False,none,0,153161,0,True,23421
txn_a5cf50af,cust_0469,7765,INR,2026-07-24 22:45:38,subscription,failed,card_declined,returning,7,2,False,past_due,0,34414,0,False,0
txn_d0106077,cust_0073,10959,INR,2026-05-25 04:42:38,invoice,successful,none,returning,13,2,False,none,0,63401,0,True,10959
txn_9eaa7e16,cust_0362,43864,INR,2026-08-21 09:06:38,invoice,overdue,none,returning,11,2,False,none,38,82782,0,False,0
txn_6583a19a,cust_0645,15828,INR,2026-04-18 07:30:38,invoice,overdue,none,returning,5,0,False,none,89,36473,0,False,0
txn_ea844a90,cust_0573,18858,INR,2026-07-24 19:32:38,invoice,overdue,none,new,1,0,False,none,10,20672,0,False,0
txn_b53f3357,cust_0966,24149,INR,2026-06-08 15:31:38,payment,failed,temporary_bank_error,returning,17,1,False,none,0,42985,0,False,0
txn_48c19411,cust_0095,41332,INR,2026-06-07 15:23:38,subscription,successful,none,returning,12,3,False,active,0,76360,0,True,41332
txn_c16bbb23,cust_0809,2745,INR,2026-03-21 10:57:38,checkout,abandoned,none,VIP,37,3,True,none,0,138128,0,False,0
txn_bd7b464c,cust_0308,33712,INR,2026-06-27 13:40:38,subscription,successful,none,new,0,0,False,active,0,33712,0,True,33712
txn_6c96def1,cust_0900,11144,INR,2026-05-08 12:08:38,invoice,overdue,none,returning,1,1,False,none,37,13284,0,False,0
txn_a45e2bd6,cust_0817,1545,INR,2026-03-12 14:04:38,subscription,failed,temporary_bank_error,VIP,31,4,False,past_due,0,26872,0,False,0
txn_fee585b3,cust_0725,20873,INR,2026-06-24 17:18:38,payment,successful,none,new,1,0,False,none,0,25292,0,True,20873
txn_9751e420,cust_0243,43052,INR,2026-05-15 19:21:38,checkout,abandoned,none,new,1,0,True,none,0,46029,0,False,0
txn_8827c4d1,cust_0978,39050,INR,2026-06-29 10:35:38,payment,successful,none,new,0,0,False,none,0,39050,0,True,39050
txn_041dcff8,cust_0071,24144,INR,2026-05-01 05:52:38,invoice,successful,none,new,0,0,False,none,0,24144,0,True,24144
txn_037cc2cc,cust_0245,12266,INR,2026-07-16 00:21:38,invoice,successful,none,returning,5,0,False,none,0,19536,0,True,12266
txn_9fe7f103,cust_0515,46483,INR,2026-03-29 09:51:38,invoice,overdue,none,new,0,0,False,none,27,46483,0,False,0
txn_a8874ddc,cust_0570,40605,INR,2026-03-07 06:07:38,payment,successful,none,VIP,87,5,False,none,0,134130,0,True,40605
txn_5d46e65c,cust_0193,10440,INR,2026-04-18 15:22:38,checkout,abandoned,none,new,0,0,True,none,0,10440,0,False,0
txn_47b9bca3,cust_0097,12695,INR,2026-03-20 06:55:38,subscription,failed,authentication_failure,returning,5,1,False,past_due,0,32850,0,False,0
txn_bb208db5,cust_0934,19786,INR,2026-04-05 16:47:38,payment,successful,none,returning,3,0,False,none,0,26635,0,True,19786
txn_6387270b,cust_0298,33272,INR,2026-07-06 14:25:38,invoice,successful,none,new,1,0,False,none,0,34019,0,True,33272
txn_d4798050,cust_0279,16419,INR,2026-08-20 04:22:38,checkout,abandoned,none,returning,19,2,True,none,0,92818,0,False,0
txn_817f5b2b,cust_0789,34128,INR,2026-02-28 15:04:38,invoice,successful,none,returning,12,0,False,none,0,88872,0,True,34128
txn_dc61205e,cust_0078,42896,INR,2026-07-07 21:55:38,subscription,failed,card_declined,returning,7,0,True,past_due,0,69006,0,False,0
txn_6d1c1590,cust_0096,33118,INR,2026-08-20 12:38:38,invoice,overdue,none,VIP,27,2,False,none,10,143818,0,False,0
txn_10d37b56,cust_0881,40211,INR,2026-05-01 19:26:38,invoice,overdue,none,new,0,0,False,none,49,40211,0,False,0
txn_17364c03,cust_0413,39915,INR,2026-07-23 12:13:38,checkout,successful,none,VIP,70,3,False,none,0,215685,0,True,39915
txn_ee4442c6,cust_0111,3984,INR,2026-04-01 03:31:38,payment,failed,authentication_failure,VIP,60,4,False,none,0,38304,0,False,0
txn_c4e56259,cust_0050,18079,INR,2026-06-12 12:32:38,invoice,overdue,none,VIP,73,1,False,none,84,203864,0,False,0
txn_87b762b2,cust_0346,49424,INR,2026-04-10 20:53:38,invoice,successful,none,VIP,82,2,False,none,0,282058,0,True,49424
txn_abfd57fd,cust_0250,40932,INR,2026-04-15 08:28:38,subscription,successful,none,returning,11,0,False,active,0,90839,0,True,40932
txn_1448db5e,cust_0703,45480,INR,2026-07-30 12:47:38,subscription,successful,none,returning,18,2,False,active,0,94926,0,True,45480
txn_c944aebf,cust_0978,37855,INR,2026-04-17 13:37:38,checkout,abandoned,none,returning,1,1,True,none,0,40901,0,False,0
txn_926d9156,cust_0508,28173,INR,2026-04-24 13:01:38,checkout,abandoned,none,VIP,91,1,True,none,0,481990,0,False,0
txn_8e0d755d,cust_0149,41709,INR,2026-06-28 06:10:38,invoice,overdue,none,new,0,0,False,none,25,41709,0,False,0
txn_7f393a59,cust_0424,34105,INR,2026-06-20 16:01:38,checkout,successful,none,returning,9,3,False,none,0,73957,0,True,34105
txn_f2e7c7ff,cust_0040,5889,INR,2026-07-15 00:58:38,subscription,successful,none,returning,8,0,False,active,0,39857,0,True,5889
txn_1a591dfa,cust_0267,2545,INR,2026-07-29 19:37:38,payment,successful,none,returning,17,2,False,none,0,11708,0,True,2545
txn_68d451b8,cust_0450,5308,INR,2026-03-01 06:29:38,checkout,successful,none,new,0,0,False,none,0,5308,0,True,5308
txn_8e1f7696,cust_0122,27236,INR,2026-07-08 07:22:38,invoice,successful,none,new,1,0,False,none,0,30903,0,True,27236
txn_5415ad63,cust_0410,39917,INR,2026-03-19 11:02:38,subscription,successful,none,VIP,22,2,False,active,0,112495,0,True,39917
txn_80d30ee2,cust_0760,17021,INR,2026-06-23 11:55:38,invoice,overdue,none,returning,17,1,False,none,23,78408,0,False,0
txn_d58b0289,cust_0204,17592,INR,2026-04-04 07:43:38,payment,successful,none,returning,9,2,False,none,0,42792,0,True,17592
txn_4b43b244,cust_0010,27886,INR,2026-05-13 23:18:38,payment,successful,none,new,0,0,False,none,0,27886,0,True,27886
txn_f6f00d3b,cust_0992,9919,INR,2026-03-05 14:42:38,subscription,successful,none,VIP,68,4,False,active,0,306603,0,True,9919
txn_caca614b,cust_0762,47730,INR,2026-05-24 21:36:38,invoice,successful,none,new,1,0,False,none,0,52574,0,True,47730
txn_82d14a84,cust_0858,38171,INR,2026-03-31 13:10:38,invoice,overdue,none,VIP,100,3,False,none,42,105671,0,False,0
txn_bbe538d6,cust_0417,47032,INR,2026-07-10 05:35:38,payment,successful,none,VIP,66,0,False,none,0,373930,0,True,47032
txn_4810defc,cust_0282,17114,INR,2026-04-28 05:24:38,payment,failed,card_declined,VIP,100,2,False,none,0,289914,0,False,0
txn_d283e47e,cust_0830,27623,INR,2026-07-27 09:35:38,subscription,successful,none,returning,19,2,False,active,0,89316,0,True,27623
txn_d27040ad,cust_0292,23391,INR,2026-08-05 19:38:38,checkout,successful,none,VIP,69,3,False,none,0,243984,0,True,23391
txn_b92c7a54,cust_0487,45668,INR,2026-08-09 22:58:38,subscription,failed,authentication_failure,returning,6,0,False,past_due,0,49256,0,False,0
txn_98cae201,cust_0594,20156,INR,2026-06-29 08:43:38,invoice,successful,none,VIP,56,5,False,none,0,194428,0,True,20156
txn_0da70618,cust_0565,26923,INR,2026-04-17 23:55:38,subscription,successful,none,new,0,0,False,active,0,26923,0,True,26923
txn_0a1dfe15,cust_0093,45113,INR,2026-03-21 09:46:38,payment,failed,temporary_bank_error,returning,1,3,False,none,0,46460,0,False,0
txn_80bfafec,cust_0042,29491,INR,2026-06-15 13:46:38,subscription,failed,temporary_bank_error,returning,19,2,False,past_due,0,82843,0,False,0
txn_9a517dc7,cust_0731,41852,INR,2026-03-08 01:35:38,payment,failed,insufficient_funds,returning,5,1,False,none,0,53087,0,False,0
txn_d4537ac3,cust_0675,23640,INR,2026-07-23 05:30:38,invoice,successful,none,returning,19,0,True,none,0,65516,0,True,23640
txn_c3e0c016,cust_0974,18051,INR,2026-04-06 14:30:38,invoice,successful,none,VIP,80,0,False,none,0,112291,0,True,18051
txn_857cfbc7,cust_0075,4343,INR,2026-05-13 16:22:38,subscription,failed,temporary_bank_error,VIP,20,3,False,canceled,0,34123,0,False,0
txn_cb7887cb,cust_0261,26401,INR,2026-04-02 05:03:38,checkout,successful,none,returning,3,0,False,none,0,40306,0,True,26401
txn_be7fea09,cust_0750,11402,INR,2026-04-09 22:38:38,checkout,abandoned,none,returning,16,1,True,none,0,87050,0,False,0
txn_017f8e97,cust_0247,46659,INR,2026-08-13 03:51:38,subscription,successful,none,returning,16,2,False,active,0,119603,0,True,46659
txn_6329b41b,cust_0349,8029,INR,2026-07-18 16:38:38,subscription,successful,none,new,0,0,False,active,0,8029,0,True,8029
txn_84b16050,cust_0993,36467,INR,2026-03-31 17:47:38,payment,failed,network_error,new,0,0,False,none,0,36467,0,False,0
txn_1398c6f1,cust_0746,26698,INR,2026-07-06 02:13:38,invoice,successful,none,new,0,0,False,none,0,26698,0,True,26698
txn_ea30aeef,cust_0370,42474,INR,2026-05-15 21:53:38,checkout,abandoned,none,returning,3,3,True,none,0,51528,0,False,0
txn_bcff2739,cust_0850,7205,INR,2026-03-29 18:58:38,payment,successful,none,new,0,0,True,none,0,7205,0,True,7205
txn_b17fc1b9,cust_0533,16219,INR,2026-04-01 12:16:38,invoice,successful,none,new,1,0,False,none,0,20279,0,True,16219
txn_1da06b8a,cust_0585,49413,INR,2026-07-18 21:42:38,payment,successful,none,VIP,50,2,False,none,0,281063,0,True,49413
txn_b5206515,cust_0886,32324,INR,2026-04-28 09:43:38,subscription,failed,network_error,returning,6,3,False,canceled,0,52406,0,False,0
txn_1270d3c4,cust_0325,22402,INR,2026-03-07 11:21:38,invoice,overdue,none,returning,5,3,False,none,51,44187,0,False,0
txn_9109a8d6,cust_0165,33512,INR,2026-04-22 03:50:38,checkout,abandoned,none,VIP,33,3,True,none,0,123371,0,False,0
txn_6fd81e43,cust_0315,2744,INR,2026-07-13 06:47:38,subscription,successful,none,returning,5,1,False,active,0,7739,0,True,2744
txn_7e7794d7,cust_0222,14895,INR,2026-05-24 05:12:38,invoice,overdue,none,new,1,0,False,none,8,17489,0,False,0
txn_1a91c571,cust_0473,40194,INR,2026-05-09 03:05:38,payment,successful,none,returning,2,3,False,none,0,44914,0,True,40194
txn_a87f1577,cust_0477,9831,INR,2026-04-07 12:56:38,checkout,successful,none,returning,16,2,False,none,0,33831,0,True,9831
txn_8ecd6a92,cust_0608,37767,INR,2026-07-05 06:40:38,checkout,abandoned,none,new,0,0,True,none,0,37767,0,False,0
txn_b7effd73,cust_0954,26851,INR,2026-06-29 13:10:38,invoice,overdue,none,new,0,0,False,none,77,26851,0,False,0
txn_2b935221,cust_0714,35016,INR,2026-07-02 03:43:38,checkout,successful,none,returning,6,1,False,none,0,60888,0,True,35016
txn_c82398ad,cust_0105,22186,INR,2026-03-01 20:30:38,subscription,successful,none,new,0,0,False,active,0,22186,0,True,22186
txn_37921efe,cust_0146,35700,INR,2026-05-05 19:09:38,checkout,successful,none,VIP,46,2,False,none,0,71488,0,True,35700
txn_564df129,cust_0700,15384,INR,2026-05-16 22:37:38,subscription,successful,none,new,0,0,False,active,0,15384,0,True,15384
txn_4e302201,cust_0662,8480,INR,2026-05-07 15:49:38,invoice,overdue,none,returning,18,0,False,none,47,57188,0,False,0
txn_ca5f2c24,cust_0771,46687,INR,2026-05-21 02:25:38,checkout,successful,none,VIP,34,3,False,none,0,180919,0,True,46687
txn_2cfbba19,cust_0396,42865,INR,2026-03-04 15:20:38,invoice,overdue,none,returning,12,2,False,none,81,79057,0,False,0
txn_9613c4c6,cust_0475,43726,INR,2026-07-05 21:17:38,subscription,successful,none,VIP,40,3,True,active,0,158526,0,True,43726
txn_19623c53,cust_0993,29611,INR,2026-07-06 10:40:38,payment,failed,unknown,VIP,74,4,False,none,0,387475,0,False,0
txn_fdfe4514,cust_0219,34583,INR,2026-03-22 23:57:38,invoice,overdue,none,VIP,93,0,False,none,72,249413,0,False,0
txn_01baa697,cust_0531,44463,INR,2026-08-22 12:16:38,invoice,overdue,none,new,0,0,False,none,87,44463,0,False,0
txn_4e4e3282,cust_0776,33510,INR,2026-03-05 21:40:38,checkout,successful,none,VIP,73,2,False,none,0,286966,0,True,33510
txn_05448a1a,cust_0406,21833,INR,2026-05-02 12:07:38,payment,successful,none,returning,14,3,False,none,0,33047,0,True,21833
txn_61c2deb5,cust_0892,30969,INR,2026-03-31 07:40:38,payment,successful,none,returning,19,3,False,none,0,78849,0,True,30969
txn_8fd250df,cust_0541,47988,INR,2026-05-22 14:17:38,payment,failed,card_declined,returning,6,2,False,none,0,58194,0,False,0
txn_db798610,cust_0248,23199,INR,2026-05-13 11:48:38,invoice,successful,none,VIP,76,2,False,none,0,189335,0,True,23199
txn_881d416c,cust_0008,40410,INR,2026-06-15 06:03:38,subscription,failed,network_error,new,1,0,False,canceled,0,43534,0,False,0
txn_a5b8a3f4,cust_0204,43519,INR,2026-07-03 18:23:38,checkout,successful,none,new,1,0,False,none,0,44495,0,True,43519
txn_33cf7810,cust_0679,6066,INR,2026-05-23 11:43:38,payment,successful,none,new,1,0,False,none,0,8237,0,True,6066
txn_5dd9defe,cust_0673,11093,INR,2026-07-06 09:28:38,subscription,failed,unknown,returning,7,1,False,canceled,0,24337,0,False,0
txn_272b4661,cust_0613,17657,INR,2026-08-03 01:19:38,subscription,successful,none,new,1,0,True,active,0,21363,0,True,17657
txn_6fc4c6e9,cust_0562,780,INR,2026-07-04 20:17:38,checkout,successful,none,VIP,75,3,False,none,0,52305,0,True,780
txn_ce8a6e2f,cust_0793,20036,INR,2026-04-18 07:47:38,invoice,successful,none,VIP,93,5,False,none,0,217103,0,True,20036
txn_b6c049c2,cust_0496,18410,INR,2026-05-13 09:28:38,payment,successful,none,returning,2,0,False,none,0,22650,0,True,18410
txn_c6c60b00,cust_0678,46450,INR,2026-04-24 11:41:38,invoice,overdue,none,returning,18,0,False,none,85,57574,0,False,0
txn_83b6d5f1,cust_0262,28629,INR,2026-04-09 17:39:38,checkout,successful,none,returning,7,1,False,none,0,63069,0,True,28629
txn_79514513,cust_0334,46731,INR,2026-05-20 06:04:38,checkout,abandoned,none,new,0,0,True,none,0,46731,0,False,0
txn_5fab6083,cust_0196,5859,INR,2026-03-29 02:27:38,invoice,overdue,none,returning,18,2,False,none,71,81117,0,False,0
txn_32988f94,cust_0243,33029,INR,2026-05-29 17:48:38,checkout,abandoned,none,returning,9,1,True,none,0,56987,0,False,0
txn_3309cd06,cust_0327,33399,INR,2026-05-18 13:39:38,checkout,abandoned,none,VIP,47,4,True,none,0,72503,0,False,0
txn_6ee95385,cust_0047,9917,INR,2026-03-24 23:16:38,subscription,successful,none,VIP,93,5,False,active,0,353459,0,True,9917
txn_43041cf8,cust_0794,14668,INR,2026-03-28 09:15:38,checkout,successful,none,new,1,0,False,none,0,17225,0,True,14668
txn_3b1a4293,cust_0703,12333,INR,2026-08-11 18:53:38,invoice,overdue,none,returning,13,0,False,none,14,43871,0,False,0
txn_a25b6548,cust_0889,13834,INR,2026-06-12 00:35:38,checkout,successful,none,returning,14,2,False,none,0,64612,0,True,13834
txn_aea444f2,cust_0266,31356,INR,2026-03-31 15:44:38,invoice,successful,none,returning,9,3,False,none,0,67581,0,True,31356
txn_247c21aa,cust_0182,5468,INR,2026-06-27 19:50:38,subscription,failed,temporary_bank_error,new,1,0,False,past_due,0,6330,0,False,0
txn_3cfbf745,cust_0716,26646,INR,2026-03-01 16:46:38,checkout,abandoned,none,returning,12,3,True,none,0,82062,0,False,0
txn_65ed9df0,cust_0044,41966,INR,2026-07-03 13:03:38,payment,successful,none,returning,4,2,False,none,0,61042,0,True,41966
txn_90e64b05,cust_0732,35739,INR,2026-04-18 09:06:38,invoice,successful,none,VIP,71,0,False,none,0,129601,0,True,35739
txn_f2d73f5d,cust_0347,1798,INR,2026-08-20 17:15:38,payment,failed,network_error,returning,7,0,False,none,0,11367,0,False,0
txn_95ea8e52,cust_0097,23287,INR,2026-03-13 16:48:38,invoice,overdue,none,VIP,31,2,False,none,60,52675,0,False,0
txn_99f054fd,cust_0195,37337,INR,2026-04-02 15:44:38,payment,successful,none,returning,12,0,False,none,0,78353,0,True,37337
txn_7a23087b,cust_0228,38970,INR,2026-08-07 02:59:38,checkout,abandoned,none,VIP,72,4,True,none,0,333306,0,False,0
txn_af3ab4dd,cust_0079,32373,INR,2026-03-24 14:48:38,checkout,abandoned,none,returning,1,0,True,none,0,35422,0,False,0
txn_9a63bc35,cust_0770,46442,INR,2026-03-01 15:48:38,invoice,overdue,none,VIP,66,0,False,none,21,344564,0,False,0
txn_4564e5a3,cust_0213,10172,INR,2026-05-29 14:18:38,subscription,successful,none,new,0,0,False,active,0,10172,0,True,10172
txn_954b7c2e,cust_0682,17479,INR,2026-08-09 03:55:38,payment,successful,none,new,0,0,False,none,0,17479,0,True,17479
txn_3e7bcf1f,cust_0395,36516,INR,2026-05-20 07:20:38,checkout,successful,none,new,1,0,False,none,0,39104,0,True,36516
txn_4c2e97ca,cust_0808,11982,INR,2026-08-12 06:49:38,invoice,successful,none,VIP,36,5,False,none,0,39630,0,True,11982
txn_de1ab5b1,cust_0440,24387,INR,2026-04-08 06:23:38,invoice,overdue,none,returning,16,0,False,none,10,54403,0,False,0
txn_e25c7c3d,cust_0556,4259,INR,2026-03-08 20:45:38,checkout,abandoned,none,new,0,0,True,none,0,4259,0,False,0
txn_969d6d4b,cust_0630,44634,INR,2026-07-12 09:04:38,checkout,abandoned,none,VIP,48,1,True,none,0,91914,0,False,0
txn_8c20d463,cust_0595,48959,INR,2026-07-02 15:36:38,invoice,successful,none,VIP,37,0,False,none,0,197514,0,True,48959
txn_1eb67a63,cust_0615,43533,INR,2026-02-28 06:46:38,checkout,successful,none,returning,18,0,False,none,0,55503,0,True,43533
txn_83a2f9b1,cust_0991,26613,INR,2026-08-11 14:38:38,payment,successful,none,returning,12,0,False,none,0,66405,0,True,26613
txn_cf1b58ac,cust_0007,14331,INR,2026-03-04 01:37:38,invoice,successful,none,VIP,35,3,False,none,0,110406,0,True,14331
txn_a1a6199d,cust_0860,16818,INR,2026-06-23 17:35:38,invoice,successful,none,new,0,0,False,none,0,16818,0,True,16818
txn_c192795a,cust_0280,15572,INR,2026-06-17 00:30:38,checkout,abandoned,none,returning,19,2,True,none,0,66093,0,False,0
txn_a1ae4289,cust_0605,26572,INR,2026-07-24 20:57:38,payment,successful,none,VIP,62,4,False,none,0,75180,0,True,26572
txn_bdc02310,cust_0609,26207,INR,2026-05-30 00:45:38,invoice,successful,none,VIP,48,5,False,none,0,265007,0,True,26207
txn_a3b6ddb9,cust_0623,17001,INR,2026-03-12 19:08:38,subscription,successful,none,returning,3,2,False,active,0,22017,0,True,17001
txn_85a80979,cust_0324,29873,INR,2026-05-20 00:21:38,subscription,failed,authentication_failure,new,1,0,False,past_due,0,34093,0,False,0
txn_1bff14f1,cust_0046,22735,INR,2026-04-14 23:01:38,invoice,overdue,none,new,1,0,False,none,25,25575,0,False,0
txn_aeabaaa9,cust_0912,19334,INR,2026-03-05 07:18:38,invoice,successful,none,VIP,60,4,False,none,0,56354,0,True,19334
txn_bd8aa3f7,cust_0777,29328,INR,2026-08-25 13:07:38,subscription,failed,temporary_bank_error,returning,13,1,False,past_due,0,93340,0,False,0
txn_fb2c8d0b,cust_0828,8454,INR,2026-07-27 07:03:38,checkout,successful,none,returning,18,3,False,none,0,88680,0,True,8454
txn_6a96eef7,cust_0842,32713,INR,2026-05-26 04:18:38,invoice,successful,none,VIP,57,0,False,none,0,135028,0,True,32713
txn_044ac773,cust_0331,47076,INR,2026-06-01 15:05:38,subscription,successful,none,new,1,0,False,active,0,49044,0,True,47076
txn_88c44bef,cust_0852,25677,INR,2026-06-05 19:33:38,checkout,abandoned,none,new,0,0,True,none,0,25677,0,False,0
txn_a9f74c1d,cust_0615,40686,INR,2026-08-13 08:37:38,checkout,successful,none,returning,3,3,False,none,0,46602,0,True,40686
txn_939627ca,cust_0930,41121,INR,2026-07-09 20:19:38,checkout,successful,none,VIP,49,2,False,none,0,145540,0,True,41121
txn_ae4d6a5d,cust_0018,24444,INR,2026-06-26 15:18:38,invoice,successful,none,returning,20,1,False,none,0,81644,0,True,24444
txn_9977dfb2,cust_0620,46703,INR,2026-06-30 20:20:38,payment,failed,temporary_bank_error,new,0,0,False,none,0,46703,0,False,0
txn_bffc6582,cust_0931,18264,INR,2026-04-12 03:54:38,checkout,abandoned,none,VIP,29,2,True,none,0,40101,0,False,0
txn_810022d9,cust_0698,45625,INR,2026-06-11 17:38:38,subscription,successful,none,VIP,79,3,False,active,0,437149,0,True,45625
txn_fc47f532,cust_0953,7620,INR,2026-03-21 00:31:38,invoice,successful,none,VIP,38,1,False,none,0,55462,0,True,7620
txn_64aa1e13,cust_0112,48979,INR,2026-06-09 14:00:38,payment,failed,network_error,VIP,21,0,False,none,0,125335,0,False,0
txn_49c23ab6,cust_0831,30453,INR,2026-05-04 09:37:38,invoice,successful,none,new,1,0,False,none,0,33915,0,True,30453
txn_f9d065f7,cust_0428,22829,INR,2026-04-13 15:14:38,invoice,overdue,none,new,1,0,False,none,17,27443,0,False,0
txn_44c57e3a,cust_0319,32474,INR,2026-07-29 16:29:38,payment,failed,insufficient_funds,returning,6,1,False,none,0,51296,0,False,0
txn_02c3f32f,cust_0567,34597,INR,2026-06-24 09:03:38,subscription,successful,none,new,1,0,False,active,0,35474,0,True,34597
txn_5833cb03,cust_0524,48348,INR,2026-04-28 06:02:38,subscription,successful,none,returning,6,0,False,active,0,64224,0,True,48348
txn_fef4bfc0,cust_0546,46538,INR,2026-03-02 02:58:38,invoice,overdue,none,new,1,0,False,none,6,49489,0,False,0
txn_f2441af3,cust_0057,43689,INR,2026-07-02 20:28:38,subscription,successful,none,VIP,80,2,False,active,0,219689,0,True,43689
txn_6b23dd72,cust_0106,23686,INR,2026-03-13 17:56:38,subscription,successful,none,returning,5,3,False,active,0,31441,0,True,23686
txn_43cb2e5b,cust_0921,46753,INR,2026-07-02 18:46:38,checkout,abandoned,none,new,1,0,True,none,0,49410,0,False,0
txn_ca7e9f40,cust_0825,1097,INR,2026-05-28 14:49:38,checkout,abandoned,none,returning,3,2,True,none,0,9629,0,False,0
txn_6b866e5d,cust_0392,39257,INR,2026-06-19 13:13:38,checkout,abandoned,none,returning,12,3,True,none,0,75905,0,False,0
txn_4f6636bd,cust_0100,40229,INR,2026-06-26 10:36:38,invoice,successful,none,new,1,0,False,none,0,42586,0,True,40229
txn_02adce30,cust_0638,29651,INR,2026-08-15 20:13:38,subscription,successful,none,returning,20,3,False,active,0,44311,0,True,29651
txn_df52b3f1,cust_0232,19927,INR,2026-04-10 21:04:38,checkout,abandoned,none,returning,10,3,True,none,0,54767,0,False,0
txn_b0979c76,cust_0424,47085,INR,2026-04-15 03:21:38,checkout,abandoned,none,VIP,28,5,True,none,0,182801,0,False,0
txn_fc5f1bae,cust_0525,31305,INR,2026-05-26 00:49:38,checkout,abandoned,none,returning,2,1,True,none,0,34199,0,False,0
txn_2074b909,cust_0223,39880,INR,2026-06-15 00:31:38,checkout,successful,none,returning,14,1,False,none,0,105932,0,True,39880
txn_8d0ae29c,cust_0121,13905,INR,2026-03-26 09:10:38,subscription,successful,none,new,0,0,False,active,0,13905,0,True,13905
txn_b9458fb3,cust_0297,28868,INR,2026-04-15 12:35:38,payment,successful,none,returning,7,0,False,none,0,50267,0,True,28868
txn_d67737da,cust_0471,30464,INR,2026-07-02 07:02:38,checkout,successful,none,returning,16,2,False,none,0,39296,0,True,30464
txn_98358ea1,cust_0013,23250,INR,2026-07-23 13:32:38,invoice,successful,none,new,1,0,False,none,0,26843,0,True,23250
txn_6643bd96,cust_0887,10235,INR,2026-07-04 03:00:38,invoice,overdue,none,new,0,0,False,none,16,10235,0,False,0
txn_45501fca,cust_0493,35304,INR,2026-07-03 00:13:38,invoice,overdue,none,VIP,53,3,False,none,22,119786,0,False,0
txn_6e998d24,cust_0740,827,INR,2026-08-18 07:01:38,checkout,successful,none,returning,19,3,False,none,0,36167,0,True,827
txn_7c618fc5,cust_0557,26123,INR,2026-03-13 11:13:38,payment,failed,insufficient_funds,returning,8,0,False,none,0,42027,0,False,0
txn_5d1a4bd0,cust_0593,34247,INR,2026-05-09 08:20:38,invoice,overdue,none,VIP,31,0,False,none,36,181993,0,False,0
txn_285cb047,cust_0122,17230,INR,2026-03-06 16:56:38,subscription,successful,none,new,1,0,False,active,0,19655,0,True,17230
txn_7090b8bd,cust_0315,1343,INR,2026-03-20 03:20:38,checkout,abandoned,none,VIP,48,3,True,none,0,124559,0,False,0
txn_5562caaa,cust_0594,27020,INR,2026-03-21 11:55:38,checkout,successful,none,returning,12,2,False,none,0,58376,0,True,27020
txn_fec1ec17,cust_0214,13032,INR,2026-07-13 04:01:38,payment,successful,none,returning,7,3,False,none,0,35824,0,True,13032
txn_4f195295,cust_0488,34156,INR,2026-05-11 17:13:38,invoice,successful,none,returning,12,1,False,none,0,75628,0,True,34156
txn_f07d0fe0,cust_0092,20324,INR,2026-07-02 02:25:38,checkout,abandoned,none,returning,9,0,True,none,0,50330,0,False,0
txn_6573dd0d,cust_0819,42852,INR,2026-07-09 12:48:38,invoice,overdue,none,returning,6,3,False,none,70,70002,0,False,0
txn_11b4f11f,cust_0373,44636,INR,2026-07-01 00:20:38,subscription,failed,authentication_failure,new,0,0,False,past_due,0,44636,0,False,0
txn_b793eef9,cust_0316,34551,INR,2026-04-22 00:16:38,payment,successful,none,returning,6,1,False,none,0,57831,0,True,34551
txn_b6470acf,cust_0600,17240,INR,2026-04-15 07:20:38,checkout,abandoned,none,VIP,21,0,True,none,0,28160,0,False,0
txn_a6820d89,cust_0796,25296,INR,2026-03-19 21:48:38,checkout,abandoned,none,returning,15,0,True,none,0,71106,0,False,0
txn_ef93d079,cust_0928,5969,INR,2026-04-03 06:57:38,checkout,successful,none,returning,8,0,False,none,0,34961,0,True,5969
txn_254e24f3,cust_0599,25469,INR,2026-07-09 05:15:38,subscription,failed,card_declined,VIP,70,0,False,past_due,0,86299,0,False,0
txn_59726201,cust_0059,14761,INR,2026-06-20 07:47:38,subscription,successful,none,returning,17,3,False,active,0,84359,0,True,14761
txn_78a8a709,cust_0865,6886,INR,2026-07-18 03:57:38,invoice,overdue,none,VIP,66,2,False,none,86,279862,0,False,0
txn_8f581ee7,cust_0316,7678,INR,2026-07-05 22:35:38,checkout,successful,none,VIP,99,0,False,none,0,435457,0,True,7678
txn_608b2f13,cust_0837,27212,INR,2026-04-07 20:52:38,payment,successful,none,VIP,74,4,False,none,0,270450,0,True,27212
txn_6d1fa1ad,cust_0431,45101,INR,2026-03-26 04:14:38,invoice,overdue,none,new,0,0,False,none,71,45101,0,False,0
txn_8ef3e6a6,cust_0992,32930,INR,2026-07-09 06:09:38,invoice,overdue,none,returning,19,2,False,none,49,75509,0,False,0
txn_666f10e1,cust_0173,32617,INR,2026-04-22 21:59:38,payment,successful,none,returning,7,1,False,none,0,64215,0,True,32617
txn_a0127216,cust_0404,23080,INR,2026-06-22 00:46:38,invoice,overdue,none,returning,11,3,False,none,77,63472,0,False,0
txn_59a97ad2,cust_0358,29107,INR,2026-06-06 23:24:38,payment,successful,none,returning,8,2,False,none,0,62155,0,True,29107
txn_3f978ced,cust_0248,8600,INR,2026-06-18 21:33:38,subscription,failed,temporary_bank_error,returning,16,1,False,canceled,0,17320,0,False,0
txn_729c9031,cust_0658,40151,INR,2026-05-30 10:51:38,subscription,failed,insufficient_funds,VIP,53,2,False,past_due,0,78364,0,False,0
txn_a590b1ef,cust_0538,2232,INR,2026-07-07 19:52:38,invoice,overdue,none,new,1,0,False,none,62,4612,0,False,0
txn_5f726697,cust_0192,26505,INR,2026-05-22 09:39:38,subscription,successful,none,VIP,97,0,False,active,0,271721,0,True,26505
txn_16bc8675,cust_0831,45754,INR,2026-08-13 11:21:38,checkout,successful,none,new,1,0,False,none,0,48067,0,True,45754
txn_9c59c4fb,cust_0224,47398,INR,2026-08-15 19:30:38,invoice,successful,none,new,1,0,False,none,0,48138,0,True,47398
txn_161cb216,cust_0891,23756,INR,2026-06-14 06:57:38,subscription,successful,none,VIP,77,5,False,active,0,334605,0,True,23756
txn_8b619593,cust_0709,28086,INR,2026-07-24 04:14:38,checkout,successful,none,returning,14,0,False,none,0,63478,0,True,28086
txn_59b21c7c,cust_0635,37480,INR,2026-03-28 14:36:38,checkout,abandoned,none,returning,9,0,True,none,0,66721,0,False,0
txn_ef816dc2,cust_0838,49770,INR,2026-03-20 03:59:38,checkout,successful,none,new,0,0,True,none,0,49770,0,True,49770
txn_4a76a760,cust_0699,35051,INR,2026-04-17 10:49:38,payment,successful,none,VIP,61,0,False,none,0,261300,0,True,35051
txn_500fc79c,cust_0650,31280,INR,2026-08-22 06:21:38,invoice,overdue,none,returning,7,1,False,none,73,48311,0,False,0
txn_ac658df8,cust_0458,14187,INR,2026-07-05 09:25:38,checkout,successful,none,VIP,67,2,False,none,0,307312,0,True,14187
txn_55fe968b,cust_0776,22640,INR,2026-04-30 18:40:38,invoice,overdue,none,VIP,43,3,False,none,86,55277,0,False,0
txn_09cc2579,cust_0343,34693,INR,2026-03-01 01:43:38,invoice,successful,none,returning,16,0,False,none,0,105717,0,True,34693
txn_2837a0e7,cust_0187,10580,INR,2026-04-04 16:18:38,invoice,overdue,none,new,1,0,False,none,77,11857,0,False,0
txn_b0e6d580,cust_0373,30359,INR,2026-07-31 20:39:38,checkout,successful,none,VIP,95,4,False,none,0,309374,0,True,30359
txn_bd9d3f16,cust_0422,16383,INR,2026-04-20 18:55:38,invoice,overdue,none,VIP,77,0,False,none,64,265786,0,False,0
txn_9cb19516,cust_0644,49808,INR,2026-06-20 17:55:38,payment,successful,none,returning,12,0,False,none,0,58748,0,True,49808
txn_04ee4a95,cust_0780,29923,INR,2026-04-18 12:35:38,subscription,successful,none,VIP,58,3,False,active,0,311165,0,True,29923
txn_22f322b0,cust_0474,16766,INR,2026-03-03 22:26:38,checkout,successful,none,new,1,0,False,none,0,19957,0,True,16766
txn_59e1d370,cust_0133,17291,INR,2026-05-04 01:31:38,invoice,overdue,none,returning,6,0,False,none,80,20777,0,False,0
txn_d91aa7fa,cust_0811,16147,INR,2026-08-06 05:55:38,checkout,abandoned,none,VIP,69,2,True,none,0,189475,0,False,0
txn_a6487e0e,cust_0911,21439,INR,2026-07-10 23:24:38,subscription,failed,insufficient_funds,new,1,0,True,canceled,0,23705,0,False,0
txn_64eda87c,cust_0006,24462,INR,2026-08-14 15:39:38,invoice,successful,none,VIP,63,1,False,none,0,274383,0,True,24462
txn_6a0a48ca,cust_0921,13647,INR,2026-08-21 23:34:38,payment,successful,none,new,1,0,False,none,0,17268,0,True,13647
txn_0b97d9e9,cust_0871,16214,INR,2026-08-20 04:48:38,invoice,overdue,none,returning,12,2,False,none,46,22526,0,False,0
txn_88b86229,cust_0824,7789,INR,2026-08-21 16:17:38,subscription,failed,insufficient_funds,new,1,0,False,past_due,0,9996,0,False,0
txn_4bc69eac,cust_0366,41253,INR,2026-06-14 15:14:38,invoice,overdue,none,new,0,0,True,none,78,41253,0,False,0
txn_b9fab3b5,cust_0717,34945,INR,2026-08-13 09:53:38,subscription,successful,none,new,1,0,False,active,0,39681,0,True,34945
txn_626e3a0f,cust_0581,45524,INR,2026-06-14 20:58:38,invoice,overdue,none,new,0,0,False,none,5,45524,0,False,0
txn_35691019,cust_0455,33930,INR,2026-04-14 20:17:38,checkout,successful,none,returning,20,3,False,none,0,77430,0,True,33930
txn_7ff0f0f5,cust_0654,47069,INR,2026-05-24 16:52:38,checkout,successful,none,VIP,61,1,False,none,0,340540,0,True,47069
txn_63af77cf,cust_0784,9624,INR,2026-03-30 07:31:38,subscription,successful,none,VIP,37,3,False,active,0,111300,0,True,9624
txn_c08346ab,cust_0190,33159,INR,2026-04-14 21:40:38,invoice,overdue,none,returning,12,3,False,none,44,80319,0,False,0
txn_639d8a1e,cust_0250,22280,INR,2026-03-22 08:32:38,payment,successful,none,new,0,0,False,none,0,22280,0,True,22280
txn_ccd641b0,cust_0397,48710,INR,2026-06-13 02:51:38,invoice,successful,none,new,1,0,False,none,0,49332,0,True,48710
txn_d05146d3,cust_0907,48560,INR,2026-07-23 23:10:38,payment,successful,none,VIP,61,5,False,none,0,94249,0,True,48560
txn_ae3a7a9d,cust_0043,46751,INR,2026-05-13 23:27:38,checkout,successful,none,new,1,0,False,none,0,47470,0,True,46751
txn_9dcb597a,cust_0378,23188,INR,2026-07-23 22:17:38,subscription,successful,none,returning,17,0,False,active,0,40307,0,True,23188
txn_55b0fad8,cust_0458,21709,INR,2026-07-12 08:08:38,checkout,successful,none,returning,16,3,False,none,0,65293,0,True,21709
txn_053d0c9f,cust_0223,7798,INR,2026-06-25 03:48:38,invoice,overdue,none,VIP,77,1,False,none,17,228249,0,False,0
txn_f235ed5a,cust_0506,2625,INR,2026-03-27 09:51:38,payment,successful,none,new,1,0,False,none,0,5836,0,True,2625
txn_e2196ae2,cust_0705,37402,INR,2026-07-31 05:59:38,checkout,abandoned,none,VIP,73,3,True,none,0,232458,0,False,0
txn_b58c8925,cust_0808,44516,INR,2026-03-30 12:05:38,checkout,successful,none,returning,16,0,False,none,0,72692,0,True,44516
txn_7d1be096,cust_0442,11159,INR,2026-07-19 14:55:38,invoice,overdue,none,returning,9,0,False,none,58,43343,0,False,0
txn_76d097ac,cust_0370,31732,INR,2026-07-29 20:46:38,invoice,successful,none,new,0,0,False,none,0,31732,0,True,31732
txn_67b7bfc7,cust_0929,6864,INR,2026-05-26 08:51:38,invoice,successful,none,VIP,26,0,False,none,0,92040,0,True,6864
txn_3db383fc,cust_0365,19091,INR,2026-07-27 05:51:38,checkout,successful,none,VIP,63,2,False,none,0,275123,0,True,19091
txn_46048d4a,cust_0209,43587,INR,2026-04-06 00:04:38,invoice,overdue,none,returning,16,3,False,none,28,105939,0,False,0
txn_6609ba1d,cust_0823,19860,INR,2026-04-21 05:38:38,checkout,abandoned,none,VIP,94,0,True,none,0,89890,0,False,0
txn_f263e1ec,cust_0486,19348,INR,2026-04-06 08:37:38,payment,failed,temporary_bank_error,new,1,0,False,none,0,22548,0,False,0
txn_33b8da2f,cust_0598,41108,INR,2026-08-15 23:43:38,invoice,successful,none,new,0,0,False,none,0,41108,0,True,41108
txn_83aa9620,cust_0697,4593,INR,2026-08-19 08:03:38,invoice,overdue,none,returning,2,2,False,none,86,5993,0,False,0
txn_b73fb08d,cust_0202,36267,INR,2026-05-25 13:15:38,checkout,abandoned,none,VIP,30,0,True,none,0,77787,0,False,0
txn_fbb61d45,cust_0050,26700,INR,2026-04-03 06:11:38,checkout,successful,none,new,0,0,False,none,0,26700,0,True,26700
txn_0596e7a2,cust_0932,2889,INR,2026-05-05 03:16:38,subscription,successful,none,new,0,0,False,active,0,2889,0,True,2889
txn_4421288e,cust_0546,4214,INR,2026-05-04 03:20:38,invoice,overdue,none,VIP,47,4,False,none,72,142112,0,False,0
txn_6b259dce,cust_0792,27114,INR,2026-06-19 14:39:38,checkout,abandoned,none,returning,14,3,True,none,0,62604,0,False,0
txn_58d9a338,cust_0525,15342,INR,2026-05-16 06:08:38,checkout,successful,none,VIP,31,1,False,none,0,105490,0,True,15342
txn_f72e0571,cust_0315,9858,INR,2026-07-08 21:38:38,invoice,successful,none,returning,1,2,False,none,0,14151,0,True,9858
txn_7a2b4285,cust_0417,32534,INR,2026-03-05 20:51:38,invoice,successful,none,new,1,0,False,none,0,35714,0,True,32534
txn_cf135080,cust_0625,19914,INR,2026-03-11 17:07:38,checkout,successful,none,VIP,41,2,False,none,0,170753,0,True,19914
txn_d56ba09e,cust_0836,16958,INR,2026-06-05 08:35:38,invoice,overdue,none,VIP,47,4,False,none,50,169379,0,False,0
txn_cb20b6c4,cust_0201,20478,INR,2026-03-31 18:32:38,subscription,successful,none,VIP,55,0,False,active,0,116728,0,True,20478
txn_0b65e523,cust_0275,37150,INR,2026-04-17 16:29:38,invoice,successful,none,VIP,69,3,False,none,0,308044,0,True,37150
txn_420afb0b,cust_0860,35343,INR,2026-03-13 22:30:38,subscription,successful,none,new,0,0,False,active,0,35343,0,True,35343
txn_551fe136,cust_0141,17551,INR,2026-06-30 03:41:38,subscription,failed,network_error,new,0,0,False,canceled,0,17551,0,False,0
txn_0deb5588,cust_0397,17784,INR,2026-06-10 20:30:38,payment,successful,none,VIP,28,1,False,none,0,149832,0,True,17784
txn_bbc50ab1,cust_0514,21515,INR,2026-06-05 01:02:38,invoice,overdue,none,new,0,0,False,none,64,21515,0,False,0
txn_fb627f58,cust_0668,21435,INR,2026-03-07 19:23:38,subscription,failed,unknown,VIP,67,3,False,canceled,0,330640,0,False,0
txn_c4a634c8,cust_0871,22206,INR,2026-06-21 23:10:38,invoice,overdue,none,VIP,36,3,False,none,9,181434,0,False,0
txn_b226e435,cust_0992,17399,INR,2026-05-14 16:10:38,invoice,overdue,none,returning,8,1,True,none,28,51991,0,False,0
txn_0796b7ae,cust_0904,23373,INR,2026-07-20 16:43:38,invoice,overdue,none,returning,9,1,False,none,25,30987,0,False,0
txn_f7a3fdcd,cust_0467,29137,INR,2026-06-05 16:46:38,checkout,successful,none,VIP,32,2,False,none,0,81105,0,True,29137
txn_29156c74,cust_0687,37563,INR,2026-08-02 12:12:38,checkout,successful,none,VIP,22,2,False,none,0,122241,0,True,37563
txn_7af24df1,cust_0051,35969,INR,2026-07-11 13:41:38,checkout,successful,none,VIP,31,5,False,none,0,118274,0,True,35969
txn_58245003,cust_0421,31281,INR,2026-03-02 21:23:38,invoice,successful,none,VIP,46,1,False,none,0,238879,0,True,31281
txn_ebfa1271,cust_0213,8544,INR,2026-05-17 17:28:38,checkout,abandoned,none,new,0,0,True,none,0,8544,0,False,0
txn_2eb00237,cust_0994,33222,INR,2026-07-20 14:48:38,invoice,overdue,none,new,1,0,True,none,79,34076,0,False,0
txn_f73fea08,cust_0471,17615,INR,2026-03-27 19:05:38,checkout,successful,none,VIP,57,4,False,none,0,235868,0,True,17615
txn_8dab9fb8,cust_0020,31103,INR,2026-08-03 15:35:38,checkout,abandoned,none,VIP,43,2,True,none,0,203791,0,False,0
txn_d07c926d,cust_0046,20844,INR,2026-05-26 16:12:38,subscription,successful,none,returning,1,3,False,active,0,25269,0,True,20844
txn_1c69b2bb,cust_0610,5133,INR,2026-03-30 05:08:38,payment,successful,none,new,0,0,False,none,0,5133,0,True,5133
txn_d9bd6360,cust_0113,13283,INR,2026-06-26 16:47:38,invoice,successful,none,returning,15,1,True,none,0,39818,0,True,13283
txn_b2a4ba7f,cust_0820,18581,INR,2026-05-30 06:32:38,subscription,successful,none,new,0,0,False,active,0,18581,0,True,18581
txn_328aca55,cust_0412,14626,INR,2026-08-22 05:38:38,subscription,successful,none,new,1,0,False,active,0,18040,0,True,14626
txn_99c448c3,cust_0340,29832,INR,2026-08-13 22:11:38,checkout,successful,none,returning,5,3,False,none,0,51042,0,True,29832
txn_3654e715,cust_0148,31103,INR,2026-05-27 19:32:38,payment,successful,none,returning,11,0,True,none,0,37296,0,True,31103
txn_9fca4ca6,cust_0946,45004,INR,2026-05-10 01:26:38,checkout,abandoned,none,returning,18,3,True,none,0,60142,0,False,0
txn_55b5f14b,cust_0995,5081,INR,2026-05-21 04:31:38,payment,successful,none,new,0,0,False,none,0,5081,0,True,5081
txn_3bc05f6f,cust_0374,13378,INR,2026-05-25 10:53:38,payment,failed,card_declined,new,0,0,True,none,0,13378,0,False,0
txn_db61205f,cust_0992,38291,INR,2026-08-13 04:49:38,checkout,successful,none,new,1,0,False,none,0,41501,0,True,38291
txn_05f38272,cust_0724,9621,INR,2026-05-17 22:10:38,payment,successful,none,VIP,49,0,False,none,0,93460,0,True,9621
txn_f774dfab,cust_0644,34724,INR,2026-07-21 20:24:38,checkout,successful,none,VIP,62,5,False,none,0,121772,0,True,34724
txn_d0378a98,cust_0331,42858,INR,2026-06-08 16:23:38,payment,successful,none,VIP,59,4,True,none,0,316146,0,True,42858
txn_c9ec139a,cust_0741,12575,INR,2026-06-28 19:06:38,subscription,failed,authentication_failure,new,0,0,False,canceled,0,12575,0,False,0
txn_42a0a6c6,cust_0199,24237,INR,2026-07-28 06:37:38,checkout,successful,none,returning,2,0,False,none,0,34087,0,True,24237
txn_a45deb05,cust_0952,15388,INR,2026-08-24 20:09:38,invoice,overdue,none,returning,2,1,False,none,58,17958,0,False,0
txn_55d6d415,cust_0350,7395,INR,2026-03-20 00:39:38,subscription,successful,none,VIP,99,1,False,active,0,238461,0,True,7395
txn_883c947f,cust_0390,29530,INR,2026-05-24 18:04:38,checkout,successful,none,VIP,33,3,False,none,0,148363,0,True,29530
txn_16306ac3,cust_0793,32447,INR,2026-03-05 07:40:38,payment,failed,unknown,VIP,50,0,False,none,0,85747,0,False,0
txn_0dbe8a86,cust_0794,38744,INR,2026-08-09 03:49:38,payment,successful,none,returning,20,1,False,none,0,89264,0,True,38744
txn_a887b4e8,cust_0660,24727,INR,2026-05-29 20:41:38,checkout,successful,none,returning,1,2,True,none,0,27684,0,True,24727
txn_bbad9e6d,cust_0951,19499,INR,2026-05-25 05:25:38,checkout,abandoned,none,returning,5,2,True,none,0,30294,0,False,0
txn_bc4dbf1c,cust_0402,25147,INR,2026-03-15 08:59:38,subscription,failed,temporary_bank_error,new,0,0,False,canceled,0,25147,0,False,0
txn_5526295e,cust_0461,47367,INR,2026-07-25 22:44:38,subscription,successful,none,new,0,0,True,active,0,47367,0,True,47367
txn_7a868976,cust_0125,48571,INR,2026-08-20 23:30:38,payment,successful,none,VIP,75,4,False,none,0,98296,0,True,48571
txn_a1fee527,cust_0859,14536,INR,2026-08-27 02:22:38,invoice,overdue,none,new,0,0,False,none,56,14536,0,False,0
txn_913b7fb9,cust_0140,3308,INR,2026-03-08 21:42:38,payment,failed,card_declined,returning,13,1,True,none,0,65968,0,False,0
txn_1cab1549,cust_0872,30570,INR,2026-05-01 14:42:38,invoice,successful,none,returning,2,0,False,none,0,36116,0,True,30570
txn_aa7d2dcc,cust_0108,8583,INR,2026-08-20 03:58:38,payment,successful,none,VIP,62,3,False,none,0,243315,0,True,8583
txn_09e39b0e,cust_0400,20936,INR,2026-07-16 15:24:38,checkout,successful,none,VIP,92,5,False,none,0,151392,0,True,20936
txn_0f17dc9e,cust_0378,7972,INR,2026-03-09 00:15:38,subscription,successful,none,returning,8,3,False,active,0,30468,0,True,7972
txn_b6721c61,cust_0366,3292,INR,2026-04-15 05:46:38,invoice,successful,none,new,1,0,False,none,0,7617,0,True,3292
txn_627c53cb,cust_0565,23896,INR,2026-06-21 02:58:38,payment,successful,none,new,0,0,False,none,0,23896,0,True,23896
txn_182e7968,cust_0462,18591,INR,2026-06-10 12:52:38,invoice,overdue,none,VIP,50,2,False,none,64,179991,0,False,0
txn_39a9574c,cust_0770,25438,INR,2026-08-18 16:47:38,invoice,successful,none,new,0,0,False,none,0,25438,0,True,25438
txn_290beb00,cust_0914,45780,INR,2026-04-24 15:50:38,invoice,successful,none,returning,14,0,False,none,0,69832,0,True,45780
txn_1e70fb61,cust_0216,27640,INR,2026-06-26 01:56:38,subscription,successful,none,returning,8,0,False,active,0,45584,0,True,27640
txn_26e6a059,cust_0657,2695,INR,2026-04-27 08:12:38,checkout,successful,none,returning,17,1,False,none,0,82986,0,True,2695
txn_7433514d,cust_0434,21824,INR,2026-06-18 01:55:38,subscription,successful,none,VIP,41,0,False,active,0,87916,0,True,21824
txn_0515c410,cust_0117,33141,INR,2026-03-10 01:14:38,payment,successful,none,new,0,0,False,none,0,33141,0,True,33141
txn_9506616c,cust_0463,24242,INR,2026-07-02 16:58:38,payment,successful,none,new,0,0,False,none,0,24242,0,True,24242
txn_65cb7a00,cust_0813,33568,INR,2026-03-15 23:23:38,subscription,failed,insufficient_funds,new,1,0,False,past_due,0,37667,0,False,0
txn_267f74ab,cust_0743,31711,INR,2026-08-09 14:44:38,invoice,successful,none,returning,19,0,False,none,0,112594,0,True,31711
txn_501577a3,cust_0212,19879,INR,2026-04-23 08:24:38,checkout,successful,none,returning,8,0,False,none,0,28375,0,True,19879
txn_48e63159,cust_0162,9322,INR,2026-07-10 06:49:38,invoice,overdue,none,new,1,0,True,none,59,14045,0,False,0
txn_ac0fd252,cust_0428,24555,INR,2026-08-02 05:52:38,subscription,failed,unknown,new,1,0,False,canceled,0,26669,0,False,0
txn_db7fafde,cust_0826,30286,INR,2026-04-03 11:12:38,payment,successful,none,VIP,88,2,True,none,0,308190,0,True,30286
txn_26b9ccdc,cust_0659,38059,INR,2026-08-10 19:07:38,checkout,abandoned,none,returning,9,0,True,none,0,47014,0,False,0
txn_56a222db,cust_0267,32001,INR,2026-07-20 15:28:38,invoice,successful,none,VIP,44,2,False,none,0,154321,0,True,32001
txn_f538b1d7,cust_0819,7099,INR,2026-07-18 22:49:38,invoice,overdue,none,new,1,0,False,none,68,8529,0,False,0
txn_5d98c0f8,cust_0216,29479,INR,2026-06-04 20:55:38,checkout,successful,none,VIP,59,4,False,none,0,96444,0,True,29479
txn_013b0d4f,cust_0470,12463,INR,2026-05-14 09:33:38,checkout,successful,none,returning,13,0,False,none,0,28804,0,True,12463
txn_b6a7f088,cust_0394,45130,INR,2026-06-16 06:16:38,invoice,overdue,none,new,1,0,False,none,21,48368,0,False,0
txn_fc3074e9,cust_0851,11756,INR,2026-03-20 20:42:38,payment,successful,none,new,1,0,False,none,0,14309,0,True,11756
txn_4abd52fb,cust_0584,43590,INR,2026-06-24 22:08:38,subscription,successful,none,returning,1,3,False,active,0,44772,0,True,43590
txn_83511eb7,cust_0935,25326,INR,2026-08-14 19:44:38,invoice,successful,none,new,1,0,False,none,0,27949,0,True,25326
txn_5060fa77,cust_0949,3424,INR,2026-05-28 16:01:38,subscription,successful,none,VIP,87,0,False,active,0,83551,0,True,3424
txn_53735ea9,cust_0266,8846,INR,2026-07-15 14:08:38,payment,successful,none,VIP,30,5,True,none,0,67406,0,True,8846
txn_38ebf9e4,cust_0393,32055,INR,2026-03-10 16:53:38,subscription,failed,authentication_failure,VIP,25,4,False,past_due,0,113655,0,False,0
txn_ab503f88,cust_0224,22105,INR,2026-08-24 14:53:38,subscription,failed,temporary_bank_error,VIP,45,3,False,past_due,0,189100,0,False,0
txn_aa35e7ce,cust_0337,39243,INR,2026-08-01 22:03:38,payment,successful,none,returning,11,0,False,none,0,84321,0,True,39243
txn_b692e05d,cust_0061,36066,INR,2026-07-15 16:34:38,payment,failed,network_error,VIP,62,1,False,none,0,221446,0,False,0
txn_38ebd577,cust_0667,7711,INR,2026-07-30 10:26:38,payment,successful,none,returning,6,2,False,none,0,35467,0,True,7711
txn_dcd83c75,cust_0836,14281,INR,2026-04-02 01:14:38,checkout,abandoned,none,VIP,66,5,True,none,0,261781,0,False,0
txn_f6374977,cust_0423,18745,INR,2026-08-20 15:58:38,subscription,successful,none,returning,5,0,False,active,0,26185,0,True,18745
txn_a860e6b8,cust_0053,2915,INR,2026-05-07 23:54:38,subscription,successful,none,VIP,84,5,False,active,0,253151,0,True,2915
txn_457499f0,cust_0413,34216,INR,2026-04-11 14:57:38,invoice,successful,none,returning,20,2,False,none,0,133296,0,True,34216
txn_d3669913,cust_0254,39412,INR,2026-08-01 06:07:38,payment,successful,none,VIP,69,3,False,none,0,258694,0,True,39412
txn_dbd6a594,cust_0591,45572,INR,2026-07-29 01:45:38,invoice,overdue,none,new,1,0,False,none,82,47639,0,False,0
txn_e71e6b88,cust_0196,6332,INR,2026-05-28 06:33:38,payment,successful,none,new,1,0,False,none,0,7957,0,True,6332
txn_5df58b1e,cust_0297,11295,INR,2026-07-20 19:30:38,invoice,overdue,none,new,1,0,False,none,31,11896,0,False,0
txn_d1a02cf7,cust_0489,16601,INR,2026-07-23 09:11:38,subscription,failed,card_declined,new,0,0,True,canceled,0,16601,0,False,0
txn_88402115,cust_0163,49748,INR,2026-05-05 04:02:38,invoice,overdue,none,new,1,0,False,none,33,53860,0,False,0
txn_e1c8462e,cust_0668,8922,INR,2026-05-09 21:01:38,subscription,successful,none,VIP,95,4,False,active,0,440412,0,True,8922
txn_f0996aef,cust_0995,19917,INR,2026-05-04 23:05:38,invoice,overdue,none,VIP,83,3,False,none,7,152551,0,False,0
txn_c7bf6864,cust_0021,19243,INR,2026-05-25 17:25:38,payment,successful,none,new,0,0,False,none,0,19243,0,True,19243
txn_9cd6b84f,cust_0818,49535,INR,2026-05-31 09:30:38,subscription,failed,card_declined,returning,5,2,False,canceled,0,63360,0,False,0
txn_016656a4,cust_0608,48920,INR,2026-06-29 00:51:38,subscription,successful,none,new,1,0,False,active,0,52978,0,True,48920
txn_26661294,cust_0569,12242,INR,2026-04-19 01:14:38,subscription,successful,none,VIP,33,4,False,active,0,74480,0,True,12242
txn_41a3ce43,cust_0994,42574,INR,2026-05-10 03:25:38,invoice,overdue,none,VIP,100,1,False,none,25,468874,0,False,0
txn_12ee8e29,cust_0281,48438,INR,2026-05-02 23:12:38,payment,successful,none,new,0,0,False,none,0,48438,0,True,48438
txn_fefcce11,cust_0593,40351,INR,2026-03-06 00:49:38,checkout,successful,none,new,0,0,False,none,0,40351,0,True,40351
txn_3ba07167,cust_0327,5400,INR,2026-05-31 18:34:38,subscription,successful,none,new,1,0,False,active,0,9730,0,True,5400
txn_3b0cecf3,cust_0508,43055,INR,2026-03-12 00:47:38,payment,successful,none,returning,12,0,False,none,0,78299,0,True,43055
txn_b26f1cce,cust_0468,26281,INR,2026-08-09 11:52:38,payment,failed,insufficient_funds,returning,17,3,False,none,0,92513,0,False,0
txn_031b4aee,cust_0368,21422,INR,2026-06-16 20:16:38,invoice,overdue,none,new,1,0,False,none,75,24211,0,False,0
txn_eab64bf8,cust_0345,24399,INR,2026-06-05 00:22:38,checkout,successful,none,new,0,0,False,none,0,24399,0,True,24399
txn_07d8f808,cust_0214,6408,INR,2026-05-14 04:07:38,invoice,successful,none,VIP,65,0,True,none,0,91883,0,True,6408
txn_e3447c82,cust_0882,44174,INR,2026-08-25 08:40:38,subscription,successful,none,returning,8,3,False,active,0,71470,0,True,44174
txn_bb824e23,cust_0244,4352,INR,2026-05-11 20:55:38,invoice,successful,none,returning,5,1,False,none,0,16567,0,True,4352
txn_ca0307cd,cust_0890,30647,INR,2026-07-02 22:34:38,checkout,abandoned,none,new,0,0,True,none,0,30647,0,False,0
txn_7782e50d,cust_0452,9270,INR,2026-06-09 21:58:38,payment,successful,none,new,0,0,False,none,0,9270,0,True,9270
txn_5a097829,cust_0073,49194,INR,2026-05-11 11:38:38,subscription,failed,card_declined,new,1,0,False,past_due,0,52292,0,False,0
txn_d9f7c626,cust_0090,14351,INR,2026-08-01 18:52:38,invoice,overdue,none,returning,20,1,False,none,10,63431,0,False,0
txn_56eb4619,cust_0056,10715,INR,2026-04-13 15:54:38,subscription,successful,none,returning,11,2,True,active,0,18580,0,True,10715
txn_cd0d12f8,cust_0722,16055,INR,2026-03-07 17:28:38,checkout,abandoned,none,returning,10,2,True,none,0,28645,0,False,0
txn_14add70a,cust_0312,4538,INR,2026-05-05 18:18:38,subscription,successful,none,new,1,0,False,active,0,5232,0,True,4538
txn_dcc5e46b,cust_0435,27799,INR,2026-03-19 13:15:38,payment,successful,none,VIP,90,3,False,none,0,465649,0,True,27799
txn_04f13611,cust_0582,18551,INR,2026-07-04 22:18:38,checkout,abandoned,none,VIP,93,3,True,none,0,73235,0,False,0
txn_c2886d0e,cust_0660,18456,INR,2026-06-10 10:18:38,invoice,overdue,none,returning,16,2,False,none,25,54376,0,False,0
txn_d15ac119,cust_0068,27058,INR,2026-08-27 17:26:38,checkout,successful,none,new,0,0,False,none,0,27058,0,True,27058
txn_e9ada19d,cust_0241,7343,INR,2026-07-24 17:40:38,payment,failed,temporary_bank_error,returning,12,2,False,none,0,58091,0,False,0
txn_815c7fe0,cust_0696,9716,INR,2026-03-03 05:18:38,subscription,successful,none,new,1,0,False,active,0,13683,0,True,9716
txn_a2a26758,cust_0733,32155,INR,2026-05-07 07:31:38,subscription,failed,temporary_bank_error,VIP,78,3,False,canceled,0,341737,0,False,0
txn_4c0285aa,cust_0476,32874,INR,2026-08-06 01:50:38,invoice,successful,none,VIP,29,1,False,none,0,97979,0,True,32874
txn_f249b5b0,cust_0043,30015,INR,2026-05-27 15:49:38,subscription,successful,none,returning,17,3,True,active,0,69812,0,True,30015
txn_f4135692,cust_0952,22485,INR,2026-07-01 11:19:38,invoice,successful,none,VIP,30,5,False,none,0,149595,0,True,22485
txn_3a833fc4,cust_0511,45030,INR,2026-03-18 16:04:38,payment,successful,none,VIP,71,2,False,none,0,103818,0,True,45030
txn_24de7a16,cust_0340,21005,INR,2026-04-10 23:06:38,invoice,overdue,none,VIP,44,4,False,none,66,81197,0,False,0
txn_4db70a3d,cust_0034,25744,INR,2026-03-31 13:58:38,subscription,successful,none,returning,9,2,False,active,0,44338,0,True,25744
txn_6824ebac,cust_0258,37032,INR,2026-05-12 05:26:38,checkout,successful,none,new,1,0,False,none,0,39398,0,True,37032
txn_d6e987da,cust_0987,3674,INR,2026-03-12 11:15:38,invoice,successful,none,VIP,29,2,False,none,0,65009,0,True,3674
txn_c07fcb41,cust_0699,22799,INR,2026-03-08 09:09:38,checkout,successful,none,VIP,64,5,False,none,0,231247,0,True,22799
txn_5318e5b3,cust_0461,49862,INR,2026-03-02 02:31:38,payment,successful,none,VIP,95,5,False,none,0,418842,0,True,49862
txn_c13772c2,cust_0660,38623,INR,2026-05-03 14:43:38,subscription,successful,none,VIP,37,0,False,active,0,66595,0,True,38623
txn_31bcb73f,cust_0318,18268,INR,2026-07-30 20:58:38,payment,failed,network_error,returning,3,0,False,none,0,24037,0,False,0
txn_ebe3084e,cust_0914,32329,INR,2026-05-15 04:21:38,payment,successful,none,returning,4,0,False,none,0,44505,0,True,32329
txn_7511c4cc,cust_0153,16950,INR,2026-04-22 17:42:38,checkout,successful,none,returning,5,2,False,none,0,31760,0,True,16950
txn_ba8a94e7,cust_0482,36053,INR,2026-04-21 04:57:38,invoice,successful,none,new,0,0,False,none,0,36053,0,True,36053
txn_ff640e6f,cust_0249,15234,INR,2026-08-14 21:08:38,checkout,abandoned,none,new,1,0,True,none,0,19528,0,False,0
txn_a535f794,cust_0251,14788,INR,2026-04-14 00:47:38,payment,failed,authentication_failure,new,1,0,False,none,0,18369,0,False,0
txn_fc00855c,cust_0616,43174,INR,2026-06-30 03:20:38,invoice,overdue,none,VIP,27,1,False,none,33,69283,0,False,0
txn_472c07f6,cust_0640,29087,INR,2026-06-22 06:33:38,checkout,abandoned,none,VIP,84,4,True,none,0,169283,0,False,0
txn_dd0dc959,cust_0023,18687,INR,2026-03-06 13:23:38,invoice,successful,none,returning,17,0,False,none,0,41841,0,True,18687
txn_3342aef0,cust_0251,28018,INR,2026-05-27 21:02:38,checkout,successful,none,new,0,0,False,none,0,28018,0,True,28018
txn_6ff62a39,cust_0523,6450,INR,2026-05-25 00:21:38,checkout,abandoned,none,new,0,0,True,none,0,6450,0,False,0
txn_cce5fb16,cust_0023,31205,INR,2026-05-02 11:14:38,invoice,overdue,none,new,1,0,False,none,8,33687,0,False,0
txn_29ede053,cust_0304,10229,INR,2026-06-08 16:30:38,subscription,failed,authentication_failure,new,1,0,False,canceled,0,12449,0,False,0
txn_3e585a62,cust_0075,10247,INR,2026-08-20 23:18:38,payment,failed,temporary_bank_error,returning,9,0,False,none,0,19643,0,False,0
txn_66229d27,cust_0105,858,INR,2026-08-19 07:31:38,invoice,successful,none,new,1,0,False,none,0,3028,0,True,858
txn_43dd8222,cust_0272,5040,INR,2026-06-25 19:38:38,checkout,successful,none,new,1,0,False,none,0,9125,0,True,5040
txn_db375b13,cust_0686,13218,INR,2026-05-15 15:43:38,checkout,successful,none,new,1,0,False,none,0,17194,0,True,13218
txn_8d89144f,cust_0277,40809,INR,2026-06-04 09:13:38,checkout,successful,none,VIP,38,3,False,none,0,86333,0,True,40809
txn_93161ce4,cust_0412,20857,INR,2026-07-31 10:32:38,subscription,successful,none,VIP,36,5,False,active,0,147577,0,True,20857
txn_3ec2cdd0,cust_0819,43151,INR,2026-05-25 01:12:38,subscription,failed,temporary_bank_error,new,0,0,False,past_due,0,43151,0,False,0
txn_03ab9a50,cust_0058,33600,INR,2026-03-15 13:54:38,checkout,abandoned,none,VIP,46,5,True,none,0,182180,0,False,0
txn_a29ce877,cust_0949,22124,INR,2026-04-19 16:49:38,payment,successful,none,returning,11,0,False,none,0,72416,0,True,22124
txn_863115e3,cust_0266,41417,INR,2026-03-01 03:55:38,subscription,failed,card_declined,returning,5,2,False,canceled,0,51322,0,False,0
txn_1395ddc4,cust_0798,16687,INR,2026-06-26 18:07:38,checkout,successful,none,returning,19,3,False,none,0,67360,0,True,16687
txn_36f51cc6,cust_0446,3564,INR,2026-07-24 07:07:38,payment,successful,none,new,1,0,False,none,0,8422,0,True,3564
txn_dd5ac623,cust_0373,8351,INR,2026-04-06 07:29:38,invoice,successful,none,returning,7,3,False,none,0,38374,0,True,8351
txn_d0ff56e1,cust_0144,19122,INR,2026-07-18 08:10:38,subscription,failed,temporary_bank_error,new,0,0,True,past_due,0,19122,0,False,0
txn_ea8f3907,cust_0749,23314,INR,2026-08-04 06:23:38,checkout,abandoned,none,new,1,0,True,none,0,24170,0,False,0
txn_456c8700,cust_0145,40371,INR,2026-07-22 07:18:38,subscription,successful,none,VIP,52,3,False,active,0,79579,0,True,40371
txn_7df219a8,cust_0304,6925,INR,2026-07-03 15:03:38,invoice,successful,none,new,0,0,False,none,0,6925,0,True,6925
txn_80eaca91,cust_0253,15247,INR,2026-06-20 14:57:38,checkout,successful,none,VIP,96,4,False,none,0,480943,0,True,15247
txn_76e6ba9f,cust_0703,23528,INR,2026-04-22 00:28:38,subscription,successful,none,new,1,0,False,active,0,24771,0,True,23528
txn_357f1810,cust_0345,27241,INR,2026-04-20 16:15:38,checkout,successful,none,returning,20,2,False,none,0,95241,0,True,27241
txn_335a2792,cust_0505,12751,INR,2026-07-31 03:12:38,payment,successful,none,VIP,56,5,False,none,0,106663,0,True,12751
txn_19c937a6,cust_0924,9607,INR,2026-07-05 06:31:38,checkout,successful,none,new,0,0,False,none,0,9607,0,True,9607
txn_a4b113af,cust_0473,8576,INR,2026-06-16 19:27:38,subscription,failed,authentication_failure,returning,9,0,False,past_due,0,33479,0,False,0
txn_d5ad4e69,cust_0102,43601,INR,2026-08-07 16:25:38,checkout,successful,none,new,0,0,False,none,0,43601,0,True,43601
txn_e9169cec,cust_0545,9003,INR,2026-03-14 09:43:38,subscription,successful,none,VIP,97,1,False,active,0,87573,0,True,9003
txn_8ac987c5,cust_0453,38613,INR,2026-03-21 13:06:38,subscription,failed,card_declined,returning,16,3,False,past_due,0,82373,0,False,0
txn_9c71b786,cust_0902,14322,INR,2026-07-03 00:00:38,payment,failed,unknown,returning,7,1,False,none,0,43078,0,False,0
txn_0e76f469,cust_0192,38010,INR,2026-08-17 19:18:38,checkout,abandoned,none,new,1,0,True,none,0,39490,0,False,0
txn_72ce3631,cust_0775,32194,INR,2026-03-19 23:10:38,invoice,successful,none,new,0,0,False,none,0,32194,0,True,32194
txn_240e0113,cust_0395,45772,INR,2026-08-10 07:29:38,invoice,overdue,none,VIP,68,2,False,none,67,200404,0,False,0
txn_c9ade4d7,cust_0993,16393,INR,2026-04-04 02:14:38,payment,successful,none,new,1,0,True,none,0,18379,0,True,16393
txn_ebceb06d,cust_0032,29799,INR,2026-07-05 11:57:38,subscription,successful,none,VIP,92,2,False,active,0,114715,0,True,29799
txn_1ec9c81e,cust_0134,15024,INR,2026-06-09 03:05:38,payment,successful,none,VIP,80,1,False,none,0,235344,0,True,15024
txn_47d9f0d2,cust_0686,10579,INR,2026-04-09 21:25:38,invoice,successful,none,returning,20,0,False,none,0,106659,0,True,10579
txn_ba586942,cust_0155,3953,INR,2026-07-18 15:53:38,invoice,successful,none,new,0,0,False,none,0,3953,0,True,3953
txn_606f382a,cust_0356,49421,INR,2026-08-18 15:11:38,checkout,successful,none,new,0,0,False,none,0,49421,0,True,49421
txn_5898db5b,cust_0969,21586,INR,2026-03-22 19:14:38,invoice,successful,none,returning,4,3,False,none,0,35406,0,True,21586
txn_2d84dd1c,cust_0814,1001,INR,2026-08-24 13:36:38,payment,successful,none,returning,1,2,False,none,0,2050,0,True,1001
txn_ccb00c51,cust_0049,8079,INR,2026-04-16 20:36:38,payment,failed,temporary_bank_error,returning,17,3,False,none,0,85310,0,False,0
txn_4d00c3e5,cust_0973,22426,INR,2026-08-16 09:47:38,checkout,successful,none,new,1,0,False,none,0,23720,0,True,22426
txn_57a16231,cust_0181,28787,INR,2026-03-21 09:43:38,checkout,abandoned,none,new,1,0,True,none,0,32664,0,False,0
txn_b6fcea1b,cust_0514,29284,INR,2026-06-14 21:18:38,subscription,successful,none,returning,11,0,False,active,0,83459,0,True,29284
txn_123f9a09,cust_0784,14908,INR,2026-07-21 15:55:38,checkout,successful,none,VIP,61,0,False,none,0,174911,0,True,14908
txn_32612c0f,cust_0199,17191,INR,2026-05-23 05:10:38,invoice,overdue,none,returning,20,1,False,none,85,74131,0,False,0
txn_2fb6957d,cust_0916,29041,INR,2026-03-02 07:52:38,invoice,overdue,none,VIP,91,5,False,none,72,387217,0,False,0
txn_c37c61dd,cust_0981,17842,INR,2026-05-08 04:45:38,payment,successful,none,new,0,0,False,none,0,17842,0,True,17842
txn_5cde936a,cust_0973,28201,INR,2026-05-04 01:47:38,checkout,successful,none,new,1,0,False,none,0,30635,0,True,28201
txn_e224b375,cust_0485,14296,INR,2026-07-04 15:59:38,invoice,overdue,none,new,0,0,False,none,59,14296,0,False,0
txn_7d10019c,cust_0253,23455,INR,2026-06-14 17:56:38,payment,failed,insufficient_funds,returning,18,0,False,none,0,72325,0,False,0
txn_9dee91df,cust_0822,13266,INR,2026-07-13 05:29:38,subscription,failed,insufficient_funds,VIP,77,2,False,past_due,0,300168,0,False,0
txn_a3d72b9d,cust_0854,38732,INR,2026-06-01 04:19:38,payment,failed,temporary_bank_error,new,0,0,False,none,0,38732,0,False,0
txn_c9b6536c,cust_0190,25619,INR,2026-04-08 08:57:38,invoice,successful,none,new,0,0,True,none,0,25619,0,True,25619
txn_dfb036a1,cust_0377,37855,INR,2026-05-20 07:25:38,subscription,failed,network_error,new,0,0,False,past_due,0,37855,0,False,0
txn_2c2242b2,cust_0897,35466,INR,2026-08-15 21:13:38,payment,successful,none,returning,16,1,False,none,0,96842,0,True,35466
txn_6d3adcad,cust_0841,17707,INR,2026-07-26 00:54:38,payment,successful,none,new,1,0,False,none,0,20978,0,True,17707
txn_ed60fbe9,cust_0632,48090,INR,2026-08-19 19:55:38,checkout,successful,none,VIP,97,3,False,none,0,447148,0,True,48090
txn_72ae8a7c,cust_0046,28030,INR,2026-05-23 15:33:38,checkout,abandoned,none,new,1,0,True,none,0,30761,0,False,0
txn_6286c28d,cust_0893,15803,INR,2026-08-06 19:31:38,subscription,successful,none,returning,2,0,False,active,0,21353,0,True,15803
txn_933bcda7,cust_0574,20342,INR,2026-03-01 04:59:38,subscription,failed,card_declined,returning,3,3,False,canceled,0,27698,0,False,0
txn_a5d774a1,cust_0914,5299,INR,2026-06-23 07:33:38,checkout,successful,none,returning,16,2,False,none,0,14099,0,True,5299
txn_eb504f1a,cust_0537,28220,INR,2026-06-10 17:09:38,payment,successful,none,new,1,0,False,none,0,33137,0,True,28220
txn_3df0c866,cust_0904,33254,INR,2026-03-26 02:54:38,checkout,successful,none,new,0,0,False,none,0,33254,0,True,33254
txn_659bff9e,cust_0726,27511,INR,2026-07-24 12:41:38,subscription,successful,none,returning,19,1,False,active,0,49798,0,True,27511
txn_39747f64,cust_0126,38453,INR,2026-07-27 12:31:38,subscription,successful,none,returning,19,0,False,active,0,50176,0,True,38453
txn_b92971e0,cust_0007,43472,INR,2026-04-26 17:03:38,invoice,overdue,none,returning,9,2,False,none,90,73856,0,False,0
txn_adaa9f0c,cust_0273,43796,INR,2026-05-20 19:08:38,checkout,abandoned,none,new,1,0,True,none,0,47407,0,False,0
txn_c531887e,cust_0591,36017,INR,2026-06-09 07:58:38,subscription,successful,none,new,0,0,False,active,0,36017,0,True,36017
txn_9d0ae3ec,cust_0837,32314,INR,2026-04-26 07:24:38,subscription,failed,authentication_failure,returning,14,3,False,canceled,0,85276,0,False,0
txn_65abf359,cust_0513,8339,INR,2026-06-09 08:30:38,payment,successful,none,VIP,63,5,False,none,0,111911,0,True,8339
txn_93546784,cust_0503,12227,INR,2026-04-14 14:49:38,payment,successful,none,returning,2,2,False,none,0,22029,0,True,12227
txn_1cf5f88f,cust_0480,32058,INR,2026-05-09 16:43:38,subscription,successful,none,returning,10,2,False,active,0,48668,0,True,32058
txn_2c5032aa,cust_0912,23811,INR,2026-03-07 11:45:38,payment,failed,authentication_failure,VIP,41,4,False,none,0,224383,0,False,0
txn_c66d654b,cust_0036,45029,INR,2026-05-13 06:14:38,checkout,successful,none,new,1,0,False,none,0,49452,0,True,45029
txn_246f099a,cust_0820,16205,INR,2026-08-05 01:42:38,subscription,successful,none,new,1,0,False,active,0,18729,0,True,16205
txn_6874d9f3,cust_0248,37237,INR,2026-04-19 10:44:38,subscription,successful,none,new,0,0,False,active,0,37237,0,True,37237
txn_26f20eed,cust_0514,23276,INR,2026-05-24 14:42:38,checkout,successful,none,VIP,61,2,False,none,0,315100,0,True,23276
txn_5e98932f,cust_0107,10158,INR,2026-05-02 11:04:38,invoice,successful,none,returning,3,2,False,none,0,16395,0,True,10158
txn_228cc16d,cust_0325,34393,INR,2026-04-21 04:41:38,subscription,successful,none,new,1,0,False,active,0,39367,0,True,34393
txn_44a18108,cust_0337,43139,INR,2026-06-24 22:13:38,invoice,overdue,none,returning,13,3,False,none,31,95646,0,False,0
txn_67dfd0e2,cust_0730,35660,INR,2026-05-07 22:10:38,checkout,abandoned,none,VIP,65,5,True,none,0,354160,0,False,0
txn_02219220,cust_0335,42916,INR,2026-03-31 15:37:38,subscription,successful,none,VIP,69,0,False,active,0,146692,0,True,42916
txn_cec990b6,cust_0443,48266,INR,2026-03-26 09:46:38,checkout,abandoned,none,new,1,0,True,none,0,52244,0,False,0
txn_bc78f8ad,cust_0607,46216,INR,2026-05-09 02:31:38,subscription,successful,none,new,1,0,False,active,0,51112,0,True,46216
txn_b1cb9157,cust_0990,7762,INR,2026-03-25 18:21:38,invoice,successful,none,VIP,78,1,False,none,0,324130,0,True,7762
txn_00e0f32b,cust_0135,357,INR,2026-03-07 00:06:38,checkout,abandoned,none,VIP,83,0,True,none,0,81365,0,False,0
txn_ed6c0ac4,cust_0885,48675,INR,2026-03-11 05:16:38,invoice,overdue,none,new,0,0,False,none,87,48675,0,False,0
txn_6462ef83,cust_0795,8528,INR,2026-05-22 13:34:38,payment,successful,none,returning,3,0,False,none,0,16760,0,True,8528
txn_f150c318,cust_0428,47490,INR,2026-06-02 06:00:38,checkout,successful,none,VIP,43,1,False,none,0,81546,0,True,47490
txn_fc934de0,cust_0695,15554,INR,2026-07-25 07:18:38,subscription,successful,none,returning,2,1,False,active,0,21270,0,True,15554
txn_ea786de0,cust_0978,44244,INR,2026-06-08 08:32:38,payment,successful,none,returning,1,1,False,none,0,45183,0,True,44244
txn_32625bc6,cust_0068,34640,INR,2026-06-16 03:07:38,checkout,successful,none,VIP,55,1,False,none,0,89750,0,True,34640
txn_6bb54096,cust_0500,22809,INR,2026-06-25 13:54:38,payment,successful,none,returning,12,0,False,none,0,49677,0,True,22809
txn_263ca898,cust_0026,38389,INR,2026-07-07 17:25:38,invoice,successful,none,new,1,0,True,none,0,41099,0,True,38389
txn_6bf795da,cust_0496,888,INR,2026-02-28 21:11:38,invoice,overdue,none,new,0,0,False,none,60,888,0,False,0
txn_cf15d739,cust_0487,8568,INR,2026-06-23 05:01:38,invoice,overdue,none,VIP,48,3,False,none,63,204072,0,False,0
txn_76bc6cdb,cust_0366,8441,INR,2026-07-31 09:57:38,invoice,successful,none,returning,8,2,False,none,0,33441,0,True,8441
txn_f8ce8e2f,cust_0417,11878,INR,2026-04-01 19:31:38,invoice,overdue,none,returning,4,2,False,none,50,21970,0,False,0
txn_17e2bbe6,cust_0474,17549,INR,2026-03-16 16:13:38,subscription,successful,none,VIP,26,1,False,active,0,45239,0,True,17549
txn_454c51b3,cust_0256,14687,INR,2026-04-10 23:45:38,invoice,overdue,none,VIP,26,3,False,none,82,61253,0,False,0
txn_4cd6f029,cust_0914,33146,INR,2026-04-05 16:33:38,invoice,overdue,none,returning,15,3,False,none,24,63851,0,False,0
txn_56c0761c,cust_0227,39662,INR,2026-05-31 00:11:38,payment,successful,none,returning,4,0,False,none,0,46510,0,True,39662
txn_2a7588aa,cust_0474,23865,INR,2026-08-05 05:43:38,checkout,successful,none,VIP,31,2,False,none,0,85245,0,True,23865
txn_2ea24428,cust_0854,11717,INR,2026-08-16 18:41:38,payment,successful,none,VIP,70,5,False,none,0,233197,0,True,11717
txn_a3cbf158,cust_0404,16577,INR,2026-07-05 13:39:38,subscription,successful,none,returning,7,3,False,active,0,35386,0,True,16577
txn_60ffa62b,cust_0603,27520,INR,2026-07-17 20:38:38,checkout,abandoned,none,new,1,0,True,none,0,29227,0,False,0
txn_dd36f63b,cust_0647,46469,INR,2026-05-06 06:41:38,invoice,overdue,none,new,1,0,False,none,1,48199,0,False,0
txn_1891145a,cust_0473,21015,INR,2026-05-05 02:06:38,subscription,successful,none,VIP,26,5,False,active,0,142045,0,True,21015
txn_53ed5502,cust_0938,7074,INR,2026-07-03 18:26:38,payment,failed,network_error,new,0,0,False,none,0,7074,0,False,0
txn_d70ecdec,cust_0682,2943,INR,2026-05-10 22:56:38,payment,successful,none,returning,7,1,False,none,0,26057,0,True,2943
txn_38fc2476,cust_0413,21773,INR,2026-04-07 22:07:38,invoice,overdue,none,returning,18,3,False,none,37,48539,0,False,0
txn_7aa97820,cust_0248,42975,INR,2026-06-15 07:04:38,invoice,overdue,none,returning,9,3,False,none,4,63441,0,False,0
txn_eb9f66da,cust_0961,49954,INR,2026-07-07 09:19:38,subscription,failed,network_error,new,1,0,False,canceled,0,52884,0,False,0
txn_629aba03,cust_0322,32545,INR,2026-04-22 06:50:38,subscription,successful,none,new,1,0,False,active,0,33931,0,True,32545
txn_26d55f1b,cust_0336,23625,INR,2026-05-04 20:06:38,subscription,failed,network_error,returning,1,0,False,canceled,0,25998,0,False,0
txn_5612a6b2,cust_0755,37414,INR,2026-04-05 14:15:38,invoice,successful,none,returning,17,2,False,none,0,65362,0,True,37414
txn_1632ee60,cust_0095,8480,INR,2026-03-29 23:03:38,invoice,overdue,none,VIP,53,2,False,none,42,188256,0,False,0
txn_9479804d,cust_0465,13073,INR,2026-05-18 06:24:38,checkout,abandoned,none,VIP,36,1,True,none,0,173993,0,False,0
txn_b346a8d7,cust_0959,18760,INR,2026-04-29 17:52:38,subscription,successful,none,returning,10,1,False,active,0,28460,0,True,18760
txn_46312bd2,cust_0184,31995,INR,2026-07-07 07:46:38,subscription,successful,none,VIP,91,1,True,active,0,168313,0,True,31995
txn_9825b8e5,cust_0914,20507,INR,2026-07-15 23:46:38,checkout,abandoned,none,VIP,44,4,True,none,0,97551,0,False,0
txn_77a6c3fe,cust_0582,5798,INR,2026-05-08 21:45:38,checkout,successful,none,returning,5,2,False,none,0,9343,0,True,5798
txn_781aa5ad,cust_0056,21623,INR,2026-03-12 09:38:38,payment,failed,network_error,VIP,79,4,False,none,0,198583,0,False,0
txn_992df068,cust_0052,30109,INR,2026-05-09 07:02:38,payment,successful,none,returning,17,1,False,none,0,81874,0,True,30109
txn_14411cbf,cust_0952,45177,INR,2026-05-15 03:16:38,payment,failed,authentication_failure,VIP,20,5,False,none,0,105837,0,False,0
txn_f3485eef,cust_0928,48819,INR,2026-07-12 08:36:38,invoice,overdue,none,VIP,22,4,False,none,46,118735,0,False,0
txn_5d295a13,cust_0390,10924,INR,2026-07-18 04:11:38,subscription,failed,card_declined,VIP,38,1,False,canceled,0,74346,0,False,0
txn_452691db,cust_0485,20034,INR,2026-03-07 22:11:38,subscription,failed,network_error,new,1,0,False,past_due,0,24363,0,False,0
txn_dd50dbca,cust_0427,16576,INR,2026-06-11 23:40:38,invoice,successful,none,returning,4,0,False,none,0,30156,0,True,16576
txn_c7be9e7e,cust_0891,5797,INR,2026-05-20 19:39:38,payment,failed,authentication_failure,VIP,70,1,False,none,0,328707,0,False,0
txn_57989751,cust_0966,34295,INR,2026-06-23 18:38:38,invoice,successful,none,VIP,41,2,False,none,0,138927,0,True,34295
txn_0bf5fc4f,cust_0086,49857,INR,2026-08-05 11:44:38,checkout,successful,none,VIP,74,4,False,none,0,283253,0,True,49857
txn_92d6442a,cust_0713,3183,INR,2026-08-20 16:01:38,subscription,successful,none,VIP,50,0,False,active,0,251183,0,True,3183
txn_449f4137,cust_0481,12592,INR,2026-07-06 03:55:38,checkout,successful,none,returning,19,0,False,none,0,43125,0,True,12592
txn_e08268e1,cust_0795,16333,INR,2026-07-03 15:54:38,payment,failed,temporary_bank_error,VIP,40,1,False,none,0,45413,0,False,0
txn_cba7559a,cust_0032,11921,INR,2026-04-01 16:03:38,checkout,abandoned,none,new,0,0,True,none,0,11921,0,False,0
txn_b3af0f6b,cust_0249,4896,INR,2026-03-29 02:15:38,subscription,successful,none,returning,7,0,False,active,0,25084,0,True,4896
txn_89b4f56f,cust_0188,31887,INR,2026-05-10 04:15:38,payment,successful,none,new,0,0,False,none,0,31887,0,True,31887
txn_910c6f0c,cust_0638,7466,INR,2026-05-03 03:46:38,subscription,successful,none,returning,20,0,False,active,0,57586,0,True,7466
txn_04bf0a71,cust_0008,37802,INR,2026-03-16 20:21:38,payment,successful,none,VIP,20,5,False,none,0,65022,0,True,37802
txn_aa9eda3e,cust_0864,24755,INR,2026-04-14 12:10:38,invoice,overdue,none,new,0,0,False,none,44,24755,0,False,0
txn_caffdefc,cust_0117,33543,INR,2026-06-11 05:47:38,invoice,overdue,none,returning,3,2,False,none,62,42039,0,False,0
txn_f1f17153,cust_0920,30587,INR,2026-07-22 02:15:38,payment,successful,none,VIP,90,3,False,none,0,83507,0,True,30587
txn_3d823a11,cust_0048,16779,INR,2026-04-09 20:14:38,invoice,overdue,none,VIP,50,5,True,none,7,254629,0,False,0
txn_7b8348aa,cust_0184,46853,INR,2026-03-06 19:25:38,payment,successful,none,new,0,0,False,none,0,46853,0,True,46853
txn_8947f077,cust_0183,39441,INR,2026-05-30 13:41:38,subscription,successful,none,returning,3,1,False,active,0,44352,0,True,39441
txn_6fe92918,cust_0152,10597,INR,2026-08-02 05:57:38,checkout,successful,none,VIP,25,1,False,none,0,41172,0,True,10597
txn_b92b9735,cust_0170,47649,INR,2026-08-21 15:39:38,checkout,successful,none,VIP,47,1,False,none,0,219857,0,True,47649
txn_0336369c,cust_0457,26372,INR,2026-04-29 19:52:38,checkout,abandoned,none,VIP,34,0,True,none,0,163970,0,False,0
txn_2846c85f,cust_0184,8993,INR,2026-06-23 13:59:38,payment,successful,none,returning,4,2,False,none,0,17177,0,True,8993
txn_53086546,cust_0176,1131,INR,2026-06-02 12:45:38,subscription,successful,none,new,1,0,False,active,0,2316,0,True,1131
txn_62b9ed5f,cust_0013,18641,INR,2026-08-08 17:44:38,invoice,overdue,none,returning,7,0,False,none,87,52066,0,False,0
txn_9ec6a71c,cust_0815,29418,INR,2026-04-09 10:00:38,checkout,successful,none,returning,1,2,False,none,0,34028,0,True,29418
txn_79763343,cust_0239,29367,INR,2026-04-24 17:40:38,invoice,overdue,none,returning,17,2,False,none,8,98608,0,False,0
txn_a8527421,cust_0025,43029,INR,2026-08-17 08:27:38,subscription,successful,none,VIP,77,3,False,active,0,253470,0,True,43029
txn_6d9b9bf2,cust_0736,21198,INR,2026-05-06 13:57:38,checkout,successful,none,new,0,0,False,none,0,21198,0,True,21198
txn_b4dc0911,cust_0141,29112,INR,2026-03-04 01:28:38,payment,failed,unknown,VIP,43,4,False,none,0,59685,0,False,0
txn_f615adaf,cust_0111,813,INR,2026-06-23 18:59:38,checkout,successful,none,new,0,0,False,none,0,813,0,True,813
txn_2faae895,cust_0032,25223,INR,2026-06-11 18:01:38,invoice,overdue,none,new,0,0,True,none,69,25223,0,False,0
txn_b5619183,cust_0654,4434,INR,2026-05-02 17:44:38,invoice,successful,none,VIP,54,3,False,none,0,65778,0,True,4434
txn_be473b67,cust_0962,35539,INR,2026-07-08 22:44:38,checkout,successful,none,returning,19,3,False,none,0,124440,0,True,35539
txn_31de7f92,cust_0459,16786,INR,2026-04-09 22:21:38,payment,successful,none,VIP,97,0,False,none,0,309920,0,True,16786
txn_c7712190,cust_0534,35647,INR,2026-06-18 08:42:38,invoice,overdue,none,new,0,0,False,none,85,35647,0,False,0
txn_9c7896e8,cust_0476,45660,INR,2026-04-05 06:39:38,invoice,successful,none,returning,14,0,False,none,0,91454,0,True,45660
txn_b0b33480,cust_0582,31815,INR,2026-06-04 16:27:38,payment,successful,none,new,0,0,False,none,0,31815,0,True,31815
txn_9f527831,cust_0133,30685,INR,2026-05-30 12:07:38,invoice,overdue,none,new,0,0,False,none,6,30685,0,False,0
txn_4abce95a,cust_0472,10727,INR,2026-08-11 23:28:38,invoice,successful,none,VIP,37,2,False,none,0,86688,0,True,10727
txn_7b535ffe,cust_0545,38638,INR,2026-04-21 04:15:38,subscription,successful,none,returning,17,3,False,active,0,79965,0,True,38638
txn_2be47d4c,cust_0623,11332,INR,2026-03-04 23:25:38,invoice,overdue,none,new,0,0,False,none,80,11332,0,False,0
txn_323571b9,cust_0916,16807,INR,2026-05-11 12:41:38,payment,successful,none,VIP,51,4,False,none,0,252427,0,True,16807
txn_bbf209c4,cust_0547,34736,INR,2026-04-07 12:06:38,subscription,failed,authentication_failure,returning,9,1,False,canceled,0,72770,0,False,0
txn_50c10810,cust_0618,25849,INR,2026-07-19 04:11:38,subscription,failed,card_declined,new,1,0,False,past_due,0,30067,0,False,0
txn_7f6f46aa,cust_0878,14894,INR,2026-08-01 05:59:38,subscription,successful,none,returning,1,3,False,active,0,16688,0,True,14894
txn_d171072f,cust_0120,17805,INR,2026-07-08 10:30:38,payment,successful,none,returning,5,0,False,none,0,35640,0,True,17805
txn_dc87cd75,cust_0217,22603,INR,2026-07-09 07:57:38,payment,failed,authentication_failure,returning,6,3,False,none,0,34543,0,False,0
txn_53d69366,cust_0373,18183,INR,2026-06-14 15:21:38,checkout,successful,none,returning,4,2,False,none,0,26847,0,True,18183
txn_1800cabc,cust_0272,30717,INR,2026-06-15 13:38:38,checkout,successful,none,VIP,53,2,False,none,0,201536,0,True,30717
txn_8cb48294,cust_0568,41504,INR,2026-05-23 11:54:38,checkout,abandoned,none,VIP,58,1,True,none,0,213126,0,False,0
txn_3318b95d,cust_0166,24157,INR,2026-04-23 22:47:38,payment,successful,none,VIP,34,0,False,none,0,154751,0,True,24157
txn_3d3cbf11,cust_0296,16593,INR,2026-07-06 09:13:38,invoice,successful,none,new,1,0,False,none,0,18514,0,True,16593
txn_288211ad,cust_0369,40848,INR,2026-07-28 11:03:38,subscription,failed,insufficient_funds,new,0,0,False,past_due,0,40848,0,False,0
txn_f5c00e51,cust_0817,42758,INR,2026-07-12 21:29:38,invoice,overdue,none,VIP,48,2,False,none,10,255542,0,False,0
txn_3919865a,cust_0833,22356,INR,2026-08-08 18:40:38,invoice,successful,none,VIP,41,2,False,none,0,151752,0,True,22356
txn_18578ff7,cust_0415,9295,INR,2026-05-21 14:07:38,checkout,successful,none,returning,8,3,False,none,0,48359,0,True,9295
txn_a0e1ccb6,cust_0944,3209,INR,2026-03-29 07:19:38,payment,successful,none,returning,14,0,False,none,0,59027,0,True,3209
txn_acd6a3b4,cust_0936,24847,INR,2026-08-11 02:28:38,subscription,failed,card_declined,returning,20,0,False,canceled,0,58927,0,False,0
txn_411dfd2b,cust_0396,45978,INR,2026-06-20 05:21:38,payment,successful,none,returning,1,3,False,none,0,47113,0,True,45978
txn_948a796e,cust_0111,689,INR,2026-07-10 17:00:38,payment,successful,none,new,1,0,False,none,0,1207,0,True,689
txn_bc5ae6c5,cust_0192,16767,INR,2026-03-17 15:19:38,payment,successful,none,returning,6,3,False,none,0,44901,0,True,16767
txn_6f579176,cust_0401,4037,INR,2026-05-24 17:32:38,invoice,overdue,none,new,1,0,False,none,71,9026,0,False,0
txn_3db5bb88,cust_0633,25988,INR,2026-08-11 23:22:38,invoice,successful,none,VIP,77,4,False,none,0,229268,0,True,25988
txn_ec66d48e,cust_0140,18336,INR,2026-04-24 14:11:38,checkout,successful,none,returning,13,0,False,none,0,75484,0,True,18336
txn_a6590c00,cust_0593,35047,INR,2026-06-05 21:56:38,subscription,failed,temporary_bank_error,returning,6,2,False,canceled,0,51475,0,False,0
txn_fec42563,cust_0608,14081,INR,2026-04-27 00:56:38,subscription,failed,unknown,new,0,0,False,past_due,0,14081,0,False,0
txn_22ee685c,cust_0455,39475,INR,2026-08-02 18:03:38,payment,failed,authentication_failure,returning,1,3,False,none,0,42529,0,False,0
txn_b3e2d17a,cust_0748,39765,INR,2026-06-17 11:50:38,checkout,successful,none,VIP,88,0,True,none,0,311861,0,True,39765
txn_88c0d989,cust_0997,15591,INR,2026-04-07 23:00:38,checkout,successful,none,returning,1,1,False,none,0,20438,0,True,15591
txn_2837c359,cust_0876,25204,INR,2026-04-30 07:25:38,subscription,failed,unknown,VIP,73,1,False,past_due,0,275302,0,False,0
txn_e7357f1a,cust_0817,21507,INR,2026-06-14 15:02:38,invoice,overdue,none,new,0,0,False,none,11,21507,0,False,0
txn_87bfd78d,cust_0319,9063,INR,2026-07-25 11:04:38,invoice,successful,none,VIP,56,0,True,none,0,278535,0,True,9063
txn_d5c102ff,cust_0806,4090,INR,2026-06-02 13:35:38,checkout,successful,none,VIP,49,2,False,none,0,191270,0,True,4090
txn_07a6ae5e,cust_0792,16102,INR,2026-05-12 21:27:38,invoice,successful,none,returning,19,2,False,none,0,31511,0,True,16102
txn_fbc8bd4e,cust_0918,21251,INR,2026-05-28 19:28:38,invoice,successful,none,new,1,0,False,none,0,23815,0,True,21251
txn_85f5990d,cust_0175,21743,INR,2026-03-28 23:23:38,payment,failed,card_declined,returning,18,2,False,none,0,92555,0,False,0
txn_12664ab3,cust_0792,32328,INR,2026-03-18 13:47:38,checkout,successful,none,new,0,0,False,none,0,32328,0,True,32328
txn_61656b7c,cust_0336,45034,INR,2026-03-07 00:27:38,invoice,successful,none,new,0,0,False,none,0,45034,0,True,45034
txn_d4fbee20,cust_0062,3556,INR,2026-08-27 17:51:38,subscription,successful,none,new,1,0,True,active,0,6261,0,True,3556
txn_95834256,cust_0585,5977,INR,2026-04-04 20:06:38,checkout,successful,none,VIP,30,1,False,none,0,90487,0,True,5977
txn_f51b7ff4,cust_0858,21082,INR,2026-07-06 21:48:38,subscription,successful,none,VIP,89,2,False,active,0,115956,0,True,21082
txn_5019d70d,cust_0342,24683,INR,2026-07-24 19:59:38,invoice,overdue,none,new,1,0,False,none,32,28600,0,False,0
txn_147945c2,cust_0145,1526,INR,2026-05-15 17:22:38,subscription,failed,temporary_bank_error,new,1,0,False,canceled,0,4041,0,False,0
txn_e9fdd737,cust_0194,32748,INR,2026-03-26 12:44:38,invoice,successful,none,returning,5,1,False,none,0,50908,0,True,32748
txn_4a8f8831,cust_0294,33365,INR,2026-05-21 18:11:38,payment,successful,none,new,0,0,False,none,0,33365,0,True,33365
txn_c23866e1,cust_0063,48464,INR,2026-03-14 10:11:38,subscription,successful,none,VIP,67,2,False,active,0,236332,0,True,48464
txn_c47a1da5,cust_0681,28272,INR,2026-04-29 01:52:38,payment,successful,none,new,0,0,False,none,0,28272,0,True,28272
txn_e21fdbc5,cust_0033,10477,INR,2026-05-14 03:57:38,payment,successful,none,VIP,50,3,False,none,0,234327,0,True,10477
txn_e0887264,cust_0246,29913,INR,2026-06-09 08:04:38,checkout,abandoned,none,returning,11,3,True,none,0,69425,0,False,0
txn_b30f9ef7,cust_0214,40567,INR,2026-03-02 11:14:38,payment,successful,none,returning,17,0,False,none,0,95137,0,True,40567
txn_92616c37,cust_0111,48536,INR,2026-04-03 09:03:38,payment,successful,none,new,0,0,False,none,0,48536,0,True,48536
txn_6e9b9e76,cust_0197,3331,INR,2026-03-06 20:22:38,subscription,successful,none,VIP,51,1,False,active,0,63154,0,True,3331
txn_340a203f,cust_0345,43014,INR,2026-06-24 18:59:38,checkout,successful,none,VIP,23,3,False,none,0,58815,0,True,43014
txn_6f398b33,cust_0395,27794,INR,2026-07-26 19:34:38,payment,successful,none,returning,10,0,False,none,0,58994,0,True,27794
txn_69a8c317,cust_0448,33329,INR,2026-04-06 11:39:38,invoice,successful,none,new,0,0,False,none,0,33329,0,True,33329
txn_92c95ea1,cust_0465,43412,INR,2026-03-31 10:23:38,invoice,overdue,none,VIP,94,3,False,none,18,282266,0,False,0
txn_e2292e05,cust_0941,21542,INR,2026-07-18 11:39:38,invoice,successful,none,new,1,0,False,none,0,23416,0,True,21542
txn_0761b15d,cust_0520,23773,INR,2026-07-30 14:03:38,checkout,abandoned,none,VIP,46,3,True,none,0,220883,0,False,0
txn_a37f6cd3,cust_0544,35293,INR,2026-05-28 17:02:38,checkout,successful,none,VIP,97,0,False,none,0,322219,0,True,35293
txn_2ef0f9c6,cust_0724,21976,INR,2026-05-18 22:08:38,payment,failed,unknown,VIP,94,2,False,none,0,310368,0,False,0
txn_52bd6f36,cust_0786,28448,INR,2026-08-09 08:16:38,invoice,overdue,none,returning,5,1,True,none,33,31188,0,False,0
txn_25a1883a,cust_0508,10337,INR,2026-08-25 16:54:38,invoice,successful,none,VIP,66,2,False,none,0,181541,0,True,10337
txn_46985d3e,cust_0783,32086,INR,2026-08-15 19:27:38,checkout,successful,none,new,0,0,False,none,0,32086,0,True,32086
txn_0c36c3c9,cust_0502,49476,INR,2026-04-20 21:25:38,payment,failed,authentication_failure,new,1,0,False,none,0,50340,0,False,0
txn_f8c5f612,cust_0683,45397,INR,2026-08-18 22:55:38,checkout,successful,none,new,1,0,False,none,0,49858,0,True,45397
txn_e2bb277e,cust_0044,46044,INR,2026-03-11 10:26:38,invoice,successful,none,VIP,51,0,False,none,0,244332,0,True,46044
txn_6cf82fad,cust_0764,38596,INR,2026-06-06 13:55:38,payment,failed,unknown,new,1,0,False,none,0,41293,0,False,0
txn_07930ef6,cust_0735,42540,INR,2026-04-21 08:28:38,subscription,successful,none,VIP,45,1,False,active,0,212325,0,True,42540
txn_524caf41,cust_0434,23369,INR,2026-04-30 15:42:38,payment,successful,none,returning,17,0,False,none,0,80251,0,True,23369
txn_e02084b4,cust_0083,27355,INR,2026-05-11 20:11:38,invoice,successful,none,returning,14,2,False,none,0,39297,0,True,27355
txn_49f2512b,cust_0350,26794,INR,2026-07-29 17:12:38,payment,successful,none,VIP,67,2,False,none,0,125820,0,True,26794
txn_bf00ac30,cust_0193,22003,INR,2026-08-08 03:17:38,invoice,successful,none,new,0,0,False,none,0,22003,0,True,22003
txn_89e3923f,cust_0069,39879,INR,2026-05-10 00:58:38,invoice,successful,none,VIP,36,0,False,none,0,100719,0,True,39879
txn_91b3b249,cust_0572,20540,INR,2026-04-08 09:53:38,checkout,abandoned,none,VIP,69,4,True,none,0,329798,0,False,0
txn_db60d6fe,cust_0758,49492,INR,2026-08-13 08:16:38,invoice,successful,none,new,0,0,False,none,0,49492,0,True,49492
txn_e3ed9933,cust_0726,3439,INR,2026-05-31 00:40:38,checkout,successful,none,new,1,0,False,none,0,5439,0,True,3439
txn_24673ad4,cust_0241,16512,INR,2026-05-16 00:28:38,subscription,successful,none,new,0,0,False,active,0,16512,0,True,16512
txn_a9d2bd4e,cust_0400,754,INR,2026-04-21 06:11:38,payment,failed,authentication_failure,new,0,0,False,none,0,754,0,False,0
txn_faa77dcc,cust_0857,44806,INR,2026-05-20 19:00:38,payment,successful,none,VIP,66,5,False,none,0,264784,0,True,44806
txn_9e3c5ca1,cust_0198,11488,INR,2026-05-30 05:56:38,checkout,abandoned,none,new,1,0,True,none,0,13532,0,False,0
txn_1ee83389,cust_0503,48393,INR,2026-03-25 03:07:38,checkout,successful,none,returning,12,3,False,none,0,82833,0,True,48393
txn_1ea3a515,cust_0819,222,INR,2026-07-18 04:13:38,checkout,abandoned,none,returning,1,0,True,none,0,2500,0,False,0
txn_bf07d0aa,cust_0316,49409,INR,2026-03-03 07:13:38,subscription,successful,none,VIP,42,5,False,active,0,223331,0,True,49409
txn_67ffa4a3,cust_0743,21391,INR,2026-04-07 02:42:38,payment,failed,unknown,new,1,0,False,none,0,25275,0,False,0
txn_467d8159,cust_0989,943,INR,2026-03-07 20:40:38,checkout,abandoned,none,new,0,0,True,none,0,943,0,False,0
txn_e9ad0d41,cust_0990,33233,INR,2026-03-13 21:31:38,invoice,successful,none,new,0,0,False,none,0,33233,0,True,33233
txn_fb4cdf4b,cust_0672,6848,INR,2026-03-26 18:35:38,payment,successful,none,new,0,0,False,none,0,6848,0,True,6848
txn_e2fb0a09,cust_0435,41882,INR,2026-03-23 09:56:38,invoice,overdue,none,returning,13,1,False,none,51,90151,0,False,0
txn_68278772,cust_0163,4925,INR,2026-07-06 21:55:38,subscription,successful,none,returning,11,2,True,active,0,40719,0,True,4925
txn_c9f0e82e,cust_0680,47097,INR,2026-07-03 07:46:38,payment,failed,unknown,VIP,55,0,False,none,0,175907,0,False,0
txn_5e729a1b,cust_0206,43766,INR,2026-03-04 04:42:38,payment,failed,unknown,new,1,0,False,none,0,47075,0,False,0
txn_033722cd,cust_0597,29697,INR,2026-05-16 02:57:38,payment,successful,none,VIP,63,0,False,none,0,189969,0,True,29697
txn_af38d9b7,cust_0129,29989,INR,2026-03-21 09:36:38,payment,successful,none,VIP,70,2,False,none,0,151999,0,True,29989
txn_cc54b5da,cust_0164,4834,INR,2026-07-15 18:28:38,checkout,successful,none,VIP,96,4,False,none,0,239938,0,True,4834
txn_809be84d,cust_0602,21596,INR,2026-08-05 12:01:38,payment,failed,insufficient_funds,returning,15,3,False,none,0,79916,0,False,0
txn_b877ef5e,cust_0860,26852,INR,2026-05-20 15:33:38,subscription,failed,authentication_failure,returning,5,1,False,canceled,0,34832,0,False,0
txn_65c29cbe,cust_0726,21582,INR,2026-06-21 00:37:38,checkout,successful,none,VIP,23,1,False,none,0,90513,0,True,21582
txn_0ce91996,cust_0759,44068,INR,2026-08-07 19:30:38,checkout,successful,none,returning,15,3,False,none,0,101848,0,True,44068
txn_3ebb18c6,cust_0352,35642,INR,2026-03-31 16:42:38,invoice,successful,none,VIP,63,0,False,none,0,84656,0,True,35642
txn_1db0efec,cust_0763,22819,INR,2026-04-04 20:45:38,invoice,successful,none,returning,17,1,False,none,0,51039,0,True,22819
txn_8e0af4fe,cust_0775,23994,INR,2026-04-01 10:21:38,invoice,overdue,none,new,1,0,False,none,76,24619,0,False,0
txn_73d787e5,cust_0426,30225,INR,2026-02-28 02:55:38,payment,successful,none,returning,4,2,False,none,0,39753,0,True,30225
txn_ec520022,cust_0001,28827,INR,2026-07-04 01:51:38,subscription,successful,none,VIP,37,0,False,active,0,115037,0,True,28827
txn_12811725,cust_0012,4470,INR,2026-05-10 11:58:38,subscription,successful,none,VIP,99,3,False,active,0,375126,0,True,4470
txn_befe5049,cust_0663,1243,INR,2026-05-23 08:00:38,subscription,successful,none,returning,8,2,False,active,0,21635,0,True,1243
txn_f377d747,cust_0594,30246,INR,2026-06-05 03:35:38,payment,successful,none,VIP,20,2,False,none,0,106686,0,True,30246
txn_5f27d5d8,cust_0501,12800,INR,2026-05-04 12:48:38,invoice,successful,none,returning,2,2,False,none,0,18070,0,True,12800
txn_8e88d5f4,cust_0744,25820,INR,2026-05-11 01:45:38,checkout,successful,none,VIP,20,4,False,none,0,91800,0,True,25820
txn_d6049fb6,cust_0736,49007,INR,2026-05-10 02:19:38,subscription,successful,none,VIP,26,2,False,active,0,172221,0,True,49007
txn_f40269b9,cust_0218,10640,INR,2026-05-12 15:06:38,checkout,successful,none,new,0,0,False,none,0,10640,0,True,10640
txn_f661866e,cust_0703,32562,INR,2026-08-24 16:37:38,payment,successful,none,new,1,0,False,none,0,37286,0,True,32562
txn_0abe1acd,cust_0623,8105,INR,2026-03-31 22:23:38,checkout,successful,none,returning,1,0,False,none,0,8814,0,True,8105
txn_5e433e33,cust_0215,2388,INR,2026-06-28 23:07:38,invoice,overdue,none,VIP,84,2,False,none,58,221628,0,False,0
txn_2c1dfd34,cust_0772,18650,INR,2026-06-18 16:13:38,payment,failed,authentication_failure,VIP,49,4,False,none,0,56135,0,False,0
txn_d2c2fa86,cust_0970,34908,INR,2026-07-22 16:14:38,checkout,successful,none,VIP,68,3,False,none,0,106580,0,True,34908
txn_91590cfa,cust_0129,23047,INR,2026-07-14 07:46:38,invoice,overdue,none,VIP,89,5,False,none,38,252044,0,False,0
txn_cc8839f5,cust_0202,5774,INR,2026-07-15 21:50:38,payment,successful,none,returning,20,2,False,none,0,18114,0,True,5774
txn_b41a7263,cust_0579,11990,INR,2026-07-23 11:51:38,checkout,successful,none,returning,20,0,False,none,0,59370,0,True,11990
txn_519c982f,cust_0480,29437,INR,2026-04-15 01:06:38,invoice,successful,none,returning,14,0,False,none,0,80845,0,True,29437
txn_a7a92f58,cust_0800,4755,INR,2026-04-13 05:08:38,invoice,overdue,none,returning,1,1,False,none,26,9108,0,False,0
txn_063516cd,cust_0022,45956,INR,2026-07-16 20:38:38,subscription,successful,none,VIP,32,4,False,active,0,113476,0,True,45956
txn_bd883e81,cust_0723,13503,INR,2026-06-26 03:16:38,invoice,successful,none,new,0,0,False,none,0,13503,0,True,13503
txn_35425d9e,cust_0357,31027,INR,2026-07-01 16:22:38,invoice,overdue,none,returning,18,0,False,none,16,88051,0,False,0
txn_d965e4c3,cust_0425,33481,INR,2026-05-05 06:33:38,checkout,abandoned,none,new,1,0,True,none,0,37566,0,False,0
txn_5730aaf9,cust_0722,4784,INR,2026-06-30 17:28:38,subscription,successful,none,VIP,91,4,False,active,0,150748,0,True,4784
txn_d9b08c1d,cust_0824,29192,INR,2026-07-11 11:43:38,checkout,successful,none,returning,9,0,False,none,0,60044,0,True,29192
txn_c9ada4d2,cust_0428,13811,INR,2026-04-24 02:56:38,checkout,abandoned,none,new,1,0,True,none,0,17898,0,False,0
txn_38bccc8d,cust_0273,42266,INR,2026-06-01 05:22:38,subscription,successful,none,VIP,80,5,False,active,0,196906,0,True,42266
txn_317ba42f,cust_0591,26633,INR,2026-06-09 09:12:38,checkout,successful,none,returning,16,2,False,none,0,82265,0,True,26633
txn_92566b36,cust_0455,11745,INR,2026-06-06 14:40:38,checkout,successful,none,VIP,58,2,False,none,0,286955,0,True,11745
txn_7729336f,cust_0725,39653,INR,2026-08-01 16:06:38,payment,successful,none,new,1,0,False,none,0,41006,0,True,39653
txn_af5a23c9,cust_0557,31316,INR,2026-05-12 04:24:38,payment,failed,card_declined,returning,3,2,False,none,0,44117,0,False,0
txn_3fbe02e6,cust_0994,4050,INR,2026-08-10 01:12:38,subscription,failed,network_error,VIP,89,1,False,past_due,0,415942,0,False,0
txn_a940f808,cust_0182,21308,INR,2026-03-20 09:39:38,payment,successful,none,returning,11,3,False,none,0,31450,0,True,21308
txn_cba512af,cust_0875,22651,INR,2026-05-27 15:09:38,subscription,failed,card_declined,new,0,0,False,past_due,0,22651,0,False,0
txn_2f4017e5,cust_0055,29726,INR,2026-04-29 02:46:38,checkout,abandoned,none,returning,3,2,True,none,0,39512,0,False,0
txn_977f53e7,cust_0844,12707,INR,2026-07-21 05:21:38,payment,successful,none,VIP,45,1,False,none,0,134477,0,True,12707
txn_2dd63c4a,cust_0792,43687,INR,2026-06-24 04:00:38,invoice,successful,none,new,1,0,False,none,0,47977,0,True,43687
txn_ad35ba07,cust_0481,11887,INR,2026-06-17 03:51:38,payment,failed,unknown,new,0,0,False,none,0,11887,0,False,0
txn_2fc092a3,cust_0892,49389,INR,2026-08-03 00:31:38,checkout,abandoned,none,VIP,43,3,True,none,0,256348,0,False,0
txn_1248b9a5,cust_0184,8151,INR,2026-07-13 21:12:38,subscription,successful,none,VIP,93,2,False,active,0,123378,0,True,8151
txn_bdc42f2e,cust_0888,49492,INR,2026-06-23 20:20:38,payment,successful,none,returning,6,2,False,none,0,64318,0,True,49492
txn_5e8c8556,cust_0350,23727,INR,2026-06-07 01:29:38,invoice,overdue,none,returning,9,0,False,none,36,67971,0,False,0
txn_add43a5f,cust_0268,15765,INR,2026-07-01 19:14:38,payment,successful,none,new,0,0,False,none,0,15765,0,True,15765
txn_93dcb28e,cust_0155,10488,INR,2026-03-24 19:07:38,invoice,overdue,none,returning,16,1,False,none,65,61256,0,False,0
txn_5e0d4a7c,cust_0975,38082,INR,2026-04-21 00:41:38,invoice,overdue,none,returning,12,3,False,none,70,53934,0,False,0
txn_4e85faae,cust_0200,9227,INR,2026-07-14 02:00:38,payment,successful,none,new,1,0,False,none,0,10215,0,True,9227
txn_e82e0a67,cust_0300,20660,INR,2026-03-04 21:53:38,invoice,overdue,none,VIP,46,2,False,none,50,208800,0,False,0
txn_2a9a89fa,cust_0180,35375,INR,2026-05-27 01:58:38,checkout,abandoned,none,new,0,0,True,none,0,35375,0,False,0
txn_ee14b944,cust_0405,39289,INR,2026-07-07 12:25:38,checkout,successful,none,returning,7,3,False,none,0,54787,0,True,39289
txn_e07d1707,cust_0043,19335,INR,2026-07-20 02:37:38,invoice,overdue,none,new,1,0,False,none,50,21126,0,False,0
txn_aa461ed9,cust_0320,13697,INR,2026-03-10 04:08:38,invoice,successful,none,VIP,26,4,False,none,0,87173,0,True,13697
txn_1dcce7a7,cust_0444,41498,INR,2026-03-06 18:12:38,payment,successful,none,new,1,0,False,none,0,43821,0,True,41498
txn_a24cf062,cust_0101,4101,INR,2026-07-22 03:09:38,invoice,overdue,none,returning,14,1,False,none,89,54137,0,False,0
txn_652ad458,cust_0075,20950,INR,2026-05-23 15:16:38,checkout,successful,none,returning,1,2,False,none,0,25166,0,True,20950
txn_02883695,cust_0783,23168,INR,2026-05-10 17:24:38,invoice,overdue,none,new,0,0,False,none,10,23168,0,False,0
txn_80553460,cust_0758,27269,INR,2026-06-13 05:49:38,payment,successful,none,VIP,27,1,False,none,0,126899,0,True,27269
txn_9e39035f,cust_0269,6909,INR,2026-03-21 15:28:38,invoice,successful,none,VIP,62,1,False,none,0,297503,0,True,6909
txn_ddf54575,cust_0913,24986,INR,2026-08-09 19:00:38,checkout,abandoned,none,new,1,0,True,none,0,27758,0,False,0
txn_e401fc6c,cust_0328,32317,INR,2026-08-13 13:28:38,checkout,successful,none,returning,8,1,False,none,0,41301,0,True,32317
txn_26593d6b,cust_0586,10118,INR,2026-08-24 05:22:38,payment,failed,network_error,new,1,0,False,none,0,12797,0,False,0
txn_c8c33114,cust_0948,42189,INR,2026-03-23 03:03:38,checkout,abandoned,none,new,1,0,True,none,0,44094,0,False,0
txn_ad6184d5,cust_0355,16083,INR,2026-06-24 02:05:38,payment,successful,none,VIP,23,3,False,none,0,109302,0,True,16083
txn_29c59d98,cust_0795,14673,INR,2026-04-02 09:04:38,subscription,successful,none,new,1,0,False,active,0,15833,0,True,14673
txn_6094c582,cust_0577,4424,INR,2026-07-12 02:44:38,subscription,successful,none,VIP,41,2,False,active,0,84620,0,True,4424
txn_e50f1282,cust_0806,4833,INR,2026-03-06 08:18:38,invoice,overdue,none,VIP,43,0,False,none,46,205600,0,False,0
txn_b1b7f1f6,cust_0561,28967,INR,2026-05-09 14:05:38,invoice,successful,none,new,0,0,False,none,0,28967,0,True,28967
txn_8aed0781,cust_0489,21570,INR,2026-03-27 17:12:38,invoice,overdue,none,VIP,49,5,False,none,8,100607,0,False,0
txn_79653f88,cust_0056,19455,INR,2026-07-15 04:10:38,invoice,overdue,none,new,0,0,True,none,31,19455,0,False,0
txn_5557025e,cust_0236,10058,INR,2026-03-07 11:56:38,payment,failed,network_error,VIP,56,2,False,none,0,59730,0,False,0
txn_6744a42e,cust_0159,23350,INR,2026-07-01 18:53:38,subscription,failed,card_declined,VIP,91,2,True,canceled,0,459877,0,False,0
txn_67a8e7cc,cust_0295,16789,INR,2026-03-28 23:24:38,payment,successful,none,VIP,72,5,False,none,0,197725,0,True,16789
txn_2b7a5c05,cust_0998,1433,INR,2026-03-11 16:05:38,checkout,successful,none,new,1,0,False,none,0,6120,0,True,1433
txn_c3e31181,cust_0571,20740,INR,2026-08-01 17:47:38,payment,successful,none,new,0,0,False,none,0,20740,0,True,20740
txn_3ec976f0,cust_0264,16689,INR,2026-04-29 15:55:38,checkout,successful,none,returning,19,1,False,none,0,42871,0,True,16689
txn_758c89c7,cust_0031,46909,INR,2026-03-07 02:42:38,invoice,overdue,none,new,1,0,False,none,2,50329,0,False,0
txn_17bb13a1,cust_0338,34831,INR,2026-06-17 00:02:38,invoice,successful,none,VIP,82,1,False,none,0,397435,0,True,34831
txn_59db4106,cust_0139,421,INR,2026-06-14 04:10:38,invoice,successful,none,new,1,0,False,none,0,4021,0,True,421
txn_bbe908c5,cust_0557,537,INR,2026-07-05 02:46:38,payment,successful,none,new,0,0,False,none,0,537,0,True,537
txn_ac389b5d,cust_0005,8800,INR,2026-08-23 15:01:38,checkout,successful,none,returning,7,1,False,none,0,33230,0,True,8800
txn_07bb4fa3,cust_0383,46535,INR,2026-04-06 18:13:38,subscription,failed,authentication_failure,new,1,0,False,canceled,0,50465,0,False,0
txn_a04d0465,cust_0482,6564,INR,2026-03-15 02:22:38,subscription,failed,card_declined,VIP,28,3,False,canceled,0,92832,0,False,0
txn_40fd16fa,cust_0395,16097,INR,2026-03-21 08:11:38,invoice,successful,none,returning,6,1,True,none,0,29915,0,True,16097
txn_60c33d7c,cust_0043,8989,INR,2026-04-06 04:30:38,invoice,successful,none,VIP,88,2,False,none,0,188597,0,True,8989
txn_7392df01,cust_0096,46290,INR,2026-06-11 05:05:38,payment,successful,none,new,1,0,False,none,0,50794,0,True,46290
txn_7594f4d6,cust_0689,32176,INR,2026-03-30 00:24:38,subscription,successful,none,VIP,77,3,False,active,0,93930,0,True,32176
txn_416279a4,cust_0547,27429,INR,2026-05-20 08:50:38,invoice,successful,none,new,1,0,False,none,0,30915,0,True,27429
txn_6a9c72d6,cust_0625,29638,INR,2026-06-24 19:05:38,subscription,successful,none,returning,4,0,False,active,0,38210,0,True,29638
txn_e6ce9173,cust_0945,26410,INR,2026-02-27 21:55:38,payment,successful,none,new,0,0,False,none,0,26410,0,True,26410
txn_6a2aea32,cust_0640,20663,INR,2026-07-17 15:29:38,invoice,overdue,none,VIP,55,1,False,none,55,62408,0,False,0
txn_ef2eb53c,cust_0822,43369,INR,2026-04-20 05:15:38,subscription,failed,unknown,new,1,0,False,canceled,0,44695,0,False,0
txn_88e8511d,cust_0782,16303,INR,2026-06-04 04:51:38,checkout,successful,none,new,0,0,False,none,0,16303,0,True,16303
txn_413dccc1,cust_0956,27597,INR,2026-04-26 21:16:38,invoice,overdue,none,new,0,0,False,none,58,27597,0,False,0
txn_47e3a94d,cust_0862,4469,INR,2026-03-20 22:32:38,subscription,successful,none,VIP,35,1,False,active,0,162599,0,True,4469
txn_d456fc6c,cust_0265,24153,INR,2026-04-14 10:20:38,subscription,successful,none,VIP,94,0,True,active,0,382481,0,True,24153
txn_5c4ac7ea,cust_0477,22885,INR,2026-05-13 13:19:38,subscription,failed,insufficient_funds,VIP,49,0,False,past_due,0,159007,0,False,0
txn_d8fc89a0,cust_0995,24244,INR,2026-03-21 11:10:38,invoice,successful,none,returning,1,3,False,none,0,25753,0,True,24244
txn_45544ecc,cust_0768,6357,INR,2026-06-19 17:36:38,checkout,successful,none,returning,1,0,False,none,0,7341,0,True,6357
txn_e2b65b8d,cust_0153,26989,INR,2026-06-09 17:58:38,payment,successful,none,new,0,0,False,none,0,26989,0,True,26989
txn_ff789646,cust_0498,39897,INR,2026-07-17 13:40:38,checkout,abandoned,none,new,1,0,True,none,0,44690,0,False,0
txn_b05d46a8,cust_0768,43466,INR,2026-06-22 00:41:38,checkout,successful,none,returning,5,3,False,none,0,54406,0,True,43466
txn_674e4ca6,cust_0918,48652,INR,2026-05-14 22:34:38,subscription,successful,none,returning,4,3,False,active,0,57036,0,True,48652
txn_df1189e3,cust_0751,18178,INR,2026-04-26 16:28:38,invoice,overdue,none,returning,17,3,False,none,58,60559,0,False,0
txn_81b2bbe8,cust_0193,46031,INR,2026-03-03 03:57:38,checkout,successful,none,VIP,38,2,False,none,0,82169,0,True,46031
txn_1a839f5e,cust_0732,21321,INR,2026-06-30 21:25:38,subscription,successful,none,returning,1,0,False,active,0,25716,0,True,21321
txn_f2c6b0c7,cust_0387,10441,INR,2026-08-02 05:43:38,checkout,successful,none,new,0,0,False,none,0,10441,0,True,10441
txn_9a6c43ae,cust_0361,32488,INR,2026-07-19 04:50:38,invoice,successful,none,new,1,0,False,none,0,32992,0,True,32488
txn_5b5f9a9b,cust_0480,48267,INR,2026-06-05 19:00:38,invoice,overdue,none,new,1,0,False,none,89,52289,0,False,0
txn_5690f84c,cust_0183,49977,INR,2026-07-05 02:51:38,invoice,overdue,none,VIP,78,1,False,none,38,103953,0,False,0
txn_afc387fd,cust_0139,32021,INR,2026-05-30 10:11:38,subscription,failed,authentication_failure,new,1,0,False,canceled,0,32804,0,False,0
txn_ffa0eb68,cust_0238,26069,INR,2026-05-12 10:30:38,invoice,overdue,none,VIP,28,2,False,none,82,157109,0,False,0
txn_cba7c954,cust_0056,22084,INR,2026-03-13 17:43:38,invoice,successful,none,returning,13,3,False,none,0,83145,0,True,22084
txn_7afa97ed,cust_0401,40755,INR,2026-07-11 06:28:38,payment,successful,none,VIP,33,2,True,none,0,152097,0,True,40755
txn_ee39e61b,cust_0719,16966,INR,2026-07-18 22:23:38,payment,successful,none,VIP,80,1,False,none,0,118246,0,True,16966
txn_cb8a9f62,cust_0443,46775,INR,2026-06-06 09:45:38,checkout,abandoned,none,returning,15,3,True,none,0,104150,0,False,0
txn_6022616e,cust_0285,15455,INR,2026-06-17 12:05:38,subscription,successful,none,new,0,0,False,active,0,15455,0,True,15455
txn_2b87e1c9,cust_0936,11022,INR,2026-08-10 11:53:38,invoice,successful,none,new,1,0,False,none,0,11620,0,True,11022
txn_6603bce3,cust_0230,21918,INR,2026-05-06 01:38:38,invoice,successful,none,new,0,0,False,none,0,21918,0,True,21918
txn_5e068b07,cust_0395,42928,INR,2026-07-30 09:19:38,invoice,overdue,none,returning,12,2,False,none,72,85516,0,False,0
txn_1ed7811f,cust_0682,829,INR,2026-07-18 00:03:38,checkout,successful,none,returning,16,0,False,none,0,56557,0,True,829
txn_f49f4d91,cust_0911,26214,INR,2026-05-31 21:49:38,invoice,successful,none,returning,10,0,False,none,0,41584,0,True,26214
txn_e3f53a21,cust_0672,45887,INR,2026-05-17 12:06:38,invoice,successful,none,new,1,0,False,none,0,49640,0,True,45887
txn_b0b257d7,cust_0664,2393,INR,2026-08-05 03:35:38,invoice,successful,none,new,1,0,False,none,0,5726,0,True,2393
txn_38f904d5,cust_0894,38594,INR,2026-04-28 03:10:38,checkout,abandoned,none,returning,12,0,True,none,0,64322,0,False,0
txn_91c753d8,cust_0856,14378,INR,2026-06-24 08:53:38,payment,successful,none,new,1,0,False,none,0,16499,0,True,14378
txn_cbf14db4,cust_0505,43946,INR,2026-05-13 17:01:38,payment,failed,network_error,returning,6,0,False,none,0,56642,0,False,0
txn_4fb03275,cust_0328,24787,INR,2026-07-22 14:32:38,payment,successful,none,new,1,0,False,none,0,28034,0,True,24787
txn_08b3d612,cust_0003,17251,INR,2026-07-16 00:40:38,subscription,failed,temporary_bank_error,new,1,0,False,past_due,0,22076,0,False,0
txn_b0b49c8e,cust_0045,40432,INR,2026-06-11 01:44:38,checkout,successful,none,VIP,96,5,False,none,0,285808,0,True,40432
txn_2b44d186,cust_0745,42559,INR,2026-04-18 15:55:38,checkout,abandoned,none,VIP,35,1,True,none,0,175244,0,False,0
txn_6f85ae7c,cust_0256,39518,INR,2026-08-23 08:54:38,checkout,abandoned,none,new,0,0,True,none,0,39518,0,False,0
txn_7f2d878f,cust_0338,38947,INR,2026-08-23 13:13:38,payment,successful,none,VIP,85,0,False,none,0,461907,0,True,38947
txn_bddd8d5b,cust_0035,1749,INR,2026-07-02 08:45:38,checkout,successful,none,VIP,34,5,False,none,0,32179,0,True,1749
txn_613b9aeb,cust_0830,43176,INR,2026-06-28 17:20:38,invoice,successful,none,VIP,95,0,False,none,0,234126,0,True,43176
txn_ca583f11,cust_0429,27287,INR,2026-06-14 05:58:38,checkout,successful,none,new,0,0,False,none,0,27287,0,True,27287
txn_483e0a81,cust_0148,17026,INR,2026-04-05 02:31:38,checkout,abandoned,none,VIP,34,1,True,none,0,130586,0,False,0
txn_9034a748,cust_0469,10500,INR,2026-07-14 07:26:38,payment,successful,none,returning,20,2,False,none,0,73080,0,True,10500
txn_385fab62,cust_0251,9840,INR,2026-05-25 05:43:38,invoice,overdue,none,new,0,0,False,none,1,9840,0,False,0
txn_c4c0c89b,cust_0778,46986,INR,2026-04-17 23:20:38,payment,successful,none,returning,13,2,False,none,0,105772,0,True,46986
txn_a76ae0f1,cust_0870,18804,INR,2026-04-03 21:38:38,checkout,successful,none,new,1,0,False,none,0,21230,0,True,18804
txn_0fd90b81,cust_0408,42648,INR,2026-02-28 00:30:38,payment,successful,none,returning,12,0,False,none,0,100584,0,True,42648
txn_8e565af8,cust_0868,8631,INR,2026-06-18 19:51:38,subscription,successful,none,new,0,0,False,active,0,8631,0,True,8631
txn_7bc06e74,cust_0097,25367,INR,2026-03-09 01:03:38,invoice,overdue,none,new,1,0,False,none,33,26675,0,False,0
txn_1910d280,cust_0502,23892,INR,2026-04-19 20:26:38,checkout,abandoned,none,returning,11,3,True,none,0,40073,0,False,0
txn_54231848,cust_0252,33130,INR,2026-06-17 14:43:38,payment,failed,network_error,returning,2,1,False,none,0,40174,0,False,0
txn_f3e53684,cust_0604,33848,INR,2026-05-24 06:47:38,subscription,failed,network_error,new,0,0,False,past_due,0,33848,0,False,0
txn_f81a07de,cust_0830,24378,INR,2026-07-23 12:00:38,invoice,successful,none,new,1,0,False,none,0,28446,0,True,24378
txn_446c54a1,cust_0482,5533,INR,2026-03-23 19:48:38,subscription,successful,none,returning,8,2,False,active,0,17573,0,True,5533
txn_f5f1f3e7,cust_0856,22669,INR,2026-08-23 16:31:38,subscription,failed,unknown,VIP,24,1,False,canceled,0,61045,0,False,0
txn_d718a2a1,cust_0431,5386,INR,2026-08-23 14:39:38,payment,successful,none,new,1,0,False,none,0,8858,0,True,5386
txn_974bec02,cust_0274,49802,INR,2026-03-16 09:42:38,checkout,successful,none,returning,8,2,False,none,0,67794,0,True,49802
txn_072a5093,cust_0761,4898,INR,2026-07-27 02:59:38,payment,successful,none,new,0,0,False,none,0,4898,0,True,4898
txn_341503db,cust_0438,49148,INR,2026-05-10 22:55:38,checkout,abandoned,none,returning,19,0,True,none,0,124711,0,False,0
txn_f08b268d,cust_0494,16943,INR,2026-08-12 10:26:38,invoice,overdue,none,VIP,37,0,False,none,61,65006,0,False,0
txn_75f9e40f,cust_0253,33477,INR,2026-08-05 22:52:38,checkout,successful,none,VIP,79,4,False,none,0,185157,0,True,33477
txn_00f8718e,cust_0805,46733,INR,2026-06-16 15:18:38,invoice,successful,none,VIP,64,5,False,none,0,194957,0,True,46733
txn_9db6cc46,cust_0964,38862,INR,2026-04-23 03:58:38,subscription,successful,none,VIP,36,1,False,active,0,134622,0,True,38862
txn_8dcd3b24,cust_0468,29983,INR,2026-08-15 14:20:38,checkout,abandoned,none,returning,12,3,True,none,0,69307,0,False,0
txn_97d5458c,cust_0103,34255,INR,2026-06-29 21:02:38,subscription,failed,card_declined,returning,17,2,False,past_due,0,102901,0,False,0
txn_6ef6c1eb,cust_0729,15192,INR,2026-07-13 18:38:38,invoice,successful,none,VIP,82,4,False,none,0,395754,0,True,15192
txn_81d445ce,cust_0922,43822,INR,2026-04-21 00:07:38,subscription,failed,authentication_failure,VIP,100,5,False,canceled,0,295822,0,False,0
txn_682b2d49,cust_0902,31216,INR,2026-06-27 14:45:38,payment,successful,none,returning,19,1,False,none,0,68361,0,True,31216
txn_1b78de9c,cust_0084,9944,INR,2026-05-05 22:58:38,subscription,failed,insufficient_funds,returning,16,2,False,canceled,0,71880,0,False,0
txn_527abe58,cust_0221,4572,INR,2026-04-03 08:47:38,invoice,successful,none,VIP,73,5,False,none,0,87938,0,True,4572
txn_e63c2e8f,cust_0722,41860,INR,2026-07-14 11:46:38,subscription,failed,network_error,new,0,0,False,past_due,0,41860,0,False,0
txn_d284ca75,cust_0090,41411,INR,2026-04-03 06:18:38,payment,successful,none,VIP,55,3,False,none,0,165216,0,True,41411
txn_ab2cf9cc,cust_0905,12991,INR,2026-04-27 01:46:38,invoice,successful,none,returning,10,3,False,none,0,56061,0,True,12991
txn_0c590cbc,cust_0564,8956,INR,2026-06-23 13:54:38,payment,failed,temporary_bank_error,VIP,35,0,False,none,0,35101,0,False,0
txn_b4df0451,cust_0427,43865,INR,2026-06-07 17:06:38,checkout,abandoned,none,VIP,27,3,True,none,0,97649,0,False,0
txn_87390a5b,cust_0111,38515,INR,2026-03-18 20:36:38,checkout,successful,none,returning,19,0,False,none,0,109879,0,True,38515
txn_35c1090e,cust_0731,1018,INR,2026-03-12 13:56:38,payment,failed,temporary_bank_error,returning,12,3,False,none,0,25042,0,False,0
txn_042b3c5a,cust_0898,42115,INR,2026-03-12 14:47:38,invoice,overdue,none,VIP,95,3,False,none,38,419170,0,False,0
txn_0c83ba0c,cust_0874,33934,INR,2026-03-30 05:17:38,subscription,successful,none,new,1,0,False,active,0,35375,0,True,33934
txn_2c6ca125,cust_0223,4290,INR,2026-05-09 05:03:38,payment,failed,unknown,returning,7,1,False,none,0,26571,0,False,0
txn_9570a8ad,cust_0218,44654,INR,2026-04-26 09:23:38,subscription,failed,authentication_failure,returning,5,3,False,canceled,0,60864,0,False,0
txn_3e580d66,cust_0307,4661,INR,2026-04-29 04:22:38,payment,successful,none,VIP,95,3,False,none,0,123791,0,True,4661
txn_b7ca3d59,cust_0031,45039,INR,2026-05-19 06:30:38,payment,failed,network_error,returning,3,0,False,none,0,58368,0,False,0
txn_6d144e1f,cust_0486,27120,INR,2026-07-15 09:37:38,subscription,failed,unknown,new,0,0,False,canceled,0,27120,0,False,0
txn_dd8a054d,cust_0513,25662,INR,2026-05-30 13:02:38,invoice,successful,none,VIP,51,5,False,none,0,72225,0,True,25662
txn_e48626c3,cust_0733,37640,INR,2026-05-22 04:13:38,invoice,overdue,none,new,1,0,False,none,48,40809,0,False,0
txn_69cfd06f,cust_0993,789,INR,2026-07-13 02:42:38,invoice,successful,none,VIP,31,5,False,none,0,30332,0,True,789
txn_6fef3dea,cust_0832,39119,INR,2026-08-09 13:43:38,checkout,successful,none,returning,13,2,False,none,0,89832,0,True,39119
txn_9a136ca6,cust_0673,17159,INR,2026-05-07 09:01:38,subscription,successful,none,returning,8,0,False,active,0,47031,0,True,17159
txn_70397749,cust_0889,16855,INR,2026-06-02 06:30:38,payment,failed,network_error,new,1,0,False,none,0,17876,0,False,0
txn_71078dd6,cust_0064,14367,INR,2026-07-28 18:04:38,invoice,overdue,none,VIP,70,1,False,none,3,273017,0,False,0
txn_d1720a17,cust_0523,25583,INR,2026-07-05 19:45:38,subscription,failed,temporary_bank_error,returning,2,2,False,canceled,0,34797,0,False,0
txn_30ca50f7,cust_0895,49497,INR,2026-05-26 13:56:38,subscription,successful,none,VIP,80,5,False,active,0,250937,0,True,49497
txn_2919dfbb,cust_0325,10794,INR,2026-03-02 18:05:38,invoice,overdue,none,VIP,89,3,False,none,77,376495,0,False,0
txn_3459742a,cust_0486,33970,INR,2026-03-27 16:06:38,payment,successful,none,new,0,0,False,none,0,33970,0,True,33970
txn_dd74f2ae,cust_0998,36085,INR,2026-07-02 20:34:38,subscription,successful,none,returning,1,0,False,active,0,37627,0,True,36085
txn_50be1101,cust_0522,8533,INR,2026-07-18 17:11:38,invoice,successful,none,VIP,44,3,False,none,0,124869,0,True,8533
txn_dede67f5,cust_0078,35818,INR,2026-03-25 16:53:38,checkout,successful,none,returning,16,3,False,none,0,54762,0,True,35818
txn_77e93fc0,cust_0065,46000,INR,2026-04-28 05:44:38,checkout,successful,none,VIP,95,2,False,none,0,415360,0,True,46000
txn_17425d1d,cust_0572,23993,INR,2026-05-27 14:42:38,invoice,overdue,none,VIP,40,1,False,none,44,116113,0,False,0
txn_0cce6e78,cust_0685,36562,INR,2026-03-10 14:37:38,invoice,successful,none,new,1,0,True,none,0,38659,0,True,36562
txn_dc6a7245,cust_0623,46859,INR,2026-04-10 04:53:38,subscription,successful,none,new,0,0,False,active,0,46859,0,True,46859
txn_e0061b75,cust_0360,6907,INR,2026-05-14 02:44:38,subscription,failed,unknown,VIP,72,2,False,past_due,0,328603,0,False,0
txn_8f969afa,cust_0273,48434,INR,2026-03-05 14:29:38,invoice,successful,none,returning,9,2,True,none,0,76595,0,True,48434
txn_531e5521,cust_0946,6831,INR,2026-08-15 01:56:38,payment,successful,none,new,1,0,False,none,0,7734,0,True,6831
txn_f474d690,cust_0839,48598,INR,2026-08-24 08:53:38,checkout,successful,none,returning,1,2,False,none,0,53545,0,True,48598
txn_51420682,cust_0499,198,INR,2026-08-07 01:13:38,invoice,successful,none,VIP,82,2,False,none,0,211512,0,True,198
txn_55029290,cust_0386,47932,INR,2026-06-04 11:27:38,invoice,successful,none,new,1,0,False,none,0,50854,0,True,47932
txn_d1bb4a5f,cust_0454,19783,INR,2026-04-27 00:29:38,invoice,successful,none,returning,19,3,False,none,0,64889,0,True,19783
txn_074cdc44,cust_0441,10337,INR,2026-07-12 12:55:38,invoice,overdue,none,new,0,0,False,none,89,10337,0,False,0
txn_e151e112,cust_0251,36106,INR,2026-07-29 00:08:38,invoice,successful,none,returning,11,0,False,none,0,70723,0,True,36106
txn_0dd25709,cust_0259,41610,INR,2026-03-16 00:59:38,payment,successful,none,returning,5,3,False,none,0,45190,0,True,41610
txn_4b0b5010,cust_0364,5083,INR,2026-05-15 07:25:38,checkout,successful,none,VIP,82,3,False,none,0,204753,0,True,5083
txn_42bcd15d,cust_0595,49322,INR,2026-04-24 20:12:38,checkout,successful,none,new,0,0,False,none,0,49322,0,True,49322
txn_0d0f115e,cust_0629,24010,INR,2026-06-12 02:39:38,subscription,successful,none,returning,17,2,False,active,0,105474,0,True,24010
txn_e8bfb3a9,cust_0925,44662,INR,2026-03-18 23:52:38,checkout,successful,none,VIP,66,3,False,none,0,140626,0,True,44662
txn_834bd707,cust_0982,17299,INR,2026-06-26 01:06:38,checkout,successful,none,VIP,96,3,False,none,0,115987,0,True,17299
txn_e63b459f,cust_0489,31484,INR,2026-07-18 17:17:38,checkout,successful,none,returning,16,2,False,none,0,70540,0,True,31484
txn_7957407f,cust_0456,18067,INR,2026-04-05 02:56:38,invoice,successful,none,returning,13,0,False,none,0,33225,0,True,18067
txn_641f94a8,cust_0130,32394,INR,2026-08-20 18:06:38,subscription,successful,none,VIP,43,4,False,active,0,68127,0,True,32394
txn_6ba12441,cust_0360,21051,INR,2026-04-09 08:08:38,checkout,successful,none,VIP,34,3,False,none,0,102141,0,True,21051
txn_a95fcef6,cust_0586,47899,INR,2026-06-14 06:18:38,payment,successful,none,new,1,0,False,none,0,50880,0,True,47899
txn_5c39228c,cust_0106,48556,INR,2026-08-13 06:05:38,invoice,overdue,none,new,0,0,False,none,61,48556,0,False,0
txn_87a3969e,cust_0898,24470,INR,2026-03-30 21:52:38,subscription,successful,none,VIP,67,4,False,active,0,317193,0,True,24470
txn_1fb2b97c,cust_0516,26049,INR,2026-04-15 03:51:38,subscription,successful,none,new,0,0,False,active,0,26049,0,True,26049
txn_f89446a8,cust_0649,41335,INR,2026-04-30 06:11:38,checkout,successful,none,returning,17,1,False,none,0,116135,0,True,41335
txn_f99b4996,cust_0225,30827,INR,2026-05-21 06:25:38,invoice,successful,none,VIP,85,5,False,none,0,245452,0,True,30827
txn_a0be1889,cust_0516,43179,INR,2026-06-14 11:03:38,invoice,successful,none,returning,11,0,False,none,0,53651,0,True,43179
txn_4bc30d1a,cust_0410,29177,INR,2026-05-06 00:12:38,payment,failed,network_error,new,0,0,True,none,0,29177,0,False,0
txn_076843b5,cust_0365,45302,INR,2026-06-14 07:11:38,payment,failed,authentication_failure,new,1,0,False,none,0,50035,0,False,0
txn_7e6437f8,cust_0687,40807,INR,2026-08-10 04:58:38,checkout,successful,none,new,1,0,False,none,0,44791,0,True,40807
txn_7dc27c06,cust_0169,38376,INR,2026-04-19 21:54:38,invoice,successful,none,returning,11,0,False,none,0,85357,0,True,38376
txn_8b4a6510,cust_0729,32530,INR,2026-05-19 08:47:38,checkout,successful,none,returning,7,0,False,none,0,56932,0,True,32530
txn_916ffeb3,cust_0892,9401,INR,2026-08-21 08:21:38,subscription,failed,network_error,VIP,67,0,False,past_due,0,291739,0,False,0
txn_65d8598d,cust_0419,3078,INR,2026-08-11 14:52:38,checkout,abandoned,none,VIP,73,3,True,none,0,148202,0,False,0
txn_5dcc1c7b,cust_0567,25536,INR,2026-04-16 09:12:38,subscription,successful,none,returning,1,1,False,active,0,29996,0,True,25536
txn_4e2a48c4,cust_0115,36586,INR,2026-04-28 15:56:38,subscription,successful,none,returning,19,1,False,active,0,94346,0,True,36586
txn_249f3cb3,cust_0580,28025,INR,2026-05-15 02:10:38,subscription,successful,none,new,1,0,False,active,0,32872,0,True,28025
txn_c8ab8d47,cust_0798,32989,INR,2026-04-12 06:59:38,payment,failed,authentication_failure,VIP,35,3,False,none,0,177504,0,False,0
txn_40dff094,cust_0957,27216,INR,2026-05-30 01:04:38,payment,successful,none,returning,16,3,False,none,0,83888,0,True,27216
txn_b899d73f,cust_0298,16058,INR,2026-03-16 21:30:38,checkout,successful,none,new,0,0,False,none,0,16058,0,True,16058
txn_4eb43a8b,cust_0363,43284,INR,2026-03-03 19:52:38,subscription,successful,none,new,1,0,False,active,0,44104,0,True,43284
txn_d552677d,cust_0644,48425,INR,2026-07-04 08:55:38,payment,failed,temporary_bank_error,VIP,60,2,False,none,0,338225,0,False,0
txn_6d9b5a90,cust_0804,49649,INR,2026-06-15 16:25:38,checkout,successful,none,returning,5,0,True,none,0,73709,0,True,49649
txn_de527af3,cust_0379,5712,INR,2026-04-01 12:19:38,checkout,abandoned,none,new,1,0,True,none,0,8693,0,False,0
txn_6229b553,cust_0439,1002,INR,2026-03-19 06:59:38,payment,successful,none,VIP,34,0,False,none,0,113610,0,True,1002
txn_b1171539,cust_0018,42561,INR,2026-08-17 10:05:38,checkout,successful,none,VIP,55,3,True,none,0,230551,0,True,42561
txn_faaa35b4,cust_0134,2322,INR,2026-04-02 23:43:38,subscription,successful,none,VIP,81,0,False,active,0,312309,0,True,2322
txn_9692be6a,cust_0318,42751,INR,2026-03-14 07:39:38,invoice,successful,none,VIP,59,4,False,none,0,189189,0,True,42751
txn_8f44cc35,cust_0231,42664,INR,2026-04-25 14:31:38,payment,failed,unknown,VIP,70,1,False,none,0,202404,0,False,0
txn_02645d45,cust_0790,23877,INR,2026-07-02 12:04:38,checkout,successful,none,VIP,32,3,False,none,0,49925,0,True,23877
txn_4251008e,cust_0267,19550,INR,2026-03-09 00:24:38,subscription,successful,none,returning,20,3,False,active,0,95310,0,True,19550
txn_59226add,cust_0036,47917,INR,2026-08-23 10:42:38,checkout,abandoned,none,returning,12,1,True,none,0,107857,0,False,0
txn_dddb3dc6,cust_0889,47565,INR,2026-08-01 10:26:38,invoice,overdue,none,VIP,73,3,False,none,71,183126,0,False,0
txn_864f2501,cust_0449,24772,INR,2026-08-24 00:54:38,payment,failed,unknown,new,1,0,False,none,0,26998,0,False,0
txn_2b237928,cust_0983,26183,INR,2026-06-29 22:52:38,invoice,overdue,none,VIP,91,0,False,none,53,237758,0,False,0
txn_b0b4701c,cust_0696,39601,INR,2026-05-22 11:06:38,payment,successful,none,new,0,0,False,none,0,39601,0,True,39601
txn_74722322,cust_0158,26894,INR,2026-05-30 12:00:38,invoice,successful,none,returning,15,1,False,none,0,48119,0,True,26894
txn_649ea03e,cust_0608,29025,INR,2026-07-17 01:04:38,invoice,successful,none,VIP,77,3,False,none,0,176095,0,True,29025
txn_2aa2e26d,cust_0599,48964,INR,2026-08-11 22:50:38,invoice,overdue,none,returning,16,2,True,none,82,104644,0,False,0
txn_8a6f03c7,cust_0926,40528,INR,2026-04-23 15:27:38,subscription,failed,temporary_bank_error,new,0,0,False,canceled,0,40528,0,False,0
txn_2e6e5e4a,cust_0392,18302,INR,2026-05-13 09:24:38,subscription,successful,none,new,1,0,False,active,0,20870,0,True,18302
txn_49265148,cust_0785,17302,INR,2026-05-09 11:08:38,checkout,abandoned,none,new,1,0,True,none,0,19320,0,False,0
txn_2845ab5c,cust_0513,44807,INR,2026-06-14 20:03:38,invoice,overdue,none,VIP,38,4,False,none,85,192703,0,False,0
txn_bb235ca3,cust_0856,43344,INR,2026-04-20 03:33:38,payment,successful,none,new,1,0,False,none,0,44208,0,True,43344
txn_3e625cf7,cust_0831,1470,INR,2026-06-04 20:16:38,subscription,successful,none,VIP,44,3,False,active,0,112306,0,True,1470
txn_2fddac71,cust_0687,11478,INR,2026-07-28 09:59:38,invoice,successful,none,returning,1,3,False,none,0,14282,0,True,11478
txn_a9c1e8d0,cust_0816,17811,INR,2026-07-10 10:17:38,payment,successful,none,new,1,0,False,none,0,19326,0,True,17811
txn_fab5ab7e,cust_0089,22479,INR,2026-08-05 12:52:38,invoice,successful,none,VIP,45,1,False,none,0,203559,0,True,22479
txn_954df419,cust_0353,8153,INR,2026-07-24 23:03:38,checkout,successful,none,new,0,0,False,none,0,8153,0,True,8153
txn_8e22cd4c,cust_0348,31638,INR,2026-04-11 02:46:38,checkout,abandoned,none,new,1,0,True,none,0,35430,0,False,0
txn_db4a16db,cust_0714,18048,INR,2026-07-20 07:14:38,subscription,successful,none,new,1,0,False,active,0,19828,0,True,18048
txn_05afb3f7,cust_0673,2237,INR,2026-06-25 15:00:38,subscription,successful,none,VIP,47,3,False,active,0,229576,0,True,2237
txn_92778ad9,cust_0250,29676,INR,2026-05-10 05:08:38,subscription,successful,none,new,1,0,False,active,0,31203,0,True,29676
txn_7cd1cbd6,cust_0934,40365,INR,2026-04-12 04:46:38,checkout,successful,none,VIP,85,0,False,none,0,286780,0,True,40365
txn_9716c82d,cust_1000,49419,INR,2026-07-07 05:55:38,subscription,failed,network_error,VIP,57,2,False,past_due,0,168435,0,False,0
txn_70f04a78,cust_0888,32534,INR,2026-03-26 18:28:38,subscription,successful,none,VIP,71,3,False,active,0,361477,0,True,32534
txn_3e254052,cust_0920,15167,INR,2026-08-08 07:19:38,subscription,failed,unknown,returning,17,1,True,canceled,0,49660,0,False,0
txn_e0a2361b,cust_0896,46711,INR,2026-06-01 12:07:38,invoice,overdue,none,new,1,0,False,none,27,50898,0,False,0
txn_c6ad6cb8,cust_0194,13690,INR,2026-03-09 20:20:38,subscription,successful,none,new,0,0,False,active,0,13690,0,True,13690
txn_091e8ec0,cust_0413,7007,INR,2026-07-24 02:23:38,invoice,successful,none,returning,18,0,False,none,0,39227,0,True,7007
txn_2ec19eb2,cust_0513,39224,INR,2026-08-09 16:04:38,invoice,overdue,none,VIP,98,5,False,none,29,381538,0,False,0
txn_8026a13a,cust_0577,43887,INR,2026-06-22 16:31:38,subscription,successful,none,returning,18,0,False,active,0,105879,0,True,43887
txn_eb2b927a,cust_0690,5635,INR,2026-07-12 11:41:38,payment,successful,none,returning,14,0,False,none,0,69979,0,True,5635
txn_4af0a09a,cust_0407,4006,INR,2026-03-13 13:35:38,checkout,successful,none,new,0,0,False,none,0,4006,0,True,4006
txn_5742d03a,cust_0149,32504,INR,2026-08-02 12:05:38,subscription,successful,none,returning,4,1,False,active,0,48468,0,True,32504
txn_b076952c,cust_0067,27350,INR,2026-04-26 23:30:38,subscription,successful,none,new,1,0,False,active,0,28121,0,True,27350
txn_60fae5a2,cust_0405,42803,INR,2026-03-24 03:45:38,payment,successful,none,new,0,0,False,none,0,42803,0,True,42803
txn_5ce4977e,cust_0429,27798,INR,2026-05-19 01:27:38,invoice,successful,none,returning,2,1,False,none,0,35658,0,True,27798
txn_7d41e4ba,cust_0117,10845,INR,2026-04-29 13:23:38,checkout,abandoned,none,returning,2,3,True,none,0,15547,0,False,0
txn_d050378f,cust_0946,29812,INR,2026-03-26 15:25:38,payment,successful,none,returning,7,0,False,none,0,44491,0,True,29812
txn_f71ba08e,cust_0401,22466,INR,2026-03-19 13:45:38,invoice,overdue,none,new,1,0,False,none,86,23290,0,False,0
txn_30e401e3,cust_0526,32372,INR,2026-05-01 11:52:38,invoice,overdue,none,returning,15,1,False,none,37,47627,0,False,0
txn_1cfb9654,cust_0157,21738,INR,2026-03-08 22:15:38,subscription,successful,none,VIP,46,1,False,active,0,95660,0,True,21738
txn_752ab599,cust_0039,21594,INR,2026-06-13 03:37:38,invoice,overdue,none,new,1,0,False,none,33,24132,0,False,0
txn_1ea4e29d,cust_0657,19212,INR,2026-06-20 04:52:38,invoice,overdue,none,new,1,0,False,none,31,22262,0,False,0
txn_1df2a261,cust_0755,31265,INR,2026-03-27 03:11:38,subscription,successful,none,returning,14,1,False,active,0,84115,0,True,31265
txn_5dbbca08,cust_0654,23062,INR,2026-06-02 02:11:38,checkout,successful,none,VIP,66,5,False,none,0,65236,0,True,23062
txn_ce5cc0d9,cust_0014,23749,INR,2026-03-23 01:23:38,payment,successful,none,VIP,83,5,False,none,0,381230,0,True,23749
txn_1b99ec52,cust_0646,7673,INR,2026-02-28 03:26:38,subscription,failed,card_declined,new,0,0,False,past_due,0,7673,0,False,0
txn_8561cb51,cust_0113,13828,INR,2026-08-15 17:07:38,subscription,successful,none,returning,14,3,True,active,0,51166,0,True,13828
txn_ab3ca425,cust_0944,6039,INR,2026-05-08 14:15:38,subscription,successful,none,new,1,0,True,active,0,8059,0,True,6039
txn_78fc9403,cust_0056,25214,INR,2026-05-19 20:09:38,checkout,abandoned,none,VIP,92,1,True,none,0,129358,0,False,0
txn_6e8629bb,cust_0858,25418,INR,2026-06-14 17:29:38,invoice,successful,none,new,0,0,False,none,0,25418,0,True,25418
txn_a7c7ad47,cust_0108,10334,INR,2026-05-05 15:48:38,subscription,successful,none,new,0,0,False,active,0,10334,0,True,10334
txn_dead182d,cust_0325,19439,INR,2026-07-29 23:44:38,checkout,abandoned,none,returning,9,0,True,none,0,48590,0,False,0
txn_9c2c2bf9,cust_0076,23822,INR,2026-05-07 11:46:38,payment,failed,network_error,VIP,21,0,False,none,0,91547,0,False,0
txn_7b90986e,cust_0374,27441,INR,2026-06-27 08:15:38,subscription,successful,none,VIP,67,0,False,active,0,319896,0,True,27441
txn_ec92656d,cust_0154,15816,INR,2026-08-02 18:01:38,payment,successful,none,VIP,43,4,False,none,0,169885,0,True,15816
txn_0b0aea8e,cust_0023,48759,INR,2026-05-26 04:58:38,invoice,successful,none,new,1,0,False,none,0,50632,0,True,48759
txn_3f1f4fd1,cust_0594,5418,INR,2026-06-02 13:17:38,checkout,successful,none,new,1,0,False,none,0,9774,0,True,5418
txn_2030df47,cust_0711,32605,INR,2026-06-08 02:57:38,invoice,successful,none,VIP,64,1,False,none,0,271005,0,True,32605
txn_ae8cd53a,cust_0721,34351,INR,2026-04-08 12:20:38,invoice,overdue,none,VIP,96,5,False,none,80,172975,0,False,0
txn_d0eddf30,cust_0887,7039,INR,2026-06-21 16:16:38,checkout,successful,none,new,0,0,False,none,0,7039,0,True,7039
txn_cfd64e0e,cust_0374,32917,INR,2026-03-08 12:58:38,checkout,successful,none,returning,14,3,False,none,0,64781,0,True,32917
txn_4faf434f,cust_0918,48666,INR,2026-05-17 00:06:38,invoice,successful,none,VIP,53,0,False,none,0,75378,0,True,48666
txn_117fa938,cust_0556,20906,INR,2026-07-26 22:36:38,payment,successful,none,returning,16,0,False,none,0,54074,0,True,20906
txn_95985bbf,cust_0905,32404,INR,2026-07-05 22:30:38,invoice,successful,none,new,1,0,False,none,0,33140,0,True,32404
txn_4c530791,cust_0463,6884,INR,2026-04-15 22:33:38,subscription,successful,none,new,0,0,False,active,0,6884,0,True,6884
txn_b272fb77,cust_0961,29923,INR,2026-05-28 06:10:38,payment,failed,temporary_bank_error,new,1,0,False,none,0,34274,0,False,0
txn_a5b90d88,cust_0682,4271,INR,2026-08-12 20:29:38,payment,successful,none,VIP,60,2,False,none,0,98051,0,True,4271
txn_a7f66bd7,cust_0873,36338,INR,2026-07-06 10:38:38,invoice,overdue,none,returning,3,0,False,none,20,48188,0,False,0
txn_90bea39d,cust_0260,19954,INR,2026-07-22 10:28:38,payment,failed,temporary_bank_error,returning,11,2,False,none,0,61116,0,False,0
txn_5e8f165a,cust_0130,9658,INR,2026-06-13 14:39:38,checkout,abandoned,none,new,0,0,True,none,0,9658,0,False,0
txn_70178126,cust_0943,5292,INR,2026-03-28 08:20:38,invoice,successful,none,VIP,53,3,False,none,0,55589,0,True,5292
txn_9b49e221,cust_0286,22247,INR,2026-04-23 09:59:38,payment,failed,card_declined,VIP,74,3,False,none,0,252313,0,False,0
txn_e5db48ed,cust_0101,12442,INR,2026-06-05 22:34:38,subscription,successful,none,returning,9,2,False,active,0,17644,0,True,12442
txn_f5acbc70,cust_0488,6399,INR,2026-06-26 23:20:38,subscription,successful,none,VIP,33,1,False,active,0,101439,0,True,6399
txn_0f7a9bfb,cust_0970,878,INR,2026-04-12 05:50:38,checkout,abandoned,none,returning,18,0,True,none,0,81176,0,False,0
txn_09c075ac,cust_0329,49213,INR,2026-04-07 03:12:38,checkout,abandoned,none,returning,13,0,True,none,0,67582,0,False,0
txn_10bcd6ac,cust_0713,18075,INR,2026-04-24 09:33:38,invoice,overdue,none,VIP,61,5,False,none,14,187594,0,False,0
txn_fe279ca0,cust_0719,15705,INR,2026-03-26 04:24:38,checkout,successful,none,new,1,0,False,none,0,20045,0,True,15705
txn_66a413f3,cust_0160,28055,INR,2026-06-07 18:10:38,checkout,successful,none,returning,8,0,False,none,0,63751,0,True,28055
txn_c3a2a930,cust_0486,37030,INR,2026-03-21 06:51:38,invoice,overdue,none,new,0,0,False,none,28,37030,0,False,0
txn_1ec7c401,cust_0660,29439,INR,2026-06-04 19:36:38,checkout,successful,none,new,1,0,False,none,0,31324,0,True,29439
txn_951a4706,cust_0359,23319,INR,2026-06-20 04:40:38,payment,failed,network_error,returning,19,1,False,none,0,110966,0,False,0
txn_4de8e92a,cust_0407,26197,INR,2026-03-18 16:21:38,payment,successful,none,new,0,0,False,none,0,26197,0,True,26197
txn_96ddb230,cust_0832,17755,INR,2026-03-24 18:54:38,payment,successful,none,VIP,68,1,False,none,0,323551,0,True,17755
txn_5fb02e6f,cust_0056,48315,INR,2026-07-19 21:34:38,invoice,overdue,none,returning,17,1,False,none,84,69208,0,False,0
txn_5184fdab,cust_0618,38279,INR,2026-08-07 14:05:38,checkout,successful,none,new,0,0,False,none,0,38279,0,True,38279
txn_6da1685e,cust_0355,32761,INR,2026-05-10 15:59:38,subscription,successful,none,new,0,0,False,active,0,32761,0,True,32761
txn_64baece8,cust_0981,30278,INR,2026-04-21 22:41:38,payment,successful,none,returning,3,1,False,none,0,38639,0,True,30278
txn_7733633c,cust_0324,9535,INR,2026-07-12 15:43:38,subscription,successful,none,VIP,82,1,False,active,0,379683,0,True,9535
txn_e31024ff,cust_0013,47445,INR,2026-06-27 04:10:38,invoice,overdue,none,VIP,52,1,False,none,20,88213,0,False,0
txn_5c3dc1d3,cust_0068,42664,INR,2026-03-11 08:50:38,invoice,successful,none,VIP,98,2,False,none,0,206814,0,True,42664
txn_37c16b3b,cust_0976,21727,INR,2026-03-05 01:55:38,subscription,successful,none,VIP,20,4,False,active,0,91387,0,True,21727
txn_c7486f32,cust_0405,46377,INR,2026-05-30 05:17:38,subscription,successful,none,returning,6,3,False,active,0,59739,0,True,46377
txn_913c2705,cust_0433,47394,INR,2026-06-06 16:20:38,payment,successful,none,VIP,29,1,False,none,0,97187,0,True,47394
txn_8037dcca,cust_0672,41822,INR,2026-06-04 13:03:38,payment,failed,card_declined,new,0,0,True,none,0,41822,0,False,0
txn_aa32560e,cust_0183,44428,INR,2026-06-14 20:40:38,invoice,overdue,none,returning,13,2,False,none,6,106867,0,False,0
txn_9ec1181a,cust_0143,11275,INR,2026-08-19 01:56:38,invoice,overdue,none,VIP,36,1,False,none,28,96523,0,False,0
txn_0b1b7d54,cust_0771,34422,INR,2026-07-05 00:33:38,checkout,abandoned,none,returning,16,0,True,none,0,82310,0,False,0
txn_b84643b9,cust_0492,16389,INR,2026-04-17 12:56:38,checkout,abandoned,none,new,1,0,True,none,0,20490,0,False,0
txn_cdb0d392,cust_0435,8219,INR,2026-08-14 03:26:38,payment,failed,temporary_bank_error,VIP,90,1,False,none,0,156809,0,False,0
txn_b5f2e5da,cust_0070,39163,INR,2026-04-10 10:09:38,payment,failed,authentication_failure,returning,4,1,False,none,0,43603,0,False,0
txn_c3f4b387,cust_0004,35782,INR,2026-05-06 19:35:38,payment,failed,network_error,new,1,0,False,none,0,38561,0,False,0
txn_27a5e4e3,cust_0229,8180,INR,2026-04-02 11:01:38,payment,successful,none,new,1,0,False,none,0,9181,0,True,8180
txn_df33561b,cust_0316,24102,INR,2026-08-24 19:06:38,checkout,successful,none,new,1,0,False,none,0,28601,0,True,24102
txn_e3e6b92f,cust_0666,23435,INR,2026-04-07 20:20:38,invoice,overdue,none,VIP,86,1,False,none,42,210399,0,False,0
txn_24572cbb,cust_0569,33600,INR,2026-08-13 14:40:38,payment,failed,unknown,new,0,0,False,none,0,33600,0,False,0
txn_4aeae06a,cust_0493,18471,INR,2026-05-29 11:57:38,invoice,overdue,none,VIP,90,1,False,none,63,314571,0,False,0
txn_f1520c71,cust_0789,24420,INR,2026-08-19 04:37:38,invoice,successful,none,returning,4,2,False,none,0,34112,0,True,24420
txn_b6d42a8c,cust_0698,27033,INR,2026-06-29 17:20:38,invoice,successful,none,returning,2,3,False,none,0,31525,0,True,27033
txn_96081f3d,cust_0714,4627,INR,2026-07-02 18:48:38,invoice,successful,none,new,0,0,False,none,0,4627,0,True,4627
txn_ed47dfcd,cust_0862,13571,INR,2026-04-23 00:22:38,payment,successful,none,new,1,0,False,none,0,14538,0,True,13571
txn_f58d78f1,cust_0498,651,INR,2026-08-03 01:49:38,invoice,overdue,none,VIP,100,5,True,none,28,223651,0,False,0
txn_98e7bac7,cust_0294,3432,INR,2026-08-03 07:15:38,payment,successful,none,returning,17,1,False,none,0,18205,0,True,3432
txn_67b29122,cust_0998,29510,INR,2026-05-09 02:09:38,checkout,abandoned,none,VIP,58,1,True,none,0,200320,0,False,0
txn_787db78c,cust_0369,16079,INR,2026-04-01 21:48:38,invoice,overdue,none,returning,2,3,False,none,19,22459,0,False,0
txn_31007ce3,cust_0394,47056,INR,2026-05-04 13:28:38,subscription,successful,none,returning,20,0,True,active,0,78236,0,True,47056
txn_f14c7733,cust_0637,47827,INR,2026-03-01 09:26:38,invoice,overdue,none,returning,16,0,False,none,5,86515,0,False,0
txn_10a13ef8,cust_0583,35300,INR,2026-05-08 08:41:38,invoice,overdue,none,VIP,73,4,False,none,13,229042,0,False,0
txn_09280dbf,cust_0845,48866,INR,2026-08-19 09:10:38,payment,successful,none,VIP,77,2,False,none,0,273013,0,True,48866
txn_b03d1ac9,cust_0926,41770,INR,2026-06-17 18:50:38,checkout,successful,none,new,1,0,False,none,0,44939,0,True,41770
txn_ae173adb,cust_0120,3278,INR,2026-06-07 23:39:38,checkout,abandoned,none,VIP,70,5,True,none,0,324088,0,False,0
txn_50404699,cust_0947,16007,INR,2026-03-20 17:07:38,payment,successful,none,new,0,0,False,none,0,16007,0,True,16007
txn_f2236911,cust_0552,22979,INR,2026-08-09 10:36:38,invoice,overdue,none,new,1,0,True,none,81,27400,0,False,0
txn_7662ac1e,cust_0368,28502,INR,2026-08-15 19:24:38,checkout,abandoned,none,returning,17,2,True,none,0,37767,0,False,0
txn_64c4ea93,cust_0300,2551,INR,2026-05-01 06:53:38,invoice,overdue,none,VIP,72,2,False,none,3,250159,0,False,0
txn_b86b46ad,cust_0750,19478,INR,2026-05-27 06:25:38,checkout,abandoned,none,VIP,76,2,True,none,0,163498,0,False,0
txn_3dfe6fdf,cust_0881,36249,INR,2026-05-11 18:21:38,subscription,successful,none,returning,13,3,False,active,0,57075,0,True,36249
txn_9d3c407c,cust_0714,34856,INR,2026-04-20 16:16:38,invoice,overdue,none,returning,20,2,False,none,6,57816,0,False,0
txn_a56ba0a8,cust_0698,7097,INR,2026-06-04 00:25:38,subscription,failed,insufficient_funds,VIP,67,0,False,past_due,0,105051,0,False,0
txn_0084ba18,cust_0963,7233,INR,2026-06-23 16:46:38,checkout,successful,none,new,1,0,False,none,0,8311,0,True,7233
txn_42be02b6,cust_0973,18091,INR,2026-03-04 11:37:38,invoice,successful,none,returning,13,1,False,none,0,35394,0,True,18091
txn_04a1d72d,cust_0254,46013,INR,2026-04-29 18:16:38,checkout,abandoned,none,new,1,0,True,none,0,49806,0,False,0
txn_970bf0a4,cust_0424,24725,INR,2026-05-12 10:03:38,payment,successful,none,VIP,52,2,False,none,0,169129,0,True,24725
txn_0447aa6a,cust_0518,42281,INR,2026-08-05 21:52:38,checkout,abandoned,none,VIP,43,2,True,none,0,172356,0,False,0
txn_9cabb67d,cust_0888,33424,INR,2026-06-18 19:43:38,payment,successful,none,new,0,0,False,none,0,33424,0,True,33424
txn_d335054f,cust_0469,32416,INR,2026-06-20 09:53:38,payment,failed,network_error,VIP,61,4,False,none,0,109032,0,False,0
txn_ff74e6f1,cust_0021,37799,INR,2026-04-10 10:29:38,invoice,overdue,none,new,1,0,False,none,40,41448,0,False,0
txn_7de483ea,cust_0660,38113,INR,2026-08-22 22:56:38,subscription,successful,none,VIP,57,4,False,active,0,301510,0,True,38113
txn_a98e31bc,cust_0407,31453,INR,2026-04-03 03:27:38,checkout,abandoned,none,VIP,81,3,True,none,0,240919,0,False,0
txn_48e04fce,cust_0330,34908,INR,2026-04-05 15:32:38,payment,successful,none,new,1,0,False,none,0,36620,0,True,34908
txn_1e2a5aa1,cust_0130,8135,INR,2026-05-02 05:59:38,invoice,successful,none,VIP,93,3,False,none,0,288158,0,True,8135
txn_59e6cfb6,cust_0626,26332,INR,2026-07-17 06:33:38,payment,failed,unknown,new,0,0,False,none,0,26332,0,False,0
txn_a0a33fd3,cust_0116,22546,INR,2026-05-29 05:38:38,subscription,successful,none,returning,14,3,False,active,0,31310,0,True,22546
txn_4bb38cf4,cust_0120,20977,INR,2026-07-03 19:49:38,invoice,overdue,none,new,1,0,False,none,74,25049,0,False,0
txn_cccda999,cust_0877,27341,INR,2026-07-30 11:24:38,subscription,failed,temporary_bank_error,returning,15,3,False,canceled,0,93971,0,False,0
txn_2782a84f,cust_0968,29609,INR,2026-08-22 21:21:38,invoice,successful,none,new,0,0,False,none,0,29609,0,True,29609
txn_83f88712,cust_0633,18587,INR,2026-07-25 08:02:38,checkout,successful,none,returning,2,2,False,none,0,27095,0,True,18587
txn_3172bc72,cust_0265,14286,INR,2026-06-01 20:44:38,invoice,overdue,none,returning,18,2,False,none,63,75918,0,False,0
txn_f8072ff4,cust_0848,25683,INR,2026-06-03 18:50:38,subscription,failed,card_declined,returning,9,1,False,past_due,0,30417,0,False,0
txn_4abd392a,cust_0703,14243,INR,2026-03-19 20:42:38,invoice,overdue,none,returning,6,3,False,none,2,40349,0,False,0
txn_2be21c48,cust_0399,31216,INR,2026-04-07 04:23:38,checkout,abandoned,none,VIP,61,5,True,none,0,315293,0,False,0
txn_789ad8d2,cust_0280,36493,INR,2026-05-15 05:35:38,invoice,overdue,none,new,1,0,True,none,75,40295,0,False,0
txn_0ce7435e,cust_0446,2139,INR,2026-03-27 10:14:38,payment,failed,authentication_failure,VIP,59,2,False,none,0,293068,0,False,0
txn_81b7cbf3,cust_0618,3126,INR,2026-04-23 04:43:38,payment,failed,authentication_failure,returning,4,3,False,none,0,16754,0,False,0
txn_af55ec46,cust_0503,9246,INR,2026-08-11 01:19:38,checkout,successful,none,new,1,0,False,none,0,12104,0,True,9246
txn_0602f017,cust_0596,44687,INR,2026-07-13 08:24:38,invoice,successful,none,returning,1,3,False,none,0,46609,0,True,44687
txn_8ac3a06c,cust_0358,39843,INR,2026-03-21 03:17:38,payment,successful,none,returning,20,3,False,none,0,136703,0,True,39843
txn_a80adb2b,cust_0022,31442,INR,2026-06-09 19:49:38,payment,successful,none,VIP,28,1,False,none,0,94918,0,True,31442
txn_20f30fc1,cust_0307,13764,INR,2026-07-14 10:47:38,invoice,successful,none,new,0,0,False,none,0,13764,0,True,13764
txn_009090b0,cust_0093,36289,INR,2026-03-24 16:19:38,payment,successful,none,VIP,68,5,False,none,0,266605,0,True,36289
txn_aa7b4256,cust_0041,11538,INR,2026-04-08 04:48:38,subscription,failed,authentication_failure,new,0,0,False,canceled,0,11538,0,False,0
txn_9341cc8c,cust_0937,17346,INR,2026-03-13 15:25:38,invoice,overdue,none,returning,19,2,False,none,56,41761,0,False,0
txn_1bfb7ad2,cust_0577,15205,INR,2026-05-08 21:59:38,checkout,abandoned,none,VIP,27,2,True,none,0,113809,0,False,0
txn_4e020166,cust_0588,16733,INR,2026-03-06 19:30:38,payment,failed,card_declined,returning,7,1,False,none,0,47848,0,False,0
txn_a5ee1ae2,cust_0513,10521,INR,2026-06-27 09:46:38,invoice,overdue,none,returning,13,1,False,none,68,67500,0,False,0
txn_40bd566b,cust_0753,21366,INR,2026-04-28 14:43:38,payment,successful,none,new,0,0,False,none,0,21366,0,True,21366
txn_73c22c7e,cust_0590,29849,INR,2026-07-18 08:24:38,checkout,abandoned,none,new,0,0,True,none,0,29849,0,False,0
txn_3b9aca06,cust_0203,21727,INR,2026-07-21 10:31:38,invoice,overdue,none,new,1,0,False,none,46,25860,0,False,0
txn_4094eaf4,cust_0313,41629,INR,2026-07-22 06:51:38,checkout,abandoned,none,VIP,85,1,True,none,0,408489,0,False,0
txn_6f8c8130,cust_0752,46460,INR,2026-08-07 13:32:38,subscription,failed,network_error,VIP,87,4,False,past_due,0,281186,0,False,0
txn_18e391dc,cust_0170,28686,INR,2026-04-12 06:28:38,invoice,successful,none,VIP,82,3,False,none,0,242378,0,True,28686
txn_f04d133d,cust_0389,3508,INR,2026-05-22 09:15:38,subscription,failed,temporary_bank_error,VIP,41,4,False,canceled,0,150657,0,False,0
txn_ffa3606c,cust_0103,18561,INR,2026-08-07 21:54:38,checkout,abandoned,none,VIP,60,3,True,none,0,156861,0,False,0
txn_33646ac1,cust_0021,1296,INR,2026-04-04 17:18:38,checkout,successful,none,returning,3,0,False,none,0,14103,0,True,1296
txn_b38e4bd3,cust_0806,18438,INR,2026-07-12 06:03:38,subscription,successful,none,VIP,51,3,False,active,0,67398,0,True,18438
txn_edb2f9b5,cust_0636,6633,INR,2026-03-31 13:03:38,checkout,successful,none,returning,8,2,True,none,0,31457,0,True,6633
txn_1be38c22,cust_0032,4235,INR,2026-05-18 04:33:38,payment,successful,none,new,1,0,False,none,0,8922,0,True,4235
txn_547438da,cust_0489,6104,INR,2026-03-03 05:09:38,subscription,successful,none,new,0,0,False,active,0,6104,0,True,6104
txn_68114870,cust_0369,6147,INR,2026-07-31 20:27:38,invoice,successful,none,returning,1,3,True,none,0,8557,0,True,6147
txn_22beaae8,cust_0219,29283,INR,2026-08-26 15:44:38,payment,failed,authentication_failure,new,1,0,False,none,0,30145,0,False,0
txn_27462b15,cust_0176,19067,INR,2026-07-17 19:43:38,invoice,overdue,none,returning,6,0,False,none,73,29831,0,False,0
txn_86810f38,cust_0426,1119,INR,2026-06-18 20:49:38,invoice,overdue,none,new,0,0,False,none,1,1119,0,False,0
txn_b97fb4b3,cust_0176,26501,INR,2026-04-10 20:24:38,payment,successful,none,VIP,60,0,False,none,0,189581,0,True,26501
txn_1f4191cf,cust_0086,30964,INR,2026-06-11 09:23:38,checkout,abandoned,none,new,0,0,True,none,0,30964,0,False,0
txn_d3a33699,cust_0945,20798,INR,2026-03-20 06:23:38,subscription,successful,none,new,0,0,False,active,0,20798,0,True,20798
txn_b6f2513e,cust_0494,10002,INR,2026-04-23 03:48:38,checkout,abandoned,none,returning,20,1,True,none,0,64882,0,False,0
txn_bd179654,cust_0263,3356,INR,2026-05-30 18:33:38,checkout,successful,none,VIP,62,3,False,none,0,110368,0,True,3356
txn_874cc7ea,cust_0411,11861,INR,2026-03-03 03:00:38,checkout,successful,none,returning,2,3,False,none,0,17177,0,True,11861
txn_631d4f27,cust_0779,47869,INR,2026-04-17 13:55:38,checkout,abandoned,none,returning,11,2,True,none,0,62906,0,False,0
txn_aca31c1e,cust_0813,7267,INR,2026-05-22 18:03:38,checkout,abandoned,none,new,1,0,True,none,0,8562,0,False,0
txn_a449d458,cust_0582,1480,INR,2026-07-15 06:55:38,invoice,overdue,none,returning,11,2,True,none,10,51134,0,False,0
txn_ba52824d,cust_0278,25096,INR,2026-06-16 20:18:38,subscription,failed,temporary_bank_error,VIP,57,0,False,canceled,0,193189,0,False,0
txn_0f8b91fa,cust_0415,17177,INR,2026-08-11 08:34:38,payment,failed,unknown,returning,1,0,False,none,0,20515,0,False,0
txn_c0fae65b,cust_0790,28821,INR,2026-03-22 05:24:38,invoice,successful,none,new,1,0,False,none,0,33497,0,True,28821
txn_9d4a3be7,cust_0421,16797,INR,2026-07-20 18:58:38,payment,successful,none,VIP,92,5,False,none,0,443309,0,True,16797
txn_83aab9e8,cust_0081,43318,INR,2026-06-21 11:59:38,invoice,overdue,none,returning,1,0,False,none,69,47333,0,False,0
txn_f016fe39,cust_0688,31059,INR,2026-07-31 22:23:38,subscription,successful,none,new,1,0,False,active,0,34765,0,True,31059
txn_c880c7b0,cust_0803,8062,INR,2026-04-23 06:26:38,invoice,successful,none,new,1,0,True,none,0,8871,0,True,8062
txn_b3cd83be,cust_0776,30060,INR,2026-04-28 02:10:38,checkout,successful,none,new,0,0,False,none,0,30060,0,True,30060
txn_978d92b0,cust_0372,18708,INR,2026-04-26 03:35:38,checkout,successful,none,returning,14,0,False,none,0,86426,0,True,18708
txn_b1bbac6f,cust_0135,28140,INR,2026-07-13 01:38:38,invoice,successful,none,VIP,31,4,False,none,0,84095,0,True,28140
txn_2a2417a7,cust_0266,38516,INR,2026-07-18 05:15:38,payment,successful,none,new,0,0,False,none,0,38516,0,True,38516
txn_f3d7ce65,cust_0201,40873,INR,2026-03-07 01:20:38,subscription,failed,network_error,returning,15,2,False,past_due,0,55048,0,False,0
txn_8007ad4f,cust_0608,3045,INR,2026-05-19 00:39:38,checkout,successful,none,VIP,54,2,False,none,0,235839,0,True,3045
txn_5952f9b9,cust_0030,35456,INR,2026-06-01 06:35:38,checkout,abandoned,none,new,0,0,True,none,0,35456,0,False,0
txn_1b2c5ca8,cust_0425,34972,INR,2026-05-28 03:34:38,subscription,successful,none,new,0,0,True,active,0,34972,0,True,34972
txn_a312aa0e,cust_0735,4678,INR,2026-07-01 07:27:38,subscription,failed,unknown,new,1,0,False,past_due,0,7151,0,False,0
txn_ecf45f68,cust_0326,23151,INR,2026-08-08 05:41:38,payment,successful,none,new,1,0,False,none,0,27240,0,True,23151
txn_4c21bfd9,cust_0897,37622,INR,2026-08-14 14:37:38,invoice,successful,none,returning,18,3,False,none,0,75044,0,True,37622
txn_131c7ec9,cust_0193,24722,INR,2026-06-18 08:24:38,invoice,successful,none,new,0,0,False,none,0,24722,0,True,24722
txn_a52660b8,cust_0397,1385,INR,2026-04-06 04:34:38,checkout,abandoned,none,VIP,54,0,True,none,0,222623,0,False,0
txn_9d5308a7,cust_0934,42661,INR,2026-08-13 17:46:38,invoice,successful,none,new,0,0,False,none,0,42661,0,True,42661
txn_d48074b2,cust_0553,25626,INR,2026-04-05 12:25:38,checkout,successful,none,returning,17,2,False,none,0,67667,0,True,25626
txn_586fbf6d,cust_0441,18230,INR,2026-03-13 21:00:38,checkout,abandoned,none,new,0,0,True,none,0,18230,0,False,0
txn_02bfcd4b,cust_0909,35075,INR,2026-03-06 11:56:38,invoice,successful,none,new,1,0,False,none,0,37835,0,True,35075
txn_40bd498d,cust_0290,448,INR,2026-06-26 18:10:38,checkout,successful,none,returning,20,0,False,none,0,62028,0,True,448
txn_2c7bcde5,cust_0671,8389,INR,2026-05-11 11:03:38,invoice,successful,none,VIP,93,0,False,none,0,176626,0,True,8389
txn_4b0ebd2e,cust_0703,12425,INR,2026-07-27 23:52:38,payment,successful,none,new,1,0,False,none,0,13334,0,True,12425
txn_678a322e,cust_0337,21580,INR,2026-08-27 02:08:38,invoice,overdue,none,returning,16,1,False,none,63,100636,0,False,0
txn_7a8e6cd2,cust_0392,20249,INR,2026-08-27 05:16:38,payment,successful,none,new,0,0,False,none,0,20249,0,True,20249
txn_7089d92e,cust_0014,14760,INR,2026-05-25 18:19:38,subscription,successful,none,returning,5,2,False,active,0,20245,0,True,14760
txn_9a8dfdfe,cust_0480,10389,INR,2026-04-27 21:38:38,checkout,successful,none,new,0,0,False,none,0,10389,0,True,10389
txn_22fe1603,cust_0737,22744,INR,2026-03-18 11:21:38,invoice,overdue,none,returning,4,1,False,none,2,28688,0,False,0
txn_459e5977,cust_0842,23618,INR,2026-08-27 04:10:38,payment,successful,none,returning,4,1,False,none,0,26338,0,True,23618
txn_ea36da9e,cust_0070,2833,INR,2026-07-19 04:00:38,subscription,failed,unknown,returning,14,1,False,canceled,0,34627,0,False,0
txn_c475f8f5,cust_0459,9628,INR,2026-07-19 22:03:38,subscription,failed,network_error,new,1,0,True,canceled,0,11791,0,False,0
txn_e3dada1a,cust_0385,13446,INR,2026-08-16 05:21:38,payment,successful,none,new,1,0,False,none,0,17327,0,True,13446
txn_1ab8bcc8,cust_0489,8167,INR,2026-06-08 01:34:38,subscription,successful,none,new,1,0,False,active,0,9376,0,True,8167
txn_2370e136,cust_0399,14637,INR,2026-05-10 07:43:38,invoice,successful,none,VIP,56,1,False,none,0,240205,0,True,14637
txn_31461b14,cust_0710,5607,INR,2026-07-28 08:24:38,subscription,failed,unknown,VIP,55,2,False,canceled,0,222637,0,False,0
txn_1f45c6b5,cust_0328,38350,INR,2026-03-01 11:36:38,checkout,abandoned,none,new,1,0,True,none,0,41975,0,False,0
txn_020e92d3,cust_0899,7164,INR,2026-08-25 11:17:38,subscription,failed,network_error,returning,8,1,False,canceled,0,14196,0,False,0
txn_455e89fb,cust_0247,13875,INR,2026-03-11 01:02:38,checkout,abandoned,none,new,0,0,True,none,0,13875,0,False,0
txn_828bcd8b,cust_0028,9614,INR,2026-08-21 10:11:38,checkout,successful,none,VIP,39,3,False,none,0,34262,0,True,9614
txn_05281a97,cust_0939,35900,INR,2026-06-11 05:24:38,checkout,abandoned,none,returning,13,3,True,none,0,97247,0,False,0
txn_c3b380fc,cust_0157,42850,INR,2026-06-08 03:40:38,checkout,abandoned,none,returning,2,1,True,none,0,51452,0,False,0
txn_92e84457,cust_0208,27524,INR,2026-04-25 12:53:38,invoice,successful,none,returning,17,0,False,none,0,85715,0,True,27524
txn_bc53a4f3,cust_0207,36456,INR,2026-03-25 00:52:38,subscription,successful,none,new,0,0,True,active,0,36456,0,True,36456
txn_5b467bfb,cust_0052,30517,INR,2026-05-18 15:20:38,invoice,successful,none,VIP,79,2,False,none,0,134244,0,True,30517
txn_012cc057,cust_0860,33327,INR,2026-03-05 13:54:38,invoice,successful,none,new,1,0,False,none,0,37598,0,True,33327
txn_6c98c157,cust_0012,4557,INR,2026-04-19 21:28:38,subscription,failed,network_error,new,1,0,False,canceled,0,8325,0,False,0
txn_5dce9088,cust_0603,10561,INR,2026-04-09 22:09:38,invoice,successful,none,new,1,0,False,none,0,12399,0,True,10561
txn_8605a5ee,cust_0433,33102,INR,2026-07-17 23:08:38,payment,successful,none,VIP,29,5,False,none,0,154409,0,True,33102
txn_7e0114aa,cust_0620,40152,INR,2026-08-12 03:13:38,invoice,successful,none,returning,1,1,True,none,0,41662,0,True,40152
txn_c5c1de96,cust_0633,47605,INR,2026-04-14 04:51:38,payment,successful,none,VIP,64,5,False,none,0,215093,0,True,47605
txn_56e3ec4b,cust_0198,17907,INR,2026-03-03 04:28:38,subscription,successful,none,returning,14,2,False,active,0,86745,0,True,17907
txn_09a5a4d5,cust_0103,8979,INR,2026-05-10 20:59:38,subscription,failed,temporary_bank_error,new,0,0,False,past_due,0,8979,0,False,0
txn_fe35d249,cust_0945,27298,INR,2026-06-11 11:46:38,subscription,failed,temporary_bank_error,VIP,97,4,False,canceled,0,454389,0,False,0
txn_ea46fe4b,cust_0863,32782,INR,2026-03-16 08:41:38,payment,successful,none,VIP,47,3,False,none,0,258006,0,True,32782
txn_00215498,cust_0110,15907,INR,2026-08-22 09:29:38,invoice,overdue,none,new,1,0,False,none,57,20715,0,False,0
txn_1d9de2c2,cust_0554,21073,INR,2026-08-08 09:34:38,invoice,successful,none,VIP,32,1,False,none,0,152305,0,True,21073
txn_57e978f9,cust_0685,7927,INR,2026-03-26 10:40:38,invoice,successful,none,returning,13,1,False,none,0,43183,0,True,7927
txn_598adf34,cust_0509,12970,INR,2026-08-18 07:45:38,payment,successful,none,VIP,40,3,False,none,0,107010,0,True,12970
txn_a9095300,cust_0446,31399,INR,2026-08-24 04:53:38,invoice,overdue,none,new,0,0,False,none,53,31399,0,False,0
txn_93245e05,cust_0919,26378,INR,2026-06-13 06:02:38,checkout,successful,none,new,0,0,False,none,0,26378,0,True,26378
txn_a95ca057,cust_0524,39414,INR,2026-06-08 08:44:38,invoice,successful,none,VIP,60,3,False,none,0,237954,0,True,39414
txn_e3a588c7,cust_0343,9910,INR,2026-07-13 00:48:38,invoice,overdue,none,VIP,74,3,False,none,34,322338,0,False,0
txn_7ec9dad5,cust_0139,30457,INR,2026-03-10 19:20:38,subscription,successful,none,VIP,73,3,True,active,0,229163,0,True,30457
txn_7d04bb7e,cust_0234,17125,INR,2026-03-09 01:53:38,payment,successful,none,VIP,40,3,False,none,0,113565,0,True,17125
txn_89dc0894,cust_0823,15605,INR,2026-03-15 10:59:38,subscription,successful,none,new,1,0,False,active,0,17234,0,True,15605
txn_77b65b92,cust_0915,48573,INR,2026-05-24 04:09:38,subscription,failed,card_declined,returning,3,0,False,canceled,0,55641,0,False,0
txn_a63840e5,cust_0668,3495,INR,2026-04-26 11:46:38,subscription,failed,card_declined,new,1,0,False,canceled,0,5313,0,False,0
txn_88525466,cust_0033,42536,INR,2026-05-14 09:32:38,invoice,successful,none,new,0,0,False,none,0,42536,0,True,42536
txn_cdea25a2,cust_0078,2483,INR,2026-03-28 15:59:38,invoice,successful,none,returning,20,0,True,none,0,26163,0,True,2483
txn_46cf7df4,cust_0317,43747,INR,2026-04-28 02:31:38,checkout,successful,none,returning,10,1,False,none,0,51917,0,True,43747
txn_568c228b,cust_0671,26323,INR,2026-03-13 21:16:38,subscription,successful,none,VIP,82,5,False,active,0,267567,0,True,26323
txn_831afd39,cust_0934,378,INR,2026-05-31 21:43:38,checkout,abandoned,none,VIP,60,1,True,none,0,94518,0,False,0
txn_c44baada,cust_0703,33290,INR,2026-07-08 14:20:38,invoice,successful,none,new,0,0,False,none,0,33290,0,True,33290
txn_e5076d77,cust_0841,26107,INR,2026-08-11 22:52:38,checkout,successful,none,returning,19,0,False,none,0,42732,0,True,26107
txn_8a022314,cust_0834,26577,INR,2026-07-21 08:24:38,payment,failed,temporary_bank_error,returning,3,1,True,none,0,34290,0,False,0
txn_569f5427,cust_0181,26782,INR,2026-06-23 12:07:38,invoice,overdue,none,new,1,0,False,none,35,30726,0,False,0
txn_05bd2b43,cust_0314,42459,INR,2026-05-08 21:43:38,checkout,abandoned,none,VIP,72,2,True,none,0,161115,0,False,0
txn_a554fc24,cust_0997,4089,INR,2026-03-08 11:21:38,invoice,overdue,none,new,1,0,False,none,41,8677,0,False,0
txn_b606149f,cust_0161,27051,INR,2026-04-09 01:40:38,payment,successful,none,VIP,67,5,False,none,0,253913,0,True,27051
txn_464a3263,cust_0946,23637,INR,2026-08-09 22:04:38,invoice,successful,none,returning,19,1,False,none,0,42371,0,True,23637
txn_39e18da7,cust_0756,10825,INR,2026-08-02 06:27:38,invoice,overdue,none,new,0,0,False,none,68,10825,0,False,0
txn_090294af,cust_0021,47845,INR,2026-04-23 04:41:38,invoice,overdue,none,VIP,51,5,False,none,30,129241,0,False,0
txn_f7dbe59e,cust_0233,42263,INR,2026-05-03 02:59:38,checkout,successful,none,new,0,0,False,none,0,42263,0,True,42263
txn_cc6af726,cust_0659,32795,INR,2026-04-29 05:18:38,invoice,overdue,none,VIP,56,5,False,none,89,85435,0,False,0
txn_d33ad883,cust_0737,41810,INR,2026-04-19 12:44:38,invoice,successful,none,returning,20,3,False,none,0,76430,0,True,41810
txn_93d619a1,cust_0577,6835,INR,2026-03-19 21:31:38,checkout,abandoned,none,new,1,0,True,none,0,11026,0,False,0
txn_bef5423f,cust_0573,2209,INR,2026-04-04 12:22:38,invoice,successful,none,returning,10,1,False,none,0,48809,0,True,2209
txn_584126a5,cust_0125,17117,INR,2026-05-29 23:56:38,subscription,successful,none,new,0,0,False,active,0,17117,0,True,17117
txn_6baa9ab8,cust_0292,3397,INR,2026-05-26 03:50:38,invoice,overdue,none,VIP,95,0,False,none,24,52227,0,False,0
txn_cc903509,cust_0786,5906,INR,2026-05-30 07:04:38,checkout,successful,none,VIP,53,1,False,none,0,147204,0,True,5906
txn_0061b467,cust_0790,42741,INR,2026-06-18 17:41:38,invoice,overdue,none,new,1,0,False,none,19,44916,0,False,0
txn_5fd9492e,cust_0527,45436,INR,2026-06-27 01:05:38,invoice,overdue,none,new,1,0,False,none,4,47709,0,False,0
txn_417634c5,cust_0956,19266,INR,2026-04-29 12:42:38,payment,failed,insufficient_funds,returning,18,2,False,none,0,76344,0,False,0
txn_98d86472,cust_0168,8194,INR,2026-06-09 23:17:38,payment,failed,network_error,new,0,0,False,none,0,8194,0,False,0
txn_4d2a8257,cust_0328,43354,INR,2026-04-30 22:57:38,payment,successful,none,returning,9,3,False,none,0,85096,0,True,43354
txn_91a5e4a5,cust_0877,3916,INR,2026-03-14 20:25:38,checkout,successful,none,new,1,0,False,none,0,4621,0,True,3916
txn_2ca4d852,cust_0190,8629,INR,2026-07-07 14:59:38,subscription,failed,unknown,returning,13,1,False,past_due,0,42312,0,False,0
txn_975034f0,cust_0981,10121,INR,2026-08-17 03:54:38,payment,successful,none,returning,20,0,False,none,0,61941,0,True,10121
txn_126577a7,cust_0619,48760,INR,2026-03-14 12:47:38,payment,failed,authentication_failure,VIP,83,3,False,none,0,313779,0,False,0
txn_dd4ddc85,cust_0399,28585,INR,2026-06-20 15:31:38,subscription,successful,none,VIP,33,4,False,active,0,126331,0,True,28585
txn_a82cc1c9,cust_0937,38519,INR,2026-07-20 19:48:38,payment,failed,network_error,returning,15,1,False,none,0,110804,0,False,0
txn_8855f5c3,cust_0108,27586,INR,2026-06-16 04:32:38,checkout,successful,none,returning,20,2,False,none,0,64766,0,True,27586
txn_0403beef,cust_0506,48661,INR,2026-07-01 13:13:38,checkout,abandoned,none,new,1,0,True,none,0,51876,0,False,0
txn_ee27c8af,cust_0588,42541,INR,2026-04-23 08:29:38,invoice,successful,none,new,0,0,False,none,0,42541,0,True,42541
txn_46af89e8,cust_0768,4266,INR,2026-08-15 15:19:38,invoice,successful,none,new,1,0,False,none,0,7874,0,True,4266
txn_d850bef7,cust_0805,1436,INR,2026-04-14 06:07:38,checkout,abandoned,none,new,0,0,True,none,0,1436,0,False,0
txn_920dac01,cust_0058,37000,INR,2026-06-05 11:54:38,subscription,failed,network_error,new,1,0,False,canceled,0,38488,0,False,0
txn_8f5faffb,cust_0805,3600,INR,2026-07-03 03:33:38,invoice,overdue,none,returning,7,0,False,none,84,7254,0,False,0
txn_07401ce9,cust_0175,39295,INR,2026-04-22 09:43:38,invoice,overdue,none,VIP,91,3,False,none,27,209829,0,False,0
txn_c8392992,cust_0794,25318,INR,2026-04-17 21:47:38,checkout,abandoned,none,new,0,0,True,none,0,25318,0,False,0
txn_f662007e,cust_0079,12842,INR,2026-07-06 01:55:38,payment,successful,none,VIP,64,1,False,none,0,181226,0,True,12842
txn_ca3ff49f,cust_0456,43113,INR,2026-03-14 10:10:38,payment,successful,none,returning,15,1,False,none,0,62523,0,True,43113
txn_3033ef8c,cust_0724,17641,INR,2026-03-07 00:38:38,payment,failed,network_error,VIP,68,5,False,none,0,202125,0,False,0
txn_d668692a,cust_0181,25289,INR,2026-04-08 11:26:38,checkout,abandoned,none,VIP,53,5,True,none,0,139663,0,False,0
txn_a8d6ef5e,cust_0786,47061,INR,2026-06-29 21:46:38,invoice,overdue,none,returning,15,0,False,none,19,98151,0,False,0
txn_f51501cf,cust_0663,21819,INR,2026-07-19 08:21:38,payment,successful,none,returning,2,2,False,none,0,24617,0,True,21819
txn_9aa576d7,cust_0092,7871,INR,2026-08-23 04:04:38,payment,failed,card_declined,VIP,88,3,False,none,0,378351,0,False,0
txn_d48f8494,cust_0849,18049,INR,2026-08-08 00:00:38,checkout,successful,none,VIP,67,3,False,none,0,287322,0,True,18049
txn_91405c1b,cust_0471,47823,INR,2026-06-03 17:41:38,checkout,abandoned,none,VIP,68,0,True,none,0,133163,0,False,0
txn_48e1a840,cust_0788,17933,INR,2026-05-24 08:57:38,payment,successful,none,new,0,0,False,none,0,17933,0,True,17933
txn_a5baa69c,cust_0380,20029,INR,2026-07-23 00:45:38,invoice,successful,none,returning,13,2,False,none,0,75292,0,True,20029
txn_478b0db3,cust_0783,19817,INR,2026-06-05 00:25:38,payment,successful,none,new,1,0,False,none,0,20339,0,True,19817
txn_6705dfba,cust_0156,47714,INR,2026-03-24 09:29:38,checkout,abandoned,none,new,0,0,True,none,0,47714,0,False,0
txn_6cded9d4,cust_0191,49956,INR,2026-05-12 15:33:38,invoice,overdue,none,new,1,0,False,none,90,54431,0,False,0
txn_9aa3a429,cust_0871,22016,INR,2026-06-13 13:52:38,subscription,successful,none,returning,8,0,False,active,0,47112,0,True,22016
txn_b8f7c41b,cust_0651,32261,INR,2026-03-14 07:19:38,payment,successful,none,returning,5,1,False,none,0,37316,0,True,32261
txn_90d9f99e,cust_0115,3780,INR,2026-03-26 18:12:38,invoice,successful,none,new,1,0,False,none,0,7541,0,True,3780
txn_61d09283,cust_0340,30222,INR,2026-03-12 00:46:38,payment,successful,none,VIP,27,2,False,none,0,69912,0,True,30222
txn_bcca50cb,cust_0624,30854,INR,2026-08-19 00:27:38,invoice,overdue,none,returning,7,0,False,none,57,50699,0,False,0
txn_eed9eb28,cust_0473,44212,INR,2026-07-19 23:31:38,payment,failed,network_error,returning,20,3,False,none,0,65552,0,False,0
txn_fc30466b,cust_0526,14451,INR,2026-04-29 04:32:38,invoice,overdue,none,VIP,82,4,False,none,3,402721,0,False,0
txn_9e6bdebb,cust_0263,33421,INR,2026-04-13 20:01:38,subscription,successful,none,new,1,0,False,active,0,36773,0,True,33421
txn_751fc6cd,cust_0458,28333,INR,2026-08-18 00:41:38,subscription,successful,none,returning,17,1,True,active,0,69456,0,True,28333
txn_ae409e47,cust_0500,21363,INR,2026-07-09 13:02:38,checkout,successful,none,returning,19,2,False,none,0,33333,0,True,21363
txn_0f35b670,cust_0068,10021,INR,2026-06-18 18:52:38,payment,successful,none,returning,13,3,False,none,0,72096,0,True,10021
txn_b340894d,cust_0971,35142,INR,2026-05-04 17:00:38,subscription,successful,none,returning,13,2,False,active,0,54317,0,True,35142
txn_23b1c9c6,cust_0582,3765,INR,2026-05-24 01:00:38,checkout,abandoned,none,returning,6,1,True,none,0,11961,0,False,0
txn_27f5ae95,cust_0121,30848,INR,2026-08-07 21:11:38,payment,failed,card_declined,VIP,98,0,False,none,0,372476,0,False,0
txn_974a0ce1,cust_0027,38124,INR,2026-06-10 09:48:38,payment,successful,none,returning,15,0,False,none,0,82959,0,True,38124
txn_6470e440,cust_0337,22848,INR,2026-04-23 01:50:38,payment,successful,none,new,0,0,False,none,0,22848,0,True,22848
txn_06536291,cust_0075,46192,INR,2026-08-21 23:54:38,invoice,overdue,none,VIP,40,3,False,none,81,241432,0,False,0
txn_fef12146,cust_0981,28015,INR,2026-04-16 16:29:38,checkout,abandoned,none,VIP,26,5,True,none,0,131053,0,False,0
txn_18bd3d5e,cust_0881,19203,INR,2026-05-20 16:20:38,invoice,overdue,none,new,1,0,False,none,40,23198,0,False,0
txn_ce64e7f0,cust_0856,30678,INR,2026-04-29 17:51:38,subscription,successful,none,VIP,55,1,False,active,0,59058,0,True,30678
txn_9163dd81,cust_0762,22532,INR,2026-08-25 10:47:38,invoice,overdue,none,returning,18,1,False,none,67,72824,0,False,0
txn_edf4cc71,cust_0181,31853,INR,2026-08-06 08:22:38,subscription,failed,unknown,returning,1,0,False,canceled,0,34241,0,False,0
txn_dba773c9,cust_0356,34173,INR,2026-07-19 22:07:38,subscription,failed,temporary_bank_error,VIP,91,4,False,canceled,0,404088,0,False,0
txn_db9515fd,cust_0661,41628,INR,2026-07-04 14:03:38,subscription,failed,authentication_failure,new,1,0,False,canceled,0,44964,0,False,0
txn_4e318b2d,cust_0085,37625,INR,2026-06-20 23:33:38,payment,successful,none,new,0,0,False,none,0,37625,0,True,37625
txn_c4fa0620,cust_0942,9597,INR,2026-06-09 22:16:38,invoice,successful,none,returning,16,0,False,none,0,87261,0,True,9597
txn_b4e461e1,cust_0632,11392,INR,2026-03-03 11:10:38,subscription,successful,none,VIP,66,5,False,active,0,244834,0,True,11392
txn_8356c483,cust_0247,12016,INR,2026-06-02 04:01:38,payment,successful,none,VIP,20,0,False,none,0,41776,0,True,12016
txn_aa6c7099,cust_0638,6630,INR,2026-07-06 04:03:38,subscription,failed,temporary_bank_error,VIP,66,2,False,past_due,0,173940,0,False,0
txn_a5928da8,cust_0625,49782,INR,2026-07-16 09:17:38,subscription,successful,none,returning,8,0,False,active,0,84110,0,True,49782
txn_4ea0e02e,cust_0286,47113,INR,2026-07-06 01:04:38,payment,failed,card_declined,new,1,0,False,none,0,48798,0,False,0
txn_b3053dcf,cust_0811,31724,INR,2026-07-16 02:26:38,checkout,abandoned,none,VIP,75,2,True,none,0,337799,0,False,0
txn_b162f125,cust_0020,14694,INR,2026-06-05 08:40:38,checkout,successful,none,new,1,0,False,none,0,17315,0,True,14694
txn_8f3e1710,cust_0628,20076,INR,2026-05-22 14:03:38,subscription,successful,none,returning,2,3,False,active,0,29940,0,True,20076
txn_f31d4aa1,cust_0591,34281,INR,2026-07-17 22:46:38,subscription,failed,unknown,new,1,0,False,past_due,0,34971,0,False,0
txn_1c01b494,cust_0742,33303,INR,2026-05-25 07:52:38,invoice,successful,none,new,1,0,False,none,0,33962,0,True,33303
txn_7291de1a,cust_0429,44431,INR,2026-05-02 07:32:38,subscription,successful,none,new,0,0,False,active,0,44431,0,True,44431
txn_d9296033,cust_0203,5628,INR,2026-07-03 09:37:38,checkout,successful,none,new,1,0,False,none,0,6328,0,True,5628
txn_82cfcce6,cust_0489,18816,INR,2026-08-05 11:58:38,invoice,successful,none,returning,13,3,False,none,0,47832,0,True,18816
txn_49faf225,cust_0484,38625,INR,2026-07-11 01:27:38,invoice,overdue,none,new,0,0,False,none,69,38625,0,False,0
txn_a8b35173,cust_0818,48505,INR,2026-03-24 06:35:38,payment,successful,none,new,0,0,False,none,0,48505,0,True,48505
txn_c57ba45d,cust_0705,29781,INR,2026-05-20 10:35:38,checkout,abandoned,none,VIP,66,1,True,none,0,325923,0,False,0
txn_c2b794cf,cust_0642,7556,INR,2026-04-10 22:13:38,subscription,successful,none,returning,13,1,False,active,0,32048,0,True,7556
txn_2fb9a847,cust_0852,26828,INR,2026-07-27 12:53:38,checkout,abandoned,none,returning,9,1,True,none,0,59831,0,False,0
txn_6486a37c,cust_0046,5026,INR,2026-06-21 09:22:38,invoice,successful,none,VIP,75,4,False,none,0,166876,0,True,5026
txn_1c4cdaa0,cust_0532,25287,INR,2026-07-21 00:53:38,subscription,successful,none,VIP,39,4,False,active,0,89793,0,True,25287
txn_72264759,cust_0314,24853,INR,2026-04-23 15:38:38,invoice,overdue,none,VIP,43,3,False,none,2,224889,0,False,0
txn_f3d954c9,cust_0650,27724,INR,2026-03-13 22:38:38,subscription,successful,none,new,1,0,False,active,0,31309,0,True,27724
txn_45168efb,cust_0642,11647,INR,2026-07-04 09:16:38,checkout,successful,none,new,1,0,False,none,0,14605,0,True,11647
txn_c7e6ee4a,cust_0694,35902,INR,2026-04-15 17:21:38,payment,successful,none,VIP,85,4,False,none,0,345472,0,True,35902
txn_0675f9e5,cust_0102,337,INR,2026-08-21 11:37:38,invoice,overdue,none,returning,20,1,False,none,59,43797,0,False,0
txn_75424bd9,cust_0520,33611,INR,2026-06-19 12:35:38,invoice,overdue,none,VIP,62,4,False,none,4,321353,0,False,0
txn_8415d04a,cust_0799,8903,INR,2026-05-08 20:41:38,checkout,abandoned,none,new,0,0,True,none,0,8903,0,False,0
txn_5a1454ec,cust_0218,32591,INR,2026-04-20 17:35:38,invoice,successful,none,VIP,48,0,False,none,0,86399,0,True,32591
txn_de72b0de,cust_0716,33685,INR,2026-04-25 08:37:38,checkout,successful,none,new,0,0,False,none,0,33685,0,True,33685
txn_9029e2d0,cust_0181,47021,INR,2026-04-14 19:56:38,checkout,successful,none,new,0,0,False,none,0,47021,0,True,47021
txn_61ecd59a,cust_0731,10987,INR,2026-05-21 07:47:38,payment,successful,none,VIP,49,0,False,none,0,84830,0,True,10987
txn_191f6dbf,cust_0059,20361,INR,2026-04-24 03:19:38,subscription,failed,temporary_bank_error,new,0,0,False,past_due,0,20361,0,False,0
txn_8d067732,cust_0316,49330,INR,2026-06-08 02:52:38,payment,successful,none,new,0,0,False,none,0,49330,0,True,49330
txn_8ef259b0,cust_0626,5300,INR,2026-06-22 16:02:38,checkout,successful,none,new,0,0,False,none,0,5300,0,True,5300
txn_8900b89a,cust_0898,29822,INR,2026-07-01 15:27:38,subscription,successful,none,returning,3,0,False,active,0,31559,0,True,29822
txn_9e642d6d,cust_0617,4651,INR,2026-03-17 14:17:38,invoice,successful,none,VIP,43,2,False,none,0,48812,0,True,4651
txn_945d171f,cust_0077,42851,INR,2026-04-04 22:30:38,payment,successful,none,new,1,0,False,none,0,43613,0,True,42851
txn_9d9196bb,cust_0006,6061,INR,2026-08-05 21:11:38,checkout,successful,none,new,1,0,False,none,0,9740,0,True,6061
txn_93088a62,cust_0959,2449,INR,2026-07-18 17:46:38,checkout,abandoned,none,returning,16,1,True,none,0,74785,0,False,0
txn_cc4d0477,cust_0731,23985,INR,2026-07-05 20:43:38,payment,failed,unknown,VIP,90,0,False,none,0,388845,0,False,0
txn_6179001b,cust_0247,23092,INR,2026-05-16 21:15:38,invoice,overdue,none,new,1,0,False,none,30,23815,0,False,0
txn_4283151a,cust_0037,21429,INR,2026-04-25 12:24:38,payment,successful,none,returning,19,2,False,none,0,89734,0,True,21429
txn_fcbdcbf2,cust_0077,23901,INR,2026-07-26 18:49:38,invoice,overdue,none,VIP,63,0,False,none,86,162186,0,False,0
txn_7e7ffda9,cust_0886,13404,INR,2026-08-03 22:33:38,payment,successful,none,VIP,39,2,False,none,0,32904,0,True,13404
txn_cf38d992,cust_0425,37263,INR,2026-05-21 11:44:38,invoice,successful,none,returning,8,1,False,none,0,44527,0,True,37263
txn_b1e2097a,cust_0285,23817,INR,2026-04-20 18:42:38,invoice,overdue,none,new,0,0,False,none,62,23817,0,False,0
txn_26014e52,cust_0105,36316,INR,2026-08-03 21:07:38,checkout,successful,none,returning,5,3,False,none,0,58806,0,True,36316
txn_b9da57f4,cust_0275,15905,INR,2026-06-22 22:29:38,payment,successful,none,returning,12,0,False,none,0,23645,0,True,15905
txn_e5ce4481,cust_0734,23742,INR,2026-08-12 15:54:38,invoice,overdue,none,VIP,57,3,False,none,66,186477,0,False,0
txn_5f136b74,cust_0144,42410,INR,2026-05-30 15:48:38,payment,successful,none,new,0,0,False,none,0,42410,0,True,42410
txn_f740b228,cust_0416,39683,INR,2026-05-30 17:57:38,payment,successful,none,VIP,22,4,False,none,0,70879,0,True,39683
txn_e8e54980,cust_0948,7963,INR,2026-05-29 19:09:38,invoice,overdue,none,new,1,0,False,none,75,12243,0,False,0
txn_ec2cb1e7,cust_0678,25754,INR,2026-03-08 06:04:38,subscription,successful,none,new,1,0,False,active,0,27861,0,True,25754
txn_d4db8bb0,cust_0804,48824,INR,2026-06-23 01:55:38,invoice,successful,none,new,0,0,False,none,0,48824,0,True,48824
txn_dddb73a6,cust_0393,2057,INR,2026-06-13 17:10:38,subscription,successful,none,VIP,63,1,False,active,0,180284,0,True,2057
txn_e8fe294c,cust_0118,9449,INR,2026-08-11 10:03:38,invoice,successful,none,VIP,94,3,False,none,0,283929,0,True,9449
txn_d09e1581,cust_0981,23373,INR,2026-08-23 05:40:38,payment,successful,none,VIP,26,0,False,none,0,67287,0,True,23373
txn_97a7cc3f,cust_0201,20089,INR,2026-03-04 14:49:38,invoice,successful,none,returning,14,2,False,none,0,42587,0,True,20089
txn_7a82d737,cust_0039,27155,INR,2026-06-22 09:23:38,payment,successful,none,VIP,23,4,False,none,0,136750,0,True,27155
txn_5436407e,cust_0681,7730,INR,2026-05-12 18:58:38,subscription,failed,unknown,returning,15,0,False,canceled,0,33755,0,False,0
txn_a4313aa1,cust_0804,32342,INR,2026-06-03 08:28:38,payment,successful,none,returning,1,1,False,none,0,34262,0,True,32342
txn_9197aed9,cust_0083,43402,INR,2026-07-11 13:52:38,invoice,overdue,none,new,1,0,False,none,85,44666,0,False,0
txn_e7a7386d,cust_0307,37848,INR,2026-08-19 16:02:38,checkout,successful,none,new,1,0,False,none,0,41378,0,True,37848
txn_84f35eea,cust_0360,29534,INR,2026-05-05 12:47:38,payment,successful,none,VIP,54,4,False,none,0,129380,0,True,29534
txn_d4999b5a,cust_0634,49589,INR,2026-03-31 05:45:38,invoice,successful,none,VIP,33,0,False,none,0,212906,0,True,49589
txn_f4e3ed71,cust_0832,23296,INR,2026-05-15 04:02:38,subscription,failed,temporary_bank_error,new,1,0,False,past_due,0,26129,0,False,0
txn_ba99b222,cust_0392,36472,INR,2026-05-29 17:39:38,checkout,successful,none,new,1,0,False,none,0,37363,0,True,36472
txn_c995b989,cust_0365,42617,INR,2026-08-25 14:53:38,subscription,failed,card_declined,returning,1,1,False,past_due,0,47332,0,False,0
txn_f3cc5c8d,cust_0257,22051,INR,2026-07-22 19:11:38,payment,successful,none,new,0,0,False,none,0,22051,0,True,22051
txn_bee05377,cust_0346,44178,INR,2026-04-05 03:24:38,invoice,successful,none,VIP,35,4,False,none,0,96678,0,True,44178
txn_24e87e74,cust_0543,12268,INR,2026-07-09 18:59:38,checkout,abandoned,none,new,0,0,True,none,0,12268,0,False,0
txn_981fb885,cust_0832,1081,INR,2026-07-31 19:59:38,subscription,successful,none,new,0,0,False,active,0,1081,0,True,1081
txn_4bc2c760,cust_0713,30503,INR,2026-06-04 18:32:38,subscription,failed,network_error,VIP,28,4,False,past_due,0,72699,0,False,0
txn_52065ed0,cust_0036,6755,INR,2026-06-10 07:27:38,invoice,successful,none,VIP,65,3,False,none,0,195385,0,True,6755
txn_580c0b6a,cust_0911,1705,INR,2026-04-07 23:07:38,subscription,failed,network_error,returning,8,3,False,past_due,0,34145,0,False,0
txn_6e4ecc6c,cust_0763,45439,INR,2026-03-27 04:47:38,checkout,successful,none,returning,14,3,False,none,0,101131,0,True,45439
txn_23a0b909,cust_0755,24815,INR,2026-06-21 11:55:38,subscription,successful,none,returning,8,1,False,active,0,59999,0,True,24815
txn_d15d45d6,cust_0693,12594,INR,2026-06-05 06:01:38,checkout,abandoned,none,VIP,98,0,True,none,0,93934,0,False,0
txn_325d2d4c,cust_0826,44876,INR,2026-03-05 12:07:38,checkout,abandoned,none,new,1,0,True,none,0,45891,0,False,0
txn_5d79cbde,cust_0531,29481,INR,2026-03-03 02:21:38,invoice,successful,none,VIP,49,1,False,none,0,257478,0,True,29481
txn_36f689ef,cust_0830,49156,INR,2026-08-26 13:43:38,subscription,failed,temporary_bank_error,VIP,100,0,False,canceled,0,183756,0,False,0
txn_19ff3370,cust_0768,15680,INR,2026-07-03 05:11:38,invoice,successful,none,new,1,0,False,none,0,18230,0,True,15680
txn_6c74aeca,cust_0994,4515,INR,2026-07-10 07:31:38,subscription,successful,none,new,1,0,False,active,0,6594,0,True,4515
txn_01bd84c1,cust_0768,47007,INR,2026-06-15 05:02:38,payment,failed,authentication_failure,VIP,38,3,False,none,0,104691,0,False,0
txn_2e94ae47,cust_0456,11278,INR,2026-06-29 20:04:38,invoice,overdue,none,new,1,0,False,none,4,15556,0,False,0
txn_d49ffca7,cust_0955,18487,INR,2026-07-09 16:45:38,checkout,successful,none,returning,14,2,False,none,0,77329,0,True,18487
txn_9ef70fc4,cust_0607,26080,INR,2026-03-16 20:25:38,checkout,successful,none,new,1,0,False,none,0,29876,0,True,26080
txn_463204fe,cust_0229,42509,INR,2026-03-10 07:56:38,checkout,successful,none,VIP,44,0,False,none,0,109389,0,True,42509
txn_e358ed07,cust_0383,6918,INR,2026-04-18 21:47:38,invoice,successful,none,returning,1,0,False,none,0,9585,0,True,6918
txn_04581e16,cust_0289,44074,INR,2026-05-09 16:57:38,subscription,successful,none,returning,13,1,False,active,0,106682,0,True,44074
txn_90b7c286,cust_0035,45482,INR,2026-08-07 10:50:38,invoice,successful,none,VIP,78,1,False,none,0,361694,0,True,45482
txn_3cf016fc,cust_0195,6239,INR,2026-08-26 10:05:38,payment,successful,none,returning,5,1,False,none,0,16989,0,True,6239
txn_6ec925cf,cust_0795,15121,INR,2026-07-29 23:21:38,payment,successful,none,VIP,87,5,False,none,0,222355,0,True,15121
txn_77b16e50,cust_0262,32218,INR,2026-03-04 05:51:38,invoice,successful,none,VIP,43,5,False,none,0,221805,0,True,32218
txn_173166c8,cust_0899,13434,INR,2026-03-02 13:46:38,checkout,abandoned,none,new,1,0,True,none,0,15011,0,False,0
txn_308f7797,cust_0572,45686,INR,2026-03-12 01:15:38,payment,successful,none,new,1,0,False,none,0,49015,0,True,45686
txn_fee5476a,cust_0035,33120,INR,2026-08-11 06:23:38,subscription,successful,none,new,0,0,False,active,0,33120,0,True,33120
txn_de983fda,cust_0778,16113,INR,2026-04-23 09:48:38,subscription,failed,temporary_bank_error,VIP,78,3,False,canceled,0,63615,0,False,0
txn_d1c9c2fb,cust_0424,31038,INR,2026-06-01 21:25:38,invoice,overdue,none,VIP,52,4,False,none,21,273774,0,False,0
txn_ef836cfd,cust_0493,5872,INR,2026-06-26 04:47:38,invoice,successful,none,VIP,29,1,False,none,0,146522,0,True,5872
txn_f9215a8c,cust_0965,39535,INR,2026-03-15 03:20:38,subscription,failed,unknown,new,0,0,False,past_due,0,39535,0,False,0
txn_2d9a2ce2,cust_0256,37597,INR,2026-07-20 11:37:38,checkout,successful,none,VIP,60,1,False,none,0,274837,0,True,37597
txn_ab09e5b7,cust_0648,28848,INR,2026-08-06 08:59:38,subscription,successful,none,returning,17,3,False,active,0,51152,0,True,28848
txn_59dccd46,cust_0852,44142,INR,2026-03-03 06:55:38,checkout,abandoned,none,new,0,0,True,none,0,44142,0,False,0
txn_fd6ba2cd,cust_0395,4328,INR,2026-08-08 14:51:38,checkout,successful,none,returning,2,0,False,none,0,9864,0,True,4328
txn_9d00c6c5,cust_0302,157,INR,2026-07-07 06:18:38,invoice,overdue,none,returning,4,1,False,none,33,3373,0,False,0
txn_e5e2d9fc,cust_0516,29357,INR,2026-04-09 22:51:38,checkout,successful,none,returning,13,1,False,none,0,58646,0,True,29357
txn_54bd869e,cust_0949,4702,INR,2026-05-15 18:41:38,invoice,successful,none,new,0,0,False,none,0,4702,0,True,4702
txn_f0662aba,cust_0626,49781,INR,2026-05-15 01:50:38,subscription,successful,none,VIP,62,5,False,active,0,114385,0,True,49781
txn_0fa3b4f1,cust_0369,3326,INR,2026-06-23 23:12:38,invoice,overdue,none,returning,10,0,False,none,55,42146,0,False,0
txn_860f577f,cust_0954,27311,INR,2026-05-24 05:37:38,invoice,overdue,none,VIP,51,5,False,none,52,155831,0,False,0
txn_ebd7a7dd,cust_0363,33339,INR,2026-04-23 03:03:38,checkout,successful,none,new,1,0,False,none,0,37786,0,True,33339
txn_a38e8137,cust_0988,45188,INR,2026-03-06 02:28:38,checkout,successful,none,returning,17,1,False,none,0,111335,0,True,45188
txn_252aa90e,cust_0195,28923,INR,2026-06-20 09:26:38,subscription,failed,insufficient_funds,VIP,68,0,False,past_due,0,220003,0,False,0
txn_ab4c58b9,cust_0656,25654,INR,2026-04-17 13:47:38,invoice,successful,none,new,0,0,False,none,0,25654,0,True,25654
txn_9aa8a7b4,cust_0936,38616,INR,2026-05-14 12:38:38,payment,successful,none,returning,4,0,False,none,0,48288,0,True,38616
txn_5094201e,cust_0229,19220,INR,2026-08-03 23:16:38,payment,successful,none,VIP,23,2,False,none,0,71016,0,True,19220
txn_7d38fdfc,cust_0525,36074,INR,2026-08-24 03:00:38,payment,successful,none,VIP,68,2,False,none,0,247758,0,True,36074
txn_28f4511d,cust_0630,6763,INR,2026-04-21 12:47:38,checkout,abandoned,none,VIP,79,0,True,none,0,367240,0,False,0
txn_3b630132,cust_0082,44560,INR,2026-08-19 13:43:38,checkout,abandoned,none,new,0,0,True,none,0,44560,0,False,0
txn_bca38f8f,cust_0186,24161,INR,2026-05-26 08:06:38,checkout,successful,none,returning,2,0,False,none,0,31771,0,True,24161
txn_7cfad77d,cust_0218,34272,INR,2026-03-04 21:55:38,invoice,successful,none,VIP,39,4,False,none,0,76509,0,True,34272
txn_3c53c4d2,cust_0404,49545,INR,2026-04-15 20:46:38,payment,failed,insufficient_funds,new,1,0,False,none,0,52621,0,False,0
txn_e846df0e,cust_0119,18702,INR,2026-08-19 19:59:38,checkout,abandoned,none,new,1,0,True,none,0,19256,0,False,0
txn_2aeeff17,cust_0900,7730,INR,2026-08-07 05:02:38,invoice,overdue,none,VIP,28,5,False,none,53,100354,0,False,0
txn_808bb880,cust_0301,45510,INR,2026-08-04 03:21:38,subscription,successful,none,returning,12,3,False,active,0,97026,0,True,45510
txn_3826ab36,cust_0888,15182,INR,2026-05-27 11:01:38,invoice,successful,none,VIP,77,2,False,none,0,342663,0,True,15182
txn_d6e4eb85,cust_0570,25298,INR,2026-05-13 19:03:38,checkout,abandoned,none,new,1,0,True,none,0,27277,0,False,0
txn_629d2197,cust_0833,34499,INR,2026-05-22 20:23:38,subscription,successful,none,VIP,59,4,False,active,0,274334,0,True,34499
txn_9f862968,cust_0527,47671,INR,2026-03-17 19:14:38,payment,successful,none,returning,11,0,False,none,0,79153,0,True,47671
txn_e44064b4,cust_0540,14718,INR,2026-05-20 15:28:38,checkout,successful,none,returning,9,2,False,none,0,26976,0,True,14718
txn_dd7113a9,cust_0628,15902,INR,2026-03-25 12:30:38,invoice,successful,none,new,0,0,False,none,0,15902,0,True,15902
txn_87325f1b,cust_0302,42473,INR,2026-07-08 10:32:38,checkout,successful,none,new,0,0,False,none,0,42473,0,True,42473
txn_3542e610,cust_0942,21750,INR,2026-05-20 01:55:38,subscription,failed,network_error,new,1,0,False,past_due,0,23769,0,False,0
txn_b3f4064a,cust_0391,16453,INR,2026-04-15 12:58:38,payment,successful,none,VIP,46,3,False,none,0,170737,0,True,16453
txn_acb48ce4,cust_0292,42524,INR,2026-04-26 06:55:38,subscription,failed,temporary_bank_error,new,0,0,False,past_due,0,42524,0,False,0
txn_9d64f98b,cust_0132,38111,INR,2026-04-30 16:49:38,payment,failed,unknown,VIP,36,2,False,none,0,169043,0,False,0
txn_f01b67f9,cust_0799,20652,INR,2026-03-26 10:05:38,checkout,successful,none,returning,19,0,True,none,0,50710,0,True,20652
txn_22db4740,cust_0552,1667,INR,2026-07-06 01:27:38,subscription,successful,none,VIP,99,5,False,active,0,276392,0,True,1667
txn_5b07ab18,cust_0414,9160,INR,2026-05-20 04:09:38,subscription,failed,network_error,VIP,55,0,False,canceled,0,142755,0,False,0
txn_a719f107,cust_0437,34238,INR,2026-03-26 18:53:38,checkout,abandoned,none,VIP,97,4,True,none,0,393235,0,False,0
txn_4175467c,cust_0435,34061,INR,2026-07-27 01:42:38,checkout,abandoned,none,new,0,0,True,none,0,34061,0,False,0
txn_9d4f6146,cust_0764,38378,INR,2026-06-14 10:57:38,payment,successful,none,VIP,99,2,False,none,0,130745,0,True,38378
txn_ceb8b0ab,cust_0464,30118,INR,2026-07-20 03:51:38,payment,successful,none,new,1,0,False,none,0,33076,0,True,30118
txn_c548e2cf,cust_0259,4091,INR,2026-05-03 09:21:38,checkout,successful,none,returning,6,3,False,none,0,20717,0,True,4091
txn_2a31c161,cust_0127,16201,INR,2026-07-15 01:30:38,invoice,overdue,none,returning,13,0,False,none,79,48168,0,False,0
txn_f8d65467,cust_0536,20687,INR,2026-08-23 01:45:38,invoice,successful,none,VIP,97,5,False,none,0,160658,0,True,20687
txn_7d74353f,cust_0001,35157,INR,2026-04-01 22:43:38,subscription,failed,authentication_failure,VIP,80,2,False,canceled,0,94357,0,False,0
txn_e3ed7713,cust_0404,39462,INR,2026-05-19 12:21:38,payment,failed,insufficient_funds,returning,20,3,False,none,0,99342,0,False,0
txn_c08a807d,cust_0797,31504,INR,2026-05-15 05:40:38,checkout,abandoned,none,returning,3,3,True,none,0,37459,0,False,0
txn_73ff654a,cust_0072,34671,INR,2026-04-13 16:11:38,invoice,successful,none,returning,8,1,False,none,0,64375,0,True,34671
txn_38738e26,cust_0763,13068,INR,2026-08-21 00:10:38,subscription,successful,none,returning,5,2,False,active,0,36688,0,True,13068
txn_02560c87,cust_0581,24103,INR,2026-06-12 10:35:38,checkout,successful,none,returning,15,0,False,none,0,70033,0,True,24103
txn_ad4fb3e5,cust_0295,16923,INR,2026-05-22 14:23:38,checkout,successful,none,new,0,0,False,none,0,16923,0,True,16923
txn_a832beef,cust_0869,42839,INR,2026-06-23 03:16:38,invoice,overdue,none,new,0,0,False,none,5,42839,0,False,0
txn_d31ed699,cust_0843,1644,INR,2026-06-06 19:08:38,subscription,successful,none,new,1,0,False,active,0,4160,0,True,1644
txn_094c37a4,cust_0614,26274,INR,2026-07-03 13:21:38,subscription,failed,network_error,new,0,0,False,canceled,0,26274,0,False,0
txn_f8554844,cust_0137,20818,INR,2026-06-07 22:57:38,checkout,abandoned,none,returning,1,2,True,none,0,22324,0,False,0
txn_25b32d8b,cust_0712,45287,INR,2026-08-03 22:35:38,checkout,successful,none,new,1,0,False,none,0,49253,0,True,45287
txn_84274969,cust_0824,29529,INR,2026-05-08 00:07:38,subscription,successful,none,new,0,0,False,active,0,29529,0,True,29529
txn_cfb9bf07,cust_0565,1405,INR,2026-05-23 17:00:38,invoice,overdue,none,returning,9,2,False,none,12,38908,0,False,0
txn_7fe6deb1,cust_0968,47108,INR,2026-06-16 17:26:38,invoice,overdue,none,new,1,0,False,none,86,48042,0,False,0
txn_2add2cdb,cust_0065,35137,INR,2026-05-25 15:13:38,checkout,successful,none,VIP,82,1,False,none,0,197415,0,True,35137
txn_ccd18a27,cust_0718,28151,INR,2026-03-12 18:12:38,checkout,successful,none,returning,10,3,False,none,0,38351,0,True,28151
txn_363b726f,cust_0288,35597,INR,2026-05-08 11:07:38,checkout,abandoned,none,VIP,72,3,True,none,0,173909,0,False,0
txn_2694a915,cust_0523,5089,INR,2026-07-04 08:30:38,payment,failed,unknown,VIP,34,2,False,none,0,80603,0,False,0
txn_47d3b167,cust_0846,17280,INR,2026-07-26 01:44:38,checkout,abandoned,none,new,1,0,True,none,0,21300,0,False,0
txn_cafa3c6c,cust_0003,49117,INR,2026-04-20 09:41:38,invoice,overdue,none,returning,17,0,False,none,83,92161,0,False,0
txn_429b2e6e,cust_0251,21929,INR,2026-03-22 16:54:38,payment,successful,none,VIP,52,0,False,none,0,245217,0,True,21929
txn_ff14be01,cust_0384,20894,INR,2026-05-30 21:27:38,invoice,overdue,none,VIP,88,1,False,none,3,252598,0,False,0
txn_ae0a374d,cust_0730,17757,INR,2026-08-21 21:46:38,invoice,successful,none,returning,3,1,False,none,0,20718,0,True,17757
txn_b4fd1a8d,cust_0970,7220,INR,2026-05-07 15:05:38,payment,failed,network_error,VIP,64,4,False,none,0,277364,0,False,0
txn_a3f1215e,cust_0122,169,INR,2026-03-28 11:09:38,subscription,successful,none,returning,18,2,False,active,0,64987,0,True,169
txn_078ea7a6,cust_0561,49805,INR,2026-08-12 01:16:38,invoice,overdue,none,new,1,0,False,none,17,52387,0,False,0
txn_e08aad52,cust_0773,48029,INR,2026-08-15 03:51:38,checkout,abandoned,none,new,0,0,True,none,0,48029,0,False,0
txn_ec0cd8dd,cust_0701,1089,INR,2026-06-18 22:40:38,checkout,successful,none,new,0,0,False,none,0,1089,0,True,1089
txn_12d5b80f,cust_0969,13808,INR,2026-07-22 18:29:38,checkout,abandoned,none,new,0,0,True,none,0,13808,0,False,0
txn_f9a4102e,cust_0724,23975,INR,2026-04-22 08:02:38,checkout,successful,none,returning,13,1,False,none,0,84243,0,True,23975
txn_fa9b2972,cust_0947,48153,INR,2026-03-28 11:48:38,checkout,abandoned,none,returning,18,1,True,none,0,90975,0,False,0
txn_be42d219,cust_0074,19058,INR,2026-04-20 03:04:38,subscription,successful,none,new,1,0,False,active,0,20208,0,True,19058
txn_c1d63f23,cust_0451,35944,INR,2026-03-07 01:05:38,checkout,abandoned,none,VIP,43,4,True,none,0,62733,0,False,0
txn_d47543e9,cust_0619,47681,INR,2026-08-09 01:48:38,subscription,successful,none,returning,17,1,False,active,0,57864,0,True,47681
txn_17d8efe7,cust_0414,23782,INR,2026-05-12 13:44:38,checkout,successful,none,VIP,22,3,False,none,0,87450,0,True,23782
txn_15f451be,cust_0656,49018,INR,2026-04-12 22:54:38,invoice,successful,none,returning,1,1,False,none,0,50800,0,True,49018
txn_2b8df0d1,cust_0843,34205,INR,2026-05-31 21:28:38,invoice,successful,none,returning,2,0,True,none,0,37369,0,True,34205
txn_ce2c6367,cust_0813,16620,INR,2026-08-21 23:01:38,invoice,successful,none,VIP,26,3,False,none,0,90850,0,True,16620
txn_1626246d,cust_0258,35028,INR,2026-08-17 15:07:38,checkout,abandoned,none,returning,16,1,True,none,0,65012,0,False,0
txn_968310c6,cust_0242,16837,INR,2026-04-10 22:47:38,subscription,failed,temporary_bank_error,VIP,32,4,False,canceled,0,159653,0,False,0
txn_e6647755,cust_0186,127,INR,2026-07-11 23:43:38,payment,failed,temporary_bank_error,new,0,0,False,none,0,127,0,False,0
txn_15321f6c,cust_0634,4819,INR,2026-03-17 07:00:38,invoice,overdue,none,VIP,52,1,False,none,51,215471,0,False,0
txn_2c573eca,cust_0501,18095,INR,2026-06-01 06:03:38,subscription,failed,temporary_bank_error,VIP,93,1,False,past_due,0,328622,0,False,0
txn_cd4f3580,cust_0557,46041,INR,2026-08-26 16:39:38,payment,successful,none,new,0,0,True,none,0,46041,0,True,46041
txn_106a0fba,cust_0183,41750,INR,2026-08-16 17:33:38,subscription,successful,none,new,1,0,False,active,0,43547,0,True,41750
txn_0558fccd,cust_0827,19446,INR,2026-08-18 02:02:38,invoice,overdue,none,VIP,69,3,False,none,9,205263,0,False,0
txn_6bab2c50,cust_0570,19548,INR,2026-07-04 14:32:38,subscription,successful,none,VIP,50,0,False,active,0,207448,0,True,19548
txn_9a510b64,cust_0288,25133,INR,2026-05-19 17:59:38,invoice,overdue,none,returning,4,0,True,none,33,39609,0,False,0
txn_25aa0da5,cust_0504,42298,INR,2026-04-10 16:24:38,subscription,successful,none,returning,17,1,False,active,0,60879,0,True,42298
txn_c5197d6d,cust_0516,10647,INR,2026-07-31 23:20:38,payment,successful,none,VIP,52,3,False,none,0,263679,0,True,10647
txn_ae8b5f02,cust_0786,48259,INR,2026-04-10 23:03:38,checkout,successful,none,returning,9,3,False,none,0,84349,0,True,48259
txn_75bbfc46,cust_0607,23998,INR,2026-04-30 20:06:38,invoice,successful,none,new,0,0,False,none,0,23998,0,True,23998
txn_81eef017,cust_0854,49275,INR,2026-04-10 20:32:38,subscription,failed,authentication_failure,new,0,0,False,past_due,0,49275,0,False,0
txn_2b1106c0,cust_0790,10732,INR,2026-07-04 13:10:38,subscription,successful,none,new,0,0,False,active,0,10732,0,True,10732
txn_5aaa0b9d,cust_0627,1725,INR,2026-08-27 19:17:38,invoice,overdue,none,VIP,42,0,False,none,34,181989,0,False,0
txn_0e0cd23b,cust_0346,30810,INR,2026-03-23 05:35:38,checkout,successful,none,returning,15,2,False,none,0,63165,0,True,30810
txn_610cd82e,cust_0972,46723,INR,2026-04-29 14:34:38,payment,successful,none,returning,7,1,False,none,0,69802,0,True,46723
txn_471c9aed,cust_0198,13359,INR,2026-07-14 07:12:38,invoice,overdue,none,returning,17,1,False,none,7,34354,0,False,0
txn_6e9a024f,cust_0941,2012,INR,2026-04-17 20:59:38,payment,failed,unknown,returning,18,0,False,none,0,89924,0,False,0
txn_5d680d2d,cust_0171,5282,INR,2026-06-29 18:01:38,invoice,overdue,none,returning,17,0,False,none,14,55908,0,False,0
txn_1cd97173,cust_0945,44757,INR,2026-07-30 21:01:38,invoice,overdue,none,returning,5,0,False,none,60,51347,0,False,0
txn_cd4c6bd9,cust_0988,151,INR,2026-05-25 15:21:38,payment,successful,none,VIP,78,3,False,none,0,313165,0,True,151
txn_fffc93a9,cust_0207,27508,INR,2026-08-26 06:52:38,invoice,successful,none,VIP,77,0,True,none,0,111823,0,True,27508
txn_6aa20974,cust_0281,42356,INR,2026-06-28 07:31:38,invoice,successful,none,returning,10,0,False,none,0,71176,0,True,42356
txn_dfabab45,cust_0197,20472,INR,2026-06-07 04:58:38,subscription,failed,network_error,VIP,79,2,False,canceled,0,180131,0,False,0
txn_c22c7089,cust_0855,35382,INR,2026-07-01 21:33:38,invoice,overdue,none,VIP,82,5,False,none,75,400364,0,False,0
txn_51dfd15a,cust_0642,5895,INR,2026-03-14 11:44:38,invoice,successful,none,returning,2,1,False,none,0,9533,0,True,5895
txn_ed3b9942,cust_0272,2074,INR,2026-08-11 21:58:38,payment,successful,none,VIP,22,4,False,none,0,76676,0,True,2074
txn_95e97f6c,cust_0360,5125,INR,2026-03-09 22:39:38,checkout,abandoned,none,VIP,32,4,True,none,0,120709,0,False,0
txn_ecf1aea2,cust_0667,14753,INR,2026-03-29 06:22:38,payment,successful,none,returning,16,3,False,none,0,42529,0,True,14753
txn_ccf8ca5a,cust_0236,23784,INR,2026-03-06 00:43:38,subscription,failed,unknown,VIP,57,0,False,past_due,0,235995,0,False,0
txn_416d2481,cust_0190,1234,INR,2026-05-15 07:23:38,invoice,overdue,none,VIP,85,0,False,none,56,267114,0,False,0
txn_25e1669f,cust_0548,12749,INR,2026-07-03 10:27:38,payment,failed,network_error,new,1,0,False,none,0,13935,0,False,0
txn_ed07ac3b,cust_0418,37286,INR,2026-03-03 02:55:38,subscription,successful,none,new,1,0,False,active,0,41350,0,True,37286
txn_b43fb311,cust_0292,41321,INR,2026-05-11 05:02:38,subscription,successful,none,returning,5,2,False,active,0,54491,0,True,41321
txn_2ebe8248,cust_0764,35278,INR,2026-06-11 14:48:38,invoice,successful,none,returning,8,0,False,none,0,65950,0,True,35278
txn_83fe6b78,cust_0747,9278,INR,2026-03-17 13:49:38,subscription,failed,network_error,returning,17,3,False,past_due,0,21144,0,False,0
txn_df131ae6,cust_0431,6931,INR,2026-04-07 10:04:38,checkout,abandoned,none,VIP,41,4,True,none,0,41002,0,False,0
txn_993a2930,cust_0144,10216,INR,2026-07-11 08:53:38,invoice,successful,none,returning,16,1,False,none,0,47464,0,True,10216
txn_7c53e43c,cust_0403,44035,INR,2026-07-31 23:58:38,invoice,successful,none,returning,8,2,False,none,0,48491,0,True,44035
txn_8e5e92e0,cust_0268,48746,INR,2026-07-25 10:01:38,invoice,overdue,none,returning,14,2,False,none,33,76620,0,False,0
txn_c3d964b7,cust_0529,26387,INR,2026-08-10 04:03:38,checkout,abandoned,none,returning,4,3,True,none,0,34219,0,False,0
txn_f8645d70,cust_0381,6936,INR,2026-03-16 05:25:38,subscription,successful,none,VIP,38,5,False,active,0,118390,0,True,6936
txn_87ebeee3,cust_0024,21536,INR,2026-08-16 04:00:38,payment,failed,unknown,returning,15,2,False,none,0,69896,0,False,0
txn_cf5e72d2,cust_0531,35140,INR,2026-07-28 13:57:38,invoice,successful,none,returning,4,1,False,none,0,55016,0,True,35140
txn_aec0e883,cust_0202,32566,INR,2026-07-26 11:03:38,subscription,successful,none,returning,20,2,False,active,0,131146,0,True,32566
txn_91317c3e,cust_0397,49707,INR,2026-06-09 15:55:38,payment,successful,none,new,0,0,False,none,0,49707,0,True,49707
txn_b52a2c82,cust_0418,23224,INR,2026-03-31 23:20:38,checkout,successful,none,new,1,0,False,none,0,24532,0,True,23224
txn_65d50a56,cust_0690,6641,INR,2026-04-19 23:11:38,checkout,successful,none,returning,8,0,False,none,0,21737,0,True,6641
txn_cc4e910d,cust_0257,20637,INR,2026-04-28 17:18:38,invoice,overdue,none,returning,18,0,False,none,67,44235,0,False,0
txn_5dee0838,cust_0108,32202,INR,2026-03-26 18:33:38,invoice,overdue,none,returning,13,2,False,none,90,59424,0,False,0
txn_3a82529d,cust_0289,44739,INR,2026-08-26 22:14:38,invoice,successful,none,returning,16,2,False,none,0,54563,0,True,44739
txn_bb6345a3,cust_0171,49690,INR,2026-03-25 23:38:38,subscription,successful,none,VIP,25,3,False,active,0,115715,0,True,49690
txn_be76634e,cust_0034,36528,INR,2026-06-06 14:34:38,checkout,successful,none,new,0,0,False,none,0,36528,0,True,36528
txn_67c9ffed,cust_0990,21005,INR,2026-05-21 09:00:38,invoice,successful,none,new,0,0,False,none,0,21005,0,True,21005
txn_126293aa,cust_0014,27235,INR,2026-07-28 02:37:38,payment,successful,none,VIP,21,2,True,none,0,131269,0,True,27235
txn_ca78bff4,cust_0716,985,INR,2026-07-09 04:52:38,payment,successful,none,new,0,0,False,none,0,985,0,True,985
txn_9f0a524a,cust_0645,26137,INR,2026-07-10 18:57:38,invoice,successful,none,new,0,0,False,none,0,26137,0,True,26137
txn_b2a3e2aa,cust_0922,35646,INR,2026-03-29 05:02:38,payment,successful,none,returning,19,1,False,none,0,71024,0,True,35646
txn_cb1eb31f,cust_0116,25763,INR,2026-03-02 16:49:38,invoice,overdue,none,returning,9,0,False,none,22,55949,0,False,0
txn_aef6353e,cust_0003,3999,INR,2026-07-15 20:48:38,invoice,overdue,none,VIP,36,3,False,none,58,61527,0,False,0
txn_77dca2ac,cust_0222,10237,INR,2026-02-28 07:14:38,invoice,successful,none,returning,18,1,False,none,0,64399,0,True,10237
txn_ca29ba24,cust_0661,41832,INR,2026-08-05 17:47:38,invoice,successful,none,VIP,54,4,False,none,0,212040,0,True,41832
txn_fd49e277,cust_0963,49020,INR,2026-04-20 07:57:38,subscription,successful,none,new,1,0,False,active,0,52495,0,True,49020
txn_d781c77e,cust_0914,9832,INR,2026-03-13 12:45:38,checkout,abandoned,none,VIP,48,2,True,none,0,191080,0,False,0
txn_aab3cb3f,cust_0909,40010,INR,2026-04-07 04:03:38,payment,successful,none,returning,3,0,False,none,0,50114,0,True,40010
txn_38b0c15f,cust_0602,45857,INR,2026-03-07 00:07:38,subscription,successful,none,returning,3,2,False,active,0,48758,0,True,45857
txn_8e9c9293,cust_0643,30771,INR,2026-03-28 02:47:38,checkout,successful,none,VIP,40,5,False,none,0,64571,0,True,30771
txn_8150859c,cust_0337,45301,INR,2026-03-23 15:56:38,payment,failed,insufficient_funds,returning,18,0,False,none,0,64759,0,False,0
txn_08f8d1da,cust_0549,33741,INR,2026-08-16 00:31:38,subscription,failed,insufficient_funds,VIP,81,2,True,canceled,0,245070,0,False,0
txn_d15e4649,cust_0355,12148,INR,2026-08-22 17:51:38,invoice,successful,none,VIP,89,0,False,none,0,416208,0,True,12148
txn_dba3badd,cust_0083,1574,INR,2026-03-11 22:06:38,subscription,failed,authentication_failure,VIP,83,2,False,past_due,0,186000,0,False,0
txn_101a27a8,cust_0674,45032,INR,2026-03-02 07:31:38,subscription,successful,none,VIP,36,2,False,active,0,164408,0,True,45032
txn_f47825f7,cust_0705,32882,INR,2026-06-01 20:45:38,payment,failed,unknown,VIP,54,3,True,none,0,65714,0,False,0
txn_a194a4f0,cust_0390,8469,INR,2026-03-14 22:08:38,subscription,successful,none,new,1,0,False,active,0,10502,0,True,8469
txn_5d581c07,cust_0039,44558,INR,2026-07-29 00:42:38,checkout,abandoned,none,new,0,0,True,none,0,44558,0,False,0
txn_b10b8b86,cust_0926,42755,INR,2026-08-15 00:03:38,invoice,successful,none,new,1,0,False,none,0,45461,0,True,42755
txn_d2a62429,cust_0706,31101,INR,2026-04-27 04:08:38,checkout,abandoned,none,returning,6,2,True,none,0,60279,0,False,0
txn_77086e17,cust_0967,16013,INR,2026-03-09 01:48:38,payment,successful,none,VIP,88,1,False,none,0,300253,0,True,16013
txn_0d3596b2,cust_0880,40599,INR,2026-03-16 05:07:38,payment,successful,none,VIP,27,0,False,none,0,146439,0,True,40599
txn_6f9011bb,cust_0015,44326,INR,2026-08-24 08:37:38,payment,failed,network_error,returning,5,0,False,none,0,53131,0,False,0
txn_40146f8e,cust_0468,31343,INR,2026-03-13 13:27:38,invoice,overdue,none,new,0,0,False,none,45,31343,0,False,0
txn_00d1ef30,cust_0353,31568,INR,2026-04-19 05:51:38,invoice,successful,none,returning,12,2,False,none,0,71672,0,True,31568
txn_0602660d,cust_0026,25277,INR,2026-04-21 03:53:38,checkout,successful,none,VIP,74,3,False,none,0,224337,0,True,25277
txn_ff0b3d1a,cust_0896,26370,INR,2026-08-14 14:05:38,checkout,successful,none,VIP,80,0,True,none,0,213250,0,True,26370
txn_e684e0bd,cust_0349,26655,INR,2026-04-19 08:18:38,checkout,successful,none,new,0,0,False,none,0,26655,0,True,26655
txn_1cd15459,cust_0295,41743,INR,2026-06-09 08:24:38,checkout,successful,none,returning,1,2,False,none,0,43211,0,True,41743
txn_8238df1f,cust_0218,48936,INR,2026-06-02 23:20:38,invoice,successful,none,new,1,0,False,none,0,49766,0,True,48936
txn_22357cf7,cust_0605,34347,INR,2026-05-25 22:47:38,invoice,overdue,none,returning,4,1,False,none,14,53871,0,False,0
txn_dbbdfd9a,cust_0168,37052,INR,2026-03-15 15:08:38,checkout,successful,none,new,0,0,False,none,0,37052,0,True,37052
txn_0b35bb26,cust_0868,43860,INR,2026-07-30 20:42:38,invoice,successful,none,returning,3,0,True,none,0,58134,0,True,43860
txn_2c987fe3,cust_0302,45787,INR,2026-04-10 00:26:38,invoice,successful,none,new,1,0,False,none,0,46709,0,True,45787
txn_4f96fee6,cust_0619,34163,INR,2026-06-30 22:00:38,invoice,overdue,none,new,1,0,False,none,43,35476,0,False,0
txn_8447e2b8,cust_0259,17880,INR,2026-05-19 20:53:38,invoice,successful,none,VIP,46,5,False,none,0,156064,0,True,17880
txn_45c07976,cust_0084,14009,INR,2026-06-08 02:43:38,invoice,successful,none,returning,3,3,False,none,0,26798,0,True,14009
txn_cfe2a4df,cust_0084,19296,INR,2026-08-09 20:58:38,subscription,successful,none,VIP,73,5,False,active,0,245961,0,True,19296
txn_e8ba84d3,cust_0038,48338,INR,2026-03-11 17:18:38,checkout,abandoned,none,VIP,23,2,True,none,0,96316,0,False,0
txn_2f67ff0f,cust_0327,1400,INR,2026-03-20 01:38:38,invoice,overdue,none,VIP,82,2,False,none,48,84056,0,False,0
txn_6e5cabb1,cust_0377,22120,INR,2026-08-02 23:16:38,invoice,overdue,none,VIP,76,3,False,none,80,259924,0,False,0
txn_1ee22b7b,cust_0036,6028,INR,2026-07-31 02:42:38,subscription,successful,none,returning,17,1,False,active,0,77326,0,True,6028
txn_646d49a0,cust_0755,22942,INR,2026-07-14 13:15:38,subscription,failed,temporary_bank_error,new,1,0,False,past_due,0,26127,0,False,0
txn_dc7ea5f2,cust_0529,45518,INR,2026-05-31 08:33:38,checkout,abandoned,none,new,0,0,True,none,0,45518,0,False,0
txn_bf055912,cust_0184,6760,INR,2026-06-16 00:18:38,invoice,successful,none,VIP,79,2,False,none,0,180639,0,True,6760
txn_75e96a6e,cust_0138,27078,INR,2026-06-22 22:29:38,subscription,successful,none,returning,2,1,False,active,0,31444,0,True,27078
txn_93320fc6,cust_0762,8600,INR,2026-03-19 04:02:38,invoice,overdue,none,new,0,0,True,none,68,8600,0,False,0
txn_c0cf3295,cust_0213,19547,INR,2026-03-13 20:02:38,checkout,successful,none,new,1,0,True,none,0,23447,0,True,19547
txn_bee81575,cust_0742,13735,INR,2026-03-17 13:49:38,invoice,overdue,none,returning,13,2,False,none,32,28087,0,False,0
txn_b31467c9,cust_0966,43613,INR,2026-07-20 16:03:38,checkout,abandoned,none,returning,2,1,True,none,0,50031,0,False,0
txn_ca54b27e,cust_0970,5876,INR,2026-03-09 06:27:38,subscription,failed,unknown,returning,4,3,False,past_due,0,12156,0,False,0
txn_9987151f,cust_0748,2954,INR,2026-08-13 22:30:38,checkout,successful,none,VIP,59,4,False,none,0,208215,0,True,2954
txn_006045c4,cust_0252,47444,INR,2026-07-15 11:24:38,checkout,abandoned,none,returning,10,3,True,none,0,65034,0,False,0
txn_ceec2f9a,cust_0823,47566,INR,2026-07-29 11:47:38,invoice,overdue,none,new,0,0,False,none,47,47566,0,False,0
txn_25a57b01,cust_0672,17554,INR,2026-03-18 14:14:38,checkout,successful,none,VIP,97,1,False,none,0,442123,0,True,17554
txn_ad82dcf4,cust_0037,33299,INR,2026-05-28 07:11:38,invoice,successful,none,returning,14,1,False,none,0,65401,0,True,33299
txn_7a86a54b,cust_0539,38770,INR,2026-05-07 09:53:38,payment,successful,none,new,1,0,False,none,0,40989,0,True,38770
txn_ed04c3fa,cust_0574,38100,INR,2026-05-27 03:41:38,checkout,abandoned,none,new,0,0,True,none,0,38100,0,False,0
txn_5bc992fd,cust_0004,13367,INR,2026-08-27 00:43:38,invoice,overdue,none,returning,20,1,False,none,68,89887,0,False,0
txn_6d7f2d80,cust_0467,20021,INR,2026-08-24 09:00:38,checkout,successful,none,returning,1,0,False,none,0,24248,0,True,20021
txn_bccf6b25,cust_0662,25769,INR,2026-07-24 14:14:38,subscription,failed,insufficient_funds,returning,11,3,False,past_due,0,76039,0,False,0
txn_fdd160f4,cust_0259,12006,INR,2026-03-04 16:50:38,payment,successful,none,new,0,0,False,none,0,12006,0,True,12006
txn_89829e52,cust_0874,2536,INR,2026-06-27 08:49:38,invoice,successful,none,VIP,80,0,False,none,0,203896,0,True,2536
txn_becf2768,cust_0866,44117,INR,2026-07-31 14:34:38,payment,successful,none,returning,5,0,False,none,0,52922,0,True,44117
txn_8fe7c3c5,cust_0696,10436,INR,2026-07-24 23:08:38,invoice,successful,none,new,1,0,False,none,0,10952,0,True,10436
txn_30e5216c,cust_0150,19626,INR,2026-08-22 15:12:38,invoice,overdue,none,returning,20,1,False,none,18,57606,0,False,0
txn_f4c9b5d2,cust_0028,46136,INR,2026-03-26 13:52:38,payment,failed,temporary_bank_error,new,0,0,False,none,0,46136,0,False,0
txn_d4a99edd,cust_0341,10658,INR,2026-06-29 09:12:38,subscription,failed,unknown,new,1,0,False,past_due,0,11943,0,False,0
txn_6cfacb7c,cust_0331,39694,INR,2026-07-11 01:09:38,checkout,abandoned,none,returning,4,3,True,none,0,55154,0,False,0
txn_2187886d,cust_0282,45734,INR,2026-04-11 23:31:38,invoice,overdue,none,returning,16,3,False,none,67,91190,0,False,0
txn_5f2e5a51,cust_0221,38112,INR,2026-08-26 22:57:38,checkout,successful,none,returning,3,2,False,none,0,39696,0,True,38112
txn_9a8f8c25,cust_0252,3622,INR,2026-07-10 15:40:38,invoice,successful,none,new,1,0,False,none,0,4570,0,True,3622
txn_e35c9dc2,cust_0860,27826,INR,2026-07-08 06:15:38,invoice,overdue,none,VIP,40,3,False,none,61,70386,0,False,0
txn_f26e11a7,cust_0832,19202,INR,2026-05-03 12:52:38,checkout,successful,none,VIP,89,4,False,none,0,406797,0,True,19202
txn_72b00f04,cust_0066,12047,INR,2026-07-17 02:32:38,subscription,failed,card_declined,returning,14,1,False,past_due,0,37387,0,False,0
txn_297ed6d5,cust_0202,34312,INR,2026-03-27 19:02:38,payment,successful,none,VIP,61,1,False,none,0,146430,0,True,34312
txn_463dc4ef,cust_0790,44771,INR,2026-06-12 17:16:38,payment,successful,none,VIP,57,0,False,none,0,118016,0,True,44771
txn_8287cb54,cust_0605,10612,INR,2026-03-08 18:53:38,subscription,successful,none,new,1,0,False,active,0,14140,0,True,10612
txn_a2efb289,cust_0724,42372,INR,2026-07-17 20:47:38,payment,failed,network_error,new,1,0,False,none,0,43155,0,False,0
txn_4e78c10d,cust_0361,12985,INR,2026-04-16 04:54:38,subscription,failed,insufficient_funds,new,1,0,False,past_due,0,15404,0,False,0
txn_93969a40,cust_0749,38275,INR,2026-03-31 22:39:38,subscription,failed,network_error,VIP,22,2,False,past_due,0,92923,0,False,0
txn_abfb16f3,cust_0371,36891,INR,2026-07-11 07:35:38,invoice,successful,none,VIP,64,0,False,none,0,335579,0,True,36891
txn_9c921159,cust_0187,8561,INR,2026-04-06 05:31:38,invoice,overdue,none,VIP,44,0,False,none,29,32585,0,False,0
txn_ebe1ab92,cust_0618,36639,INR,2026-06-16 04:40:38,invoice,overdue,none,returning,17,2,False,none,56,99981,0,False,0
txn_c13c657e,cust_0635,23042,INR,2026-05-25 23:02:38,payment,failed,unknown,new,1,0,False,none,0,28028,0,False,0
txn_27f211f0,cust_0654,2809,INR,2026-03-11 18:39:38,invoice,overdue,none,returning,19,1,False,none,72,33988,0,False,0
txn_10d87a99,cust_0823,8631,INR,2026-03-10 17:29:38,checkout,successful,none,VIP,53,5,False,none,0,79969,0,True,8631
txn_73134c9a,cust_0364,24214,INR,2026-08-09 14:59:38,checkout,abandoned,none,VIP,72,1,True,none,0,239062,0,False,0
txn_bff93e58,cust_0805,29309,INR,2026-04-04 07:07:38,subscription,failed,unknown,VIP,92,2,False,past_due,0,112477,0,False,0
txn_b8296af4,cust_0435,16376,INR,2026-07-19 18:59:38,subscription,successful,none,returning,6,2,False,active,0,35342,0,True,16376
txn_e1004d64,cust_0144,47709,INR,2026-08-11 20:44:38,subscription,successful,none,returning,3,2,False,active,0,54630,0,True,47709
txn_c8ee8133,cust_0073,13715,INR,2026-08-16 00:22:38,invoice,overdue,none,returning,5,2,False,none,62,24000,0,False,0
txn_0340cc78,cust_0667,27052,INR,2026-08-07 20:15:38,subscription,successful,none,new,1,0,False,active,0,29524,0,True,27052
txn_946dcf81,cust_0756,23919,INR,2026-05-01 17:59:38,subscription,successful,none,returning,9,3,False,active,0,49182,0,True,23919
txn_ac663632,cust_0298,41130,INR,2026-03-11 20:25:38,invoice,successful,none,returning,6,3,True,none,0,55566,0,True,41130
txn_d637e28a,cust_0750,5299,INR,2026-06-14 02:37:38,payment,successful,none,new,0,0,False,none,0,5299,0,True,5299
txn_3d2858e7,cust_0966,25772,INR,2026-04-26 09:41:38,checkout,successful,none,new,0,0,False,none,0,25772,0,True,25772
txn_46904d9d,cust_0287,1394,INR,2026-08-12 05:16:38,payment,successful,none,returning,19,0,False,none,0,19387,0,True,1394
txn_c3374b1e,cust_0861,45169,INR,2026-03-27 13:25:38,payment,failed,unknown,returning,19,1,False,none,0,59457,0,False,0
txn_aadd443a,cust_0088,27248,INR,2026-03-09 10:43:38,subscription,failed,temporary_bank_error,new,0,0,False,canceled,0,27248,0,False,0
txn_cfc426f9,cust_0820,5017,INR,2026-04-16 02:57:38,invoice,overdue,none,returning,12,0,False,none,4,32341,0,False,0
txn_eb12df4a,cust_0426,2649,INR,2026-05-27 23:19:38,invoice,successful,none,new,1,0,False,none,0,6793,0,True,2649
txn_d835ad49,cust_0354,17459,INR,2026-05-30 16:09:38,subscription,successful,none,new,1,0,True,active,0,21261,0,True,17459
txn_80154065,cust_0067,30104,INR,2026-06-03 16:19:38,subscription,failed,temporary_bank_error,returning,8,3,False,past_due,0,41624,0,False,0
txn_af589dbe,cust_0179,46588,INR,2026-05-25 00:14:38,invoice,successful,none,VIP,80,0,False,none,0,254348,0,True,46588
txn_eff92663,cust_0108,2443,INR,2026-03-02 04:15:38,invoice,successful,none,VIP,73,2,False,none,0,45148,0,True,2443
txn_bf9c02c2,cust_0125,22890,INR,2026-08-08 14:17:38,invoice,overdue,none,VIP,24,3,False,none,28,74202,0,False,0
txn_9a8a9e8e,cust_0752,9604,INR,2026-07-13 09:27:38,checkout,successful,none,new,1,0,False,none,0,12732,0,True,9604
txn_3fde15c4,cust_0737,34018,INR,2026-06-30 12:00:38,invoice,successful,none,new,1,0,False,none,0,35569,0,True,34018
txn_58c74dee,cust_0945,44150,INR,2026-03-29 15:37:38,payment,successful,none,VIP,98,4,False,none,0,283858,0,True,44150
txn_2d79ab37,cust_0831,17721,INR,2026-03-21 04:41:38,payment,failed,temporary_bank_error,VIP,98,5,False,none,0,472147,0,False,0
txn_a537b352,cust_0678,38584,INR,2026-06-09 20:22:38,subscription,successful,none,VIP,43,4,False,active,0,243522,0,True,38584
txn_7de2f129,cust_0638,38842,INR,2026-06-11 21:05:38,checkout,successful,none,new,1,0,False,none,0,41510,0,True,38842
txn_5b8bc4b5,cust_0415,9841,INR,2026-06-26 01:27:38,checkout,abandoned,none,returning,9,1,True,none,0,49666,0,False,0
txn_9f7132e2,cust_0562,41083,INR,2026-07-15 00:46:38,subscription,failed,authentication_failure,new,0,0,False,canceled,0,41083,0,False,0
txn_fb3ad212,cust_0194,45899,INR,2026-03-22 03:12:38,subscription,failed,card_declined,new,1,0,False,canceled,0,50435,0,False,0
txn_d58cda66,cust_0012,29952,INR,2026-04-20 23:36:38,subscription,failed,network_error,returning,1,1,False,past_due,0,32511,0,False,0
txn_0f7dca02,cust_0734,23595,INR,2026-05-03 01:15:38,payment,successful,none,VIP,48,1,False,none,0,85755,0,True,23595
txn_adb45288,cust_0811,11915,INR,2026-08-23 16:58:38,subscription,successful,none,returning,13,0,False,active,0,59664,0,True,11915
txn_bf67fcf0,cust_0604,9997,INR,2026-03-16 07:23:38,checkout,abandoned,none,returning,4,1,True,none,0,24493,0,False,0
txn_885a4569,cust_0974,36947,INR,2026-08-22 02:09:38,invoice,overdue,none,VIP,74,0,False,none,54,126931,0,False,0
txn_c47676df,cust_0761,15787,INR,2026-04-26 12:38:38,payment,successful,none,VIP,43,5,False,none,0,205460,0,True,15787
txn_58daeb20,cust_0235,34744,INR,2026-05-18 21:01:38,invoice,successful,none,new,0,0,True,none,0,34744,0,True,34744
txn_5a304b7f,cust_0363,32424,INR,2026-08-14 21:48:38,subscription,failed,temporary_bank_error,new,0,0,False,canceled,0,32424,0,False,0
txn_ae2d34f0,cust_0427,14394,INR,2026-03-29 02:33:38,payment,successful,none,VIP,99,1,True,none,0,356340,0,True,14394
txn_84b3dda4,cust_0951,24398,INR,2026-07-26 11:13:38,invoice,successful,none,returning,10,0,False,none,0,52978,0,True,24398
txn_b52d1645,cust_0381,25818,INR,2026-08-04 01:19:38,payment,successful,none,new,0,0,False,none,0,25818,0,True,25818
txn_ad2ce334,cust_0113,33179,INR,2026-07-05 05:55:38,checkout,abandoned,none,VIP,59,4,True,none,0,321984,0,False,0
txn_662787f9,cust_0243,40071,INR,2026-04-04 21:21:38,payment,successful,none,new,0,0,False,none,0,40071,0,True,40071
txn_91898e72,cust_0450,31441,INR,2026-04-23 08:45:38,invoice,overdue,none,returning,12,0,False,none,56,41425,0,False,0
txn_78fc1f75,cust_0341,48453,INR,2026-08-13 20:52:38,invoice,overdue,none,returning,12,1,False,none,14,71877,0,False,0
txn_130bfe02,cust_0037,36731,INR,2026-06-14 01:59:38,invoice,successful,none,new,0,0,False,none,0,36731,0,True,36731
txn_acb90919,cust_0484,23697,INR,2026-06-25 10:44:38,invoice,successful,none,returning,7,2,False,none,0,31495,0,True,23697
txn_59ada676,cust_0509,32461,INR,2026-04-10 17:38:38,subscription,failed,card_declined,new,0,0,False,past_due,0,32461,0,False,0
txn_ae3068ea,cust_0213,1788,INR,2026-07-29 19:11:38,checkout,abandoned,none,returning,18,0,True,none,0,11094,0,False,0
txn_49c96691,cust_0264,461,INR,2026-03-23 18:50:38,payment,failed,card_declined,new,1,0,False,none,0,1039,0,False,0
txn_feaf3a6d,cust_0117,32151,INR,2026-05-18 11:07:38,checkout,successful,none,returning,13,0,False,none,0,40614,0,True,32151
txn_4da19dc9,cust_0288,39370,INR,2026-05-07 23:17:38,payment,successful,none,new,1,0,False,none,0,43135,0,True,39370
txn_6e9a3492,cust_0707,11169,INR,2026-06-19 22:36:38,invoice,successful,none,returning,5,3,True,none,0,17954,0,True,11169
txn_f350c576,cust_0742,2564,INR,2026-05-14 07:40:38,invoice,overdue,none,returning,1,1,False,none,22,7350,0,False,0
txn_6e7bed42,cust_0725,9413,INR,2026-05-17 10:31:38,payment,successful,none,VIP,95,2,False,none,0,355023,0,True,9413
txn_14ff4384,cust_0871,37857,INR,2026-03-25 16:52:38,invoice,overdue,none,new,1,0,False,none,28,40605,0,False,0
txn_74741959,cust_0570,15388,INR,2026-06-30 19:41:38,checkout,successful,none,returning,14,0,False,none,0,57220,0,True,15388
txn_7ad10c4b,cust_0693,43984,INR,2026-03-22 17:54:38,checkout,abandoned,none,returning,8,3,True,none,0,50408,0,False,0
txn_55dfc90b,cust_0797,22346,INR,2026-07-03 15:53:38,subscription,successful,none,VIP,79,4,False,active,0,259820,0,True,22346
txn_aa32a562,cust_0014,42955,INR,2026-04-12 09:16:38,subscription,failed,card_declined,new,1,0,False,past_due,0,44814,0,False,0
txn_1e171fba,cust_0410,19459,INR,2026-07-18 15:38:38,checkout,abandoned,none,VIP,30,2,True,none,0,51499,0,False,0
txn_013badb7,cust_0413,32339,INR,2026-08-16 17:25:38,checkout,abandoned,none,VIP,20,4,True,none,0,109319,0,False,0
txn_6b34f233,cust_0518,28096,INR,2026-07-24 20:03:38,checkout,successful,none,VIP,77,4,False,none,0,167543,0,True,28096
txn_295b2d6e,cust_0566,23727,INR,2026-06-23 20:46:38,checkout,abandoned,none,new,0,0,True,none,0,23727,0,False,0
txn_47acd6fb,cust_0308,41253,INR,2026-06-29 00:51:38,invoice,overdue,none,VIP,57,5,True,none,85,226959,0,False,0
txn_0ee16957,cust_0765,34637,INR,2026-06-23 09:48:38,subscription,successful,none,returning,13,3,False,active,0,43542,0,True,34637
txn_c1a7ca0b,cust_0620,2954,INR,2026-04-06 20:29:38,subscription,successful,none,VIP,71,2,False,active,0,169378,0,True,2954
txn_377739ca,cust_0679,5128,INR,2026-03-27 15:47:38,checkout,successful,none,new,0,0,True,none,0,5128,0,True,5128
txn_ae1b1750,cust_0529,19202,INR,2026-03-17 11:28:38,invoice,successful,none,returning,1,0,False,none,0,22642,0,True,19202
txn_a761684f,cust_0073,18263,INR,2026-08-05 03:13:38,invoice,overdue,none,new,0,0,False,none,41,18263,0,False,0
txn_31f91841,cust_0312,32617,INR,2026-05-30 18:57:38,payment,successful,none,VIP,82,5,False,none,0,280175,0,True,32617
txn_0441a1be,cust_0228,20318,INR,2026-03-28 07:34:38,checkout,abandoned,none,VIP,37,0,True,none,0,99424,0,False,0
txn_3a54e5f2,cust_0521,42722,INR,2026-08-19 09:14:38,payment,failed,authentication_failure,returning,15,3,False,none,0,91127,0,False,0
txn_7568a7fb,cust_0815,20985,INR,2026-05-19 05:13:38,invoice,overdue,none,VIP,100,3,False,none,62,119785,0,False,0
txn_3f37a2f9,cust_0276,25596,INR,2026-05-28 16:33:38,payment,successful,none,new,1,0,False,none,0,29960,0,True,25596
txn_cfe44809,cust_0631,14773,INR,2026-04-18 21:16:38,subscription,successful,none,returning,14,3,False,active,0,29151,0,True,14773
txn_3cd3f0ce,cust_0248,17429,INR,2026-07-16 20:58:38,invoice,overdue,none,returning,10,2,False,none,84,28579,0,False,0
txn_24be13cf,cust_0062,48896,INR,2026-04-22 22:10:38,subscription,failed,authentication_failure,returning,3,2,True,past_due,0,60005,0,False,0
txn_a3651e1c,cust_0387,39124,INR,2026-03-30 15:06:38,checkout,abandoned,none,returning,1,0,True,none,0,40127,0,False,0
txn_3ec01e03,cust_0927,33572,INR,2026-05-05 03:11:38,subscription,successful,none,VIP,62,4,False,active,0,281200,0,True,33572
txn_1f4c63d6,cust_0392,36594,INR,2026-04-29 16:08:38,subscription,failed,authentication_failure,returning,9,0,False,canceled,0,50976,0,False,0
txn_05518e0f,cust_0280,12765,INR,2026-07-17 05:34:38,invoice,successful,none,VIP,20,1,False,none,0,109865,0,True,12765
txn_bd445a4f,cust_0988,42362,INR,2026-05-20 13:57:38,invoice,successful,none,returning,6,1,False,none,0,63860,0,True,42362
txn_71c4f962,cust_0691,16603,INR,2026-04-19 01:11:38,checkout,successful,none,returning,1,1,False,none,0,19601,0,True,16603
txn_4bfee729,cust_0409,23774,INR,2026-08-15 01:10:38,subscription,failed,insufficient_funds,VIP,58,5,False,past_due,0,133278,0,False,0
txn_2b11ec3a,cust_0907,21837,INR,2026-03-02 12:47:38,checkout,successful,none,returning,16,3,False,none,0,76765,0,True,21837
txn_e6172901,cust_0968,46494,INR,2026-08-12 10:32:38,payment,failed,temporary_bank_error,VIP,79,3,False,none,0,192328,0,False,0
txn_fc732262,cust_0927,35500,INR,2026-05-28 20:53:38,checkout,successful,none,VIP,38,4,False,none,0,194796,0,True,35500
txn_949da04f,cust_0231,42792,INR,2026-06-27 02:06:38,checkout,successful,none,new,0,0,False,none,0,42792,0,True,42792
txn_9d68b1ab,cust_0063,11682,INR,2026-06-10 20:59:38,checkout,successful,none,new,1,0,False,none,0,16569,0,True,11682
txn_a0a29c51,cust_0553,25346,INR,2026-06-22 22:15:38,payment,successful,none,VIP,77,3,False,none,0,189587,0,True,25346
txn_9640dbce,cust_0825,20241,INR,2026-05-03 12:56:38,invoice,successful,none,returning,4,0,False,none,0,33741,0,True,20241
txn_61274a97,cust_0088,35293,INR,2026-07-18 16:39:38,checkout,abandoned,none,returning,14,0,True,none,0,88577,0,False,0
txn_ccce7d8c,cust_0866,24878,INR,2026-07-08 17:08:38,invoice,successful,none,new,0,0,False,none,0,24878,0,True,24878
txn_27a64321,cust_0928,42030,INR,2026-07-28 06:16:38,subscription,successful,none,new,0,0,False,active,0,42030,0,True,42030
txn_639eada6,cust_0633,44292,INR,2026-05-19 13:27:38,invoice,successful,none,VIP,89,4,False,none,0,403407,0,True,44292
txn_5be3a6c3,cust_0320,33012,INR,2026-05-15 22:30:38,payment,failed,card_declined,returning,19,1,False,none,0,62101,0,False,0
txn_391ca9ad,cust_0044,27861,INR,2026-08-03 23:09:38,invoice,overdue,none,VIP,78,0,False,none,57,317553,0,False,0
txn_9cfe5b85,cust_0472,37506,INR,2026-03-03 14:14:38,checkout,successful,none,VIP,38,2,False,none,0,198474,0,True,37506
txn_8bd548bb,cust_0515,10017,INR,2026-08-10 11:37:38,invoice,overdue,none,new,0,0,False,none,77,10017,0,False,0
txn_2d1bc1d0,cust_0276,16558,INR,2026-08-03 17:04:38,checkout,successful,none,new,1,0,False,none,0,20976,0,True,16558
txn_21602b91,cust_0879,34040,INR,2026-06-03 16:58:38,invoice,overdue,none,new,0,0,False,none,24,34040,0,False,0
txn_270a4b04,cust_0462,39661,INR,2026-05-09 21:48:38,payment,successful,none,new,1,0,False,none,0,43898,0,True,39661
txn_2c45ea0a,cust_0100,7765,INR,2026-07-09 06:30:38,subscription,successful,none,returning,10,2,False,active,0,32735,0,True,7765
txn_930d5001,cust_0009,22957,INR,2026-07-13 20:21:38,checkout,successful,none,new,1,0,False,none,0,25462,0,True,22957
txn_1dd443b2,cust_0971,10618,INR,2026-03-28 17:08:38,checkout,successful,none,returning,13,3,False,none,0,51984,0,True,10618
txn_f4192ebd,cust_0870,43912,INR,2026-03-01 04:26:38,checkout,successful,none,VIP,77,3,False,none,0,109054,0,True,43912
txn_24370603,cust_0379,35021,INR,2026-06-20 13:05:38,subscription,successful,none,VIP,45,1,False,active,0,72641,0,True,35021
txn_6f02d1e3,cust_0805,25551,INR,2026-06-28 05:46:38,subscription,successful,none,returning,16,1,False,active,0,90815,0,True,25551
txn_5add9136,cust_0320,19780,INR,2026-08-19 22:01:38,invoice,overdue,none,VIP,59,4,False,none,86,294661,0,False,0
txn_668ab822,cust_0803,12813,INR,2026-05-22 20:36:38,invoice,overdue,none,returning,15,1,False,none,17,37458,0,False,0
txn_a4e32e81,cust_0151,9314,INR,2026-07-14 10:58:38,checkout,successful,none,VIP,98,1,False,none,0,119564,0,True,9314
txn_c031d70a,cust_0052,14024,INR,2026-08-12 00:49:38,checkout,successful,none,returning,20,3,False,none,0,112724,0,True,14024
txn_88315ca3,cust_0097,33040,INR,2026-03-28 23:54:38,subscription,failed,card_declined,new,0,0,False,past_due,0,33040,0,False,0
txn_c0b7bf0c,cust_0108,49691,INR,2026-04-24 06:21:38,payment,successful,none,returning,1,2,False,none,0,53053,0,True,49691
txn_738589e8,cust_0741,49381,INR,2026-08-18 09:40:38,payment,successful,none,VIP,69,4,False,none,0,103339,0,True,49381
txn_c62c2b5a,cust_0886,2118,INR,2026-03-01 13:19:38,invoice,overdue,none,returning,9,3,True,none,1,45012,0,False,0
txn_151b57e6,cust_0217,18070,INR,2026-05-28 04:10:38,checkout,abandoned,none,new,1,0,True,none,0,18577,0,False,0
txn_ea647525,cust_0123,6808,INR,2026-03-06 03:48:38,payment,successful,none,returning,9,2,False,none,0,20893,0,True,6808
txn_8e873aa5,cust_0617,7162,INR,2026-04-23 23:00:38,subscription,failed,network_error,new,0,0,False,past_due,0,7162,0,False,0
txn_85ddabb7,cust_0019,45933,INR,2026-05-18 18:29:38,subscription,successful,none,returning,19,2,False,active,0,139793,0,True,45933
txn_9e23335a,cust_0431,1888,INR,2026-03-11 12:39:38,payment,successful,none,VIP,21,0,False,none,0,26500,0,True,1888
txn_cf5b2a5f,cust_0299,40998,INR,2026-07-07 23:09:38,invoice,successful,none,new,1,0,False,none,0,44479,0,True,40998
txn_82d2adca,cust_0130,32402,INR,2026-07-29 08:14:38,invoice,overdue,none,new,0,0,True,none,27,32402,0,False,0
txn_d549972d,cust_0368,41434,INR,2026-07-14 09:43:38,payment,successful,none,new,0,0,False,none,0,41434,0,True,41434
txn_cb26604b,cust_0760,36838,INR,2026-04-23 18:10:38,invoice,overdue,none,VIP,89,0,False,none,70,300367,0,False,0
txn_4bb867a9,cust_0331,36234,INR,2026-06-16 17:33:38,checkout,successful,none,returning,4,3,False,none,0,45122,0,True,36234
txn_eaa4a45e,cust_0775,41952,INR,2026-04-05 13:03:38,invoice,successful,none,VIP,57,0,False,none,0,108015,0,True,41952
txn_865b0369,cust_0241,6532,INR,2026-05-17 03:58:38,payment,successful,none,VIP,94,0,False,none,0,358750,0,True,6532
txn_1a954bc9,cust_0520,41025,INR,2026-08-17 10:42:38,subscription,failed,card_declined,returning,17,3,False,past_due,0,123424,0,False,0
txn_079825d9,cust_0148,39821,INR,2026-04-14 01:17:38,invoice,overdue,none,VIP,21,0,False,none,34,138878,0,False,0
txn_dad7cc43,cust_0496,35478,INR,2026-04-27 19:13:38,checkout,successful,none,VIP,45,4,True,none,0,258633,0,True,35478
txn_a26354fc,cust_0158,13610,INR,2026-03-04 09:53:38,payment,successful,none,new,1,0,False,none,0,17464,0,True,13610
txn_a8beee4f,cust_0468,45444,INR,2026-06-23 18:40:38,payment,successful,none,returning,17,3,False,none,0,64756,0,True,45444
txn_8b94a1c2,cust_0947,45409,INR,2026-04-08 16:11:38,payment,successful,none,returning,1,2,False,none,0,46378,0,True,45409
txn_1692b980,cust_0900,46596,INR,2026-04-18 08:07:38,subscription,failed,temporary_bank_error,new,0,0,False,canceled,0,46596,0,False,0
txn_c434455a,cust_0197,7253,INR,2026-03-31 09:43:38,payment,failed,unknown,VIP,52,4,True,none,0,77349,0,False,0
txn_e83fbcea,cust_0906,20961,INR,2026-05-27 06:21:38,checkout,successful,none,new,1,0,False,none,0,22657,0,True,20961
txn_8a094f5c,cust_0680,6727,INR,2026-08-13 00:14:38,subscription,successful,none,VIP,92,4,False,active,0,388435,0,True,6727
txn_1d80f329,cust_0111,8040,INR,2026-06-10 03:12:38,subscription,failed,card_declined,returning,14,0,False,canceled,0,27724,0,False,0
txn_9687fcad,cust_0614,49260,INR,2026-07-25 16:02:38,payment,successful,none,returning,11,1,False,none,0,91819,0,True,49260
txn_2b1a7ac0,cust_0732,27161,INR,2026-02-28 23:23:38,checkout,abandoned,none,VIP,58,4,True,none,0,97979,0,False,0
txn_6e268041,cust_0727,4312,INR,2026-05-03 00:34:38,subscription,successful,none,new,0,0,False,active,0,4312,0,True,4312
txn_e2db9347,cust_0667,24261,INR,2026-03-15 13:02:38,invoice,successful,none,returning,8,1,False,none,0,42765,0,True,24261
txn_90ec655c,cust_0247,6616,INR,2026-04-20 18:39:38,checkout,successful,none,returning,10,3,False,none,0,25526,0,True,6616
txn_30bac10e,cust_0322,43514,INR,2026-05-25 18:47:38,payment,successful,none,new,0,0,False,none,0,43514,0,True,43514
txn_b4702d4b,cust_0994,47902,INR,2026-04-10 12:01:38,checkout,abandoned,none,returning,6,0,True,none,0,72328,0,False,0
txn_4646baab,cust_0184,29303,INR,2026-04-30 09:27:38,invoice,successful,none,new,0,0,False,none,0,29303,0,True,29303
txn_0b53cc33,cust_0597,3403,INR,2026-04-03 02:39:38,checkout,successful,none,new,1,0,False,none,0,7675,0,True,3403
txn_badbcaf5,cust_0383,5610,INR,2026-03-29 07:41:38,checkout,abandoned,none,returning,11,0,True,none,0,39215,0,False,0
txn_9e9860d0,cust_0638,24220,INR,2026-08-03 04:14:38,invoice,overdue,none,returning,9,1,False,none,22,52120,0,False,0
txn_44a769c0,cust_0271,20120,INR,2026-08-11 22:16:38,subscription,successful,none,VIP,81,5,False,active,0,174425,0,True,20120
txn_097520e6,cust_0659,10252,INR,2026-03-12 23:11:38,payment,successful,none,returning,6,3,False,none,0,28702,0,True,10252
txn_120e5819,cust_0641,9642,INR,2026-05-27 07:18:38,payment,failed,insufficient_funds,returning,16,0,False,none,0,49642,0,False,0
txn_aabb3def,cust_0062,14985,INR,2026-08-24 16:19:38,payment,failed,card_declined,new,1,0,False,none,0,16020,0,False,0
txn_73d68ce6,cust_0310,18560,INR,2026-03-16 03:54:38,invoice,successful,none,returning,6,0,False,none,0,35420,0,True,18560
txn_bc6bb141,cust_0344,44465,INR,2026-04-28 18:44:38,payment,failed,insufficient_funds,VIP,98,1,False,none,0,200285,0,False,0
txn_ca84f5ab,cust_0577,3578,INR,2026-03-02 14:04:38,checkout,successful,none,returning,13,3,False,none,0,65250,0,True,3578
txn_da510250,cust_0664,38874,INR,2026-05-04 20:59:38,invoice,successful,none,returning,3,0,False,none,0,45576,0,True,38874
txn_de9d801e,cust_0638,40609,INR,2026-02-28 07:14:38,checkout,abandoned,none,returning,15,1,True,none,0,103054,0,False,0
txn_1b11c3c3,cust_0969,27027,INR,2026-03-23 09:55:38,payment,successful,none,new,1,0,False,none,0,28454,0,True,27027
txn_d003519e,cust_0651,43233,INR,2026-07-22 03:34:38,checkout,successful,none,new,0,0,False,none,0,43233,0,True,43233
txn_dcda5a11,cust_0750,638,INR,2026-04-03 20:12:38,checkout,abandoned,none,returning,5,1,True,none,0,18263,0,False,0
txn_aa2be753,cust_0216,47137,INR,2026-05-15 16:59:38,subscription,successful,none,VIP,30,2,False,active,0,119197,0,True,47137
txn_92452234,cust_0901,48508,INR,2026-05-14 00:55:38,invoice,overdue,none,VIP,80,2,False,none,80,289948,0,False,0
txn_e14d3f28,cust_0619,7602,INR,2026-07-28 07:55:38,payment,successful,none,VIP,94,2,False,none,0,106866,0,True,7602
txn_8713cd69,cust_0246,29830,INR,2026-03-15 07:27:38,subscription,successful,none,VIP,27,1,False,active,0,152734,0,True,29830
txn_8eb7d495,cust_0187,26357,INR,2026-07-12 19:33:38,invoice,overdue,none,returning,10,1,False,none,2,48577,0,False,0
txn_f0dfe86a,cust_0729,33489,INR,2026-06-17 04:45:38,checkout,successful,none,returning,19,1,False,none,0,112396,0,True,33489
txn_1920807a,cust_0532,22801,INR,2026-08-10 03:53:38,payment,successful,none,VIP,22,2,False,none,0,116609,0,True,22801
txn_0276fd60,cust_0051,20207,INR,2026-04-19 00:10:38,checkout,successful,none,new,0,0,False,none,0,20207,0,True,20207
txn_5d9f63eb,cust_0453,20209,INR,2026-08-14 10:07:38,subscription,successful,none,VIP,46,3,False,active,0,190041,0,True,20209
txn_56c07a22,cust_0120,26133,INR,2026-07-14 19:55:38,invoice,successful,none,new,0,0,False,none,0,26133,0,True,26133
txn_d699682c,cust_0844,42345,INR,2026-04-16 20:08:38,payment,failed,insufficient_funds,returning,15,2,False,none,0,101160,0,False,0
txn_3ed0a452,cust_0918,8319,INR,2026-04-16 16:06:38,invoice,successful,none,new,0,0,False,none,0,8319,0,True,8319
txn_b09fa700,cust_0124,21536,INR,2026-03-18 08:05:38,checkout,successful,none,new,1,0,False,none,0,24307,0,True,21536
txn_1bbcfc92,cust_0742,39236,INR,2026-03-16 17:33:38,subscription,failed,unknown,returning,20,0,False,past_due,0,127236,0,False,0
txn_8a23db60,cust_0346,42036,INR,2026-07-08 15:37:38,checkout,successful,none,new,0,0,False,none,0,42036,0,True,42036
txn_f338fb57,cust_0483,6937,INR,2026-07-12 00:46:38,invoice,overdue,none,new,1,0,False,none,20,8873,0,False,0
txn_eeb4da4a,cust_0708,25128,INR,2026-05-31 22:28:38,invoice,successful,none,new,1,0,False,none,0,26056,0,True,25128
txn_57811af8,cust_0481,21498,INR,2026-03-14 07:07:38,payment,failed,authentication_failure,returning,18,2,False,none,0,94056,0,False,0
txn_c5857875,cust_0222,49861,INR,2026-07-19 19:15:38,invoice,overdue,none,returning,10,1,False,none,35,96251,0,False,0
txn_4bdfefa0,cust_0004,18135,INR,2026-05-23 09:16:38,payment,successful,none,returning,10,3,False,none,0,26565,0,True,18135
txn_6c461dcf,cust_0286,45094,INR,2026-05-04 11:58:38,payment,failed,unknown,VIP,79,3,False,none,0,115009,0,False,0
txn_9846782c,cust_0588,2298,INR,2026-06-01 06:40:38,payment,successful,none,new,0,0,False,none,0,2298,0,True,2298
txn_c7c1ffb7,cust_0200,40871,INR,2026-08-27 05:40:38,checkout,abandoned,none,new,0,0,True,none,0,40871,0,False,0
txn_959e8fa4,cust_0933,26115,INR,2026-04-16 11:09:38,invoice,successful,none,VIP,34,5,False,none,0,136615,0,True,26115
txn_1f4f2b18,cust_0257,8397,INR,2026-08-21 17:36:38,payment,failed,authentication_failure,VIP,53,0,False,none,0,79788,0,False,0
txn_7c5fd474,cust_0551,11283,INR,2026-06-12 17:36:38,invoice,overdue,none,VIP,68,3,False,none,5,270227,0,False,0
txn_be463740,cust_0099,16153,INR,2026-05-23 03:49:38,subscription,successful,none,returning,4,3,False,active,0,28473,0,True,16153
txn_ce9f401b,cust_0418,37886,INR,2026-05-09 08:12:38,checkout,abandoned,none,new,1,0,True,none,0,42670,0,False,0
txn_5894f904,cust_0277,17834,INR,2026-08-16 10:13:38,subscription,successful,none,new,0,0,False,active,0,17834,0,True,17834
txn_fa868a2f,cust_0955,44980,INR,2026-04-30 10:47:38,payment,successful,none,returning,15,1,False,none,0,72865,0,True,44980
txn_f263eb3e,cust_0935,39254,INR,2026-06-13 13:52:38,invoice,overdue,none,VIP,92,1,False,none,43,386830,0,False,0
txn_c3c3ef71,cust_0793,2261,INR,2026-04-17 18:19:38,payment,failed,authentication_failure,returning,16,3,False,none,0,38229,0,False,0
txn_c6a3046b,cust_0669,13640,INR,2026-05-26 14:17:38,payment,successful,none,returning,6,1,False,none,0,26852,0,True,13640
txn_eb3a507e,cust_0046,32461,INR,2026-03-19 14:10:38,checkout,successful,none,returning,10,0,False,none,0,70021,0,True,32461
txn_05865659,cust_0563,44747,INR,2026-07-15 06:20:38,invoice,successful,none,returning,14,0,False,none,0,83709,0,True,44747
txn_341b13de,cust_0333,48830,INR,2026-07-07 21:49:38,checkout,successful,none,VIP,59,1,False,none,0,304064,0,True,48830
txn_2ae62b8e,cust_0124,3749,INR,2026-08-19 09:56:38,subscription,successful,none,returning,13,0,False,active,0,51303,0,True,3749
txn_1b28c878,cust_0989,4874,INR,2026-08-06 00:39:38,payment,failed,card_declined,VIP,74,5,False,none,0,264170,0,False,0
txn_6f9bdffb,cust_0502,17479,INR,2026-08-19 09:26:38,subscription,successful,none,returning,2,1,False,active,0,25269,0,True,17479
txn_2fc9dfb1,cust_0244,27202,INR,2026-06-05 07:26:38,subscription,successful,none,returning,6,2,False,active,0,49714,0,True,27202
txn_a00f2dbb,cust_0894,49909,INR,2026-06-07 06:40:38,checkout,successful,none,new,0,0,False,none,0,49909,0,True,49909
txn_946345de,cust_0497,12298,INR,2026-04-19 09:19:38,invoice,successful,none,VIP,29,0,False,none,0,45068,0,True,12298
txn_03cca1ee,cust_0698,39603,INR,2026-07-23 15:18:38,subscription,successful,none,returning,6,0,False,active,0,62529,0,True,39603
txn_728aea69,cust_0947,39875,INR,2026-06-04 03:27:38,invoice,overdue,none,returning,8,2,False,none,19,48507,0,False,0
